player_id,name,transfer_date,from_club_name,to_club_name,position,sub_position,foot,height_in_cm,age_at_transfer,transfer_fee,market_value_in_eur,value_before,value_after,value_peak,fee_to_value_ratio,club_quality_ratio,from_total_market_value,to_total_market_value,from_domestic_competition_id,to_domestic_competition_id,pre_apps,pre_minutes,pre_goals,pre_assists,pre_ga_p90,pre_goals_p90,pre_mins_per_app,post_apps,post_minutes,post_goals,post_assists,post_ga_p90,team_games_in_tenure,pct_team_games_played,from_league_ga_baseline,to_league_ga_baseline,pre_ga_p90_vs_league,post_ga_p90_vs_league,expected_post_ga_p90_vs_league,tenure_days,still_at_club,next_transfer_fee,has_resale_data,resale_weight,perf_level_pct,perf_delta_pct,value_growth_pct,playing_time_pct,value_for_money_pct,resale_profit_pct,success_score,tenure_end,fotmob_id,contaminated_season_excluded,fotmob_seasons_used,fotmob_total_minutes,fotmob_total_matches,fotmob_rating,fotmob_mins_played,fotmob_goals_per_90,fotmob_expected_goals_per_90,fotmob_expected_assists_per_90,fotmob_accurate_pass,fotmob_total_att_assist,fotmob_big_chance_created,fotmob_won_contest,fotmob_total_tackle,fotmob_interception,fotmob_effective_clearance,fotmob_defensive_contributions,fotmob_ball_recovery,fotmob_clean_sheet,fotmob_saves,fotmob__save_percentage,fotmob_goals_conceded,fotmob_fouls
192565,Leroy Sané,2016-08-02,FC Schalke 04,Man City,Attack,Right Winger,left,183.0,20.55852156057495,52000000.0,30000000.0,30000000,70000000.0,100000000.0,1.7333333333333334,63.99886363636364,22000000.0,1407975000.0,L1,GB1,42.0,2925.0,9.0,7.0,0.4923076923076923,0.2769230769230769,69.64285714285714,125.0,8229.0,36.0,41.0,0.8421436383521691,208.0,0.6009615384615384,0.543236014295955,0.4791127195207551,0.9062501000522456,1.7577150512608912,0.997298031707008,1443,False,49000000.0,True,0.04496806249513,91.57014157014156,93.62934362934364,87.3231924140656,59.205847491110234,52.11378901619913,40.436456996148905,76.3,2020-07-15,530859,,4,6084,90,7.500111971019265,6084.0,0.3684900378725506,,,32.51712497941709,133.0,31.0,2.899407212250947,1.2966902684011197,0.5869257368681048,0.1986991602173555,2.052906306602997,4.881014325703935,,,,,0.687633788901696
126665,Idrissa Gueye,2016-08-02,Aston Villa,Everton,Midfield,Defensive Midfield,right,174.0,26.850102669404517,8500000.0,9000000.0,9000000,25000000.0,25000000.0,0.9444444444444444,0.8986427532719341,515750000.0,463475000.0,GB1,GB1,38.0,3300.0,1.0,1.0,0.0545454545454545,0.0272727272727272,86.84210526315789,106.0,8824.0,4.0,5.0,0.091795104261106,128.0,0.828125,0.2355486301266244,0.2355486301266244,0.2315677001226134,0.3897076548980971,0.6741558404256357,1092,False,30000000.0,True,0.0603701367031937,19.64167219641672,37.6244193762442,86.27617542473331,79.8340576847096,13.571710786250494,85.75096277278563,43.5,2019-07-30,179410,,3,8267,99,7.259381879762913,8267.0,0.0502646085997795,,,48.09944357082375,59.0,3.0,0.7316075964678843,4.2990322970847945,2.364037740413693,1.3675214709084311,8.330591508406918,8.566021531389861,,,,,1.6666505382847467
45403,André Ayew,2016-08-08,Swansea,West Ham,Attack,Centre-Forward,left,175.0,26.642026009582477,24100000.0,18000000.0,18000000,18000000.0,18000000.0,1.3388888888888888,7.466588511137163,63975000.0,477675000.0,GB1,GB1,33.0,2850.0,11.0,5.0,0.5052631578947369,0.3473684210526316,86.36363636363636,45.0,2493.0,9.0,4.0,0.4693140794223826,69.0,0.6521739130434783,0.4791127195207551,0.4791127195207551,1.0545809729287492,0.9795483615876992,1.0308929061488237,541,False,22800000.0,True,0.1058299671477883,46.91119691119691,47.68339768339768,43.6448044251284,48.17858553931252,19.280916633741604,40.62901155327342,39.7,2018-01-31,95955,,2,3283,55,6.525628997867804,3283.0,0.2508833384099909,,,21.917514468473957,31.0,7.0,0.9122753579043558,1.4368260737130674,0.48772464209564426,0.5438623210478221,2.5245507158087115,3.973652147426135,,,,,1.0684130368565337
181380,Arthur Masuaku,2016-08-08,Olympiacos,West Ham,Defender,Left-Back,left,179.0,22.751540041067763,7100000.0,7000000.0,7000000,6000000.0,10000000.0,1.0142857142857142,2.6559633027522938,179850000.0,477675000.0,GR1,GB1,33.0,2940.0,1.0,3.0,0.1224489795918367,0.0306122448979591,89.0909090909091,116.0,7865.0,1.0,9.0,0.1144310235219326,312.0,0.3717948717948718,0.0825280747549176,0.09624713860549,1.4837251439037151,1.1889290962817818,1.2111790067630936,2518,False,2000000.0,True,0.0257316457729156,62.78511404561825,56.48259303721489,56.511260371394705,44.431054919004346,42.61161596207032,10.526315789473683,49.5,2023-07-01,418137,,6,7185,105,6.898927783902976,7185.0,,,,31.82717750826902,58.0,10.0,2.9345644983461963,2.8484288864388088,1.5421444321940463,2.2295755237045207,6.765435501653804,7.190573318632856,,,,,1.1094266813671445
186590,John Stones,2016-08-09,Everton,Man City,Defender,Centre-Back,right,188.0,22.20123203285421,55600000.0,28000000.0,28000000,12000000.0,60000000.0,1.9857142857142855,3.037866120071201,463475000.0,1407975000.0,GB1,GB1,34.0,2781.0,0.0,0.0,0.0,0.0,81.79411764705883,279.0,20491.0,18.0,9.0,0.118588648675028,560.0,0.4982142857142857,0.09624713860549,0.09624713860549,0.0,1.2321264859739287,0.7114919094011505,3613,False,,False,0.0212802167556364,64.76590636254502,77.85114045618248,54.81627815092849,56.75227182931648,24.59502173054129,,47.6,2026-07-01,263653,,10,13149,180,7.130260650965864,13149.0,0.14602326811211,0.06534108937070333,0.03465891062929667,71.6126885419423,34.0,2.0,0.5109817412013761,1.0044323895210374,0.9185763429478697,3.1058348769515747,5.633289229955014,5.040949986768987,,,,,0.37553585604657314
122153,Paul Pogba,2016-08-09,Juventus,Man Utd,Midfield,Central Midfield,both,191.0,23.4031485284052,105000000.0,70000000.0,70000000,48000000.0,100000000.0,1.5,1.343404822659968,566285000.0,760750000.0,IT1,GB1,48.0,4195.0,10.0,12.0,0.4719904648390942,0.2145411203814064,87.39583333333333,217.0,16755.0,37.0,51.0,0.4726947179946285,323.0,0.6718266253869969,0.2225486393745403,0.2355486301266244,2.120841835589718,2.0067818596122633,1.512761562194671,2162,False,0.0,False,0.0293309809624329,87.25945587259456,79.89382879893829,51.83326748320822,69.01224812327143,51.50138285262742,,66.2,2022-07-11,248453,,6,12223,154,7.544659647848974,12223.0,0.2282483209293883,0.15083076923076924,0.1258276923076923,56.11392267199129,231.0,31.0,2.369422762751861,1.4848611363223814,0.8897259030677076,1.2719459066981305,3.78072245416591,6.885460156108187,,,,,1.93191141768016
75471,Yannick Bolasie,2016-08-15,Crystal Palace,Everton,Attack,Centre-Forward,right,185.0,27.227926078028748,28900000.0,14000000.0,14000000,1100000.0,20000000.0,2.0642857142857145,0.9998705599361428,463535000.0,463475000.0,GB1,GB1,30.0,2381.0,6.0,5.0,0.4157916841663167,0.2267954640907182,79.36666666666666,30.0,1973.0,2.0,4.0,0.2736948808920426,210.0,0.1428571428571428,0.4791127195207551,0.4791127195207551,0.8678368726720991,0.5712536314331478,0.9885979713236556,1838,False,0.0,False,0.0345395420758788,16.023166023166024,17.824967824967825,36.4006321612011,13.59541683129198,2.015013828526274,,16.5,2021-08-27,160194,,2,1906,30,,1906.0,,,,,24.0,9.0,,,,,,,,,,,
112302,Roberto Pereyra,2016-08-19,Juventus,Watford,Midfield,Central Midfield,both,182.0,25.61533196440794,13500000.0,16000000.0,16000000,7500000.0,16000000.0,0.84375,0.0800392028748775,566285000.0,45325000.0,IT1,GB1,15.0,855.0,0.0,1.0,0.1052631578947368,0.0,57.0,112.0,7607.0,17.0,10.0,0.3194426186407256,163.0,0.6871165644171779,0.2225486393745403,0.2355486301266244,0.4729894471184936,1.3561641961959283,0.7813174505855959,1501,False,1500000.0,True,0.0430623135023151,69.34306569343066,82.14996682149966,29.346108257605685,65.207427894113,59.0873172659028,3.305519897304236,57.0,2020-09-28,210278,,4,7136,106,6.445977690288714,7136.0,0.20581200787401577,,,29.952526246719156,94.0,17.0,1.3521981627296589,0.7818569553805774,0.6739009186351707,0.4122211286089239,1.8142552493438322,5.65748031496063,,,,,0.9808398950131233
40423,Claudio Bravo,2016-08-25,Barcelona,Man City,Goalkeeper,Goalkeeper,right,184.0,33.36892539356605,18000000.0,15000000.0,15000000,1000000.0,12000000.0,1.2,1.1742176260867752,1199075000.0,1407975000.0,ES1,GB1,36.0,3238.0,0.0,0.0,0.0,0.0,89.94444444444444,49.0,4279.0,0.0,0.0,0.0,209.0,0.2344497607655502,0.0025652556704818,0.0039623389120549,0.0,0.0,0.0697719229727917,1466,False,0.0,False,0.0441941827956685,40.8955223880597,37.46268656716418,6.770051363097589,25.286448044251287,18.688265507704465,,17.1,2020-08-30,37421,,3,2540,29,6.58,2540.0,,,,22.0,,,0.1,,,0.8,0.8,8.2,7.0,1.5,55.9,1.2,
232271,Sofiane Boufal,2016-08-29,Lille,Southampton,Midfield,Attacking Midfield,right,175.0,22.94866529774127,18700000.0,13000000.0,13000000,8000000.0,15000000.0,1.4384615384615385,0.5090298194036119,297625000.0,151500000.0,FR1,GB1,25.0,1984.0,10.0,4.0,0.6350806451612903,0.4536290322580645,79.36,78.0,3493.0,4.0,4.0,0.2061265387918694,172.0,0.4534883720930232,0.2109459846919036,0.2355486301266244,3.0106315893561804,0.8750912229082441,1.9077189506816148,1498,False,0.0,False,0.0431572200085799,48.63968148639681,3.64963503649635,41.36309758988542,43.32872382457528,18.964836033188465,,32.1,2020-10-05,365672,,3,3074,70,6.628949870354364,3074.0,0.11669403630077786,,,30.18506831489915,59.0,9.0,5.482270657124268,2.6454782042940796,0.42472348731294735,0.30484010371650827,3.4144111906311,6.185100845803514,,,,,2.247234873129473
59631,Nacer Chadli,2016-08-29,Tottenham,West Brom,Attack,Left Winger,right,187.0,27.07460643394935,15200000.0,13000000.0,13000000,15000000.0,15000000.0,1.1692307692307693,0.0963664778277007,767850000.0,73995000.0,GB1,GB1,35.0,1252.0,6.0,3.0,0.646964856230032,0.4313099041533546,35.77142857142857,37.0,2376.0,6.0,5.0,0.4166666666666666,77.0,0.4805194805194805,0.4791127195207551,0.4791127195207551,1.3503395544939305,0.8696631287172844,1.097878100937262,731,False,12000000.0,True,0.0861729909628086,38.48133848133848,31.98198198198198,54.13670485973924,32.66495456341367,18.036349269063617,34.85237483953787,34.9,2018-08-30,110189,,2,2363,36,6.81,2363.0,0.21,,,22.3,35.0,6.0,0.8,1.2,0.9,0.4,2.7,4.4,,,,,0.7
204198,Romain Saïss,2016-08-30,Angers SCO,Wolves,Defender,Centre-Back,left,188.0,26.431211498973305,4000000.0,4000000.0,4000000,8000000.0,10000000.0,1.0,2.3003848490986427,123425000.0,283925000.0,FR1,GB1,31.0,2744.0,2.0,2.0,0.1311953352769679,0.0655976676384839,88.51612903225806,133.0,10824.0,10.0,1.0,0.0914634146341463,187.0,0.7112299465240641,0.0906137250941025,0.09624713860549,1.447852796480017,0.9502974941317291,1.199097962485212,2131,False,0.0,False,0.0297354789579799,51.02040816326531,42.9171668667467,82.21453970762545,69.73923350454365,31.588305017779533,,54.3,2022-07-01,292678,,4,8966,110,7.010396318077219,8966.0,0.09222618782065582,0.09941360437842064,0.014706802189210322,44.47550747267454,28.0,5.0,0.2523756413116217,1.6805710461744368,1.8825786303814411,4.4054427838501,8.637073388356011,5.69453490965871,,,,,1.2879321882667856
73185,Lucas Pérez,2016-08-30,Dep. La Coruña,Arsenal,Attack,Centre-Forward,left,180.0,27.969883641341543,20000000.0,12000000.0,12000000,6000000.0,17000000.0,1.6666666666666667,123.1002331002331,10725000.0,1320250000.0,ES1,GB1,36.0,3080.0,17.0,11.0,0.8181818181818181,0.4967532467532468,85.55555555555556,18.0,696.0,5.0,4.0,1.1637931034482758,103.0,0.174757281553398,0.4599952362514491,0.4791127195207551,1.7786745463915454,2.429059083658622,1.1948900040750332,709,False,4400000.0,True,0.0881961933188097,99.29214929214928,99.03474903474904,45.98775187672857,7.528644804425129,60.410904780719086,8.21566110397946,64.7,2018-08-09,194660,,2,731,26,,731.0,,,,,15.0,1.0,,,,,,,,,,,
46001,Moussa Sissoko,2016-08-31,Newcastle,Tottenham,Midfield,Central Midfield,right,187.0,27.041752224503764,35000000.0,13000000.0,13000000,10000000.0,25000000.0,2.6923076923076925,1.074667599720084,714500000.0,767850000.0,GB1,GB1,35.0,3099.0,1.0,8.0,0.2613746369796709,0.0290416263310745,88.54285714285714,191.0,11811.0,3.0,16.0,0.1447802895605791,263.0,0.7262357414448669,0.2355486301266244,0.2355486301266244,1.1096419318556985,0.6146513757382043,1.0639129757432468,1822,False,3500000.0,True,0.0348615120005331,33.97478433974784,25.016589250165893,61.80956143816673,73.73370209403399,6.025286448044252,2.6957637997432604,33.9,2021-08-27,94550,,6,11886,177,6.774174659262998,11886.0,0.06347241867043847,0.07041892455189662,0.05356606919549813,37.04110718492344,130.0,9.0,1.4167592125189297,1.4255594817432273,0.837279151943463,1.2990493016994784,3.764386673397274,7.009978125525829,,,,,1.2861854282348981
112515,Marcos Alonso,2016-08-31,Fiorentina,Chelsea,Defender,Centre-Back,left,188.0,25.675564681724847,23000000.0,9000000.0,9000000,9000000.0,45000000.0,2.5555555555555554,4.447296245506097,269810000.0,1199925000.0,IT1,GB1,39.0,2940.0,1.0,4.0,0.1530612244897959,0.0306122448979591,75.38461538461539,201.0,16820.0,29.0,22.0,0.2728894173602854,324.0,0.6203703703703703,0.0979603049171636,0.09624713860549,1.5624821157837991,2.8352990157851776,1.237702681203384,2192,False,0.0,False,0.0289555404745655,95.25810324129652,95.3781512605042,79.97431845120505,64.27499012248123,49.30857368629,,69.9,2022-09-01,196169,,6,12878,154,7.372358157719081,12878.0,0.16501478020406218,0.12,0.14,39.17368170115381,174.0,25.0,0.598417087823019,1.908400877276628,1.5094784018308383,2.306817965099647,5.845408601125202,5.940221226280157,,,,,0.8677505482978927
149716,Ivan Cavaleiro,2016-08-31,Monaco,Wolves,Attack,Left Winger,right,175.0,22.869267624914443,8000000.0,7500000.0,7500000,10000000.0,10000000.0,1.0666666666666669,0.6940319485694032,409095000.0,283925000.0,FR1,GB1,14.0,515.0,2.0,0.0,0.3495145631067961,0.3495145631067961,36.785714285714285,28.0,928.0,5.0,2.0,0.6788793103448276,83.0,0.3373493975903614,0.4766053917119471,0.4791127195207551,0.7333416054135562,1.4169511321341963,0.9581366686363114,1224,False,11800000.0,True,0.053696439170034,79.15057915057915,83.78378378378379,62.463453180561054,19.632556301856976,57.902015013828525,59.563543003851095,65.1,2020-01-07,361792,,1,683,23,,683.0,0.39999999999999997,,,29.3,19.0,2.0,2.0,0.7,0.5,0.5,1.7,4.1,,,,,1.7
174915,Islam Slimani,2016-08-31,Sporting,Leicester,Attack,Centre-Forward,right,188.0,28.202600958247775,31000000.0,22000000.0,22000000,5000000.0,25000000.0,1.4090909090909092,0.2787742899850523,501750000.0,139875000.0,PO1,GB1,40.0,3066.0,28.0,5.0,0.9686888454011742,0.821917808219178,76.65,44.0,1974.0,9.0,7.0,0.7294832826747721,197.0,0.2233502538071066,0.4331228916016845,0.4791127195207551,2.2365219298822363,1.5225713134989542,1.2985860523999804,1596,False,0.0,False,0.0402499418665099,84.36293436293437,69.75546975546976,30.0,23.180561043065985,50.53338601343342,,57.1,2021-01-13,291219,,3,1668,40,6.840000000000001,1668.0,0.49000000000000005,,,21.0,24.0,2.0,0.7,0.8,0.2,0.2,1.5,3.3,,,,,1.9
111508,Allan Nyom,2016-08-31,Watford,West Brom,Defender,Right-Back,right,189.0,28.309377138945926,4700000.0,4000000.0,4000000,3000000.0,4500000.0,1.175,1.632542746828461,45325000.0,73995000.0,GB1,GB1,32.0,2466.0,0.0,1.0,0.0364963503649635,0.0,77.0625,63.0,5125.0,0.0,3.0,0.0526829268292682,80.0,0.7875,0.09624713860549,0.09624713860549,0.3791941339114442,0.5473713566198759,0.8391964353299647,1057,False,3000000.0,True,0.0623514521552726,27.73109243697479,40.81632653061224,43.95890952192809,67.4753062030818,11.87277755827736,27.471116816431323,33.2,2019-07-24,213809,,2,4945,61,6.731300303336703,4945.0,,,,19.893650151668353,24.0,3.0,0.7199595551061678,2.5,1.579939332659252,3.253326592517695,7.633265925176946,5.433367037411527,,,,,1.2799393326592516
274839,Wilfred Ndidi,2017-01-03,Genk,Leicester,Midfield,Defensive Midfield,right,183.0,20.04928131416838,17600000.0,8000000.0,8000000,12000000.0,60000000.0,2.2,0.8452938510348995,165475000.0,139875000.0,BE1,GB1,40.0,3627.0,3.0,0.0,0.0744416873449131,0.0744416873449131,90.675,251.0,20449.0,11.0,15.0,0.1144310235219326,346.0,0.7254335260115607,0.2515480818773713,0.2355486301266244,0.2959342277203416,0.4858063638935946,0.7027266747585335,3138,False,8000000.0,True,0.0224528950153272,25.082946250829465,42.33576642335766,88.3544053733702,74.5436586329514,4.1288028447254055,18.645699614890887,39.1,2025-08-07,533228,,8,18208,220,7.071301690039554,18208.0,0.053887866519445465,0.042715291106845805,0.022740966727047382,42.380222941387984,93.0,11.0,0.7535658635982261,3.8439949658396255,2.0843821167445764,2.4584501977705866,8.802930600503416,8.388001917775382,,,,,1.7149586479683565
56818,Morgan Schneiderlin,2017-01-12,Man Utd,Everton,Midfield,Defensive Midfield,right,186.0,27.17864476386037,23000000.0,28000000.0,28000000,9500000.0,22000000.0,0.8214285714285714,0.609234308248439,760750000.0,463475000.0,GB1,GB1,26.0,1505.0,0.0,1.0,0.0598006644518272,0.0,57.88461538461539,84.0,5894.0,1.0,1.0,0.0305395317271801,140.0,0.6,0.2355486301266244,0.2355486301266244,0.2538782094367522,0.1296527672895528,0.6840589669307748,1266,False,2230000.0,True,0.0518137091628132,8.360982083609821,19.177173191771733,11.033188463058078,53.8798893717898,11.161596207032794,2.3106546854942236,16.2,2020-07-01,46893,2016/2017,3,3967,59,6.54,3967.0,,,,40.1,19.0,1.0,0.3,2.5,2.6,2.5,7.799999999999999,7.2,,,,,1.6
157506,Jeffrey Schlupp,2017-01-13,Leicester,Crystal Palace,Midfield,Left Midfield,left,178.0,24.057494866529773,13800000.0,8000000.0,8000000,3000000.0,12000000.0,1.725,3.313923145665773,139875000.0,463535000.0,GB1,GB1,18.0,672.0,0.0,3.0,0.4017857142857142,0.0,37.333333333333336,236.0,13702.0,19.0,16.0,0.2298934462122318,348.0,0.6781609195402298,0.2355486301266244,0.2355486301266244,1.705744219653179,0.9759914378981844,1.3285091928417172,3114,False,0.0,False,0.0225348213858386,53.881884538818845,31.519575315195752,44.284867641248525,69.81430264717503,19.004346108257604,,40.8,2025-07-24,214570,2016/2017,8,11714,205,6.696199338686822,11714.0,0.15581758515333258,0.1267456776352482,0.055018126045733404,22.41210203117619,111.0,17.0,1.27547472838923,2.3242040623523854,0.9573264052905054,1.433500236183278,5.15257439773264,4.992801133679736,,,,,1.4487293339631553
33829,José Fonte,2017-01-20,Southampton,West Ham,Defender,Centre-Back,right,191.0,33.08145106091718,9200000.0,6000000.0,6000000,3750000.0,7000000.0,1.5333333333333334,3.152970297029703,151500000.0,477675000.0,GB1,GB1,32.0,2817.0,0.0,1.0,0.0319488817891373,0.0,88.03125,24.0,2095.0,0.0,1.0,0.0429594272076372,47.0,0.5106382978723404,0.09624713860549,0.09624713860549,0.331946302529507,0.4463449805372894,0.8232843697988983,399,False,5570000.0,True,0.1242462218585667,22.629051620648266,35.35414165666266,42.1473725800079,26.797708415645992,5.570920584749111,26.059050064184852,23.4,2018-02-23,26552,2016/2017,1,690,8,,690.0,,,,,4.0,1.0,,,,,,,,,,,
52119,Patrick van Aanholt,2017-01-30,Sunderland,Crystal Palace,Defender,Left-Back,left,176.0,26.42299794661191,10500000.0,6000000.0,6000000,7000000.0,12000000.0,1.75,1.1371603802514567,407625000.0,463535000.0,GB1,GB1,37.0,3223.0,4.0,2.0,0.1675457648153893,0.1116971765435929,87.10810810810811,130.0,10743.0,13.0,6.0,0.1591734152471376,175.0,0.7428571428571429,0.09624713860549,0.09624713860549,1.7407869703238372,1.653798934216402,1.2977519670005095,1640,False,0.0,False,0.0390662394965941,78.57142857142857,72.3889555822329,71.6357171078625,72.50888976689056,37.238245752666934,,60.6,2021-07-28,180330,2016/2017,4,9668,115,6.7258326437732725,9668.0,0.12553148359305713,0.07,0.09,34.587515515101366,97.0,16.0,0.6946421183285063,1.612412081092263,1.484102192800993,1.9896772858916008,5.379095986760447,6.43442283822921,,,,,0.44547993380223416
37920,Kamil Grosicki,2017-01-31,Stade Rennais,Hull City,Attack,Left Winger,right,180.0,28.648870636550303,9000000.0,6000000.0,6000000,3000000.0,7000000.0,1.5,0.0852868174296745,362600000.0,30925000.0,FR1,GB1,29.0,1739.0,7.0,5.0,0.621046578493387,0.3622771707878091,59.96551724137931,15.0,1147.0,0.0,5.0,0.3923278116826503,22.0,0.6818181818181818,0.4766053917119471,0.4791127195207551,1.3030624271005684,0.8188632772577743,1.0871704907954942,1095,False,950000.0,True,0.0602046855553222,34.2985842985843,28.82882882882883,38.472935598577635,34.68984591070723,10.391149743184512,3.080872913992298,26.8,2020-01-31,69541,,1,1146,15,,1146.0,,,,,23.0,6.0,,,,,,,,,,,
91317,Ashley Westwood,2017-01-31,Aston Villa,Burnley,Midfield,Defensive Midfield,right,174.0,26.836413415468854,5800000.0,4000000.0,4000000,1000000.0,7000000.0,1.45,0.5062530295685894,515750000.0,261100000.0,GB1,GB1,14.0,1241.0,2.0,1.0,0.217566478646253,0.145044319097502,88.64285714285714,174.0,14186.0,7.0,22.0,0.1839842097842944,223.0,0.7802690582959642,0.2355486301266244,0.2355486301266244,0.9236584332046224,0.7810880058414671,0.981359140280478,2191,False,0.0,False,0.0289678083363122,43.861977438619775,43.79562043795621,45.91860924535756,79.09917028842355,15.823785065191624,,40.3,2023-01-31,182223,2016/2017,5,12779,153,6.920932145305003,12779.0,0.06727059575828627,0.02598421052631579,0.18,37.9618358243994,190.0,39.0,0.28459973393849286,1.1880663588700213,1.2182878159480397,0.8932545582596447,3.6101338132874248,7.0203615306362,,,,,0.9752328038187652
108354,Jordan Ayew,2017-01-31,Aston Villa,Swansea,Attack,Centre-Forward,right,182.0,25.39082819986311,5800000.0,7500000.0,7500000,8000000.0,8000000.0,0.7733333333333333,0.1240426563257392,515750000.0,63975000.0,GB1,GB1,12.0,955.0,2.0,0.0,0.1884816753926702,0.1884816753926702,79.58333333333333,55.0,3935.0,10.0,5.0,0.3430749682337992,64.0,0.859375,0.4791127195207551,0.4791127195207551,0.3933973524668764,0.7160631606210932,0.8811440353868005,905,False,2800000.0,True,0.07214766312044,25.28957528957529,37.51608751608752,50.029632556301856,73.39984195969973,22.12564203871987,19.44801026957638,34.7,2019-07-25,154280,2016/2017,2,4043,56,6.52,4043.0,0.17889685876824143,,,19.90907741775909,32.0,2.0,1.8596092010883007,2.6880781597823398,0.7119218402176603,0.4706406134058867,3.941281226811773,4.018327974276528,,,,,2.1174375463764528
128229,Robbie Brady,2017-01-31,Norwich,Burnley,Midfield,Left Midfield,left,176.0,25.048596851471594,15100000.0,8000000.0,8000000,3000000.0,10000000.0,1.8875,5.496842105263158,47500000.0,261100000.0,GB1,GB1,14.0,1018.0,2.0,1.0,0.2652259332023575,0.1768172888015717,72.71428571428571,84.0,4440.0,4.0,8.0,0.2432432432432432,182.0,0.4615384615384615,0.2355486301266244,0.2355486301266244,1.1259922550166368,1.0326667708170598,1.071170511480455,1612,False,,False,0.0398112333248231,56.07166556071665,54.54545454545454,38.085736862900035,44.942710391149745,18.92532595811932,,39.6,2021-07-01,231801,2016/2017,4,3498,67,6.46,3498.0,0.09,0.07,0.05,20.7,56.0,8.0,0.9,1.9,0.8,2.1,4.8,6.8,,,,,1.8
148455,Mohamed Salah,2017-07-01,Roma,Liverpool,Attack,Right Winger,left,175.0,25.04312114989733,42000000.0,35000000.0,35000000,22000000.0,150000000.0,1.2,2.01589065010812,504070000.0,1016150000.0,IT1,GB1,41.0,3186.0,19.0,15.0,0.96045197740113,0.5367231638418078,77.70731707317073,433.0,35212.0,254.0,125.0,0.9687038509599,484.0,0.8946280991735537,0.4985622392500374,0.4791127195207551,1.926443484460216,2.0218704523830446,1.2283576081182626,3287,False,,False,0.0220003038264326,97.1042471042471,94.65894465894463,69.5574871592256,93.8798893717898,68.23389964440932,,83.8,2026-07-01,292462,,9,26255,315,7.556695105694154,26255.0,0.6543252713768805,0.5358217949995019,0.1960115549357506,24.88015996952961,580.0,146.0,1.5539554370596076,0.5632184345838889,0.15448866882498574,0.13016187392877548,1.1023614549609597,2.993540278042278,,,,,0.5339021138830699
130164,Jordan Pickford,2017-07-01,Sunderland,Everton,Goalkeeper,Goalkeeper,left,185.0,23.318275154004105,28500000.0,15000000.0,15000000,13000000.0,40000000.0,1.9,1.1370131861392212,407625000.0,463475000.0,GB1,GB1,29.0,2610.0,0.0,0.0,0.0,0.0,90.0,351.0,31573.0,0.0,2.0,0.0057010737022139,378.0,0.9285714285714286,0.0039623389120549,0.0039623389120549,0.0,0.1140214740442783,0.0697719229727917,3345,True,,False,0.0218476256999944,82.98507462686567,82.98507462686567,70.73488739628606,96.61991307783484,41.30778348478862,,67.1,2026-08-28,303919,,11,32443,361,6.6670751780045014,32443.0,,0.0,0.00864456138558218,18.450100175692754,24.0,5.0,0.0,0.025503355704697986,0.07026207396007784,1.0841313015794518,1.131276852223905,9.068677372622753,99.0,3.1253891440372343,68.57717843602626,1.4129416128334313,0.0
177907,Harry Maguire,2017-07-01,Hull City,Leicester,Defender,Centre-Back,right,194.0,24.32306639288159,13700000.0,8000000.0,8000000,70000000.0,70000000.0,1.7125,4.52303961196443,30925000.0,139875000.0,GB1,GB1,30.0,2387.0,2.0,2.0,0.1508169250104734,0.0754084625052367,79.56666666666666,72.0,6319.0,5.0,3.0,0.1139420794429498,82.0,0.8780487804878049,0.09624713860549,0.09624713860549,1.5669756752838229,1.1838490067740104,1.2392160165489607,765,False,87000000.0,True,0.0831636466746967,62.30492196878752,54.50180072028812,97.90003951007506,80.03160806005532,25.26669300671671,94.54428754813864,63.1,2019-08-05,255610,,4,11746,136,7.14980078324536,11746.0,0.06113230035756854,,,45.52101992167547,57.0,9.0,0.7855525285203474,1.4419887621317895,1.7103865145581476,4.786071854248254,8.623999659458539,6.516243827686021,,,,,0.8557466371530734
82873,Pascal Groß,2017-07-01,FC Ingolstadt,Brighton,Midfield,Central Midfield,right,181.0,26.04517453798768,3000000.0,4000000.0,4000000,8000000.0,12000000.0,0.75,106.04608294930875,5425000.0,575300000.0,L1,GB1,35.0,2970.0,5.0,6.0,0.3333333333333333,0.1515151515151515,84.85714285714286,252.0,19594.0,32.0,50.0,0.3766459120138818,299.0,0.842809364548495,0.2678347608424593,0.2355486301266244,1.2445484383164154,1.5990155061033784,1.12379489869873,2588,False,7000000.0,True,0.0252079063997226,77.96947577969475,79.163901791639,84.74516001580403,87.8387988937179,70.2489134729356,75.28883183568678,78.3,2024-08-01,167008,,7,17508,228,7.047165867032214,17508.0,0.15441055517477725,0.16453000091886427,0.22967655977212167,44.83560657984921,508.0,73.0,0.37359492803289923,1.5287468585789354,0.5603609778387023,0.6605723098012338,3.044939456248572,4.431557002513137,,,,,0.8258396161754626
90583,Laurent Depoitre,2017-07-01,FC Porto,Huddersfield,Attack,Centre-Forward,right,191.0,28.56399726214921,3800000.0,3000000.0,3000000,3500000.0,4500000.0,1.2666666666666666,0.0274444508239076,435425000.0,11950000.0,PO1,GB1,11.0,512.0,1.0,1.0,0.3515625,0.17578125,46.54545454545455,58.0,3007.0,6.0,2.0,0.2394413036248752,81.0,0.7160493827160493,0.4331228916016845,0.4791127195207551,0.8116922629047036,0.4997598558109303,0.9758820000686982,752,False,0.0,False,0.0842977703516015,12.483912483912484,14.221364221364222,64.15053338601344,58.35242986961675,4.662188858158831,,25.4,2019-07-23,282671,,2,2870,56,6.18,2870.0,0.3,,,13.737003484320557,23.0,1.0,0.525993031358885,0.625993031358885,0.38898954703832755,1.329965156794425,2.4709407665505227,2.9409756097560975,,,,,1.4740069686411148
92738,Mateusz Klich,2017-07-01,FC Twente,Leeds,Midfield,Defensive Midfield,right,183.0,27.04996577686516,1700000.0,2250000.0,2250000,2000000.0,4000000.0,0.7555555555555555,3.8722439330342064,103635000.0,401300000.0,NL1,GB1,30.0,2693.0,6.0,4.0,0.3341997772001485,0.2005198663200891,89.76666666666667,84.0,4925.0,5.0,7.0,0.2192893401015228,103.0,0.8155339805825242,0.2743648108274377,0.2355486301266244,1.218085424994039,0.9309726827264458,1.112048570322775,2040,False,0.0,False,0.0310270246700612,51.95753151957532,45.056403450564034,63.75543263532201,75.3871987356776,46.226787830896875,,54.8,2023-01-31,159342,,3,4740,82,6.694646848457756,4740.0,0.09888466696468484,0.11464684845775591,0.10605945462673223,40.00965578900313,80.0,5.0,0.685873938310237,1.6788109074653554,0.4464684845775592,0.6929369691551184,3.018216361198033,6.70409029950827,,,,,1.6999999999999997
94005,Sead Kolasinac,2017-07-01,FC Schalke 04,Arsenal,Defender,Centre-Back,left,183.0,24.030116358658457,0.0,15000000.0,15000000,3000000.0,20000000.0,0.0,60.01136363636363,22000000.0,1320250000.0,L1,GB1,36.0,2893.0,3.0,9.0,0.3733148980297269,0.0933287245074317,80.36111111111111,109.0,7735.0,5.0,14.0,0.2210730446024563,237.0,0.459915611814346,0.1242136398981505,0.09624713860549,3.005425960754615,2.2969310860099297,1.7236555037408032,1662,False,0.0,False,0.0385005941314745,89.91596638655463,79.65186074429772,36.29593046226788,48.403792967206634,97.35282497036744,,71.6,2022-01-18,304345,,5,5922,80,6.772736457063229,5922.0,0.08,,,39.82410729838008,60.0,18.0,0.6217035359693432,1.7203448876502352,1.1262672008360914,1.7228183243337398,4.76610346629507,5.702090228183243,,,,,1.1420484236195785
182932,Davy Klaassen,2017-07-01,Ajax,Everton,Midfield,Central Midfield,right,179.0,24.355920602327178,27000000.0,18000000.0,18000000,15000000.0,18000000.0,1.5,2.7323507737656594,169625000.0,463475000.0,NL1,GB1,50.0,4408.0,20.0,12.0,0.6533575317604355,0.4083484573502722,88.16,15.0,731.0,0.0,1.0,0.1231190150478796,49.0,0.3061224489795918,0.2743648108274377,0.2355486301266244,2.3813459524565856,0.5226904311933135,1.6283934013480357,391,False,13500000.0,True,0.1253941384367091,27.73722627737226,2.9860650298606504,39.89924930857369,10.888976689055708,7.605689450809956,20.79589216944801,19.1,2018-07-27,298448,,1,250,7,,250.0,,,,,2.0,,,,,,,,,,,,
184573,Victor Lindelöf,2017-07-01,Benfica,Man Utd,Defender,Centre-Back,right,187.0,22.95687885010267,35000000.0,22000000.0,22000000,8000000.0,35000000.0,1.5909090909090908,2.3518046216863744,323475000.0,760750000.0,PO1,GB1,43.0,3730.0,1.0,0.0,0.0241286863270777,0.0241286863270777,86.74418604651163,269.0,21461.0,4.0,7.0,0.0461301896463352,435.0,0.6183908045977011,0.1007013875396326,0.09624713860549,0.2396062945764428,0.4792889462970893,0.7921862174665553,2984,False,0.0,False,0.0230285485443677,24.219687875150058,39.19567827130852,45.60055314105096,64.93875938364283,5.8277360726985385,,30.7,2025-09-01,258269,,9,16253,211,6.722042121098157,16253.0,0.03554249453864559,0.02214987554041661,0.026612079130093017,51.81917016806722,37.0,8.0,0.1390456182472989,0.9732142857142857,0.9353691476590636,3.577483493397359,5.9942076830732285,5.604464285714285,,,,,0.7261779711884754
241641,Bernardo Silva,2017-07-01,Monaco,Man City,Midfield,Attacking Midfield,left,173.0,22.8911704312115,50000000.0,40000000.0,40000000,22000000.0,100000000.0,1.25,3.441682249844168,409095000.0,1407975000.0,FR1,GB1,52.0,3914.0,11.0,12.0,0.5288707204905467,0.2529381706693919,75.26923076923077,439.0,31419.0,73.0,74.0,0.4210827843024921,506.0,0.8675889328063241,0.2109459846919036,0.2355486301266244,2.507138124781028,1.7876681519061677,1.6842296791463092,3287,False,,False,0.0220003038264326,81.81818181818183,63.57000663570007,60.60647965231134,91.28407743974714,53.53615171868826,,68.1,2026-07-01,488139,,9,21669,304,7.316306705431722,21669.0,0.18635793068438783,0.1302737931486212,0.16182485098578633,53.364336148414786,434.0,72.0,1.3522959065946742,1.6729982924915776,0.7308089898010984,0.6132447274908857,3.735802298214038,4.62768471087729,,,,,0.9440675619548664
238223,Ederson,2017-07-01,Benfica,Man City,Goalkeeper,Goalkeeper,left,188.0,23.871321013004792,40000000.0,22000000.0,22000000,18000000.0,70000000.0,1.818181818181818,4.352654764664966,323475000.0,1407975000.0,PO1,GB1,37.0,3282.0,0.0,1.0,0.0274223034734917,0.0,88.70270270270271,371.0,33049.0,0.0,8.0,0.0217858331568277,450.0,0.8244444444444444,0.00232872309712,0.0039623389120549,0.5484460694698354,0.4357166631365547,0.0590211556817745,2985,False,11000000.0,True,0.0230244055237497,94.32835820895522,94.32835820895522,71.69300671671277,86.21493480837614,53.773212169103125,10.173299101412066,67.7,2025-09-02,363364,,8,24516,276,6.746584679393051,24516.0,,,0.003689392406770517,23.97916462718225,12.0,6.0,0.0,0.08353686814036172,0.025679177463846865,0.6000571055637135,0.6620696687877304,6.822332354380812,122.0,1.6941385217816936,68.30352830804372,0.7886400717898515,0.04352516298485062
53360,Jay Rodríguez,2017-07-02,Southampton,West Brom,Attack,Centre-Forward,right,185.0,27.926078028747433,13700000.0,10000000.0,10000000,10000000.0,12000000.0,1.37,0.4884158415841584,151500000.0,73995000.0,GB1,GB1,30.0,1184.0,6.0,2.0,0.6081081081081081,0.4560810810810811,39.46666666666667,40.0,3074.0,10.0,1.0,0.3220559531554977,44.0,0.9090909090909092,0.4791127195207551,0.4791127195207551,1.2692380797495504,0.6721924508237697,1.079509747753283,737,False,10000000.0,True,0.0856317016338035,22.265122265122265,18.46846846846847,53.05017779533781,73.18056104306598,6.874753062030818,31.57894736842105,29.1,2019-07-09,109491,,2,3704,61,6.398490820734342,3704.0,0.28897678185745146,,,16.228644708423328,28.0,3.0,0.8286447084233262,0.9048596112311015,0.5048596112311015,1.271355291576674,2.728644708423326,3.567008639308855,,,,,1.4237850971922246
118534,Michael Keane,2017-07-03,Burnley,Everton,Defender,Centre-Back,right,188.0,24.473648186173858,28500000.0,18000000.0,18000000,3000000.0,30000000.0,1.5833333333333333,1.7750861738797397,261100000.0,463475000.0,GB1,GB1,39.0,3510.0,2.0,1.0,0.0769230769230769,0.0512820512820512,90.0,251.0,20910.0,18.0,9.0,0.1162123385939741,378.0,0.6640211640211641,0.09624713860549,0.09624713860549,0.7992245591671978,1.2074368160732556,0.9806537563588048,3343,True,,False,0.0218526911545366,63.565426170468186,67.64705882352942,42.534571315685504,68.5578822599763,27.123666534966414,,46.4,2026-08-28,290410,,10,22074,264,6.822958637221401,22074.0,0.07416495571068223,0.055946010511227905,0.020000000000000004,35.63140715050747,49.0,13.0,0.14261233233029022,1.1176314581527007,1.6149181414800837,5.842938746366094,9.55192533278931,4.331702963227419,,,,,0.5796144234202071
199369,Sandro Ramírez,2017-07-03,Málaga CF,Everton,Attack,Centre-Forward,right,174.0,21.984941820670773,6000000.0,10000000.0,10000000,3000000.0,10000000.0,0.6,57.5031017369727,8060000.0,463475000.0,ES1,GB1,31.0,2402.0,16.0,5.0,0.7868442964196503,0.5995004163197336,77.48387096774194,14.0,577.0,1.0,0.0,0.1559792027729636,132.0,0.106060606060606,0.4599952362514491,0.4791127195207551,1.7105487935738843,0.3255584675960718,1.1794604709793235,1190,False,0.0,False,0.0553018592508014,6.628056628056628,4.375804375804376,24.928881864875542,3.3386013433425528,14.579217700513633,,11.5,2020-10-05,477615,,1,276,8,,276.0,,,,,1.0,,,,,,,,,,,,
127108,Florian Lejeune,2017-07-04,SD Eibar,Newcastle,Defender,Centre-Back,right,190.0,26.12457221081451,10000000.0,5000000.0,5000000,4500000.0,8000000.0,2.0,43.70030581039755,16350000.0,714500000.0,ES1,GB1,37.0,3196.0,1.0,1.0,0.0563204005006257,0.0281602002503128,86.37837837837837,46.0,3877.0,2.0,2.0,0.0928553004900696,164.0,0.2804878048780488,0.0909966967446702,0.09624713860549,0.6189279667882509,0.9647590758066767,0.9199336955845758,1479,False,,False,0.0437674308974007,51.80072028811525,59.30372148859544,60.97787435796128,26.41841169498222,15.507704464638485,,37.5,2021-07-22,184521,,3,3600,42,6.9,3600.0,,,,35.2,14.0,2.0,0.5,1.4,2.0,6.2,10.3,5.5,,,,,0.7
93720,Alexandre Lacazette,2017-07-05,Lyon,Arsenal,Attack,Centre-Forward,right,175.0,26.105407255304584,53000000.0,40000000.0,40000000,15000000.0,70000000.0,1.325,5.293174300892051,249425000.0,1320250000.0,FR1,GB1,43.0,3332.0,35.0,4.0,1.053421368547419,0.9453781512605044,77.48837209302326,195.0,12634.0,67.0,34.0,0.719487098306158,255.0,0.7647058823529411,0.4766053917119471,0.4791127195207551,2.2102590253198193,1.501707362363169,1.292637870715737,1822,False,0.0,False,0.0348615120005331,83.33333333333334,68.53281853281852,48.96088502568155,77.80719083366259,52.410114579217705,,66.1,2022-07-01,169193,,5,10274,158,6.920036013237298,10274.0,0.47259100642398294,0.5014854682454253,0.1003713670613563,19.766527155927584,142.0,21.0,1.2693887482966713,1.195610278372591,0.4043507883978976,0.6001557329180455,2.201459996106677,2.7581662448900137,,,,,1.6746252676659532
238639,Steve Mounié,2017-07-05,Montpellier,Huddersfield,Attack,Centre-Forward,right,189.0,22.765229295003422,13000000.0,5500000.0,5500000,6500000.0,10000000.0,2.363636363636364,0.2450025627883137,48775000.0,11950000.0,FR1,GB1,35.0,2830.0,14.0,3.0,0.5406360424028268,0.4452296819787986,80.85714285714286,63.0,3979.0,11.0,5.0,0.3618999748680572,82.0,0.7682926829268293,0.4766053917119471,0.4791127195207551,1.134347306607011,0.7553545546235071,1.048958868497985,1162,False,5000000.0,True,0.0566812433328882,28.7001287001287,27.09137709137709,69.85973923350454,65.08692216515212,4.780719083366258,15.24390243902439,33.0,2020-09-09,478527,,2,3634,59,6.36,3634.0,0.22270776004402862,,,16.921794166208034,35.0,4.0,0.6488717666483214,0.5,0.29999999999999993,1.1067694001100716,1.9601541001651073,2.9533847000550355,,,,,1.497743533296643
65467,Vicente Iborra,2017-07-06,Sevilla FC,Leicester,Midfield,Defensive Midfield,right,190.0,29.470225872689937,15000000.0,9000000.0,9000000,9000000.0,10000000.0,1.6666666666666667,0.7259634098871156,192675000.0,139875000.0,ES1,GB1,44.0,2377.0,8.0,4.0,0.4543542280185107,0.3029028186790071,54.02272727272727,31.0,1992.0,3.0,0.0,0.1355421686746988,65.0,0.4769230769230769,0.2020189003735634,0.2355486301266244,2.249067919775532,0.5754317849432412,1.5696781979859482,550,False,10000000.0,True,0.1047790011706861,32.11678832116788,3.981420039814201,49.648360331884625,28.75345713156855,8.218095614381667,28.65853658536585,24.9,2019-01-07,111237,,2,1641,27,,1641.0,0.19,,,44.4,9.0,,0.7,1.5,1.2,3.1,6.5,8.1,,,,,1.2
225161,Rúben Neves,2017-07-08,Porto,Wolves,Midfield,Defensive Midfield,right,183.0,20.320328542094455,17900000.0,10000000.0,10000000,40000000.0,50000000.0,1.79,0.6520640753287018,435425000.0,283925000.0,PO1,GB1,18.0,909.0,1.0,0.0,0.099009900990099,0.099009900990099,50.5,204.0,16431.0,24.0,12.0,0.1971882417381778,224.0,0.9107142857142856,0.2011992536821767,0.2355486301266244,0.4920987487682208,0.837144506559749,0.7897996339816595,2184,False,55000000.0,True,0.0290541552079697,46.58261446582615,60.58394160583942,93.90952192809166,94.02607664954564,14.006321612011064,82.67008985879333,54.6,2023-07-01,534684,,5,14431,177,7.104955304552699,14431.0,0.13281754556163813,0.12139304077484157,0.06913906492885329,51.1140946573349,143.0,14.0,0.5370937564964313,2.3054881851569538,1.7786570577229575,1.5009008384727323,5.992093410020097,8.071484997574665,,,,,1.0765227634952534
86202,Antonio Rüdiger,2017-07-09,Roma,Chelsea,Defender,Centre-Back,right,190.0,24.35044490075291,35000000.0,25000000.0,25000000,40000000.0,50000000.0,1.4,2.38047295018549,504070000.0,1199925000.0,IT1,GB1,35.0,2943.0,0.0,4.0,0.1223241590214067,0.0,84.08571428571429,191.0,16710.0,10.0,6.0,0.0861759425493716,278.0,0.6870503597122302,0.0979603049171636,0.09624713860549,1.2487114972217113,0.8953610860329108,1.132031404908746,1818,False,0.0,False,0.0349431124110511,47.77911164465786,43.51740696278512,75.96997234294744,69.78664559462663,19.10312129593046,,47.8,2022-07-01,276738,,5,11665,133,7.000799828546934,11665.0,0.07028289755679383,0.07,0.032792413066385674,67.17884269181312,31.0,6.0,0.19538791255893698,1.3300128589798543,0.8839605657951135,3.017522503214745,5.666249464209172,6.356468066866695,,,,,0.9460437205315045
96341,Romelu Lukaku,2017-07-10,Everton,Man Utd,Attack,Centre-Forward,left,190.0,24.15879534565366,84700000.0,50000000.0,50000000,75000000.0,100000000.0,1.694,1.6414046065052053,463475000.0,760750000.0,GB1,GB1,38.0,3357.0,26.0,6.0,0.8579088471849866,0.6970509383378016,88.34210526315789,93.0,6931.0,42.0,13.0,0.7141826576251623,105.0,0.8857142857142857,0.4791127195207551,0.4791127195207551,1.790620061273122,1.4906359788142172,1.1975954966323616,759,False,74000000.0,True,0.0836845810261604,82.56113256113257,74.96782496782497,75.23903595416832,84.48044251284078,43.44132753852232,38.12580231065469,67.7,2019-08-08,181276,,3,8266,103,7.130512944592307,8266.0,0.5776711831599323,,,16.12210258891846,101.0,20.0,1.2856036777159447,0.22576820711347692,0.1,0.7257682071134769,1.1168279699975805,1.834067263488991,,,,,0.9089402371158964
40613,Jack Cork,2017-07-11,Swansea,Burnley,Midfield,Defensive Midfield,right,185.0,28.043805612594113,9100000.0,5000000.0,5000000,800000.0,15000000.0,1.82,4.081281750683861,63975000.0,261100000.0,GB1,GB1,31.0,2323.0,0.0,0.0,0.0,0.0,74.93548387096774,161.0,13433.0,6.0,4.0,0.0669991811211196,252.0,0.6388888888888888,0.2355486301266244,0.2355486301266244,0.0,0.2844388485091284,0.5713682170447084,2547,False,,False,0.02550856345652,13.802256138022562,37.49170537491705,53.148952983010666,64.55946266297906,2.0940339786645596,,27.4,2024-07-01,46008,,7,14636,175,6.633072861668427,14636.0,0.042120347246997265,0.08,0.02,30.999924573842208,77.0,5.0,0.7610197616533413,1.5426308643837683,1.1821315432191883,1.8594358123397194,4.979702820938301,6.159443354955499,,,,,0.9550610951878112
95424,Kyle Walker,2017-07-14,Tottenham,Man City,Defender,Right-Back,right,183.0,27.129363449691994,52700000.0,30000000.0,30000000,4000000.0,50000000.0,1.7566666666666666,1.8336589177573743,767850000.0,1407975000.0,GB1,GB1,39.0,3176.0,0.0,5.0,0.1416876574307304,0.0,81.43589743589743,299.0,24349.0,5.0,21.0,0.0961025093432995,447.0,0.668903803131991,0.09624713860549,0.09624713860549,1.4721233221436103,0.9984973136418808,1.2072717597482154,2913,False,5000000.0,True,0.0233376840872452,53.66146458583433,45.67827130852341,41.89055709205848,69.45476096404583,18.510470169893324,2.1181001283697047,39.2,2025-07-05,159833,,9,20054,245,7.242514276732854,20054.0,0.038832537229558865,0.012321937321937322,0.07757597340930675,63.68080892754231,169.0,26.0,0.7989312097238958,1.3277361554985065,0.9661864095981557,1.5370985487504585,3.999465604861948,5.3830565306229365,,,,,0.7735683973385027
182618,Tiemoué Bakayoko,2017-07-15,Monaco,Chelsea,Midfield,Defensive Midfield,right,189.0,22.910335386721425,40000000.0,16000000.0,16000000,2500000.0,40000000.0,2.5,2.933120668793312,409095000.0,1199925000.0,FR1,GB1,46.0,3422.0,3.0,1.0,0.1052016364699006,0.0789012273524254,74.3913043478261,39.0,2857.0,3.0,3.0,0.1890094504725236,331.0,0.1178247734138972,0.2109459846919036,0.2355486301266244,0.4987136238860033,0.8024222020349572,0.7927358262570006,2238,False,0.0,False,0.0284089937709399,44.724618447246186,57.92966157929662,50.535361517186885,18.26550770446464,10.786250493875938,,33.7,2023-08-31,478393,,1,2124,29,6.89,2124.0,0.08,,,40.5,16.0,1.0,1.5,2.7,1.6,1.5,6.1,7.2,,,,,2.1
234803,Andrew Robertson,2017-07-21,Hull City,Liverpool,Defender,Left-Back,left,178.0,23.362080766598226,9000000.0,7000000.0,7000000,7000000.0,80000000.0,1.2857142857142858,32.85852869846403,30925000.0,1016150000.0,GB1,GB1,35.0,2916.0,1.0,3.0,0.1234567901234567,0.0308641975308641,83.31428571428572,368.0,29517.0,14.0,69.0,0.2530744994410001,484.0,0.7603305785123967,0.09624713860549,0.09624713860549,1.2827060826140209,2.6294236182785027,1.1434800588393612,3267,False,0.0,False,0.0220558257459997,93.45738295318128,94.59783913565424,82.65902805215329,78.68036349269065,62.62346898459107,,77.4,2026-07-01,357880,,10,24880,308,7.235173231511253,24880.0,0.0670279235269284,0.044422918384171485,0.1493752208220469,53.33339228295821,449.0,89.0,0.5773593247588424,1.5351205787781352,0.9145096463022508,1.7995458199356913,4.450353697749196,5.751350482315113,,,,,0.5724155948553055
128223,Álvaro Morata,2017-07-21,Real Madrid,Chelsea,Attack,Centre-Forward,right,189.0,24.7419575633128,66000000.0,40000000.0,40000000,36000000.0,65000000.0,1.65,0.930517050852058,1289525000.0,1199925000.0,ES1,GB1,43.0,1874.0,20.0,6.0,1.248665955176094,0.96051227321238,43.58139534883721,67.0,3974.0,23.0,6.0,0.6567689984901862,155.0,0.432258064516129,0.4599952362514491,0.4791127195207551,2.7145193183990504,1.3708026769715826,1.406845795899958,1076,False,35000000.0,True,0.0612641105164525,76.7052767052767,49.163449163449165,61.339391544843934,39.70169893322797,37.15922560252864,22.464698331193837,53.9,2020-07-01,213501,,2,3010,47,6.97,3010.0,0.48,,,18.4,42.0,4.0,1.4,0.6,0.3,0.9,1.9,2.5,,,,,1.8
41384,Marko Arnautovic,2017-07-22,Stoke City,West Ham,Attack,Centre-Forward,both,192.0,28.257357973990416,22300000.0,15000000.0,15000000,35000000.0,35000000.0,1.4866666666666666,8.492,56250000.0,477675000.0,GB1,GB1,33.0,2815.0,6.0,5.0,0.3516873889875666,0.191829484902309,85.3030303030303,61.0,4394.0,22.0,10.0,0.6554392353208921,81.0,0.7530864197530864,0.4791127195207551,0.4791127195207551,0.7340389320896155,1.3680272065757555,0.9582946034052024,716,False,25000000.0,True,0.08754582585583,76.44787644787645,81.5958815958816,82.33899644409325,62.789411299881465,41.36704859739233,48.39537869062901,66.5,2019-07-08,110148,,3,7045,91,7.049078779276082,7045.0,0.3467437899219305,,,20.637345635202273,122.0,22.0,1.753797019162527,0.8024982256919801,0.5024982256919802,0.7229240596167494,2.1505890702625976,3.9145777146912706,,,,,1.4
145707,Danilo,2017-07-23,Real Madrid,Man City,Defender,Centre-Back,right,184.0,26.023271731690624,30000000.0,16000000.0,16000000,20000000.0,20000000.0,1.875,1.0918555281983675,1289525000.0,1407975000.0,ES1,GB1,25.0,2087.0,1.0,3.0,0.1724964063248682,0.043124101581217,83.48,49.0,3144.0,4.0,2.0,0.1717557251908396,107.0,0.4579439252336448,0.0909966967446702,0.09624713860549,1.8956337152422136,1.7845281187511854,1.3499010599926478,745,False,37000000.0,True,0.0849168637929649,80.97238895558223,75.33013205282113,59.128802844725406,35.906756222836826,39.76689055709206,51.861360718870344,52.9,2019-08-07,208077,,2,2147,34,7.19,2147.0,0.19999999999999998,,,67.0,10.0,,0.5,2.9,1.3,1.9000000000000001,6.3999999999999995,4.4,,,,,0.7999999999999999
241481,Jaïro Riedewald,2017-07-24,Ajax,Crystal Palace,Midfield,Defensive Midfield,left,182.0,20.870636550308006,9000000.0,5000000.0,5000000,3000000.0,8000000.0,1.8,2.732704495210022,169625000.0,463535000.0,NL1,GB1,28.0,2102.0,1.0,2.0,0.1284490960989533,0.0428163653663178,75.07142857142857,89.0,3920.0,3.0,0.0,0.0688775510204081,283.0,0.3144876325088339,0.2743648108274377,0.2355486301266244,0.4681689889879563,0.2924132947976878,0.7791777591062451,2577,False,0.0,False,0.0252869214062478,14.333112143331125,22.362309223623093,52.62544448834453,38.15883050177795,2.2125642038719873,,22.2,2024-08-13,496563,,6,3421,80,6.519999999999999,3421.0,0.1,0.03,0.04,26.7,16.0,2.0,0.6,1.7,1.4,1.1,4.6,4.9,,,,,1.0
157495,Benjamin Mendy,2017-07-24,Monaco,Man City,Defender,Left-Back,left,185.0,23.019849418206707,57500000.0,13000000.0,13000000,3000000.0,45000000.0,4.423076923076923,3.441682249844168,409095000.0,1407975000.0,FR1,GB1,35.0,2853.0,0.0,9.0,0.2839116719242902,0.0,81.51428571428572,70.0,5447.0,2.0,11.0,0.2147971360381861,329.0,0.2127659574468085,0.0906137250941025,0.09624713860549,3.1332082598905107,2.231724902686447,1.766689866548363,2186,False,0.0,False,0.0290294001852492,88.89555822328931,76.11044417767107,56.41841169498221,30.361517186882654,40.04346108257606,,52.7,2023-07-19,280965,,5,3791,50,6.820000000000001,3791.0,,,,58.699999999999996,48.0,8.0,1.1,1.1,1.0,1.0,3.1999999999999997,5.0,,,,,0.7000000000000001
74683,Nemanja Matić,2017-07-31,Chelsea,Man Utd,Midfield,Defensive Midfield,left,194.0,28.996577686516083,44700000.0,35000000.0,35000000,5000000.0,40000000.0,1.2771428571428571,0.6339979582057212,1199925000.0,760750000.0,GB1,GB1,38.0,2938.0,2.0,7.0,0.2756977535738598,0.0612661674608577,77.3157894736842,181.0,13126.0,3.0,10.0,0.0891360658235562,266.0,0.6804511278195489,0.2355486301266244,0.2355486301266244,1.1704494032746118,0.3784189522802116,1.0909040261688645,1796,False,0.0,False,0.0353999897532438,19.177173191771733,10.816191108161911,28.611220861319637,69.00434610825761,6.7364677992888184,,22.7,2022-07-01,115067,,6,12322,163,7.113173513947062,12322.0,0.03295542635658914,0.014434152235199357,0.10330245670559807,61.60645187469567,99.0,12.0,1.1522723583833794,1.9718146404804415,1.5976951793540008,1.4993913325758808,5.5604690796948555,8.383014121084239,,,,,1.1735676026619055
295330,Kelechi Iheanacho,2017-08-03,Man City,Leicester,Attack,Centre-Forward,left,185.0,20.83230663928816,27700000.0,15000000.0,15000000,12000000.0,20000000.0,1.846666666666667,0.0993448037074521,1407975000.0,139875000.0,GB1,GB1,27.0,732.0,7.0,3.0,1.2295081967213115,0.8606557377049181,27.11111111111111,180.0,8365.0,47.0,31.0,0.8392109982068141,279.0,0.6451612903225806,0.4791127195207551,0.4791127195207551,2.5662190683460855,1.751594069650784,1.373257857100682,2554,False,0.0,False,0.0254560298726712,91.44144144144144,79.85842985842986,52.66495456341367,65.7743974713552,50.05926511260371,,69.2,2024-07-31,643709,,6,6551,150,6.565831170813615,6551.0,0.4133017859868722,0.3642505732749635,0.1249155722326454,20.976598992520223,106.0,28.0,1.4536101358571212,0.6477484353533812,0.22924493554327807,0.44081819569531366,1.3334300106853914,3.0837887345443447,,,,,1.5862616394443594
93831,Tom Trybull,2017-08-04,ADO Den Haag,Norwich,Midfield,Defensive Midfield,right,183.0,24.40520191649555,0.0,650000.0,650000,1500000.0,4000000.0,0.0,3.1666666666666665,15000000.0,47500000.0,NL1,GB1,26.0,2131.0,1.0,0.0,0.0422336931018301,0.0422336931018301,81.96153846153847,20.0,1412.0,0.0,0.0,0.0,49.0,0.4081632653061224,0.2743648108274377,0.2355486301266244,0.1539326161196127,0.0,0.6396953963679292,1484,False,0.0,False,0.0436053071700853,3.64963503649635,14.333112143331125,91.90241011457924,18.32477281706835,34.521928091663376,,33.5,2021-08-27,24229,,2,5850,65,6.135076923076922,5850.0,,,0.008923076923076924,22.726153846153846,1.0,1.0,,0.0,0.0,0.9,0.9446153846153846,8.489230769230769,10.0,3.7,64.70615384615385,1.9892307692307691,0.0
45660,Eric-Maxim Choupo-Moting,2017-08-07,FC Schalke 04,Stoke City,Attack,Centre-Forward,right,191.0,28.3750855578371,0.0,6000000.0,6000000,8000000.0,8000000.0,0.0,2.5568181818181817,22000000.0,56250000.0,L1,GB1,30.0,2072.0,3.0,7.0,0.4343629343629343,0.1303088803088803,69.06666666666666,31.0,2266.0,5.0,5.0,0.3971756398940864,39.0,0.7948717948717948,0.543236014295955,0.4791127195207551,0.7995842008484609,0.8289816231373938,0.9731396928427988,389,False,0.0,False,0.1256830872304358,35.13513513513514,39.83268983268983,62.463453180561054,55.81983405768471,66.15962070327933,,51.0,2018-08-31,95082,,1,2247,30,6.77,2247.0,0.2,,,18.7,20.0,5.0,2.4,1.7,0.9,1.0,3.6999999999999997,5.3,,,,,0.8
79027,Davy Pröpper,2017-08-07,PSV Eindhoven,Brighton,Midfield,Central Midfield,right,185.0,25.930184804928132,13000000.0,10000000.0,10000000,8000000.0,17000000.0,1.3,1.7639123102866778,326150000.0,575300000.0,NL1,GB1,43.0,3582.0,8.0,9.0,0.4271356783919597,0.2010050251256281,83.30232558139535,117.0,9335.0,3.0,9.0,0.1156936261381896,166.0,0.7048192771084337,0.2743648108274377,0.2355486301266244,1.556816550576552,0.4911666269338774,1.2624035954205646,1424,False,0.0,False,0.0456259905021033,25.28201725282017,8.891838088918382,60.40497826945871,67.58790991702884,8.672461477676807,,30.7,2021-07-01,178765,,4,8711,107,6.716983529411765,8711.0,0.03474163568773234,,,37.691941176470586,67.0,7.0,1.1964235294117647,1.9766823529411763,1.5936117647058823,1.4270823529411765,5.2373529411764705,7.143094117647059,,,,,1.133435294117647
170934,Mario Lemina,2017-08-08,Juventus,Southampton,Midfield,Defensive Midfield,right,184.0,23.93429158110883,17250000.0,7500000.0,7500000,10000000.0,15000000.0,2.3,0.2675331326099049,566285000.0,151500000.0,IT1,GB1,29.0,1228.0,1.0,1.0,0.1465798045602606,0.0732899022801303,42.3448275862069,50.0,3616.0,2.0,2.0,0.0995575221238938,167.0,0.2994011976047904,0.2225486393745403,0.2355486301266244,0.6586416568180978,0.422662284515832,0.8637242344347064,1446,False,5500000.0,True,0.0448657345136739,21.101526211015265,25.547445255474457,73.71789806400633,28.510470169893324,2.70644014223627,12.066752246469834,26.6,2021-07-24,421786,,3,5038,74,6.800359269551409,5038.0,0.05320365224295356,0.04,0.06,40.91651448987693,33.0,4.0,1.8803691941246525,2.9711393410083367,1.9587733227471218,1.4633783247320364,6.627451369591108,6.703910281857879,,,,,1.631679237792775
120565,Andre Gray,2017-08-09,Burnley,Watford,Attack,Centre-Forward,right,178.0,26.12183436002738,20400000.0,10000000.0,10000000,2000000.0,15000000.0,2.04,0.1735924932975871,261100000.0,45325000.0,GB1,GB1,35.0,2443.0,10.0,3.0,0.4789193614408514,0.3683995088006549,69.8,91.0,4201.0,16.0,7.0,0.492739823851464,164.0,0.5548780487804879,0.4791127195207551,0.4791127195207551,0.9995964246574436,1.0284423764502426,1.0184396726473095,1789,False,0.0,False,0.0355482691197158,51.02960102960103,53.15315315315315,40.06519162386409,52.018964836033184,14.69774792572106,,40.2,2022-07-03,180259,,3,3602,83,6.189047619047618,3602.0,0.34798445308162135,,,11.690505274847308,42.0,9.0,0.3752915047196002,0.22059966685174903,0.14153248195446974,0.2377568017767907,0.6790671848972792,1.9975013881177124,,,,,0.8413103831204886
90466,Gylfi Sigurdsson,2017-08-16,Swansea,Everton,Midfield,Attacking Midfield,right,186.0,27.93702943189596,49400000.0,25000000.0,25000000,3000000.0,35000000.0,1.976,7.24462680734662,63975000.0,463475000.0,GB1,GB1,38.0,3387.0,9.0,13.0,0.5845881310894597,0.2391496899911425,89.13157894736842,149.0,11284.0,28.0,23.0,0.4067706487061325,209.0,0.7129186602870813,0.2355486301266244,0.2355486301266244,2.481815032314989,1.7269072993014816,1.672989335653407,1780,False,,False,0.0357410138043901,80.35832780358328,60.849369608493696,36.248518372184904,70.94824180165944,36.72461477676808,,54.9,2022-07-01,157729,,4,10208,136,6.893377742946708,10208.0,0.21941222570532917,0.26,0.14,25.12551920062696,207.0,25.0,0.7974823667711599,1.5396551724137935,1.1910952194357365,0.7605799373040751,3.5913891065830716,4.7864322100313474,,,,,0.953164184952978
253765,Wesley Hoedt,2017-08-22,Lazio,Southampton,Defender,Centre-Back,left,193.0,23.463381245722108,16000000.0,7500000.0,7500000,4000000.0,15000000.0,2.1333333333333333,0.5208422862054147,290875000.0,151500000.0,IT1,GB1,25.0,2017.0,2.0,0.0,0.0892414476945959,0.0892414476945959,80.68,45.0,4050.0,1.0,1.0,0.0444444444444444,165.0,0.2727272727272727,0.0979603049171636,0.09624713860549,0.9109960179284816,0.4617741897410476,1.0182960083795476,1409,False,0.0,False,0.0461576311823515,23.34933973589436,25.990396158463387,56.38877913868036,25.6637692611616,3.615171868826551,,25.1,2021-07-01,465628,,2,3690,41,6.96,3690.0,,,,37.3,10.0,1.0,0.9,2.1,1.4,6.1,10.3,7.1,,,,,0.8
341429,Davinson Sánchez,2017-08-23,Ajax,Tottenham,Defender,Centre-Back,right,188.0,21.196440793976727,42000000.0,25000000.0,25000000,14000000.0,60000000.0,1.68,4.526750184229919,169625000.0,767850000.0,NL1,GB1,44.0,3872.0,7.0,2.0,0.209194214876033,0.1627066115702479,88.0,191.0,14992.0,5.0,1.0,0.0360192102454642,312.0,0.6121794871794872,0.1132639743398324,0.09624713860549,1.8469616318457585,0.3742366865897631,1.3335093366503146,2203,False,9500000.0,True,0.0288216965917723,19.027611044417768,8.643457382953182,60.20742789411299,63.267483208218096,3.891742394310549,8.472400513478819,29.7,2023-09-04,643533,,7,10949,143,6.817538371411834,10949.0,0.07733538806388345,0.12000000000000001,0.060000000000000005,55.655008787346226,17.0,1.0,0.2126537785588752,1.6670181605155243,1.3989689513766843,4.586479203280609,8.329267721148213,5.524710017574692,,,,,0.9284827182190979
341317,Oliver Burke,2017-08-25,Leipzig,West Brom,Attack,Centre-Forward,right,188.0,20.383299110198493,15200000.0,7000000.0,7000000,5500000.0,12000000.0,2.1714285714285713,0.1266658107587623,584175000.0,73995000.0,L1,GB1,26.0,638.0,1.0,2.0,0.4231974921630094,0.1410658307210031,24.53846153846154,16.0,359.0,0.0,2.0,0.5013927576601671,45.0,0.3555555555555555,0.543236014295955,0.4791127195207551,0.7790306257796292,1.0465027064230277,0.9684845946803098,1111,False,6500000.0,True,0.059333663846459,52.63835263835264,58.42985842985843,60.0553141050968,13.64480442512841,15.270644014223627,17.394094993581515,40.4,2020-09-09,609504,,2,1628,40,6.07,1628.0,0.07,0.15,0.10999999999999999,12.5,19.0,5.0,1.1,1.1,0.1,0.3,1.6,2.1,,,,,1.6
56810,Adrien Silva,2017-08-31,Sporting CP,Leicester,Midfield,Central Midfield,right,175.0,28.46269678302533,20500000.0,25000000.0,25000000,6000000.0,25000000.0,0.82,0.2787742899850523,501750000.0,139875000.0,PO1,GB1,35.0,2687.0,5.0,3.0,0.2679568291775214,0.1674730182359508,76.77142857142857,18.0,1101.0,0.0,2.0,0.1634877384196185,124.0,0.1451612903225806,0.2011992536821767,0.2355486301266244,1.3317983256577977,0.6940721257081056,1.162523134784012,1129,False,0.0,False,0.0583762999999641,38.68613138686132,23.755806237558065,23.387988937178974,6.6811536941920195,29.71157645199526,,27.0,2020-10-03,40930,,2,849,14,,849.0,,,,,7.0,1.0,,,,,,,,,,,
127032,Serge Aurier,2017-08-31,Paris SG,Tottenham,Defender,Right-Back,right,176.0,24.684462696783022,25000000.0,15000000.0,15000000,15000000.0,20000000.0,1.6666666666666667,0.5457162147755943,1407050000.0,767850000.0,FR1,GB1,24.0,1841.0,0.0,3.0,0.1466594242259641,0.0,76.70833333333333,104.0,8653.0,8.0,17.0,0.2600254247081937,213.0,0.488262910798122,0.0906137250941025,0.09624713860549,1.6185122515784225,2.7016431706507027,1.2565724402251586,1461,False,,False,0.0443603509825902,94.11764705882352,94.29771908763506,57.394310549190045,49.48241801659424,55.86724614776768,,64.0,2021-08-31,195299,,4,6305,77,7.028641316948759,6305.0,0.059826107118015295,0.05999999999999999,0.1,34.48293531184791,72.0,17.0,1.1881520983074425,3.0999999999999996,1.4135868305124044,2.613586830512404,7.327173661024808,5.760978437282634,,,,,1.3627173661024807
173859,Davide Zappacosta,2017-08-31,Torino,Chelsea,Midfield,Right Midfield,right,182.0,25.22108145106092,25000000.0,8500000.0,8500000,10000000.0,20000000.0,2.9411764705882355,6.115981548969138,196195000.0,1199925000.0,IT1,GB1,32.0,2497.0,1.0,5.0,0.2162595114136964,0.0360432519022827,78.03125,47.0,2779.0,2.0,3.0,0.1619287513494062,220.0,0.2136363636363636,0.2225486393745403,0.2355486301266244,0.9717404340079584,0.6874535897846565,1.0027016443834158,1454,False,9000000.0,True,0.0445949055159771,38.553417385534175,34.9701393497014,74.79059660213355,23.828526274199923,7.467404188067957,14.377406931964057,33.0,2021-08-24,244811,,2,1220,26,,1220.0,0.08,,,31.1,14.0,2.0,1.2,2.1,0.5,1.6,4.4,5.5,,,,,0.6
143424,Alex Oxlade-Chamberlain,2017-08-31,Arsenal,Liverpool,Midfield,Central Midfield,right,180.0,24.043805612594113,38000000.0,22000000.0,22000000,6000000.0,40000000.0,1.7272727272727273,0.7696648362052642,1320250000.0,1016150000.0,GB1,GB1,43.0,2524.0,2.0,10.0,0.4278922345483359,0.0713153724247226,58.69767441860465,137.0,5901.0,16.0,13.0,0.4422979156075242,314.0,0.4363057324840764,0.2355486301266244,0.2355486301266244,1.8165770453358736,1.877735036581436,1.377705357671634,2172,False,0.0,False,0.0292041171114436,84.00796284007963,80.22561380225613,47.36665349664164,49.798498617147374,44.60687475306203,,59.9,2023-08-12,196386,,6,4603,106,6.83772529521442,4603.0,0.19709136109384712,,,35.57545059042884,74.0,10.0,2.3972653822249845,1.5290863890615287,1.353635798632691,0.6072715972653822,3.589993784959602,5.389993784959602,,,,,0.9463642013673089
139208,Virgil van Dijk,2018-01-01,Southampton,Liverpool,Defender,Centre-Back,right,195.0,26.48596851471595,84650000.0,30000000.0,30000000,15000000.0,100000000.0,2.8216666666666668,6.707260726072607,151500000.0,1016150000.0,GB1,GB1,15.0,1228.0,1.0,0.0,0.0732899022801303,0.0732899022801303,81.86666666666666,366.0,32644.0,35.0,18.0,0.1461217987991667,454.0,0.8061674008810573,0.09624713860549,0.09624713860549,0.7614761679361738,1.518193692989766,0.967940900395007,3161,True,,False,0.022376868064592,74.90996398559425,79.17166866746699,63.13907546424339,84.16041090478072,28.54602923745555,,57.2,2026-08-28,209405,2017/2018,9,23089,259,7.35119376705696,23089.0,0.10518516881739438,0.06356695805100088,0.02636890291211917,72.00036094726649,65.0,13.0,0.1284824111719993,0.8176908178536842,1.0588341877320133,4.817853684303196,7.217299058015671,4.598485782199137,,,,,0.44348152731129575
131978,Ross Barkley,2018-01-05,Everton,Chelsea,Midfield,Central Midfield,right,189.0,24.084873374401095,16800000.0,25000000.0,25000000,10000000.0,30000000.0,0.672,2.5889745940989264,463475000.0,1199925000.0,GB1,GB1,19.0,1594.0,2.0,7.0,0.5081555834378921,0.1129234629861982,83.89473684210526,89.0,4424.0,11.0,11.0,0.4475587703435805,253.0,0.3517786561264822,0.2355486301266244,0.2355486301266244,2.157327695621587,1.900069510499744,1.5289568037490813,1697,False,,False,0.0376350863115551,84.53881884538819,75.2488387524884,36.90636112208613,39.91307783484788,79.4745160015804,,66.7,2022-08-29,215384,2017/2018,4,4097,80,6.848643203264473,4097.0,0.1604845702626881,0.18,0.14,47.255878602397345,94.0,14.0,1.6508798775822495,0.8347615404233615,0.5110686049477173,0.5743687834736038,2.020198928844682,5.36233103800051,,,,,0.8351440958939047
45671,Cenk Tosun,2018-01-05,Besiktas,Everton,Attack,Centre-Forward,right,183.0,26.581793292265573,22500000.0,10500000.0,10500000,2000000.0,23000000.0,2.142857142857143,1.8920049803033083,244965000.0,463475000.0,TR1,GB1,45.0,3063.0,25.0,5.0,0.881488736532811,0.7345739471106758,68.06666666666666,55.0,2576.0,11.0,3.0,0.4891304347826087,179.0,0.3072625698324022,0.4740141265660224,0.4791127195207551,1.8596254565633377,1.020908890233334,1.2132242564827316,1639,False,0.0,False,0.0390923576288093,50.257400257400256,35.585585585585584,49.032003160806,30.225207427894112,14.184116949822204,,36.8,2022-07-02,178776,,5,2557,55,6.24,2557.0,0.26,,,15.6,34.0,4.0,0.2,1.1,0.4,0.3,1.8,3.4,,,,,1.5
126600,Kenny McLean,2018-01-22,Aberdeen FC,Norwich,Midfield,Central Midfield,left,183.0,26.039698836413415,230000.0,600000.0,600000,400000.0,4500000.0,0.3833333333333333,0.85431654676259,55600000.0,47500000.0,SC1,GB1,49.0,4319.0,4.0,6.0,0.2083815698078258,0.0833526279231303,88.14285714285714,78.0,6150.0,3.0,1.0,0.0585365853658536,101.0,0.7722772277227723,0.2378455407254501,0.2355486301266244,0.8761214070789114,0.2485116781803656,0.960258538013963,3140,True,,False,0.0224461885396328,11.745189117451892,10.88254810882548,73.28921374950612,69.09126827340972,23.13314895298301,,34.6,2026-08-28,190851,,2,5670,68,6.4936296296296305,5670.0,0.03,0.02863492063492063,0.014317460317460316,33.38899470899471,34.0,6.0,0.7568253968253968,1.3477248677248679,1.1522751322751321,1.8045502645502645,4.552275132275133,5.418201058201058,,,,,0.6045502645502645
55735,Henrikh Mkhitaryan,2018-01-22,Man Utd,Arsenal,Midfield,Central Midfield,both,177.0,29.00205338809035,34000000.0,35000000.0,35000000,20000000.0,35000000.0,0.9714285714285714,1.7354584291817283,760750000.0,1320250000.0,GB1,GB1,44.0,2894.0,10.0,8.0,0.5597788527988943,0.3109882515549412,65.77272727272727,56.0,3637.0,9.0,13.0,0.5444047291723948,130.0,0.4307692307692308,0.2355486301266244,0.2355486301266244,2.3764895278651066,2.311220102955971,1.6262377451765468,953,False,0.0,False,0.0688312731488915,92.16987392169874,85.33510285335103,32.281706835242986,36.48557882259976,76.01738443303041,,67.5,2020-09-01,73167,2017/2018,2,1755,28,6.97,1755.0,0.33,,,34.8,31.0,10.0,1.1,1.5,0.9000000000000001,0.6,3.1000000000000005,6.799999999999999,,,,,1.5
40433,Alexis Sánchez,2018-01-22,Arsenal,Man Utd,Attack,Second Striker,right,169.0,29.09240246406571,34000000.0,70000000.0,70000000,16000000.0,70000000.0,0.4857142857142857,0.5762166256390835,1320250000.0,760750000.0,GB1,GB1,44.0,3538.0,22.0,9.0,0.7885811192764274,0.5596382136800452,80.4090909090909,45.0,2781.0,5.0,9.0,0.4530744336569579,129.0,0.3488372093023256,0.4791127195207551,0.4791127195207551,1.645919816249558,0.9456531108382122,1.1648229087752549,953,False,0.0,False,0.0688312731488915,44.4015444015444,32.75418275418275,23.154879494271036,28.95298301066772,49.486369024101144,,38.2,2020-09-01,50047,2017/2018,1,877,20,,877.0,0.1,,,29.199999999999996,21.0,6.0,1.4,1.6999999999999997,0.9000000000000001,0.1,2.8,4.0,,,,,1.4
184672,Guido Carrillo,2018-01-25,Monaco,Southampton,Attack,Centre-Forward,right,187.0,26.67214236824093,22000000.0,6000000.0,6000000,3000000.0,18000000.0,3.6666666666666665,0.3703296300370329,409095000.0,151500000.0,FR1,GB1,25.0,589.0,4.0,1.0,0.7640067911714771,0.6112054329371817,23.56,10.0,625.0,0.0,2.0,0.288,103.0,0.0970873786407767,0.4766053917119471,0.4791127195207551,1.6030175160780196,0.6011111545693871,1.1551061359984378,984,False,0.0,False,0.0668023897016578,18.146718146718147,10.93951093951094,61.86487554326354,0.632161201106282,1.6001580403002764,,19.8,2020-10-05,267894,,1,452,7,,452.0,,,,,4.0,,,,,,,,,,,,
181778,Emerson,2018-01-30,Roma,Chelsea,Defender,Left-Back,left,176.0,23.49349760438056,20000000.0,14000000.0,14000000,15000000.0,30000000.0,1.4285714285714286,2.38047295018549,504070000.0,1199925000.0,IT1,GB1,17.0,1291.0,1.0,0.0,0.069713400464756,0.069713400464756,75.94117647058823,64.0,4433.0,1.0,5.0,0.1218136702007669,247.0,0.2591093117408907,0.0979603049171636,0.09624713860549,0.711649484183481,1.2656341992677032,0.9511603321894644,1666,False,15400000.0,True,0.0383995672480228,66.02641056422569,70.9483793517407,71.80561043065983,30.817858553931252,30.817858553931256,34.306803594351734,48.9,2022-08-23,267371,,6,3378,55,,3378.0,0.07,0.049999999999999996,0.05999999999999999,32.4,38.0,3.0,0.39999999999999997,1.8,1.0,2.0,5.0,4.5,,,,,0.9
176553,Aymeric Laporte,2018-01-30,Athletic Club,Man City,Defender,Centre-Back,left,191.0,23.679671457905545,65000000.0,25000000.0,25000000,25000000.0,75000000.0,2.6,5.4033387700278235,260575000.0,1407975000.0,ES1,GB1,46.0,4080.0,2.0,3.0,0.1102941176470588,0.0441176470588235,88.69565217391305,173.0,14321.0,10.0,4.0,0.0879826827735493,301.0,0.574750830564784,0.0909966967446702,0.09624713860549,1.212067268293658,0.9141329711024856,1.119690407343692,2032,False,27500000.0,True,0.0311484497366072,48.67947178871548,46.03841536614646,75.13235875148163,60.16199130778348,12.228368233899644,17.105263157894736,43.1,2023-08-24,411617,,7,10149,121,7.3381072822950255,10149.0,0.10924291291801051,0.16,0.04,84.57886606688167,36.0,2.0,0.14810728229502632,1.1037854354099472,0.8594635885248685,2.3670344593447634,4.678390765574606,5.592429129180105,,,,,0.5037854354099474
58864,Pierre-Emerick Aubameyang,2018-01-31,Dortmund,Arsenal,Attack,Centre-Forward,right,187.0,28.621492128678987,63750000.0,65000000.0,65000000,15000000.0,75000000.0,0.9807692307692308,2.458222780803426,537075000.0,1320250000.0,L1,GB1,47.0,4131.0,41.0,4.0,0.9803921568627452,0.8932461873638344,87.8936170212766,159.0,12598.0,89.0,19.0,0.7715510398475948,205.0,0.775609756097561,0.543236014295955,0.4791127195207551,1.8047259958148272,1.6103747790694405,1.2007902941187056,1461,False,0.0,False,0.0443603509825902,87.64478764478764,81.53153153153153,30.90478071908337,78.00079020150139,69.81430264717503,,70.2,2022-01-31,150565,,5,10303,128,7.052897879600293,10303.0,0.5949305386302706,0.39,0.11,17.44110407019254,103.0,19.0,0.6664026322203266,0.7195223007555447,0.3382403119668535,0.523519376066293,1.5195223007555445,2.4383987326346577,,,,,0.4284791615890812
77100,Lucas Moura,2018-01-31,PSG,Tottenham,Attack,Right Winger,right,172.0,25.46748802190281,28400000.0,28000000.0,28000000,6000000.0,40000000.0,1.0142857142857142,0.5457162147755943,1407050000.0,767850000.0,FR1,GB1,22.0,923.0,7.0,2.0,0.8775731310942578,0.6825568797399784,41.95454545454545,205.0,11210.0,36.0,25.0,0.4897413024085638,276.0,0.7427536231884058,0.4766053917119471,0.4791127195207551,1.841299209692217,1.0221838879553025,1.209073617100075,2009,False,0.0,False,0.0315050461550311,50.51480051480052,36.22908622908623,38.89766890557092,75.63808771236666,29.69182141446069,,43.3,2023-08-02,215299,,6,7902,152,6.863689230361637,7902.0,0.224779440985561,0.13116572148708255,0.11791430371770636,25.08138826334614,122.0,21.0,2.4460590806729368,1.7744204530401377,0.8946085574248245,0.9022387071135249,3.6292224135647104,4.51114054841701,,,,,1.180580209299245
82442,Olivier Giroud,2018-01-31,Arsenal,Chelsea,Attack,Centre-Forward,left,192.0,31.33744010951403,17000000.0,20000000.0,20000000,4000000.0,18000000.0,0.85,0.9088619579625072,1320250000.0,1199925000.0,GB1,GB1,42.0,1790.0,13.0,2.0,0.7541899441340782,0.6536312849162011,42.61904761904762,114.0,5415.0,38.0,14.0,0.8642659279778393,186.0,0.6129032258064516,0.4791127195207551,0.4791127195207551,1.5741388475106155,1.803888506325492,1.1485655202402032,1263,False,4800000.0,True,0.051944629592269,92.85714285714286,90.86229086229086,15.962070327933622,58.98854207822995,79.83010667720268,10.590500641848523,67.8,2021-07-17,46469,2017/2018,3,2579,62,6.529999999999999,2579.0,0.22,,,19.2,32.0,5.0,0.20000000000000004,0.3,0.3,0.6,1.3999999999999997,2.4,,,,,1.3
211325,Badou Ndiaye,2018-01-31,Galatasaray,Stoke City,Midfield,Defensive Midfield,right,180.0,27.263518138261464,16000000.0,7000000.0,7000000,2700000.0,15000000.0,2.2857142857142856,0.1849598842562146,304120000.0,56250000.0,TR1,GB1,17.0,1475.0,1.0,3.0,0.2440677966101695,0.0610169491525423,86.76470588235294,13.0,1140.0,2.0,1.0,0.2368421052631578,17.0,0.7647058823529411,0.2267996174290349,0.2355486301266244,1.0761384846098243,1.0054913294797687,1.0490415592389233,1268,False,0.0,False,0.0517267271004277,55.00995355009953,54.01459854014598,53.492690636112215,41.47767680758594,16.416436191228765,,41.1,2021-07-22,310764,,1,1140,13,,1140.0,,,,,7.0,,,,,,,,,,,,
238407,Alexander Sørloth,2018-01-31,Midtjylland,Crystal Palace,Attack,Centre-Forward,left,196.0,22.157426420260094,16000000.0,2000000.0,2000000,20000000.0,20000000.0,8.0,3.492183674238144,132735000.0,463535000.0,DK1,GB1,26.0,1812.0,15.0,9.0,1.1920529801324504,0.7450331125827815,69.6923076923077,17.0,594.0,0.0,0.0,0.0,96.0,0.1770833333333333,0.4686022854607718,0.4791127195207551,2.5438479860598995,0.0,1.3681911188960356,965,False,20000000.0,True,0.0680356693357505,1.8018018018018016,0.0643500643500643,98.3129197945476,7.036744369814302,0.0197550375345713,52.503209242618745,22.7,2020-09-22,440330,,2,533,16,,533.0,,,,,9.0,1.0,,,,,,,,,,,
129476,Gerard Deulofeu,2018-07-01,Barcelona,Watford,Attack,Centre-Forward,right,177.0,24.301163586584533,13000000.0,14000000.0,14000000,12000000.0,25000000.0,0.9285714285714286,0.0377999708108333,1199075000.0,45325000.0,ES1,GB1,17.0,892.0,2.0,2.0,0.4035874439461883,0.2017937219730941,52.47058823529411,61.0,4389.0,16.0,10.0,0.5331510594668489,85.0,0.7176470588235294,0.4599952362514491,0.4791127195207551,0.8773730946326009,1.1127883642916996,0.9907577926285508,944,False,17000000.0,True,0.0694366118057453,58.42985842985843,62.29086229086229,63.11932042670881,59.399446858949034,44.646384828131175,54.942233632862646,56.5,2021-01-30,251925,,3,4622,65,6.705279636711281,4622.0,0.2991921606118547,,,24.401864244741873,85.0,14.0,2.352174952198853,0.9527963671128107,0.8515535372848948,0.15031070745697897,1.9546606118546843,4.257146271510517,,,,,0.9018642447418738
130765,Stuart Armstrong,2018-07-01,Celtic,Southampton,Midfield,Central Midfield,right,183.0,26.25325119780972,7950000.0,2000000.0,2000000,1500000.0,8000000.0,3.975,0.9378772402265764,161535000.0,151500000.0,SC1,GB1,35.0,1942.0,4.0,5.0,0.4170957775489186,0.1853759011328527,55.48571428571429,162.0,9612.0,19.0,13.0,0.299625468164794,216.0,0.75,0.2378455407254501,0.2355486301266244,1.7536413601732423,1.2720323102865156,1.349769641678895,2256,False,0.0,False,0.0282043226105536,65.69343065693431,51.625746516257465,71.94982220466218,75.10865270644015,21.137890161991308,,52.9,2024-09-03,519835,,3,4000,73,6.425059999999999,4000.0,0.13313,0.224325,0.06100999999999999,14.99675,33.0,6.0,0.7788500000000002,0.79395,0.23335,0.42925,1.5919500000000002,2.54575,,,,,0.9313500000000001
29692,Lukasz Fabianski,2018-07-01,Swansea,West Ham,Goalkeeper,Goalkeeper,right,190.0,33.20191649555099,8000000.0,5000000.0,5000000,500000.0,5000000.0,1.6,7.466588511137163,63975000.0,477675000.0,GB1,GB1,38.0,3420.0,0.0,0.0,0.0,0.0,90.0,215.0,18837.0,0.0,0.0,0.0,323.0,0.6656346749226006,0.0039623389120549,0.0039623389120549,0.0,0.0,0.0697719229727917,2557,False,,False,0.0254336691258674,40.8955223880597,37.46268656716418,20.68549980244962,68.24575266693006,12.653101540892928,,32.0,2025-07-01,30973,,8,20434,233,6.500056058645968,20434.0,,,0.0,13.770730918499353,3.0,,0.061743997111391946,0.044331469242501274,0.0,0.6764931004743424,0.7515308322552824,8.59992453643812,50.0,3.3056921086675293,70.27208387235879,1.4014553686934024,0.0
42412,Jonny Evans,2018-07-01,West Brom,Leicester,Defender,Centre-Back,both,188.0,30.491444216290212,4000000.0,15000000.0,15000000,2000000.0,15000000.0,0.2666666666666666,1.8903304277316035,73995000.0,139875000.0,GB1,GB1,30.0,2453.0,2.0,1.0,0.110069302894415,0.0733795352629433,81.76666666666667,137.0,11583.0,6.0,5.0,0.0854700854700854,229.0,0.5982532751091703,0.09624713860549,0.09624713860549,1.1436111710871846,0.888027287963553,1.0966358485863796,1843,False,0.0,False,0.034440364139274,47.35894357743097,45.73829531812726,21.207032793362306,59.992097984986174,58.39589095219281,,46.7,2023-07-18,43248,,6,12531,149,6.822513823064773,12531.0,0.054937796208530815,0.06,0.0042245350622760625,47.92783372827804,36.0,4.0,0.2863289894270961,1.1179502369668246,1.6386650868878359,4.781190758293839,7.94277251184834,5.986483017377567,,,,,0.8735485781990521
45026,Rui Patrício,2018-07-01,Sporting,Wolves,Goalkeeper,Goalkeeper,left,190.0,30.373716632443532,18000000.0,16000000.0,16000000,10000000.0,20000000.0,1.125,0.565869456900847,501750000.0,283925000.0,PO1,GB1,51.0,4620.0,0.0,0.0,0.0,0.0,90.58823529411764,127.0,11430.0,0.0,0.0,0.0,142.0,0.8943661971830986,0.00232872309712,0.0039623389120549,0.0,0.0,0.0697719229727917,1108,False,11800000.0,True,0.0594955305479018,40.8955223880597,37.46268656716418,45.37139470564994,89.24930857368628,21.207032793362306,27.984595635430036,48.0,2021-07-13,40604,,3,10078,112,6.254838261559834,10078.0,,,0.0,11.269676523119665,,,,0.1,0.03393530462393332,0.30000000000000004,0.33303234768803336,7.339353046239333,30.0,2.565161738440167,67.84838261559834,1.2321293907521333,
56100,Leon Balogun,2018-07-01,1.FSV Mainz 05,Brighton,Defender,Centre-Back,right,190.0,30.00684462696783,0.0,2000000.0,2000000,800000.0,2000000.0,0.0,3.4999239543726235,164375000.0,575300000.0,L1,GB1,15.0,1198.0,0.0,0.0,0.0,0.0,79.86666666666666,11.0,846.0,1.0,0.0,0.1063829787234042,76.0,0.1447368421052631,0.1242136398981505,0.09624713860549,0.0,1.10531056055038,0.7114919094011505,726,False,0.0,False,0.0866274740104215,58.64345738295318,74.12965186074429,27.50098775187673,2.25207427894113,84.88739628605295,,52.3,2020-06-26,147726,,1,591,8,,591.0,,,,,,,,,,,,,,,,,
64399,Vicente Guaita,2018-07-01,Getafe,Crystal Palace,Goalkeeper,Goalkeeper,right,190.0,31.471594798083505,0.0,5000000.0,5000000,1000000.0,5000000.0,0.0,4.229333941605839,109600000.0,463535000.0,ES1,GB1,34.0,3060.0,0.0,0.0,0.0,0.0,90.0,151.0,13500.0,0.0,0.0,0.0,206.0,0.7330097087378641,0.0025652556704818,0.0039623389120549,0.0,0.0,0.0697719229727917,1888,False,0.0,False,0.033577658815733,40.8955223880597,37.46268656716418,22.54642433820624,72.95140260766496,72.02686685104702,,57.2,2023-09-01,109222,,5,13320,149,6.449222972972974,13320.0,,,0.0,14.71114864864865,,,,0.0,0.0,0.9388513513513513,0.9824324324324324,8.467567567567567,42.0,3.016554054054054,69.75608108108108,1.3233108108108107,0.025657894736842105
72476,Bernd Leno,2018-07-01,Leverkusen,Arsenal,Goalkeeper,Goalkeeper,right,190.0,26.324435318275153,25000000.0,20000000.0,20000000,10000000.0,35000000.0,1.25,2.9053518771180844,454420000.0,1320250000.0,L1,GB1,38.0,3480.0,0.0,0.0,0.0,0.0,91.57894736842104,119.0,10657.0,0.0,0.0,0.0,201.0,0.5920398009950248,0.0030348738128001,0.0039623389120549,0.0,0.0,0.0697719229727917,1493,False,3600000.0,True,0.0433162662262378,40.8955223880597,37.46268656716418,52.572105887001186,57.99683919399446,17.404188067957328,4.942233632862644,38.9,2022-08-02,215168,,5,12217,137,6.577838407691658,12217.0,,,0.0,22.040861938095638,1.0,,0.0,0.0,0.1,0.8164291136037783,0.8403390402294003,8.56750442776419,33.0,3.3917095386691405,72.30773382811842,1.2744960782660033,0.049152542372881365
81796,Sung-yueng Ki,2018-07-01,Swansea,Newcastle,Midfield,Defensive Midfield,right,188.0,29.43189596167009,0.0,7000000.0,7000000,3000000.0,6000000.0,0.0,11.1684251660805,63975000.0,714500000.0,GB1,GB1,31.0,2214.0,2.0,3.0,0.2032520325203252,0.08130081300813,71.41935483870968,22.0,1475.0,0.0,1.0,0.0610169491525423,68.0,0.3235294117647059,0.2355486301266244,0.2355486301266244,0.8628877714596028,0.2590418340354659,0.9543844288300064,579,False,0.0,False,0.1014793038913746,12.27604512276045,11.745189117451892,19.04385618332675,15.367443698143028,44.74516001580403,,23.8,2020-01-31,144996,,3,3307,46,6.61,3307.0,0.1,,,35.4,37.0,4.0,0.3,1.2,1.5,1.0,3.8,4.6,,,,,0.5
272622,Issa Diop,2018-07-01,Toulouse,West Ham,Defender,Centre-Back,right,194.0,21.472963723477072,25000000.0,22000000.0,22000000,13000000.0,35000000.0,1.1363636363636365,2.7458898597378707,173960000.0,477675000.0,FR1,GB1,34.0,3060.0,3.0,1.0,0.1176470588235294,0.088235294117647,90.0,112.0,9324.0,7.0,3.0,0.0965250965250965,175.0,0.64,0.0906137250941025,0.09624713860549,1.2983359717454794,1.002887960344939,1.1487438733431978,1501,False,17800000.0,True,0.0430623135023151,53.9015606242497,49.57983193277311,51.815487949427094,61.08850256815488,29.474516001580405,30.80872913992298,44.8,2022-08-10,696443,,5,10086,121,6.7105280826339575,10086.0,0.05759328599096192,0.012621989528795811,0.014207329842931937,34.24464816010329,13.0,5.0,0.2,1.4639251129761137,1.679328599096191,4.706765655261459,8.677469335054877,5.021433182698515,,,,,0.7304454486765656
302215,Naby Keïta,2018-07-01,RB Leipzig,Liverpool,Midfield,Central Midfield,right,172.0,23.38672142368241,60000000.0,65000000.0,65000000,12000000.0,65000000.0,0.9230769230769232,1.7394616339281894,584175000.0,1016150000.0,L1,GB1,39.0,2976.0,9.0,7.0,0.4838709677419355,0.2721774193548387,76.3076923076923,121.0,6105.0,11.0,7.0,0.2653562653562653,264.0,0.4583333333333333,0.2678347608424593,0.2355486301266244,1.8066025717496352,1.126545568164065,1.3732779162199011,1826,False,0.0,False,0.0347803571884161,61.04844061048441,40.4777704047777,22.16712761754247,49.679968391939944,47.33306993283287,,45.3,2023-07-01,508889,,5,4197,84,6.941920529801324,4197.0,0.1756953642384106,0.15,0.16,53.5615894039735,53.0,9.0,1.3629139072847682,2.9026490066225166,0.9370860927152318,0.5258278145695365,4.619867549668874,6.340397350993377,,,,,1.6000000000000003
348863,Juninho Bacuna,2018-07-01,FC Groningen,Huddersfield,Midfield,Central Midfield,right,178.0,20.89801505817933,2500000.0,1500000.0,1500000,5000000.0,5500000.0,1.6666666666666667,0.2211938917167978,54025000.0,11950000.0,NL1,GB1,35.0,2774.0,3.0,5.0,0.2595529920692141,0.0973323720259553,79.25714285714285,22.0,1461.0,1.0,0.0,0.0616016427104722,41.0,0.5365853658536586,0.2743648108274377,0.2355486301266244,0.9460141454964518,0.2615240966477153,0.9912823313569892,1145,False,2300000.0,True,0.0575448896818851,12.6078301260783,10.152621101526211,90.46029237455552,27.11378901619913,2.2915843540102725,39.92297817715019,27.1,2021-08-19,614574,,1,1415,21,6.47,1415.0,0.05999999999999999,,,34.3,18.0,3.0,1.7,2.9,1.5,0.7,5.2,7.7,,,,,2.1
191614,Fred,2018-07-01,Shakhtar D.,Man Utd,Midfield,Central Midfield,both,170.0,25.322381930184804,59000000.0,32000000.0,32000000,20000000.0,50000000.0,1.84375,3.281570149897552,231825000.0,760750000.0,UKR1,GB1,28.0,2447.0,3.0,4.0,0.2574581119738455,0.1103391908459338,87.39285714285714,199.0,12807.0,13.0,18.0,0.2178496134926212,269.0,0.7397769516728625,0.2264271267400458,0.2355486301266244,1.1370462350539186,0.92486045609992,1.0760771212379074,1869,False,9740000.0,True,0.0339354407623996,51.42667551426675,46.84804246848042,52.89213749506124,75.20742789411301,16.396681153694193,5.905006418485238,42.3,2023-08-13,322049,,5,8865,139,7.018601559504027,8865.0,0.11426553672316385,0.08383651129943503,0.10885769774011299,55.05851974945672,130.0,16.0,1.1207848651412502,2.873079381311517,1.5470407771954493,0.9245813626486002,5.711568452000511,9.067608334398567,,,,,1.759976990924198
225693,Fabinho,2018-07-01,Monaco,Liverpool,Midfield,Defensive Midfield,right,188.0,24.687200547570157,45000000.0,45000000.0,45000000,42000000.0,70000000.0,1.0,2.4838973832483897,409095000.0,1016150000.0,FR1,GB1,40.0,3600.0,7.0,4.0,0.275,0.175,90.0,213.0,16048.0,11.0,10.0,0.1177716849451645,264.0,0.8068181818181818,0.2109459846919036,0.2355486301266244,1.303651265994232,0.4999888340758073,1.1500292966258958,1856,False,46700000.0,True,0.0341856561022158,26.07830126078301,13.735899137358992,60.73883840379297,83.27143421572501,15.033583563808772,45.442875481386395,35.8,2023-07-31,359188,,5,11643,151,7.122957141630164,11643.0,0.11046235551390192,0.0595130342728596,0.04149724846848718,58.817117581379364,72.0,10.0,0.3099716567894873,2.2345787168255606,1.4163531735806925,1.3164905952074208,5.241716052563772,6.646474276389246,,,,,1.4263849523318735
215876,Ricardo Pereira,2018-07-01,Porto,Leicester,Defender,Right-Back,right,175.0,24.733744010951405,22000000.0,20000000.0,20000000,3000000.0,40000000.0,1.1,0.3212378710455302,435425000.0,139875000.0,PO1,GB1,37.0,3091.0,2.0,7.0,0.2620511161436428,0.0582335813652539,83.54054054054055,122.0,9063.0,8.0,15.0,0.2284011916583912,280.0,0.4357142857142857,0.1007013875396326,0.09624713860549,2.6022592393824606,2.373069942313725,1.5878775198041393,2980,True,,False,0.0230451774583359,90.7563025210084,85.65426170468187,46.47570130383248,48.45120505728961,66.53496641643619,,63.7,2026-08-28,306128,,6,8433,112,7.32142604074402,8433.0,0.08232063773250664,,0.0,38.81948627103632,87.0,18.0,2.0446412754650134,3.8017714791851196,1.7446412754650134,2.8767936226749335,8.623206377325067,6.155358724534986,,,,,1.378565101860053
34322,Sokratis Papastathopoulos,2018-07-02,Bor. Dortmund,Arsenal,Defender,Centre-Back,right,186.0,30.06160164271047,16000000.0,20000000.0,20000000,4000000.0,20000000.0,0.8,2.458222780803426,537075000.0,1320250000.0,L1,GB1,43.0,3545.0,3.0,0.0,0.076163610719323,0.076163610719323,82.44186046511628,68.0,5611.0,6.0,2.0,0.1283193726608447,135.0,0.5037037037037037,0.1242136398981505,0.09624713860549,0.6131662414995136,1.3332279226171753,0.9179932689515464,938,False,0.0,False,0.069844334137583,68.36734693877551,74.66986794717887,22.54642433820624,44.40142236270249,60.52943500592651,,50.7,2021-01-25,39455,,2,3896,44,6.710798254620124,3896.0,0.07049024640657084,,,49.58039014373717,7.0,4.0,0.24355749486652978,1.5257700205338809,1.0128850102669404,4.051540041067762,7.551540041067763,4.025770020533881,,,,,1.282212525667351
286949,Adam Masina,2018-07-02,Bologna,Watford,Defender,Centre-Back,left,191.0,24.49555099247091,5000000.0,7000000.0,7000000,3000000.0,7000000.0,0.7142857142857143,0.1641793747962473,276070000.0,45325000.0,IT1,GB1,35.0,2886.0,0.0,1.0,0.0311850311850311,0.0,82.45714285714286,60.0,4235.0,1.0,3.0,0.0850059031877213,124.0,0.4838709677419355,0.0979603049171636,0.09624713860549,0.3183435495775724,0.8832044715236094,0.8187032516810234,1477,False,5000000.0,True,0.0438325917364156,47.1188475390156,60.50420168067227,28.295140260766495,40.77044646384829,43.61912287633346,43.38896020539153,41.2,2022-07-18,500502,,3,3898,55,6.46,3898.0,0.05,,,21.8,21.0,4.0,0.4,1.9,1.4,2.9,6.8,4.9,,,,,1.3
364258,Bernardo,2018-07-05,Leipzig,Brighton,Defender,Left-Back,left,186.0,23.143052703627653,10000000.0,6000000.0,6000000,4000000.0,9000000.0,1.6666666666666667,0.9848076346985064,584175000.0,575300000.0,L1,GB1,27.0,1850.0,1.0,1.0,0.0972972972972973,0.0486486486486486,68.51851851851852,45.0,3102.0,0.0,1.0,0.0290135396518375,124.0,0.3629032258064516,0.1242136398981505,0.09624713860549,0.7833060634651443,0.3014483346955581,0.97529274529526,1093,False,,False,0.0603149108066093,16.746698679471788,21.008403361344534,52.68866060845516,29.516001580403007,3.259581193204266,,23.3,2021-07-02,637716,,3,2632,39,6.86,2632.0,,,,29.4,16.0,3.0,0.7,3.2,1.7,3.4,9.1,6.2,,,,,0.9
318077,Lucas Torreira,2018-07-10,Sampdoria,Arsenal,Midfield,Defensive Midfield,right,166.0,22.409308692676248,28650000.0,30000000.0,30000000,17000000.0,55000000.0,0.955,34.95499073338628,37770000.0,1320250000.0,IT1,GB1,38.0,3320.0,4.0,1.0,0.1355421686746988,0.108433734939759,87.36842105263158,84.0,4969.0,3.0,4.0,0.1267860736566713,202.0,0.4158415841584158,0.2225486393745403,0.2355486301266244,0.6090451465155303,0.5382585905446136,0.841709474089074,1490,False,6000000.0,True,0.0434122178039686,29.263437292634375,36.36363636363637,55.24693796918214,42.25207427894112,19.024101145792176,7.702182284980745,32.6,2022-08-08,592909,,2,3868,63,6.727621509824198,3868.0,0.07220268872802481,,,50.77776628748707,31.0,3.0,0.6949327817993796,2.266080661840745,1.7559462254395035,1.2389865563598759,5.577973112719752,7.620268872802482,,,,,1.4
171424,Riyad Mahrez,2018-07-10,Leicester,Man City,Attack,Right Winger,left,179.0,27.381245722108144,67800000.0,50000000.0,50000000,20000000.0,60000000.0,1.356,10.065951742627346,139875000.0,1407975000.0,GB1,GB1,39.0,3251.0,12.0,13.0,0.6920947400799754,0.3322054752383881,83.35897435897436,217.0,13648.0,70.0,55.0,0.8242966002344666,278.0,0.7805755395683454,0.4791127195207551,0.4791127195207551,1.4445342648641453,1.7204648648422245,1.1192118894237977,1844,False,35000000.0,True,0.0344206098822484,90.66924066924066,89.12483912483913,36.90636112208613,80.23706045041486,58.41564598972738,22.0795892169448,69.2,2023-07-28,278343,,6,11604,181,7.298113581523612,11604.0,0.42316528783178214,0.3462369597615499,0.2480849478390462,40.38136849362289,277.0,61.0,1.9927438814201999,1.1005601516718375,0.5154084798345397,0.2141416752843847,1.8864270941054808,4.491296104791451,,,,,0.6535935884177869
69015,Andriy Yarmolenko,2018-07-11,Dortmund,West Ham,Attack,Right Winger,left,189.0,28.71457905544148,20000000.0,23000000.0,23000000,2500000.0,20000000.0,0.8695652173913043,0.8894009216589862,537075000.0,477675000.0,L1,GB1,26.0,1599.0,6.0,6.0,0.6754221388367729,0.3377110694183864,61.5,79.0,2839.0,11.0,3.0,0.4438182458612187,174.0,0.4540229885057471,0.543236014295955,0.4791127195207551,1.243330929949727,0.9263336742659628,1.0736421395622693,1463,False,0.0,False,0.0442937471936999,43.178893178893176,39.25353925353925,12.125642038719873,43.54800474120901,30.877123666534967,,33.5,2022-07-13,132035,,4,2115,66,6.56,2115.0,0.42235294117647065,0.05411764705882353,0.028823529411764706,28.07058823529412,33.0,8.0,0.9000000000000001,1.2,0.5,0.37647058823529417,2.1764705882352944,3.7941176470588234,,,,,1.2176470588235295
99331,Jannik Vestergaard,2018-07-13,Mönchengladbach,Southampton,Defender,Centre-Back,both,199.0,25.94113620807666,25000000.0,14000000.0,14000000,18000000.0,20000000.0,1.7857142857142858,0.862387932261278,175675000.0,151500000.0,L1,GB1,34.0,3060.0,3.0,0.0,0.088235294117647,0.088235294117647,90.0,78.0,6619.0,5.0,0.0,0.0679861006194289,124.0,0.6290322580645161,0.1242136398981505,0.09624713860549,0.7103510869659396,0.7063700968617778,0.95072305959924,1127,False,17600000.0,True,0.0584815125455303,37.27490996398559,43.09723889555822,64.27103911497431,55.22915843540103,9.60094824180166,30.680359435173298,37.1,2021-08-13,205893,,4,6666,82,6.936123778501629,6666.0,0.08529469548133595,0.05,0.03,40.66079973779089,19.0,3.0,0.2665355621107834,1.752409046214356,1.5578007210750575,5.723631596197968,9.691445427728613,5.159472304162569,,,,,0.6842019010160603
86792,Xherdan Shaqiri,2018-07-13,Stoke City,Liverpool,Midfield,Attacking Midfield,left,169.0,26.757015742642025,14700000.0,18000000.0,18000000,10000000.0,25000000.0,0.8166666666666667,18.064888888888888,56250000.0,1016150000.0,GB1,GB1,37.0,3064.0,8.0,7.0,0.4406005221932115,0.2349869451697128,82.8108108108108,61.0,2334.0,7.0,9.0,0.6169665809768637,159.0,0.3836477987421384,0.2355486301266244,0.2355486301266244,1.8705289092802488,2.6192747571709485,1.4016533602163632,1137,False,6000000.0,True,0.0579583185862807,95.3550099535501,94.02786994027868,46.80561043065982,35.51560647965231,82.47728170683524,16.463414634146343,70.6,2021-08-23,176300,,4,4842,81,6.923934745556368,4842.0,0.30955441928414906,,,29.771852934015097,119.0,21.0,1.0196737277818357,0.8288044801558314,0.5,0.20304358412466522,1.6318480642804964,4.757608960311663,,,,,0.8
102017,Jorginho,2018-07-14,Napoli,Chelsea,Midfield,Defensive Midfield,right,180.0,26.56536618754278,57000000.0,50000000.0,50000000,35000000.0,65000000.0,1.14,2.51527601639224,477055000.0,1199925000.0,IT1,GB1,39.0,3100.0,4.0,4.0,0.232258064516129,0.1161290322580645,79.48717948717949,204.0,15817.0,29.0,8.0,0.2105329708541443,251.0,0.8127490039840638,0.2225486393745403,0.2355486301266244,1.0436283284808054,0.8937983241123822,1.0346110420187955,1662,False,11300000.0,True,0.0385005941314745,49.43596549435966,47.312541473125414,48.860134334255235,83.8798893717898,26.471750296325563,6.996148908857509,45.0,2023-01-31,282775,,5,11974,157,7.269210790045098,11974.0,0.15777517955570405,0.2084140077821012,0.06690583657587548,70.92993986971773,116.0,21.0,0.5074244195757475,2.420703190245532,1.754292634040421,0.8738767329213295,5.239260063470853,8.142099549022882,,,,,1.0432687489560715
159372,Felipe Anderson,2018-07-15,Lazio,West Ham,Attack,Left Winger,right,175.0,25.248459958932237,38000000.0,30000000.0,30000000,10000000.0,45000000.0,1.2666666666666666,1.642200257842716,290875000.0,477675000.0,IT1,GB1,32.0,1760.0,8.0,9.0,0.8693181818181818,0.409090909090909,55.0,66.0,4706.0,11.0,9.0,0.3824904377390565,121.0,0.5454545454545454,0.4985622392500374,0.4791127195207551,1.7436502674688206,0.7983307938926197,1.1869574932631828,1097,False,3000000.0,True,0.0600947616715882,32.239382239382245,19.69111969111969,43.174634531805616,46.511260371394705,12.090082971157646,1.3157894736842104,27.2,2021-07-16,230190,,3,4558,63,7.140809920983318,4558.0,0.2006299385425812,,0.01,38.985601404741,90.0,14.0,2.7285338015803338,2.666066725197542,1.2330333625987708,0.4660667251975417,4.365166812993855,6.7,,,,,0.8660667251975418
410425,Yves Bissouma,2018-07-17,Lille,Brighton,Midfield,Defensive Midfield,right,182.0,21.87816563997262,16800000.0,8000000.0,8000000,35000000.0,35000000.0,2.1,1.932969340613188,297625000.0,575300000.0,FR1,GB1,24.0,1555.0,2.0,1.0,0.1736334405144694,0.1157556270096463,64.79166666666667,122.0,9071.0,6.0,3.0,0.0892955572704222,164.0,0.7439024390243902,0.2109459846919036,0.2355486301266244,0.8231180165295354,0.3790960585184444,0.9367315411883405,1445,False,29200000.0,True,0.0448997971583696,19.2435301924353,18.712674187126744,93.41564598972738,71.95574871592257,2.528644804425128,66.04621309370988,36.9,2022-07-01,724306,,4,8255,112,6.956463961235616,8255.0,0.041031293355942654,0.039999999999999994,0.03595178878898029,39.710599636583886,41.0,4.0,1.7892307692307692,3.1704179285281646,1.8473773470623864,1.7513385826771652,6.916184130829801,7.090950938824955,,,,,1.7003513022410661
105470,Alisson,2018-07-19,Roma,Liverpool,Goalkeeper,Goalkeeper,right,193.0,25.793292265571527,72500000.0,60000000.0,60000000,15000000.0,90000000.0,1.2083333333333333,2.01589065010812,504070000.0,1016150000.0,IT1,GB1,49.0,4410.0,0.0,1.0,0.0204081632653061,0.0,90.0,331.0,29770.0,1.0,3.0,0.0120927107826671,429.0,0.7715617715617715,0.0029218055711187,0.0039623389120549,0.4081632653061224,0.2418542156533422,0.0617710118051911,2962,True,,False,0.0231211447299273,88.65671641791046,88.95522388059702,41.242591860924534,79.98814697747926,60.924535756617935,,60.7,2026-08-28,319784,,9,22964,256,6.83665563490681,22964.0,0.03,0.0,0.0014759691746573328,25.838987110259538,5.0,4.0,0.06283534811558601,0.07933108163769668,0.03324006715165081,1.0628331301167044,1.1177016199268421,8.569591534575858,103.0,2.441808918306915,72.81549817105035,0.9402107646751438,0.0
29364,João Moutinho,2018-07-24,Monaco,Wolves,Midfield,Central Midfield,right,170.0,31.874058863791923,5600000.0,10000000.0,10000000,1500000.0,10000000.0,0.56,0.6940319485694032,409095000.0,283925000.0,FR1,GB1,39.0,3268.0,1.0,7.0,0.2203182374541003,0.0275397796817625,83.7948717948718,206.0,15783.0,5.0,25.0,0.1710701387568903,224.0,0.9196428571428572,0.2109459846919036,0.2355486301266244,1.0444296333769298,0.7262625075124732,1.0349667229960324,1858,False,0.0,False,0.0341468710106143,41.008626410086265,35.8327803583278,21.47175029632556,94.85578822599764,43.342552350849466,,44.3,2023-08-25,37549,,5,13436,175,7.001499702292349,13436.0,0.03983266111730885,0.0403881497736936,0.08775888081195997,48.02674158975885,282.0,22.0,0.44099434355462935,2.7116850253051505,1.256415599880917,0.8974769276570409,5.1321449836260795,7.075543316463233,,,,,1.3967922000595414
249513,Diego Rico,2018-07-24,CD Leganés,Bournemouth,Defender,Left-Back,left,183.0,25.412731006160165,15000000.0,2500000.0,2500000,4500000.0,10000000.0,6.0,20.344020172910664,27760000.0,564750000.0,ES1,GB1,33.0,2776.0,3.0,2.0,0.1621037463976945,0.0972622478386167,84.12121212121212,41.0,3099.0,0.0,5.0,0.1452081316553727,83.0,0.4939759036144578,0.0909966967446702,0.09624713860549,1.7814245153595547,1.5087007651268494,1.3114378285674215,1098,False,500000.0,True,0.0600399124849746,74.60984393757502,66.38655462184873,86.80561043065981,35.45239035954168,26.29395495851442,0.3851091142490372,50.1,2021-07-26,488718,,2,2941,39,6.85,2941.0,,,,28.100000000000005,44.0,7.0,0.5,2.4,3.2,2.3,8.2,6.5,,,,,0.7
378710,Richarlison,2018-07-24,Watford,Everton,Attack,Centre-Forward,right,184.0,21.204654346338124,39200000.0,25000000.0,25000000,48000000.0,65000000.0,1.568,10.225592939878654,45325000.0,463475000.0,GB1,GB1,40.0,2938.0,5.0,5.0,0.3063308373042886,0.1531654186521443,73.45,144.0,11858.0,48.0,13.0,0.4629785798616967,163.0,0.8834355828220859,0.4791127195207551,0.4791127195207551,0.6393711225423194,0.96632496069986,0.9368536645517582,1438,False,58000000.0,True,0.045139545769056,45.81724581724582,54.44015444015445,82.45160015804029,89.59304622678783,15.547214539707626,59.62772785622593,51.4,2022-07-01,654908,,5,13979,173,6.845416696473282,13979.0,0.31057443307818866,0.32405154830335625,0.07,15.6711710422777,135.0,32.0,1.5917733743472353,1.7329136561985836,0.5000500751126691,1.1379783961656773,3.5283925888833245,4.791129551470062,,,,,1.179934186994778
213268,Alireza Jahanbakhsh,2018-07-25,AZ Alkmaar,Brighton,Attack,Right Winger,right,180.0,24.95277207392197,22500000.0,18000000.0,18000000,5000000.0,18000000.0,1.25,2.8298081652729956,203300000.0,575300000.0,NL1,GB1,39.0,3314.0,22.0,14.0,0.9776704888352444,0.5974652987326493,84.97435897435898,56.0,2278.0,2.0,1.0,0.1185250219490781,124.0,0.4516129032258064,0.5046288705881634,0.4791127195207551,1.937404983776956,0.2473844194068482,1.230840234870864,1088,False,1000000.0,True,0.0605917978455816,5.276705276705277,1.9948519948519947,24.415250888976686,37.593836428289215,2.7657052548399843,0.5776636713735559,10.4,2021-07-17,466890,,3,1850,50,5.97,1850.0,,0.27,0.4,21.748378728923477,19.0,8.0,1.3052529182879375,2.3590791180285344,1.1356679636835278,0.2,3.6947470817120625,5.885992217898833,,,,,1.5304150453955903
135343,Fabian Schär,2018-07-26,Dep. La Coruña,Newcastle,Defender,Centre-Back,right,186.0,26.598220396988363,4000000.0,3000000.0,3000000,4000000.0,16000000.0,1.3333333333333333,66.62004662004662,10725000.0,714500000.0,ES1,GB1,27.0,2401.0,2.0,2.0,0.1499375260308205,0.0749687630154102,88.92592592592592,238.0,19563.0,20.0,7.0,0.1242140775954608,353.0,0.6742209631728046,0.0909966967446702,0.09624713860549,1.6477249328240315,1.2905742383116996,1.2664106504608983,2955,True,,False,0.023151196786496,67.22689075630252,58.40336134453782,85.52943500592652,69.4192018964836,33.741604109047806,,59.5,2026-08-28,189982,,9,17334,212,6.988275540144038,17334.0,0.10190784209122433,0.10157834507042254,0.0430625,40.45290077353961,62.0,10.0,0.3489930648172846,1.4281141637770074,1.6902707388636968,4.250286743131501,8.161409709255802,5.252714057081889,,,,,1.0597892771405708
126664,Lucas Digne,2018-08-01,Barcelona,Everton,Defender,Left-Back,left,178.0,25.032169746748803,20200000.0,15000000.0,15000000,30000000.0,35000000.0,1.346666666666667,0.3865271146508767,1199075000.0,463475000.0,ES1,GB1,20.0,1337.0,1.0,2.0,0.2019446522064323,0.0673148840688107,66.85,118.0,10297.0,4.0,18.0,0.192289016218316,140.0,0.8428571428571429,0.0909966967446702,0.09624713860549,2.2192525600470265,1.9978673548571104,1.4588890095981148,1261,False,30000000.0,True,0.0520322090565888,85.17406962785114,78.69147659063626,81.03516396681152,83.04820229158435,53.41762149348084,59.948652118100135,71.3,2022-01-13,210111,,4,11125,129,7.074718202247191,11125.0,0.11999999999999998,0.024765807962529272,0.12570257611241217,32.22049438202247,241.0,35.0,0.5300584269662921,2.066139325842697,1.355649438202247,2.620476404494382,6.313447191011236,5.367658426966292,,,,,1.2031730337078652
230541,Yoshinori Muto,2018-08-02,Mainz,Newcastle,Attack,Centre-Forward,right,179.0,26.04791238877481,10700000.0,6000000.0,6000000,2500000.0,10000000.0,1.7833333333333334,4.346768060836502,164375000.0,714500000.0,L1,GB1,30.0,2066.0,10.0,5.0,0.6534365924491772,0.4356243949661181,68.86666666666666,26.0,777.0,1.0,0.0,0.1158301158301158,124.0,0.2096774193548387,0.543236014295955,0.4791127195207551,1.2028594851098824,0.2417596342380095,1.0644759216232336,1101,False,0.0,False,0.0598758147131484,5.083655083655084,4.697554697554698,48.76135914658238,13.026471750296324,0.8297115764519953,,13.3,2021-08-07,459499,,2,724,25,,724.0,,,,,6.0,,,,,,,,,,,,
66934,Cheikhou Kouyaté,2018-08-02,West Ham,Crystal Palace,Midfield,Defensive Midfield,right,189.0,28.61327857631759,10700000.0,12000000.0,12000000,4000000.0,10000000.0,0.8916666666666667,0.9703982833516512,477675000.0,463535000.0,GB1,GB1,34.0,2892.0,2.0,3.0,0.1556016597510373,0.0622406639004149,85.05882352941177,138.0,10179.0,3.0,5.0,0.0707338638373121,164.0,0.8414634146341463,0.2355486301266244,0.2355486301266244,0.660592505536501,0.3002940997758618,0.8645901717102167,1472,False,0.0,False,0.0439962764779889,14.797611147976111,18.51360318513603,14.78664559462663,84.56736467799288,12.050572896088504,,23.5,2022-08-13,148302,,5,10411,150,6.621535718032099,10411.0,0.043281823745410036,0.02293694597758823,0.0183779657035471,26.54549034674863,44.0,4.0,0.5184420324656613,2.313504946691,1.1883008356545963,2.2975890884641244,6.316165594083181,5.365555662280281,,,,,1.3246566131975794
118287,Rachid Ghezzal,2018-08-05,Monaco,Leicester,Attack,Right Winger,left,182.0,26.239561943874055,14000000.0,4000000.0,4000000,11000000.0,12000000.0,3.5,0.3419132475341913,409095000.0,139875000.0,FR1,GB1,30.0,1139.0,2.0,4.0,0.4741000877963125,0.1580333625987708,37.96666666666667,20.0,824.0,2.0,0.0,0.2184466019417475,134.0,0.1492537313432835,0.4766053917119471,0.4791127195207551,0.9947434419349817,0.4559398927255665,1.017340539728668,1103,False,3000000.0,True,0.0597667899972531,10.682110682110682,10.746460746460746,87.19083366258396,7.8229948636902416,0.5136309758988542,8.023106546854942,22.0,2021-08-12,210120,,1,735,19,,735.0,0.12000000000000001,,,41.0,16.0,3.0,2.3,1.7,0.9,0.4,3.1,6.1,,,,,1.6
262980,Jefferson Lerma,2018-08-07,Levante,Bournemouth,Midfield,Defensive Midfield,right,180.0,23.78370978781657,30500000.0,2000000.0,2000000,20000000.0,25000000.0,15.25,4.409525668553582,128075000.0,564750000.0,ES1,GB1,28.0,2241.0,0.0,1.0,0.0401606425702811,0.0,80.03571428571429,100.0,8474.0,8.0,3.0,0.1168279443002124,124.0,0.8064516129032258,0.2020189003735634,0.2355486301266244,0.1987964615984842,0.495982270146971,0.6596094346818245,1789,False,0.0,False,0.0355482691197158,25.812873258128732,45.98540145985402,98.76333465033584,76.57842749901225,2.568154879494271,,42.0,2023-07-01,466672,,3,8474,100,6.874794666037292,8474.0,0.08410077885296201,0.07,0.09,39.337974982298796,45.0,8.0,0.6487019117299977,1.587113523719613,1.6695303280623082,2.3539414680198254,6.099445362284635,8.130870899221147,,,,,1.2759735662025018
193116,John McGinn,2018-08-08,Hibernian FC,Aston Villa,Midfield,Central Midfield,left,178.0,23.805612594113622,3100000.0,1750000.0,1750000,13000000.0,32000000.0,1.7714285714285714,9.990314769975788,51625000.0,515750000.0,SC1,GB1,34.0,3038.0,7.0,5.0,0.3554970375246873,0.2073732718894009,89.3529411764706,268.0,21206.0,30.0,33.0,0.2673771574082806,323.0,0.8297213622291022,0.2378455407254501,0.2355486301266244,1.4946550456249448,1.1351250791165548,1.234811520375667,2942,True,,False,0.0232077775425843,61.31386861313869,49.966821499668214,98.81864875543263,86.38087712366654,23.84433030422758,,59.2,2026-08-28,356406,,8,18911,234,7.085548622494844,18911.0,0.10554145201550799,0.09522618542966148,0.12253315569551262,27.229327101811037,264.0,45.0,1.3761591162568378,1.9443093101067503,0.8381698443889745,0.6025492591215679,3.9577460300600142,5.301481756864411,,,,,1.4060066918051939
192279,Kepa Arrizabalaga,2018-08-08,Athletic Club,Chelsea,Goalkeeper,Goalkeeper,right,188.0,23.8466803559206,80000000.0,20000000.0,20000000,10000000.0,60000000.0,4.0,4.604912213374268,260575000.0,1199925000.0,ES1,GB1,31.0,2790.0,0.0,0.0,0.0,0.0,90.0,153.0,13681.0,0.0,0.0,0.0,382.0,0.4005235602094241,0.0025652556704818,0.0039623389120549,0.0,0.0,0.0697719229727917,2519,False,5800000.0,True,0.0257238049454485,40.8955223880597,37.46268656716418,61.86487554326354,48.83445278546029,7.655077044646384,1.2195121951219512,35.8,2025-07-01,317564,,6,12510,140,6.6452140077821005,12510.0,,0.0,0.0,23.054085603112842,1.0,,0.0,0.02217898832684825,0.0,0.7482490272373541,0.7704280155642024,7.235019455252918,43.0,2.53852140077821,66.31673151750972,1.2474708171206226,0.1
320141,Çağlar Söyüncü,2018-08-09,Freiburg,Leicester,Defender,Centre-Back,both,185.0,22.21218343600274,21100000.0,18000000.0,18000000,15000000.0,45000000.0,1.1722222222222225,0.5234842814371258,267200000.0,139875000.0,L1,GB1,28.0,2288.0,1.0,0.0,0.0393356643356643,0.0393356643356643,81.71428571428571,120.0,10008.0,4.0,1.0,0.0449640287769784,229.0,0.5240174672489083,0.1242136398981505,0.09624713860549,0.3166774950634871,0.4671726290096029,0.8181421599265225,1791,False,0.0,False,0.0355057584992899,23.709483793517407,36.734693877551024,68.85618332674832,53.6823389964441,10.015804030027658,,36.0,2023-07-05,602261,,5,8252,98,6.955067337777173,8252.0,0.038339001496395055,0.03579044969865554,0.0058685893075772,60.2007073867501,15.0,2.0,0.2899605495850905,1.6424976193715142,1.290722350700585,4.20657053462114,7.784995238743028,5.512828186641274,,,,,0.9000000000000002
175169,Bernard,2018-08-09,Shakhtar D.,Everton,Attack,Left Winger,right,167.0,25.916495550992472,0.0,16000000.0,16000000,12000000.0,20000000.0,0.0,1.9992451202415615,231825000.0,463475000.0,UKR1,GB1,23.0,1783.0,9.0,3.0,0.6057206954570947,0.4542905215928211,77.52173913043478,78.0,4089.0,7.0,6.0,0.2861335289801908,121.0,0.6446280991735537,0.4125853079939455,0.4791127195207551,1.4681101913255317,0.5972154721051932,1.1245515080342752,1078,False,1000000.0,True,0.0611512900522666,17.824967824967825,11.711711711711713,48.76531015408929,56.515211378901625,50.03951007506914,70.60333761232349,37.0,2021-07-22,265116,,3,3854,73,6.5361938325991185,3854.0,0.10380616740088106,,,27.051189427312774,75.0,7.0,1.8501321585903086,2.175066079295154,1.1,0.5,3.875066079295154,6.886872246696035,,,,,0.9251982378854626
68645,Martín Montoya,2018-08-09,Valencia,Brighton,Defender,Right-Back,right,175.0,27.32101300479124,7000000.0,8000000.0,8000000,5000000.0,8000000.0,0.875,4.2285924292539505,136050000.0,575300000.0,ES1,GB1,31.0,2722.0,0.0,4.0,0.1322556943423952,0.0,87.80645161290323,56.0,4371.0,0.0,2.0,0.0411805078929306,83.0,0.6746987951807228,0.0909966967446702,0.09624713860549,1.453412036631337,0.4278621524711147,1.200970196427034,747,False,0.0,False,0.0847393741872289,21.968787515006003,14.585834333733494,34.05175819834058,53.57763729751086,16.633741604109048,,27.7,2020-08-25,213688,,2,4066,52,6.518598130841122,4066.0,,,,32.191588785046726,39.0,4.0,0.5,2.5401869158878503,1.5794392523364487,2.085981308411215,6.51214953271028,4.1,,,,,1.2467289719626167
354361,Frank Anguissa,2018-08-09,Marseille,Fulham,Midfield,Central Midfield,right,184.0,22.729637234770703,24850000.0,18000000.0,18000000,30000000.0,30000000.0,1.3805555555555555,0.6568440108619129,497150000.0,326550000.0,FR1,GB1,52.0,3022.0,0.0,0.0,0.0,0.0,58.11538461538461,59.0,4172.0,0.0,3.0,0.0647171620325982,83.0,0.7108433734939759,0.2109459846919036,0.2355486301266244,0.0,0.2747507467897738,0.5713682170447084,1422,False,16000000.0,True,0.0456962467720768,13.271400132714,36.89449236894493,72.15527459502174,58.0600553141051,3.9905175819834056,27.663671373555843,30.5,2022-07-01,612863,,2,4103,58,6.770082866195467,4103.0,,0.05000000000000001,0.07,46.12771143066049,34.0,4.0,3.0038264684377283,2.737021691445284,2.0,0.9442602973434072,5.955325371679259,7.477869851328296,,,,,1.4629783085547161
315779,Christian Pulisic,2019-01-02,Dortmund,Chelsea,Attack,Right Winger,right,177.0,20.290212183436,64000000.0,50000000.0,50000000,25000000.0,60000000.0,1.28,2.2341851696690407,537075000.0,1199925000.0,L1,GB1,37.0,2230.0,4.0,10.0,0.5650224215246636,0.1614349775784753,60.270270270270274,139.0,7645.0,26.0,19.0,0.5297580117724002,245.0,0.5673469387755102,0.543236014295955,0.4791127195207551,1.0401048653906797,1.1057064239544807,1.0276142696403432,1653,False,20800000.0,True,0.0387299374207308,57.91505791505791,58.4942084942085,39.78269458711972,58.257605689450806,28.269458711971552,12.48395378690629,45.7,2023-07-13,688295,,4,5561,98,6.901731702931127,5561.0,0.324641251573458,0.29702737940026075,0.08962711864406779,26.971497932026615,82.0,12.0,2.2783312353893184,1.0219385002697357,0.40827189354432647,0.4462506743391477,1.936917820535875,3.5929868728645933,,,,,0.8278547023916561
258889,Dominic Solanke,2019-01-04,Liverpool,Bournemouth,Attack,Centre-Forward,right,186.0,21.305954825462013,21200000.0,10000000.0,10000000,45000000.0,45000000.0,2.12,0.5557742459282586,1016150000.0,564750000.0,GB1,GB1,10.0,242.0,1.0,0.0,0.371900826446281,0.371900826446281,24.2,120.0,8680.0,32.0,13.0,0.4665898617511521,147.0,0.8163265306122449,0.4791127195207551,0.4791127195207551,0.7762282471195596,0.9738623975958532,0.96784989498902,2045,False,64300000.0,True,0.0309518065133985,46.3963963963964,52.76705276705277,93.755432635322,80.27459502173055,12.14934808376136,82.34916559691912,52.3,2024-08-10,591734,2018/2019,4,10047,130,6.679861650243854,10047.0,0.3307066786105305,0.42714149708437466,0.06023205997857908,11.682870508609536,89.0,16.0,1.146839852692346,0.5607046879665571,0.18881258086991143,1.142092166815965,2.079436647755549,2.7198566736339207,,,,,1.1957897879964168
354352,Frédéric Guilbert,2019-01-31,SM Caen,Aston Villa,Defender,Right-Back,right,178.0,24.10403832991102,5000000.0,7000000.0,7000000,5000000.0,9000000.0,0.7142857142857143,40.93253968253968,12600000.0,515750000.0,FR1,GB1,33.0,2932.0,1.0,4.0,0.1534788540245566,0.0306957708049113,88.84848484848484,25.0,2041.0,0.0,2.0,0.0881920627143557,137.0,0.1824817518248175,0.0906137250941025,0.09624713860549,1.6937704952000203,0.9163084117840484,1.2819178173405543,1447,False,0.0,False,0.044831718466296,48.739495798319325,35.95438175270108,49.02607664954563,11.66732516791782,45.278546029237454,,40.6,2023-01-17,612747,,1,2041,25,6.57,2041.0,,,,22.8,14.0,1.0,1.0,3.3,2.2,2.7,8.6,4.6,,,,,1.6
144028,Leandro Trossard,2019-07-01,Genk,Brighton,Attack,Left Winger,right,172.0,24.57221081451061,15560000.0,16000000.0,16000000,30000000.0,30000000.0,0.9725,3.476658105453996,165475000.0,575300000.0,BE1,GB1,35.0,2879.0,19.0,7.0,0.8127822160472387,0.5939562348037513,82.25714285714285,119.0,8917.0,25.0,14.0,0.393630144667489,139.0,0.8561151079136691,0.4819920768254938,0.4791127195207551,1.6862978773435484,0.821581495605518,1.1739679765979592,1299,False,24000000.0,True,0.050408517942688,34.42728442728443,22.651222651222653,76.14974318451205,84.7135519557487,22.40221256420387,62.19512195121951,43.7,2023-01-20,318615,,4,9697,136,6.899717438383004,9697.0,0.24132618335567704,0.20834200937011974,0.1971056741280583,26.62797772506961,185.0,25.0,1.4216458698566565,1.0327523976487574,0.587315664638548,0.1704960296999072,1.82331648963597,4.611849025471796,,,,,0.7855006703104053
357885,Pablo Fornals,2019-07-01,Villarreal,West Ham,Midfield,Central Midfield,right,178.0,23.353867214236825,28000000.0,25000000.0,25000000,17000000.0,25000000.0,1.12,1.2410366328916602,384900000.0,477675000.0,ES1,GB1,50.0,3441.0,5.0,6.0,0.2877070619006103,0.1307759372275501,68.82,185.0,11470.0,18.0,18.0,0.2824760244115082,223.0,0.8295964125560538,0.2020189003735634,0.2355486301266244,1.4241591324801617,1.1992259274004564,1.2035199915208927,1676,False,8000000.0,True,0.0381494070593976,63.83543463835435,57.39880557398806,35.76254444883445,85.16791781904385,40.4978269458712,10.750962772785623,51.6,2024-02-01,683450,,5,9477,152,6.831244204018547,9477.0,0.156206668138662,0.13013468756899976,0.08333296533451093,30.605034223890485,123.0,20.0,0.7614484433649812,1.7076506955177746,1.0214396113932434,0.36644954736144847,3.1646389931552217,6.278030470302496,,,,,0.8044601457275337
477758,Aaron Wan-Bissaka,2019-07-01,Crystal Palace,Man Utd,Defender,Right-Back,right,183.0,21.593429158110883,55000000.0,35000000.0,35000000,20000000.0,40000000.0,1.5714285714285714,1.6411921429881238,463535000.0,760750000.0,GB1,GB1,36.0,3225.0,0.0,3.0,0.0837209302325581,0.0,89.58333333333333,179.0,15060.0,2.0,13.0,0.0896414342629482,270.0,0.662962962962963,0.09624713860549,0.09624713860549,0.8698537062563919,0.9313672651649616,1.004440152136458,1870,False,17600000.0,True,0.0339163772349198,49.51980792316927,53.24129651860744,39.53575661793757,67.29355985776373,17.799288818648755,12.163029525032092,37.9,2024-08-13,760320,,7,17432,201,7.201520380095025,17432.0,0.06,0.0303456570155902,0.0640097995545657,36.18020307480496,144.0,20.0,1.474707434603029,2.8311266636071593,1.9310291418081686,2.4817003212482796,7.741280403854979,5.3477225791647545,,,,,0.7482101881597062
485424,Moussa Djenepo,2019-07-01,Standard Liège,Southampton,Attack,Left Winger,right,177.0,21.04312114989733,15700000.0,12000000.0,12000000,6500000.0,13000000.0,1.3083333333333331,1.9829842931937176,76400000.0,151500000.0,BE1,GB1,32.0,2047.0,10.0,4.0,0.6155349291646312,0.4396678065461651,63.96875,82.0,3846.0,4.0,4.0,0.187207488299532,168.0,0.4880952380952381,0.4819920768254938,0.4791127195207551,1.277064414043235,0.3907378799853009,1.0812823033436143,1527,False,3500000.0,True,0.0422559140860804,8.236808236808237,6.692406692406692,36.914263137099965,46.24456736467799,2.9632556301856976,8.2798459563543,15.7,2023-09-05,862645,,4,3323,73,6.43,3323.0,0.07,0.06,0.04,20.2,32.0,4.0,2.0,3.8,0.7,0.9,5.5,4.9,,,,,2.1
250478,Matt Targett,2019-07-01,Southampton,Aston Villa,Defender,Left-Back,left,183.0,23.78370978781657,15500000.0,7000000.0,7000000,17000000.0,17000000.0,2.2142857142857144,3.4042904290429044,151500000.0,515750000.0,GB1,GB1,18.0,1287.0,2.0,3.0,0.3496503496503496,0.1398601398601398,71.5,84.0,7223.0,2.0,5.0,0.0872213761594905,117.0,0.717948717948718,0.09624713860549,0.09624713860549,3.632838905305444,0.9062230568433268,1.9349548501177616,1096,False,17500000.0,True,0.0601496859940621,48.19927971188475,6.962785114045618,83.1884630580798,64.58909521928092,12.91979454760964,48.52374839537869,44.1,2022-07-01,538112,,4,9760,115,6.875650297445468,9760.0,0.03444078947368421,0.019152596368270148,0.08915259636827015,30.29284964423189,129.0,20.0,0.33971771841829,2.1799720051323925,1.6873906450484077,2.27303161087134,6.473906450484078,4.659745713285898,,,,,0.8405925580310276
450936,Tanguy Ndombélé,2019-07-02,Lyon,Tottenham,Midfield,Central Midfield,right,181.0,22.50787132101301,62000000.0,65000000.0,65000000,8000000.0,65000000.0,0.953846153846154,3.078480505161872,249425000.0,767850000.0,FR1,GB1,42.0,3329.0,3.0,7.0,0.2703514568939621,0.0811054370681886,79.26190476190476,83.0,4650.0,9.0,8.0,0.3290322580645161,244.0,0.3401639344262295,0.2109459846919036,0.2355486301266244,1.281614614702541,1.3968761265460874,1.1402477294541884,1829,False,0.0,False,0.0347197820389993,70.93563370935634,71.13470471134706,21.005531410509676,38.42354800474121,56.440142236270255,,52.5,2024-07-04,773189,,3,3599,63,6.832659813684549,3599.0,0.14617410857693544,0.07,0.06,44.67915194346289,30.0,7.0,3.2646964343077416,1.8970446514616126,0.9617410857693545,0.5,3.5234821715387095,5.814616125923547,,,,,1.164696434307742
357565,Rodri,2019-07-04,Atlético,Man City,Midfield,Defensive Midfield,right,190.0,23.030800821355236,70000000.0,80000000.0,80000000,50000000.0,130000000.0,0.875,2.7144303065355695,518700000.0,1407975000.0,ES1,GB1,47.0,3678.0,3.0,1.0,0.097879282218597,0.0734094616639478,78.25531914893617,285.0,22135.0,27.0,30.0,0.2317596566523605,400.0,0.7125,0.2020189003735634,0.2355486301266244,0.4845055687245277,0.9839142623235506,0.7864291944506652,2612,True,,False,0.0250395849267873,54.14731254147313,69.07763769077637,53.86408534176215,73.53220071118135,42.88818648755432,,55.0,2026-08-28,675088,,7,15564,196,7.680041959847653,15564.0,0.13565102317474662,0.1013448673587082,0.11761783929257978,87.72813891937254,203.0,23.0,0.8470918597895553,2.1529920599057517,0.9433154735007423,1.461087082822284,5.448912271641599,8.42072170937964,,,,,1.335891808146666
246968,Ayoze Pérez,2019-07-04,Newcastle,Leicester,Attack,Centre-Forward,right,178.0,25.930184804928132,33400000.0,20000000.0,20000000,6000000.0,30000000.0,1.67,0.1957662701189643,714500000.0,139875000.0,GB1,GB1,40.0,2983.0,13.0,3.0,0.4827355011733155,0.3922225947033188,74.575,99.0,5289.0,14.0,10.0,0.4083947816222348,190.0,0.5210526315789473,0.4791127195207551,0.4791127195207551,1.0075614391039005,0.8523981204897718,1.0202436373585453,1463,False,0.0,False,0.0442937471936999,37.06563706563706,37.38738738738739,42.44764915053339,50.91663374160411,10.134334255235084,,32.8,2023-07-06,479020,,5,7100,117,6.645700860146543,7100.0,0.3179850270786875,0.23,0.06167412712623098,22.056084740363175,118.0,16.0,1.5916215355208667,1.9491876393755974,0.9475788467664861,0.6543325899968142,3.576505256451098,4.710003185727938,,,,,1.5163587129659128
249565,Youri Tielemans,2019-07-08,Monaco,Leicester,Midfield,Central Midfield,right,176.0,22.168377823408623,45000000.0,38000000.0,38000000,25000000.0,55000000.0,1.1842105263157894,0.3419132475341913,409095000.0,139875000.0,FR1,GB1,27.0,2314.0,5.0,1.0,0.233362143474503,0.1944684528954192,85.70370370370371,163.0,13150.0,22.0,19.0,0.2806083650190114,190.0,0.8578947368421053,0.2109459846919036,0.2355486301266244,1.1062649228205943,1.1912969515813534,1.0624139984132026,1454,False,0.0,False,0.0445949055159771,63.37093563370936,65.75978765759788,50.98380086922165,87.87633346503358,36.19122876333465,,56.2,2023-07-01,465960,,5,12266,151,7.205497986577181,12266.0,0.1460501118568233,0.12383527155017382,0.09102192393736018,49.99838031319911,186.0,33.0,1.0111767337807607,2.237020134228188,0.9343624161073826,0.6936375838926174,4.161422818791946,6.800322147651006,,,,,1.086648769574944
193469,Björn Engels,2019-07-16,Stade Reims,Aston Villa,Defender,Centre-Back,right,195.0,24.83230663928816,8000000.0,6000000.0,6000000,3000000.0,12000000.0,1.3333333333333333,9.016608391608392,57200000.0,515750000.0,FR1,GB1,33.0,2970.0,1.0,1.0,0.0606060606060606,0.0303030303030303,90.0,18.0,1537.0,1.0,0.0,0.0585556278464541,78.0,0.2307692307692307,0.0906137250941025,0.09624713860549,0.6688397430203985,0.6083882460804303,0.936742921128872,716,False,3500000.0,True,0.08754582585583,31.932773109243698,38.355342136854745,55.38127222441723,9.32437771631766,11.319636507309363,18.00385109114249,26.4,2021-07-01,294254,,1,1447,17,,1447.0,,,,,2.0,,,,,,,,,,,,
181375,Sébastien Haller,2019-07-17,Frankfurt,West Ham,Attack,Centre-Forward,right,190.0,25.06776180698152,50000000.0,40000000.0,40000000,30000000.0,45000000.0,1.25,1.1280952212263984,423435000.0,477675000.0,L1,GB1,41.0,3121.0,21.0,12.0,0.9516180711310476,0.6055751361743031,76.1219512195122,50.0,3378.0,10.0,2.0,0.3197158081705151,57.0,0.8771929824561403,0.543236014295955,0.4791127195207551,1.7517580684785123,0.6673081200814687,1.188793797140034,541,False,22500000.0,True,0.1058299671477883,21.814671814671815,11.96911196911197,43.95890952192809,73.74160410904781,8.000790201501383,18.324775353016687,25.4,2021-01-08,352968,,2,3198,48,6.56,3198.0,0.28,0.02,0.0,20.1,34.0,3.0,1.0,0.9,0.3,1.0,2.4,2.6,,,,,1.8
291422,Lys Mousset,2019-07-21,Bournemouth,Sheff Utd,Attack,Centre-Forward,right,186.0,23.446954140999317,11100000.0,3500000.0,3500000,4000000.0,14000000.0,3.1714285714285713,0.0933598937583001,564750000.0,52725000.0,GB1,GB1,25.0,440.0,1.0,0.0,0.2045454545454545,0.2045454545454545,17.6,44.0,1637.0,6.0,4.0,0.5497861942577886,85.0,0.5176470588235295,0.4791127195207551,0.4791127195207551,0.4269255359157577,1.1475090763771132,0.8887377014347655,1121,False,0.0,False,0.0587988840532979,61.58301158301158,72.65122265122265,80.77242196760173,38.020545239035954,18.648755432635323,,54.0,2022-08-15,518371,,3,1871,65,6.22,1871.0,0.40017699115044253,,,14.534513274336282,19.0,8.0,2.1327433628318584,0.7221238938053098,0.3,0.18849557522123894,1.188495575221239,3.2672566371681415,,,,,1.8
333241,Joelinton,2019-07-23,Hoffenheim,Newcastle,Midfield,Central Midfield,right,186.0,22.937713894592743,43500000.0,35000000.0,35000000,25000000.0,42000000.0,1.2428571428571429,2.2935558943904986,311525000.0,714500000.0,L1,GB1,35.0,2647.0,11.0,9.0,0.6800151114469211,0.3740083112958066,75.62857142857143,246.0,17853.0,31.0,18.0,0.2470173080154596,312.0,0.7884615384615384,0.2678347608424593,0.2355486301266244,2.538935234948486,1.0486892149730185,1.6983436915183452,2593,True,,False,0.0251723819376687,57.133377571333774,13.802256138022562,45.9265112603714,81.40458316870803,28.862109838008692,,44.3,2026-08-28,535936,,7,15543,212,6.899953676896351,15543.0,0.13849321237856269,0.17903768296480846,0.05468442385639838,27.984526796628707,165.0,22.0,1.2621758991185743,2.003860258637329,1.0143987647172361,1.3506272920285658,5.315801325355466,5.543112655214566,,,,,1.86846812069742
234189,Trezeguet,2019-07-24,Kasimpasa,Aston Villa,Attack,Left Winger,right,181.0,24.810403832991103,10000000.0,6000000.0,6000000,10000000.0,10000000.0,1.6666666666666667,8.91606880456392,57845000.0,515750000.0,TR1,GB1,34.0,3058.0,9.0,9.0,0.5297580117724002,0.2648790058862001,89.94117647058823,57.0,3142.0,8.0,3.0,0.3150859325270528,117.0,0.4871794871794871,0.4740141265660224,0.4791127195207551,1.1175996285389471,0.6576446829510719,1.0451657529383065,1076,False,4000000.0,True,0.0612641105164525,21.235521235521233,20.012870012870017,72.15527459502174,40.1244567364678,4.622678783089688,15.885750962772786,27.9,2022-07-04,513492,,3,3126,56,6.566065468549422,3126.0,0.2313543003851091,0.31,0.08,14.171630295250322,34.0,5.0,1.3625802310654687,2.06193838254172,1.3122593068035944,0.7496790757381258,4.161296534017971,4.12387676508344,,,,,2.1238767650834403
495666,William Saliba,2019-07-25,Saint-Étienne,Arsenal,Defender,Centre-Back,right,192.0,18.33538672142368,30000000.0,12000000.0,12000000,100000000.0,100000000.0,2.5,18.704398951618614,70585000.0,1320250000.0,FR1,GB1,16.0,1277.0,0.0,0.0,0.0,0.0,79.8125,178.0,15539.0,8.0,3.0,0.0637106634918591,361.0,0.4930747922437673,0.0906137250941025,0.09624713860549,0.0,0.6619486502659009,0.7114919094011505,2591,True,,False,0.0251865625509718,34.57382953181273,54.98199279711885,97.80719083366256,54.98222046621888,6.6969577242196765,,45.3,2026-08-28,955406,,4,11492,131,7.224887747998608,11492.0,0.05229986077271145,0.04356073790462931,0.03001653324051514,68.0619561434041,29.0,3.0,0.3037069265576053,1.3500348068221373,0.6805429864253393,3.24957361642882,5.6103202227636615,5.390036547163244,,,,,0.7194570135746606
320411,Philip Billing,2019-07-29,Huddersfield,Bournemouth,Midfield,Central Midfield,left,193.0,23.129363449691994,16500000.0,7000000.0,7000000,10000000.0,22000000.0,2.357142857142857,47.25941422594142,11950000.0,564750000.0,GB1,GB1,27.0,2191.0,2.0,0.0,0.0821542674577818,0.0821542674577818,81.14814814814815,115.0,7429.0,12.0,6.0,0.2180643424417822,175.0,0.6571428571428571,0.2355486301266244,0.2355486301266244,0.3487783707917043,0.9257720680632142,0.7261829852587933,2220,False,5000000.0,True,0.0286187708109804,51.55938951559389,69.14399469143994,81.78585539312525,62.89016199130779,14.282892137495065,11.521181001283695,48.6,2025-08-26,532743,,5,9074,136,6.852455608001797,9074.0,0.12336030568667117,0.16000000000000003,0.10001436781609196,29.353483928972803,94.0,18.0,0.831276691391324,2.432512924252641,1.7122387053270396,2.0994043605304564,6.743627781523938,5.659631377837716,,,,,1.268195100022477
265078,Patrick Cutrone,2019-07-30,AC Milan,Wolves,Attack,Centre-Forward,right,183.0,21.568788501026695,18000000.0,28000000.0,28000000,3000000.0,25000000.0,0.6428571428571429,0.5832237788094162,486820000.0,283925000.0,IT1,GB1,43.0,1911.0,9.0,2.0,0.5180533751962324,0.4238618524332809,44.44186046511628,26.0,787.0,2.0,3.0,0.5717916137229987,141.0,0.1843971631205673,0.4985622392500374,0.4791127195207551,1.0390946895126163,1.1934386010351552,1.027385478889439,1126,False,2000000.0,True,0.05853422693804,65.44401544401545,65.5083655083655,13.69024101145792,12.374555511655473,63.67048597392335,3.305519897304236,47.0,2022-08-29,639671,,2,318,14,,318.0,,,,,2.0,1.0,,,,,,,,,,,
355861,Arnaut Danjuma,2019-08-01,Club Brugge,Bournemouth,Attack,Left Winger,right,178.0,22.49691991786448,16460000.0,12000000.0,12000000,15000000.0,15000000.0,1.3716666666666666,1.9700008720676725,286675000.0,564750000.0,BE1,GB1,14.0,1057.0,5.0,2.0,0.5960264900662252,0.4257332071901608,75.5,14.0,628.0,0.0,0.0,0.0,44.0,0.3181818181818182,0.4819920768254938,0.4791127195207551,1.2365898086785725,0.0,1.0721153695897767,749,False,23500000.0,True,0.0845623698569406,1.8018018018018016,0.7078507078507079,59.128802844725406,10.59857763729751,1.560647965231134,58.47240051347882,17.4,2021-08-19,704151,,1,628,14,,628.0,,,,,5.0,,,,,,,,,,,,
343052,Nicolas Pépé,2019-08-01,Lille,Arsenal,Attack,Right Winger,left,183.0,24.175222450376456,80000000.0,65000000.0,65000000,14000000.0,75000000.0,1.2307692307692308,4.435951280974381,297625000.0,1320250000.0,FR1,GB1,38.0,3332.0,22.0,11.0,0.8913565426170468,0.5942376950780313,87.6842105263158,64.0,3390.0,17.0,7.0,0.6371681415929203,199.0,0.321608040201005,0.4766053917119471,0.4791127195207551,1.870219175270616,1.3298919348880245,1.2156235860554716,1499,False,0.0,False,0.0431255411899824,74.06692406692407,61.64736164736164,30.62030817858554,33.472935598577635,46.20703279336231,,52.7,2023-09-08,575735,,3,4308,80,6.881111111111111,4308.0,0.3329967502321263,0.3348495420846053,0.10484954208460531,28.22785515320334,63.0,10.0,2.453226555246054,1.2403203342618385,0.6229108635097493,0.40290157845868146,2.3129062209842153,4.736467038068709,,,,,0.6790389972144846
324882,Marvelous Nakamba,2019-08-01,Club Brugge,Aston Villa,Midfield,Defensive Midfield,left,177.0,25.530458590006845,12000000.0,6500000.0,6500000,4000000.0,10000000.0,1.8461538461538465,1.7990756082672017,286675000.0,515750000.0,BE1,GB1,20.0,1390.0,0.0,0.0,0.0,0.0,69.5,59.0,3570.0,0.0,0.0,0.0,156.0,0.3782051282051282,0.2515480818773713,0.2355486301266244,0.0,0.0,0.5713682170447084,1449,False,2900000.0,True,0.0447638259086027,3.64963503649635,17.45189117451891,52.226392730146195,34.61477676807586,0.4938759383642829,8.985879332477536,17.5,2023-07-20,541330,,3,3491,58,6.3,3491.0,,,,32.3,16.0,,0.7,2.7,1.9,1.6,6.7,7.6,,,,,1.3
34130,Tom Heaton,2019-08-01,Burnley,Aston Villa,Goalkeeper,Goalkeeper,right,188.0,33.295003422313485,8800000.0,3000000.0,3000000,1000000.0,6000000.0,2.933333333333333,1.975296821141325,261100000.0,515750000.0,GB1,GB1,21.0,1890.0,0.0,0.0,0.0,0.0,90.0,20.0,1795.0,0.0,0.0,0.0,78.0,0.2564102564102564,0.0039623389120549,0.0039623389120549,0.0,0.0,0.0697719229727917,701,False,0.0,False,0.0889471417894706,40.8955223880597,37.46268656716418,50.65981825365469,11.438166732516793,8.356380877123666,,22.2,2021-07-02,24155,,1,1795,20,6.2,1795.0,,,,13.7,,,,0.2,,0.6,0.8,7.8,4.0,3.4,66.0,1.8,0.1
272642,Allan Saint-Maximin,2019-08-02,Nice,Newcastle,Attack,Left Winger,right,173.0,22.390143737166323,18000000.0,25000000.0,25000000,32000000.0,40000000.0,0.72,3.4149838690405065,209225000.0,714500000.0,FR1,GB1,34.0,2913.0,6.0,5.0,0.3398558187435633,0.1853759011328527,85.67647058823529,116.0,7768.0,13.0,21.0,0.3939237899073121,161.0,0.7204968944099379,0.4766053917119471,0.4791127195207551,0.71307590021761,0.8221943894567119,0.9535467689860916,1458,False,27200000.0,True,0.0444605991993578,34.49163449163449,40.604890604890606,67.6590280521533,69.14460687475307,29.869616752271828,61.61745827984596,44.9,2023-07-30,466482,,4,7363,111,7.077369278826565,7363.0,0.14492462311557788,0.11650278419122641,0.10468015754447915,18.368613336955043,144.0,29.0,5.172728507401874,0.6179003123726742,0.35740866494635337,0.1299343684968785,1.1109466250169768,4.496604644845851,,,,,0.6991851147630043
364135,Moise Kean,2019-08-04,Juventus,Everton,Attack,Centre-Forward,right,183.0,19.430527036276523,27500000.0,40000000.0,40000000,18000000.0,35000000.0,0.6875,0.8184483078308625,566285000.0,463475000.0,IT1,GB1,17.0,662.0,7.0,0.0,0.9516616314199396,0.9516616314199396,38.94117647058823,33.0,876.0,2.0,2.0,0.410958904109589,162.0,0.2037037037037037,0.4985622392500374,0.4791127195207551,1.9088120930527697,0.857749935173212,1.2243643438093494,1427,False,30000000.0,True,0.0455209660981711,37.77348777348777,21.299871299871302,20.57882259976294,17.139470564994074,33.34650335835639,47.20795892169448,29.6,2023-07-01,290410,,4,9321,110,6.693746701846965,9321.0,0.08721755816742624,0.0451712210307852,0.020000000000000004,41.20112736867354,24.0,7.0,0.10283041496761813,1.1263612377068841,1.6674262413048693,4.683017510194291,8.479179659390741,4.349436315663229,,,,,0.5613096665867114
177907,Harry Maguire,2019-08-05,Leicester,Man Utd,Defender,Centre-Back,right,194.0,26.417522245037645,87000000.0,50000000.0,50000000,8000000.0,70000000.0,1.74,5.4387846291331545,139875000.0,760750000.0,GB1,GB1,31.0,2599.0,3.0,0.0,0.1038861100423239,0.1038861100423239,83.83870967741936,260.0,20411.0,17.0,11.0,0.1234628386654255,366.0,0.7103825136612022,0.09624713860549,0.09624713860549,1.0793682965282276,1.2827689264767723,1.0750002136802452,2580,True,,False,0.0252652537259572,66.92677070828331,66.92677070828331,36.9399446858949,73.16080600553141,27.834847886210984,,46.4,2026-08-28,255610,,8,14896,191,7.012912834300269,14896.0,0.052559099971518086,0.07764327048721299,0.02771700578682098,51.98066364794113,50.0,8.0,0.1655078500480615,1.1354671033893478,1.5474437482198806,4.111787179850007,7.556877034102165,5.082276779397198,,,,,0.9707063514668186
67063,Danny Welbeck,2019-08-07,Arsenal,Watford,Attack,Centre-Forward,right,185.0,28.69541409993155,0.0,12000000.0,12000000,5000000.0,9000000.0,0.0,0.0343306192009089,1320250000.0,45325000.0,GB1,GB1,12.0,438.0,3.0,1.0,0.821917808219178,0.6164383561643836,36.5,18.0,817.0,2.0,1.0,0.3304773561811505,40.0,0.45,0.4791127195207551,0.4791127195207551,1.715499870346424,0.6897695317121179,1.180581820832525,438,False,0.0,False,0.1188266720664907,23.873873873873876,13.513513513513514,11.79178190438562,19.583168708020544,56.538917423943104,,27.7,2020-10-18,113836,,2,2361,42,6.7,2361.0,0.3499999999999999,0.4000000000000001,0.08,12.199999999999998,25.0,6.0,1.0,0.6999999999999998,0.4000000000000001,0.6999999999999998,1.8,1.8,,,,,1.1
182712,João Cancelo,2019-08-07,Juventus,Man City,Defender,Right-Back,right,182.0,25.196440793976727,65000000.0,55000000.0,55000000,25000000.0,70000000.0,1.181818181818182,2.4863363853889826,566285000.0,1407975000.0,IT1,GB1,34.0,2599.0,1.0,5.0,0.2077722200846479,0.0346287033474413,76.44117647058823,145.0,11470.0,8.0,22.0,0.2353966870095902,284.0,0.5105633802816901,0.0979603049171636,0.09624713860549,2.1209838031878583,2.4457525742605615,1.425794180627884,1847,False,25000000.0,True,0.0343615091049692,91.83673469387756,89.19567827130852,41.27024891347293,54.81627815092848,64.97431845120506,15.24390243902439,61.7,2024-08-27,361757,,4,8013,98,7.637652802893309,8013.0,0.05081374321880651,0.08918625678119349,0.1966509945750452,67.1860759493671,113.0,22.0,1.6832549728752264,2.466509945750452,1.6,0.9832549728752261,5.108137432188065,6.183254972875226,,,,,1.108137432188065
242631,Alex Iwobi,2019-08-08,Arsenal,Everton,Attack,Left Winger,right,183.0,23.263518138261464,30400000.0,25000000.0,25000000,28000000.0,32000000.0,1.216,0.3510509373224768,1320250000.0,463475000.0,GB1,GB1,48.0,2678.0,6.0,8.0,0.4705003734129948,0.2016430171769977,55.791666666666664,129.0,8903.0,6.0,13.0,0.1920700887341345,166.0,0.7771084337349398,0.4791127195207551,0.4791127195207551,0.9820243843319896,0.4008870583236814,1.0144598505309008,1485,False,25700000.0,True,0.0435730153732504,8.944658944658945,9.073359073359072,58.22797313314896,76.30975898854209,4.227578032398262,37.22721437740693,24.6,2023-09-01,604785,,5,10900,153,6.9568091743119265,10900.0,0.09043669724770642,0.1110398967630928,0.13478331003333693,28.19955963302752,193.0,21.0,1.6806880733944953,1.5840917431192663,0.758816513761468,0.6667522935779816,3.0740550458715594,6.02197247706422,,,,,0.6091100917431193
129588,Dennis Praet,2019-08-08,Sampdoria,Leicester,Midfield,Central Midfield,right,181.0,25.234770704996578,19200000.0,24000000.0,24000000,3500000.0,24000000.0,0.8,3.703335980937252,37770000.0,139875000.0,IT1,GB1,37.0,3194.0,2.0,3.0,0.1408891671884783,0.0563556668753913,86.32432432432432,78.0,3370.0,4.0,4.0,0.2136498516320474,201.0,0.3880597014925373,0.2225486393745403,0.2355486301266244,0.6330713482879023,0.907030754189465,0.8523741573663407,1856,False,0.0,False,0.0341856561022158,50.09953550099535,60.98208360982083,21.392730146187276,39.968391939944695,42.690636112208615,,42.2,2024-09-06,282012,,3,2494,64,6.33,2494.0,0.10164878599661209,0.050513833992094866,0.02164878599661208,32.31349520045172,19.0,6.0,0.9278373800112931,2.2752682100508186,1.1474308300395257,0.8917560700169396,4.422699040090345,6.224731789949181,,,,,1.3639186900056466
300716,Kieran Tierney,2019-08-08,Celtic,Arsenal,Defender,Left-Back,left,180.0,22.17385352498289,27000000.0,12500000.0,12500000,9000000.0,32000000.0,2.16,8.17315132943325,161535000.0,1320250000.0,SC1,GB1,31.0,2719.0,1.0,6.0,0.2317028319235012,0.0331004045605001,87.70967741935483,138.0,8302.0,6.0,14.0,0.2168152252469284,299.0,0.4615384615384615,0.1119084897458383,0.09624713860549,2.070466972163905,2.2526926866432695,1.4087811854879155,2154,False,0.0,False,0.0294337298922851,89.19567827130852,86.8547418967587,66.2623468984591,51.284077439747136,45.25879099170289,,61.3,2025-07-01,582499,,5,6241,104,6.856974184510707,6241.0,0.04454610097179426,0.02695217130278167,0.08453872323394038,35.985211126676006,69.0,8.0,0.47652591554932966,1.1716830098058837,0.7473684210526316,2.2539523714228538,4.503482089253552,4.385931558935361,,,,,0.40042025215129073
184528,Emil Krafth,2019-08-08,Amiens SC,Newcastle,Defender,Right-Back,right,184.0,25.01574264202601,5400000.0,2500000.0,2500000,750000.0,5000000.0,2.16,56.03921568627451,12750000.0,714500000.0,FR1,GB1,35.0,2972.0,1.0,1.0,0.0605652759084791,0.0302826379542395,84.91428571428571,96.0,6036.0,1.0,2.0,0.0447316103379721,312.0,0.3076923076923077,0.0906137250941025,0.09624713860549,0.6683896489806809,0.4647578201916607,0.9365913390213836,2519,False,,False,0.0257238049454485,23.46938775510204,29.4717887154862,49.932832872382455,39.06558672461478,3.5559067562228366,,25.9,2026-07-01,259306,,7,5234,84,6.91,5234.0,,0.02,0.04,23.8,23.0,5.0,0.1,2.0,1.4,2.7,6.7,5.2,,,,,1.2
392775,Ryan Sessegnon,2019-08-08,Fulham,Tottenham,Defender,Left-Back,left,178.0,19.22245037645448,27000000.0,35000000.0,35000000,10000000.0,35000000.0,0.7714285714285715,2.351401010564998,326550000.0,767850000.0,GB1,GB1,36.0,2310.0,2.0,6.0,0.3116883116883117,0.0779220779220779,64.16666666666667,54.0,3258.0,3.0,4.0,0.1933701657458563,244.0,0.221311475409836,0.09624713860549,0.09624713860549,3.2384163955865675,2.00910041116616,1.8021217308399584,1814,False,0.0,False,0.0350251608666265,85.47418967587035,66.80672268907563,24.600948241801657,26.297905966021336,77.49901224812326,,56.3,2024-07-26,773991,,3,2205,38,,2205.0,,,,,22.0,8.0,,,,,,,,,,,
410225,Ismaïla Sarr,2019-08-08,Stade Rennais,Watford,Attack,Right Winger,right,185.0,21.44832306639288,30000000.0,30000000.0,30000000,20000000.0,27000000.0,1.0,0.125,362600000.0,45325000.0,FR1,GB1,44.0,3526.0,12.0,10.0,0.5615428247305729,0.3062960862166761,80.13636363636364,50.0,3894.0,10.0,8.0,0.4160246533127889,81.0,0.6172839506172839,0.4766053917119471,0.4791127195207551,1.1782133280396472,0.8683231238964566,1.058893910702707,1446,False,13000000.0,True,0.0448657345136739,38.35263835263835,35.97168597168597,28.585539312524695,46.75819834057685,23.251679178190436,17.84338896020539,32.4,2023-07-24,771294,,2,3892,50,6.602415210688592,3892.0,0.2295786228160329,0.26,0.11,16.698458376156218,46.0,14.0,1.860534429599178,0.5478931140801644,0.6084275436793423,0.34789311408016443,1.5521068859198357,4.825282631038027,,,,,0.9042137718396711
149716,Ivan Cavaleiro,2020-01-07,Wolves,Fulham,Attack,Left Winger,right,175.0,26.220396988364133,11800000.0,10000000.0,10000000,2200000.0,10000000.0,1.18,1.1501276745619442,283925000.0,326550000.0,GB1,GB1,14.0,421.0,2.0,1.0,0.6413301662707839,0.4275534441805226,30.071428571428573,37.0,2544.0,3.0,0.0,0.1061320754716981,86.0,0.4302325581395348,0.4791127195207551,0.4791127195207551,1.338578877455583,0.2215179667487422,1.095214471574122,1311,False,0.0,False,0.0499130745256507,4.89060489060489,4.1827541827541825,22.97313314895298,29.731331489529833,3.476886606084552,,10.4,2023-08-10,361792,2019/2020,1,2476,36,6.53,2476.0,0.11,0.23,0.09,20.1,43.0,2.0,1.9,0.8,0.7,0.5,2.1,4.5,,,,,1.1
82863,Lukas Rupp,2020-01-13,TSG Hoffenheim,Norwich,Midfield,Central Midfield,right,178.0,29.01300479123888,500000.0,3000000.0,3000000,1200000.0,2400000.0,0.1666666666666666,0.1524757242596902,311525000.0,47500000.0,L1,GB1,10.0,422.0,0.0,0.0,0.0,0.0,42.2,35.0,1762.0,1.0,0.0,0.0510783200908059,62.0,0.5645161290322581,0.2678347608424593,0.2355486301266244,0.0,0.2168483003418343,0.5713682170447084,900,False,,False,0.0725058187442985,10.6171201061712,31.187790311877905,13.95298301066772,37.022915843540105,25.602528644804423,,21.7,2022-07-01,182892,,2,1461,31,,1461.0,,0.08,0.13,37.8,17.0,3.0,2.1,1.1,1.1,0.7,3.0,6.5,,,,,0.8
182201,Ally Samatta,2020-01-20,Genk,Aston Villa,Attack,Centre-Forward,right,183.0,27.07460643394935,10500000.0,12000000.0,12000000,4200000.0,9500000.0,0.875,3.116785012841819,165475000.0,515750000.0,BE1,GB1,36.0,2963.0,14.0,2.0,0.4859939250759365,0.4252446844414445,82.30555555555556,14.0,946.0,1.0,0.0,0.095137420718816,54.0,0.2592592592592592,0.4819920768254938,0.4791127195207551,1.0083027262124302,0.1985700167050036,1.0204115285524245,528,False,6000000.0,True,0.1073710719296511,4.504504504504505,4.761904761904762,11.317661003555909,8.115369419201897,8.079810351639669,24.358151476251606,9.0,2021-07-01,437329,,1,946,14,,946.0,,,,,10.0,1.0,,,,,,,,,,,
186186,Bobby De Cordova-Reid,2020-01-24,Cardiff,Fulham,Midfield,Attacking Midfield,right,170.0,26.973305954825463,8900000.0,10000000.0,10000000,5000000.0,10000000.0,0.89,16.69478527607362,19560000.0,326550000.0,GB1,GB1,10.0,566.0,3.0,0.0,0.4770318021201414,0.4770318021201414,56.6,117.0,7127.0,17.0,8.0,0.3157008559000982,132.0,0.8863636363636364,0.2355486301266244,0.2355486301266244,2.025194550542291,1.3402788873379827,1.4703059126906273,1625,False,0.0,False,0.0394617905889475,68.54678168546782,48.2415394824154,30.37732121691031,87.64322402212565,56.55867246147768,,57.5,2024-07-06,262550,2019/2020,3,6286,102,6.635507476932867,6286.0,0.21726057906458796,0.1739802736239262,0.06605472478523702,21.544543429844097,50.0,7.0,0.7683741648106904,1.3636652879414572,0.6472796691059498,1.0289214126630608,3.1793191218580974,4.271874005727012,,,,,1.230480432707604
284165,Steven Bergwijn,2020-01-29,PSV,Tottenham,Attack,Left Winger,right,171.0,22.308008213552363,30000000.0,35000000.0,35000000,18000000.0,28000000.0,0.8571428571428571,2.354284838264602,326150000.0,767850000.0,NL1,GB1,44.0,3641.0,11.0,16.0,0.667399066190607,0.2719033232628399,82.75,77.0,3239.0,7.0,9.0,0.4445816610064835,121.0,0.6363636363636364,0.5046288705881634,0.4791127195207551,1.3225542672830608,0.9279270678749414,1.0915851208106224,891,False,31250000.0,True,0.0731567090395151,43.30759330759331,37.58043758043758,17.666930067167126,55.63808771236665,31.390754642433823,45.76379974326059,36.4,2022-07-08,564818,,3,2463,60,6.65,2463.0,0.201175468483816,0.2655593412833617,0.10372515616127201,24.900567859170923,34.0,2.0,1.6000000000000003,0.9126064735945486,0.3375354911981829,0.6873935264054515,2.006303236797274,4.975354911981828,,,,,1.5
240306,Bruno Fernandes,2020-01-29,Sporting,Man Utd,Midfield,Attacking Midfield,right,183.0,25.39082819986311,65000000.0,60000000.0,60000000,35000000.0,90000000.0,1.0833333333333333,1.5161933233682112,501750000.0,760750000.0,PO1,GB1,45.0,4033.0,29.0,22.0,1.1381105876518722,0.6471609223902802,89.62222222222222,315.0,26995.0,103.0,104.0,0.690127801444712,333.0,0.945945945945946,0.2011992536821767,0.2355486301266244,5.656634241047844,2.9298739758058385,3.0822192107913287,2403,True,,False,0.026708860598963,97.3457199734572,46.78168546781685,50.10075069142631,97.56815487949429,74.45673646779929,,75.1,2026-08-28,422685,,8,20032,231,7.742627919320595,20032.0,0.3027312,0.3164501061571125,0.27833545647558383,45.194272823779194,677.0,140.0,0.6873248407643312,1.8636426666666668,0.6997120000000001,1.082855626326964,4.505005307855626,5.484601910828025,,,,,1.0350293333333334
333014,Sander Berge,2020-01-30,Genk,Sheff Utd,Midfield,Defensive Midfield,right,195.0,21.95756331279945,25000000.0,22000000.0,22000000,20000000.0,20000000.0,1.1363636363636365,0.3186281915697235,165475000.0,52725000.0,BE1,GB1,31.0,2648.0,4.0,0.0,0.1359516616314199,0.1359516616314199,85.41935483870968,31.0,2224.0,2.0,2.0,0.1618705035971223,65.0,0.4769230769230769,0.2515480818773713,0.2355486301266244,0.540459941561772,0.6872063043207054,0.8112660650447304,1287,False,13900000.0,True,0.050912167275813,38.42070338420703,48.63968148639681,35.69340181746345,28.75345713156855,18.945080995653893,23.62002567394095,31.5,2023-08-09,540963,,3,5074,66,6.880000000000001,5074.0,0.03,0.06,0.05,41.2,44.0,8.0,0.6,2.3,0.7,1.7,5.3,6.0,,,,,1.2
256977,Daniel Podence,2020-01-30,Olympiacos,Wolves,Attack,Left Winger,right,170.0,24.27652292950034,19600000.0,6000000.0,6000000,13000000.0,25000000.0,3.2666666666666666,1.5786766750069503,179850000.0,283925000.0,GR1,GB1,42.0,3288.0,8.0,11.0,0.5200729927007299,0.218978102189781,78.28571428571429,101.0,5735.0,14.0,9.0,0.3609415867480384,189.0,0.5343915343915344,0.3904730651652015,0.4791127195207551,1.3319049099601716,0.7533542150771525,1.0937029109954706,1677,False,5000000.0,True,0.0381245788730405,28.50707850707851,23.809523809523807,88.99446858949031,51.991307783484785,4.089292769656263,9.563543003851091,34.8,2024-09-02,524435,,5,5260,93,6.804765577430485,5260.0,0.2018632027603004,0.15873959813273794,0.1272437588796428,23.975339963466613,98.0,14.0,1.7426628780190787,1.037690278059671,0.5621676476557742,0.20272780034822985,1.769799066368987,4.486218794398214,,,,,0.8894459102902375
112988,Cédric Soares,2020-07-01,Southampton,Arsenal,Defender,Right-Back,right,171.0,28.83504449007529,0.0,8000000.0,8000000,2000000.0,7000000.0,0.0,8.714521452145215,151500000.0,1320250000.0,GB1,GB1,17.0,1324.0,0.0,1.0,0.0679758308157099,0.0,77.88235294117646,56.0,3564.0,1.0,3.0,0.101010101010101,202.0,0.2772277227722772,0.09624713860549,0.09624713860549,0.7062633944302277,1.0494867948660174,0.9493464116220384,1461,False,,False,0.0443603509825902,56.48259303721489,62.244897959183675,15.414855788225998,29.308573686290003,83.58356380877123,,51.9,2024-07-01,160627,,5,4072,63,6.73414914586071,4072.0,0.06,0.03,0.08,33.956898817345596,38.0,3.0,0.397568988173456,2.709724047306176,1.153646517739816,2.209724047306176,6.370663600525625,4.390275952693824,,,,,0.9000000000000001
170527,Timo Werner,2020-07-01,Leipzig,Chelsea,Attack,Centre-Forward,right,180.0,24.320328542094455,53000000.0,64000000.0,64000000,25000000.0,70000000.0,0.828125,2.0540505841571446,584175000.0,1199925000.0,L1,GB1,45.0,3589.0,34.0,13.0,1.1786012816940652,0.8526051825020897,79.75555555555556,84.0,5711.0,21.0,21.0,0.6618805813342672,124.0,0.6774193548387096,0.543236014295955,0.4791127195207551,2.1695934192094324,1.3814715292808972,1.2834276779562288,769,False,20000000.0,True,0.0828187265966908,77.54182754182754,60.102960102960104,32.5760568945081,60.52350849466613,67.40418806795732,15.019255455712452,58.0,2022-08-09,450980,,2,3888,56,6.870771604938271,3888.0,0.23315329218106995,0.42976851851851855,0.0934619341563786,20.935390946502057,44.0,10.0,0.9007716049382716,0.6669238683127572,0.23384773662551442,0.2330761316872428,1.1338477366255144,2.6669238683127574,,,,,0.9338477366255145
217111,Hakim Ziyech,2020-07-01,Ajax,Chelsea,Attack,Right Winger,left,180.0,27.28542094455852,40000000.0,40000000.0,40000000,9000000.0,45000000.0,1.0,7.073986735445836,169625000.0,1199925000.0,NL1,GB1,35.0,2686.0,9.0,20.0,0.9717051377513032,0.3015636634400596,76.74285714285715,102.0,5005.0,14.0,12.0,0.4675324675324675,223.0,0.4573991031390134,0.5046288705881634,0.4791127195207551,1.925583719811245,0.975829796378875,1.2281628834134757,1461,False,0.0,False,0.0443603509825902,46.52509652509653,30.373230373230378,29.581193204267088,47.30541288028448,28.723824575266693,,36.4,2024-07-01,360559,,3,3147,64,7.052906976744186,3147.0,0.21327185244587007,0.19272654370489173,0.2289093825180433,37.51094627105052,79.0,21.0,1.7109061748195669,1.2054530874097835,0.7472734562951082,0.31090617481956695,2.3163592622293505,5.621812349639134,,,,,1.5527265437048918
390664,Jacob Lungi Sørensen,2020-07-27,Esbjerg fB,Norwich,Midfield,Defensive Midfield,right,184.0,22.401095140314855,1100000.0,1300000.0,1300000,1000000.0,2500000.0,0.8461538461538461,5.864197530864198,8100000.0,47500000.0,DK1,GB1,25.0,2249.0,2.0,1.0,0.1200533570475766,0.0800355713650511,89.96,11.0,691.0,0.0,0.0,0.0,53.0,0.2075471698113207,0.2138141840297659,0.2355486301266244,0.5614845319656789,0.0,0.8205984014587933,1813,False,0.0,False,0.0350457432755561,3.64963503649635,7.56469807564698,61.80956143816673,4.006321612011063,8.277360726985382,,17.0,2025-07-14,738046,,1,601,10,,601.0,,,,,,,,,,,,,,,,,
43530,Adam Lallana,2020-07-27,Liverpool,Brighton,Midfield,Attacking Midfield,both,172.0,32.2135523613963,0.0,9500000.0,9500000,1000000.0,8000000.0,0.0,0.5661565713723368,1016150000.0,575300000.0,GB1,GB1,20.0,690.0,1.0,1.0,0.2608695652173913,0.1304347826086956,34.5,103.0,5000.0,4.0,4.0,0.144,174.0,0.5919540229885057,0.2355486301266244,0.2355486301266244,1.1074976962385858,0.6113387283236995,1.062961198431752,1435,False,0.0,False,0.0452430005442148,33.57664233576642,24.618447246184473,10.861319636507307,56.08455156064797,65.13235875148162,,40.6,2024-07-01,37234,,5,5096,110,6.659183775663496,5096.0,0.06,0.07828242363545317,0.1275563345017526,46.605107661492234,66.0,8.0,0.7736104156234352,1.6079619429143714,0.7729093640460691,0.6119679519278918,3.170956434651978,5.962593890836254,,,,,0.8225838758137206
111195,Joël Veltman,2020-07-29,Ajax,Brighton,Defender,Right-Back,right,184.0,28.536618754277892,1000000.0,8000000.0,8000000,1500000.0,10000000.0,0.125,3.391599115696389,169625000.0,575300000.0,NL1,GB1,29.0,2453.0,0.0,0.0,0.0,0.0,84.58620689655173,185.0,12902.0,5.0,7.0,0.0837079522554642,260.0,0.7115384615384616,0.1132639743398324,0.09624713860549,0.0,0.8697188661221094,0.7114919094011505,2163,False,,False,0.0293182162845857,46.33853541416567,64.94597839135653,33.542078229948636,72.15922560252865,59.89727380482023,,53.6,2026-07-01,304455,,6,11688,165,6.929824606433948,11688.0,0.04553909300230253,0.044295859000684466,0.04511550308008213,38.69915297741273,63.0,10.0,0.35803388090349075,2.54033196440794,1.1645448323066394,2.7366700889801505,6.821594798083504,4.846945585215606,,,,,1.17580424366872
398184,Ferran Torres,2020-08-04,Valencia,Man City,Attack,Centre-Forward,right,183.0,20.42984257357974,33500000.0,45000000.0,45000000,45000000.0,50000000.0,0.7444444444444445,10.348952590959206,136050000.0,1407975000.0,ES1,GB1,44.0,3106.0,6.0,8.0,0.4056664520283322,0.1738570508692852,70.5909090909091,39.0,2361.0,14.0,3.0,0.6480304955527318,86.0,0.4534883720930232,0.4599952362514491,0.4791127195207551,0.8818927242250418,1.3525637478398425,0.9917814257113816,515,False,55000000.0,True,0.1089398477456248,75.54697554697555,78.82882882882883,49.648360331884625,32.044646384828134,68.84630580798104,63.67137355584083,64.9,2022-01-01,881771,,2,1610,28,6.790000000000001,1610.0,0.48,0.33,0.11000000000000001,23.9,20.0,2.0,1.4,0.8,0.2,0.5,1.5,2.8,,,,,1.1
177476,Nathan Aké,2020-08-05,Bournemouth,Man City,Defender,Centre-Back,left,180.0,25.462012320328544,45300000.0,28000000.0,28000000,12000000.0,42000000.0,1.6178571428571429,2.4930942895086323,564750000.0,1407975000.0,GB1,GB1,30.0,2595.0,2.0,2.0,0.1387283236994219,0.0693641618497109,86.5,171.0,11292.0,9.0,2.0,0.0876726886291179,349.0,0.4899713467048711,0.09624713860549,0.09624713860549,1.4413760835847729,0.9109121569679272,1.1969167432207355,2214,True,,False,0.0286898530555815,48.5594237695078,41.05642256902761,45.81390754642434,54.523903595416826,16.732516791781904,,36.9,2026-08-28,417068,,6,7007,107,7.226928571428571,7007.0,0.07085714285714285,0.09564285714285714,0.054785714285714285,73.40071428571427,30.0,8.0,0.15214285714285716,1.147857142857143,0.7914285714285714,2.3,4.482857142857144,4.912857142857143,,,,,0.49571428571428566
338070,Konstantinos Tsimikas,2020-08-10,Olympiacos,Liverpool,Defender,Left-Back,left,179.0,24.246406570841888,13000000.0,9000000.0,9000000,4500000.0,22000000.0,1.4444444444444444,5.649986099527384,179850000.0,1016150000.0,GR1,GB1,36.0,3197.0,0.0,7.0,0.1970597435095402,0.0,88.80555555555556,107.0,5735.0,0.0,17.0,0.2667829119442022,323.0,0.3312693498452012,0.0825280747549176,0.09624713860549,2.387790386419961,2.7718529174953024,1.5156489678707152,2209,True,,False,0.0287495358784757,94.89795918367348,92.37695078031211,58.76531015408929,41.532990912682735,60.213354405373366,,64.5,2026-08-28,671529,,5,3158,66,,3158.0,,0.04,0.15,44.4,75.0,11.0,0.5,1.6000000000000003,1.3999999999999997,1.6000000000000003,4.8,5.900000000000001,,,,,1.5
167799,Pierre-Emile Højbjerg,2020-08-11,Southampton,Tottenham,Midfield,Defensive Midfield,right,185.0,25.018480492813143,16600000.0,20000000.0,20000000,20000000.0,45000000.0,0.83,5.068316831683168,151500000.0,767850000.0,GB1,GB1,34.0,2913.0,0.0,1.0,0.0308959835221421,0.0,85.67647058823529,170.0,12809.0,9.0,15.0,0.1686314310250605,248.0,0.6854838709677419,0.2355486301266244,0.2355486301266244,0.1311660505328912,0.7159091985990703,0.6295898368794253,1785,False,13500000.0,True,0.0356336403217151,40.34505640345056,62.57465162574651,70.90082971157645,69.02410114579217,30.73883840379297,36.13607188703466,49.3,2025-07-01,266523,,4,11044,145,7.292971749366171,11044.0,0.07255768639113937,0.04664342629482072,0.0739623324882289,64.71634371604492,80.0,16.0,0.8822618616443318,2.1536580948931547,1.357325244476639,1.6655016298442593,5.52567004708439,7.672256428830133,,,,,1.265021731256791
563963,Mohammed Salisu,2020-08-12,Real Valladolid,Southampton,Defender,Centre-Back,left,188.0,21.322381930184804,12000000.0,12000000.0,12000000,18000000.0,18000000.0,1.0,3.361064891846922,45075000.0,151500000.0,ES1,GB1,32.0,2846.0,1.0,1.0,0.0632466619817287,0.0316233309908643,88.9375,73.0,6075.0,0.0,1.0,0.0148148148148148,126.0,0.5793650793650794,0.0909966967446702,0.09624713860549,0.6950434932731024,0.1539247299136825,0.9455677873499304,1084,False,15000000.0,True,0.0608146760673766,13.62545018007203,13.98559423769508,67.75385223231925,50.446463848281304,9.067562228368232,52.503209242618745,32.8,2023-08-01,938247,,3,5786,68,6.978033980582524,5786.0,,0.06398867313915858,0.02,39.94328478964401,18.0,2.0,0.39999999999999997,2.4,2.0011326860841425,4.858980582524272,10.179773462783173,7.320226537216828,,,,,1.2
52769,Willian,2020-08-14,Chelsea,Arsenal,Attack,Left Winger,right,175.0,32.01368925393566,0.0,22500000.0,22500000,9000000.0,19000000.0,0.0,1.100277100652124,1199925000.0,1320250000.0,GB1,GB1,47.0,3365.0,11.0,9.0,0.5349182763744428,0.2942050520059435,71.59574468085107,36.0,1877.0,1.0,7.0,0.3835908364411294,58.0,0.6206896551724138,0.4791127195207551,0.4791127195207551,1.1164768844156518,0.8006275367200146,1.0449114670494626,381,False,0.0,False,0.1268468259798908,32.88288288288289,30.888030888030887,17.621493480837614,41.63966811536942,64.48044251284077,,38.3,2021-08-30,94086,,1,1406,25,6.79,1406.0,0.06,0.12,0.15,38.0,32.0,5.0,0.7999999999999999,0.7999999999999999,0.5,0.39999999999999997,1.7,3.0,,,,,0.3
427568,Aaron Ramsdale,2020-08-19,Bournemouth,Sheff Utd,Goalkeeper,Goalkeeper,right,190.0,22.26694045174538,20500000.0,12500000.0,12500000,20000000.0,20000000.0,1.64,0.0933598937583001,564750000.0,52725000.0,GB1,GB1,35.0,3150.0,0.0,1.0,0.0285714285714285,0.0,90.0,42.0,3780.0,0.0,0.0,0.0,42.0,1.0,0.0039623389120549,0.0039623389120549,0.5714285714285714,0.0,0.0585706473381509,366,False,28000000.0,True,0.1290634864146023,40.8955223880597,76.11940298507463,70.41683129197946,78.43145001975503,12.406163571710788,56.67522464698331,51.0,2021-08-20,746395,,2,6480,72,6.565277777777778,6480.0,,,0.0,14.905555555555555,2.0,,0.05277777777777778,0.04722222222222222,0.1,0.9944444444444445,1.0944444444444446,9.058333333333334,17.0,3.286111111111111,69.90555555555555,1.4166666666666667,0.0
148262,Jeff Hendrick,2020-08-24,Burnley,Newcastle,Midfield,Central Midfield,right,185.0,28.56399726214921,0.0,9000000.0,9000000,500000.0,9000000.0,0.0,2.7364994255074686,261100000.0,714500000.0,GB1,GB1,26.0,2050.0,3.0,2.0,0.2195121951219512,0.1317073170731707,78.84615384615384,26.0,1615.0,3.0,1.0,0.2229102167182662,168.0,0.1547619047619047,0.2355486301266244,0.2355486301266244,0.931918793176371,0.9463447806868412,0.9850257257728304,1407,False,,False,0.0462293449995428,52.82017252820173,54.479097544790974,20.274595021730537,11.450019755037534,81.39075464243382,,50.0,2024-07-01,201734,,2,1494,25,6.309999999999999,1494.0,0.13,0.07,0.04,27.199999999999996,7.0,1.0,0.6,0.5,1.2,0.8,3.1000000000000005,4.3,,,,,0.9000000000000001
316125,Ben Chilwell,2020-08-26,Leicester,Chelsea,Defender,Left-Back,left,180.0,23.679671457905545,50200000.0,40000000.0,40000000,15000000.0,50000000.0,1.255,8.578552278820375,139875000.0,1199925000.0,GB1,GB1,29.0,2555.0,3.0,4.0,0.2465753424657534,0.1056751467710371,88.10344827586206,102.0,7137.0,9.0,12.0,0.2648171500630517,279.0,0.3655913978494624,0.09624713860549,0.09624713860549,2.561897901988004,2.7514288102477296,1.5742846791010292,1832,False,0.0,False,0.0346594551480433,94.7779111644658,91.29651860744298,38.085736862900035,42.350849466613994,64.53970762544449,,60.9,2025-09-01,672469,,5,5249,78,7.091005949161709,5249.0,0.12380746349378043,0.09619253650621959,0.1190373174689021,44.73477555435371,80.0,8.0,0.5619253650621958,1.547701460248783,1.0142239048134127,1.6857760951865874,4.409626825310979,4.609626825310979,,,,,0.8619253650621959
344596,Malang Sarr,2020-08-27,Nice,Chelsea,Defender,Centre-Back,left,183.0,21.593429158110883,0.0,16000000.0,16000000,4000000.0,16000000.0,0.0,5.735093798542239,209225000.0,1199925000.0,FR1,GB1,18.0,1362.0,1.0,0.0,0.066079295154185,0.066079295154185,75.66666666666667,16.0,1068.0,0.0,0.0,0.0,214.0,0.0747663551401869,0.0906137250941025,0.09624713860549,0.7292415700332538,0.0,0.9570849728487762,1429,False,0.0,False,0.0454511890641909,6.602641056422569,8.823529411764707,23.72382457526669,4.322402212564204,38.41367048597392,,22.1,2024-07-26,782502,,1,546,8,,546.0,,,,,3.0,1.0,,,,,,,,,,,
29241,Thiago Silva,2020-08-28,PSG,Chelsea,Defender,Centre-Back,right,181.0,35.931553730321696,0.0,4800000.0,4800000,1000000.0,4500000.0,0.0,0.8527948544827831,1407050000.0,1199925000.0,FR1,GB1,27.0,2164.0,0.0,0.0,0.0,0.0,80.14814814814815,152.0,12528.0,9.0,5.0,0.1005747126436781,214.0,0.7102803738317757,0.0906137250941025,0.09624713860549,0.0,1.0449631448881465,0.7114919094011505,1412,False,0.0,False,0.0460504279262283,56.182472989195674,71.60864345738295,17.925721058870014,70.87712366653497,83.3267483208218,,59.9,2024-07-10,80562,,4,9468,113,7.1503379805661185,9468.0,0.10082771219786398,0.047686945500633716,0.029815166877904524,78.44452893958598,26.0,4.0,0.12799957752429236,1.1565800591465991,1.290177439797212,4.1317173637515845,7.569909167722855,6.0635086607520075,,,,,0.44093789607097594
328784,Robin Koch,2020-08-29,Freiburg,Leeds,Defender,Centre-Back,right,192.0,24.11772758384668,13000000.0,17000000.0,17000000,18000000.0,18000000.0,0.7647058823529411,1.50187125748503,267200000.0,401300000.0,L1,GB1,31.0,2618.0,2.0,0.0,0.0687547746371275,0.0687547746371275,84.45161290322581,76.0,6138.0,0.0,0.0,0.0,126.0,0.6031746031746031,0.1242136398981505,0.09624713860549,0.5535203275059271,0.0,0.897905792672389,1402,False,0.0,False,0.0464094908940964,6.602641056422569,10.504201680672267,49.78071908336625,52.690636112208615,11.398656657447647,,26.9,2024-07-01,628201,,3,5882,73,6.510549358029888,5882.0,,0.04668701326036624,0.013312986739633761,33.507935171542826,15.0,,0.09938960218901284,1.4006103978109872,1.1668701326036621,3.636792254262261,6.80427278467691,5.63251946958535,,,,,1.0993896021890128
171679,Matt Doherty,2020-08-30,Wolves,Tottenham,Defender,Right-Back,right,185.0,28.621492128678987,16800000.0,16000000.0,16000000,9000000.0,20000000.0,1.05,2.7044113762437263,283925000.0,767850000.0,GB1,GB1,45.0,3655.0,6.0,5.0,0.2708618331053352,0.1477428180574555,81.22222222222223,63.0,4263.0,3.0,8.0,0.2322308233638283,132.0,0.4772727272727273,0.09624713860549,0.09624713860549,2.8142325790647975,2.4128595065638834,1.659265635897734,884,False,0.0,False,0.0736685303631919,91.23649459783914,84.93397358943578,43.38403792967206,41.28605294350059,68.21414460687475,,62.4,2023-01-31,239920,,3,2778,44,,2778.0,,,,,32.0,4.0,,,,,,,,,,,
137745,Marçal,2020-09-01,Lyon,Wolves,Defender,Left-Back,left,178.0,31.531827515400412,2000000.0,2400000.0,2400000,1500000.0,2400000.0,0.8333333333333334,1.1383181317029167,249425000.0,283925000.0,FR1,GB1,19.0,1419.0,0.0,1.0,0.0634249471458773,0.0,74.6842105263158,32.0,2118.0,0.0,0.0,0.0,81.0,0.3950617283950617,0.0906137250941025,0.09624713860549,0.6999485682771612,0.0,0.9472197123720216,685,False,0.0,False,0.0904739371954904,6.602641056422569,9.063625450180073,34.05175819834058,24.85973923350454,9.788621098380087,,17.8,2022-07-18,304014,,2,2074,31,,2074.0,,,,,14.0,1.0,,,,,,,,,,,
435338,Gabriel,2020-09-01,Lille,Arsenal,Defender,Centre-Back,left,190.0,22.702258726899384,26000000.0,20000000.0,20000000,75000000.0,75000000.0,1.3,4.435951280974381,297625000.0,1320250000.0,FR1,GB1,28.0,2520.0,1.0,0.0,0.0357142857142857,0.0357142857142857,90.0,250.0,21510.0,24.0,9.0,0.1380753138075313,308.0,0.8116883116883117,0.0906137250941025,0.09624713860549,0.3941377057084491,1.434591363526058,0.8442291127407006,2187,True,,False,0.0290170480665404,72.44897959183673,80.25210084033614,91.06084551560647,84.2670881074674,41.86092453575662,,68.7,2026-08-28,795179,,7,16726,193,7.151708119096019,16726.0,0.10900096176965615,0.1085722826736817,0.029573119693889753,55.27149348319981,39.0,10.0,0.109683818225535,1.271988458764126,0.7653832356809757,3.645073538203994,6.560719837378931,4.02976204711228,,,,,0.797411216070788
288255,Donny van de Beek,2020-09-02,Ajax,Man Utd,Midfield,Central Midfield,right,184.0,23.37577002053388,39000000.0,44000000.0,44000000,5000000.0,44000000.0,0.8863636363636364,4.484893146647016,169625000.0,760750000.0,NL1,GB1,30.0,2542.0,8.0,7.0,0.5310778914240756,0.2832415420928403,84.73333333333333,56.0,1768.0,2.0,1.0,0.1527149321266968,213.0,0.2629107981220657,0.2743648108274377,0.2355486301266244,1.9356632864922976,0.6483371694609369,1.4305650254895357,1408,False,500000.0,True,0.0461934635482346,36.297279362972795,8.626410086264102,20.87909917028842,28.656657447649152,26.037139470564995,0.0641848523748395,24.7,2024-07-11,612836,,4,1231,42,,1231.0,0.18,0.06,0.14,41.2,12.0,2.0,1.4,2.6,1.1,1.1,4.9,6.7,,,,,0.9
262226,Timothy Castagne,2020-09-03,Atalanta,Leicester,Defender,Right-Back,right,185.0,24.747433264887064,20900000.0,18000000.0,18000000,17000000.0,28000000.0,1.1611111111111112,0.314923844153505,444155000.0,139875000.0,IT1,GB1,33.0,2158.0,2.0,3.0,0.2085264133456904,0.0834105653382761,65.39393939393939,105.0,8778.0,5.0,7.0,0.1230348598769651,150.0,0.7,0.0979603049171636,0.09624713860549,2.128682771271719,1.2783222614157503,1.4283870294653611,1090,False,13000000.0,True,0.0604808155556991,66.80672268907563,49.39975990396158,60.924535756617935,65.6637692611616,41.9399446858949,26.63671373555841,53.2,2023-08-29,465750,,4,10361,125,6.9093639610076245,10361.0,0.052800887945179044,0.04931570311745971,0.05363188881382107,37.63861596371006,77.0,12.0,0.39888041694817106,2.2136183766045745,1.2027700028954733,2.1199787665283276,5.911601196795676,4.793562397451984,,,,,0.7275359521281729
309400,Kai Havertz,2020-09-04,Leverkusen,Chelsea,Attack,Centre-Forward,left,193.0,21.234770704996578,100000000.0,81000000.0,81000000,55000000.0,81000000.0,1.2345679012345678,2.6405637956075876,454420000.0,1199925000.0,L1,GB1,41.0,3437.0,16.0,9.0,0.6546406750072737,0.4189700320046552,83.82926829268293,134.0,8686.0,27.0,15.0,0.4351830531890398,163.0,0.8220858895705522,0.543236014295955,0.4791127195207551,1.2050759849854606,0.9083103734426898,1.064977927939089,1030,False,75000000.0,True,0.063946091761194,41.31274131274131,38.03088803088803,35.734887396286055,82.00316080600552,18.29316475701304,33.08729139922978,37.6,2023-07-01,749736,,3,5909,91,6.902188187510577,5909.0,0.2890099847689964,0.39553393129125064,0.0964477915044847,28.934422068031814,77.0,9.0,0.8205957014723304,1.0517346420714166,0.20000000000000004,1.3791504484684378,2.661516331020477,3.2522592655271616,,,,,1.9406667794889154
505653,Fábio Silva,2020-09-05,Porto,Wolves,Attack,Centre-Forward,right,185.0,18.132785763175907,40000000.0,12000000.0,12000000,28000000.0,28000000.0,3.3333333333333335,0.6520640753287018,435425000.0,283925000.0,PO1,GB1,16.0,295.0,1.0,1.0,0.6101694915254237,0.3050847457627118,18.4375,69.0,2683.0,5.0,4.0,0.3019008572493477,211.0,0.3270142180094786,0.4331228916016845,0.4791127195207551,1.408767588499011,0.6301249057869552,1.1111112359429265,1819,False,22500000.0,True,0.034922670399999,19.948519948519948,13.963963963963964,82.33899644409325,34.93875938364283,1.9162386408534176,23.90885750962773,28.1,2025-08-29,1050158,,3,2179,62,6.37,2179.0,0.27,0.3353232533889468,0.04641814389989572,15.394525547445255,18.0,2.0,0.6761209593326383,0.42935349322210636,0.27064650677789365,0.27064650677789365,1.0119395203336812,2.9,,,,,1.534827945776851
126422,Allan,2020-09-05,Napoli,Everton,Midfield,Defensive Midfield,right,175.0,29.659137577002053,24600000.0,28000000.0,28000000,10000000.0,25000000.0,0.8785714285714286,0.9715336806028656,477055000.0,463475000.0,IT1,GB1,31.0,1610.0,2.0,1.0,0.1677018633540372,0.1118012422360248,51.935483870967744,56.0,4628.0,0.0,3.0,0.0583405358686257,91.0,0.6153846153846154,0.2225486393745403,0.2355486301266244,0.7535515104713888,0.2476793681086725,0.9058525549530164,750,False,0.0,False,0.0844740492553242,11.54611811546118,13.205043132050433,19.190043461082578,48.44527854602923,11.201106282101936,,17.9,2022-09-25,188652,,2,4238,52,6.895158093440302,4238.0,,0.009999999999999998,0.039999999999999994,35.42194431335536,32.0,,1.1420953279848984,3.2420953279848987,0.8515809344030203,1.2579046720151015,5.848419065596979,8.04525719679094,,,,,1.3936762623879186
146795,Ryan Fraser,2020-09-07,Bournemouth,Newcastle,Attack,Left Winger,right,163.0,26.535249828884325,0.0,17500000.0,17500000,3000000.0,16000000.0,0.0,1.265161575918548,564750000.0,714500000.0,GB1,GB1,26.0,1873.0,1.0,3.0,0.192205018686599,0.0480512546716497,72.03846153846153,54.0,2800.0,2.0,6.0,0.2571428571428571,171.0,0.3157894736842105,0.4791127195207551,0.4791127195207551,0.4011686829747644,0.5367063880083812,0.8829041333865993,1453,False,0.0,False,0.0446285971621038,14.157014157014158,23.1016731016731,16.19122876333465,30.197550375345713,46.60213354405373,,25.6,2024-08-30,230916,2020/2021,3,2087,43,6.65,2087.0,0.12000000000000001,0.16,0.14,18.3,32.0,4.0,0.1,0.6,0.7,0.5,1.8,3.7,,,,,0.6
123682,Callum Wilson,2020-09-07,Bournemouth,Newcastle,Attack,Centre-Forward,right,180.0,28.528405201916495,22250000.0,20000000.0,20000000,8000000.0,25000000.0,1.1125,1.265161575918548,564750000.0,714500000.0,GB1,GB1,33.0,2597.0,8.0,2.0,0.346553715825953,0.2772429726607624,78.6969696969697,121.0,7145.0,49.0,11.0,0.7557732680195941,210.0,0.5761904761904761,0.4791127195207551,0.4791127195207551,0.7233239730571176,1.5774435476803368,0.9558678145893252,1790,False,0.0,False,0.0355269992610382,86.67953667953668,89.76833976833977,38.82062425918609,57.19478467009087,62.60371394705649,,68.9,2025-08-02,184321,2020/2021,5,5858,119,6.809782608695652,5858.0,0.7446462436177971,0.7405908096280088,0.06989302212496962,7.940408460977389,52.0,8.0,0.8583029418915633,0.39372720641867254,0.10833941162168734,0.3083394116216873,1.4669341113542427,1.8583758813518114,,,,,1.0895210308777048
88103,James Rodríguez,2020-09-07,Real Madrid,Everton,Midfield,Attacking Midfield,left,181.0,29.15811088295688,0.0,32000000.0,32000000,20000000.0,35000000.0,0.0,0.3594152885752505,1289525000.0,463475000.0,ES1,GB1,13.0,671.0,1.0,2.0,0.4023845007451564,0.1341281669150521,51.61538461538461,25.0,1956.0,6.0,8.0,0.6441717791411044,47.0,0.5319148936170213,0.2020189003735634,0.2355486301266244,1.9918161122602231,2.734771918625956,1.4554899848156948,380,False,8000000.0,True,0.1269931914720592,96.4830789648308,94.82415394824154,39.61675227182931,28.73567759778743,99.05175819834058,96.63029525032093,79.6,2021-09-22,164684,,1,1775,23,7.24,1775.0,0.3,0.14,0.24,43.5,40.0,11.0,1.7,1.4,0.8,0.1,2.2,6.2,,,,,0.9
127187,Abdoulaye Doucouré,2020-09-08,Watford,Everton,Midfield,Attacking Midfield,right,183.0,27.685147159479808,22000000.0,20000000.0,20000000,7000000.0,25000000.0,1.1,10.225592939878654,45325000.0,463475000.0,GB1,GB1,33.0,2826.0,4.0,2.0,0.1910828025477706,0.1273885350318471,85.63636363636364,161.0,12456.0,20.0,14.0,0.245664739884393,209.0,0.7703349282296651,0.2355486301266244,0.2355486301266244,0.8112244271811297,1.042947011631231,0.9314522479970014,1802,False,0.0,False,0.0352740191722116,56.8679495686795,64.10086264100863,37.44172263927301,77.3962860529435,32.1612011062821,,49.1,2025-08-15,352887,2020/2021,4,9280,120,6.95376077586207,9280.0,0.16286206896551722,0.1690560344827586,0.054939655172413795,26.136303879310343,103.0,13.0,0.8504633620689657,1.9331250000000002,0.6306034482758621,0.7645150862068966,3.4998275862068966,5.886390086206897,,,,,1.564040948275862
346018,Jamal Lewis,2020-09-08,Norwich,Newcastle,Defender,Left-Back,left,178.0,22.62012320328542,16500000.0,11000000.0,11000000,2500000.0,17000000.0,1.5,15.042105263157897,47500000.0,714500000.0,GB1,GB1,28.0,2363.0,1.0,0.0,0.0380871773169699,0.0380871773169699,84.39285714285714,32.0,2175.0,0.0,1.0,0.0413793103448275,210.0,0.1523809523809524,0.09624713860549,0.09624713860549,0.3957226975140167,0.4299276938968374,0.8447629042976617,1757,False,,False,0.0362445088442945,22.028811524609843,33.01320528211284,41.764124851837224,15.057289608850256,5.649940734887396,,20.8,2025-07-01,864983,2020/2021,2,272,7,,272.0,,,,,1.0,,,,,,,,,,,,
206746,Kenny Tete,2020-09-10,Lyon,Fulham,Defender,Right-Back,right,180.0,24.922655715263517,3200000.0,5500000.0,5500000,8000000.0,15000000.0,0.5818181818181818,1.3092111857271724,249425000.0,326550000.0,FR1,GB1,20.0,1085.0,0.0,0.0,0.0,0.0,54.25,123.0,9310.0,3.0,8.0,0.1063372717508055,219.0,0.5616438356164384,0.0906137250941025,0.09624713860549,0.0,1.1048356687950414,0.7114919094011505,2178,True,,False,0.0291288282314512,58.58343337334934,74.00960384153662,80.09877518767286,56.463848281311726,59.69972342947452,,65.2,2026-08-28,469804,,5,8496,111,7.073593340325117,8496.0,0.03821616670483169,0.03871657052962769,0.06455689564761406,32.452910330361824,64.0,7.0,0.563371788148925,2.970752490823283,1.6204247509176717,2.924187205034085,7.986326691137912,4.4902726796014685,,,,,1.585304142632407
111873,Emiliano Martínez,2020-09-16,Arsenal,Aston Villa,Goalkeeper,Goalkeeper,right,195.0,28.03832991101985,17400000.0,8000000.0,8000000,12000000.0,35000000.0,2.175,0.3906457110395758,1320250000.0,515750000.0,GB1,GB1,22.0,1940.0,0.0,0.0,0.0,0.0,88.18181818181819,245.0,21635.0,0.0,1.0,0.0041599260457591,283.0,0.8657243816254417,0.0039623389120549,0.0039623389120549,0.0,0.0831985209151837,0.0697719229727917,2172,True,,False,0.0292041171114436,82.38805970149254,82.38805970149254,85.60450414855788,90.20150138285264,36.92216515211379,,68.0,2026-08-28,610184,2020/2021,5,6256,122,6.835832657694179,6256.0,0.22471139615194868,0.19763525735898704,0.16093405689853643,29.756372307186318,121.0,21.0,1.1367209340568984,2.0422956750534453,0.6351422463410623,0.613369511593488,5.070860055911856,5.275892123006084,,,,,1.4945403716494
60444,Thiago Alcántara,2020-09-18,Bayern Munich,Liverpool,Midfield,Central Midfield,right,174.0,29.440109514031484,22000000.0,48000000.0,48000000,10000000.0,48000000.0,0.4583333333333333,1.0043737181546368,1011725000.0,1016150000.0,L1,GB1,34.0,2459.0,3.0,1.0,0.1464009760065067,0.10980073200488,72.32352941176471,97.0,6489.0,3.0,6.0,0.1248266296809986,214.0,0.4532710280373832,0.2678347608424593,0.2355486301266244,0.5466093181706907,0.52993995173691,0.8139956331432621,1389,False,,False,0.0468836818329485,28.400796284007964,37.69077637690776,22.82694587119715,46.33741604109048,32.240221256420384,,31.9,2024-07-08,172949,,4,4650,68,7.384936596874079,4650.0,0.05452079032733707,0.0871247419640224,0.10547920967266293,76.31790032438809,76.0,7.0,1.4191683869065173,2.9095841934532585,1.5,0.5904158065467413,5.035623709820113,7.4,,,,,1.7575051607195518
131996,Bertrand Traoré,2020-09-19,Lyon,Aston Villa,Attack,Right Winger,left,181.0,25.037645448323065,18400000.0,9500000.0,9500000,10000000.0,20000000.0,1.936842105263158,2.0677558384283854,249425000.0,515750000.0,FR1,GB1,22.0,1060.0,2.0,1.0,0.2547169811320754,0.1698113207547169,48.18181818181818,56.0,2805.0,9.0,8.0,0.5454545454545454,150.0,0.3733333333333333,0.4766053917119471,0.4791127195207551,0.5344399907377095,1.138468095775354,0.9130882263145788,1230,False,0.0,False,0.0534208052190394,60.68211068211068,70.01287001287001,71.33544053733702,33.47491110233109,22.026866851047014,,51.9,2024-02-01,303059,,4,2782,55,7.01,2782.0,0.27,0.25,0.13,21.0,36.0,6.0,2.0,1.0,0.6,0.5,2.1,4.6,,,,,1.2
255906,Scott McKenna,2020-09-23,Aberdeen FC,Nott'm Forest,Defender,Centre-Back,left,189.0,23.863107460643395,3270000.0,2000000.0,2000000,9000000.0,10000000.0,1.635,9.984262589928058,55600000.0,555125000.0,SC1,GB1,31.0,2737.0,1.0,0.0,0.0328827183047131,0.0328827183047131,88.29032258064517,28.0,2188.0,0.0,0.0,0.0,89.0,0.3146067415730337,0.1119084897458383,0.09624713860549,0.2938357793889899,0.0,0.810449555503761,1415,False,0.0,False,0.045943664027096,6.602641056422569,13.085234093637457,94.4666139865666,18.64875543263533,1.50138285262742,,29.2,2024-08-08,551805,,2,1990,25,6.41,1990.0,,0.02,0.02,31.8,11.0,2.0,0.3,0.7,0.7,4.7,6.9,3.9,,,,,0.5
231572,Nélson Semedo,2020-09-23,Barcelona,Wolves,Defender,Right-Back,right,179.0,26.85284052019165,32000000.0,40000000.0,40000000,9000000.0,35000000.0,0.8,0.2367866897400079,1199075000.0,283925000.0,ES1,GB1,36.0,2499.0,1.0,5.0,0.2160864345738295,0.0360144057623049,69.41666666666667,177.0,14632.0,3.0,9.0,0.0738108255877528,206.0,0.8592233009708737,0.0909966967446702,0.09624713860549,2.3746624031875743,0.7668885190478032,1.511227742104905,1771,False,0.0,False,0.035936147855571,40.15606242496999,15.546218487394958,14.75898854207823,88.42749901224813,31.23271434215725,,36.6,2025-07-30,470834,,5,13743,165,6.924557956777995,13743.0,0.03,0.03872662446336317,0.05641708506148584,33.30801862766499,99.0,6.0,1.4206432365567927,2.3158044095175723,0.9648257294622716,2.361594993815033,5.986058356981736,5.41966819471731,,,,,1.3537000654878848
442531,Edouard Mendy,2020-09-24,Stade Rennais,Chelsea,Goalkeeper,Goalkeeper,right,194.0,28.566735112936342,24000000.0,7000000.0,7000000,12000000.0,32000000.0,3.4285714285714284,3.3092250413678985,362600000.0,1199925000.0,FR1,GB1,24.0,2075.0,0.0,0.0,0.0,0.0,86.45833333333333,102.0,9209.0,0.0,0.0,0.0,161.0,0.6335403726708074,0.0025413936551001,0.0039623389120549,0.0,0.0,0.0697719229727917,1010,False,18500000.0,True,0.0651658921434221,40.8955223880597,37.46268656716418,87.57013038324772,59.30067167127618,7.921770051363097,34.403080872913996,46.9,2023-07-01,773229,,3,6660,75,6.687984496124031,6660.0,,,0.0,21.85891472868217,,,,0.0,0.0,0.5581395348837209,0.5581395348837209,6.589147286821706,31.0,2.0054263565891475,69.86899224806201,0.8527131782945736,0.0
246291,Diego Llorente,2020-09-24,Real Sociedad,Leeds,Defender,Centre-Back,right,186.0,27.107460643394933,20000000.0,20000000.0,20000000,7000000.0,20000000.0,1.0,1.429258302911584,280775000.0,401300000.0,ES1,GB1,28.0,2238.0,1.0,2.0,0.1206434316353887,0.0402144772117962,79.92857142857143,55.0,4480.0,4.0,0.0,0.0803571428571428,124.0,0.4435483870967742,0.0909966967446702,0.09624713860549,1.3258001218868969,0.8349042269871618,1.1579932154616246,1384,False,3250000.0,True,0.0470683217815547,43.99759903961585,38.71548619447779,26.12208613196365,36.96957724219675,26.886606084551563,5.840821566110398,30.6,2024-07-09,420568,,3,4196,51,6.91,4196.0,0.11999999999999998,0.04,0.01,42.4,6.0,1.0,0.3,2.0,1.5,2.9,7.1,6.6,,,,,0.9000000000000001
258004,Rúben Dias,2020-09-29,Benfica,Man City,Defender,Centre-Back,right,187.0,23.378507871321013,71600000.0,35000000.0,35000000,55000000.0,80000000.0,2.045714285714286,4.352654764664966,323475000.0,1407975000.0,PO1,GB1,37.0,3330.0,4.0,3.0,0.1891891891891892,0.1081081081081081,90.0,250.0,20592.0,6.0,5.0,0.048076923076923,345.0,0.7246376811594203,0.1007013875396326,0.09624713860549,1.878714820237514,0.4995153494794986,1.3442031357037687,2159,True,,False,0.029369380006964,25.210084033613445,12.184873949579831,78.25958119320427,74.4290794152509,4.306598182536547,,38.0,2026-08-28,614006,,7,14391,172,7.154324230421791,14391.0,0.05749323226854358,0.0584538947953582,0.041836564519491345,81.51900493363908,43.0,6.0,0.18075038026026702,0.8897505385310263,0.9552984504204018,2.9819609478146063,5.467090542700299,3.8549440622611355,,,,,0.7498346351417915
192875,William Troost-Ekong,2020-09-29,Udinese,Watford,Defender,Centre-Back,right,191.0,27.077344284736483,,3200000.0,3200000,2500000.0,5000000.0,,0.2130384714812813,212755000.0,45325000.0,IT1,GB1,26.0,2217.0,0.0,0.0,0.0,0.0,85.26923076923077,19.0,1554.0,0.0,0.0,0.0,41.0,0.4634146341463415,0.0979603049171636,0.09624713860549,0.0,0.0,0.7114919094011505,1008,False,1000000.0,True,0.0652897190492255,6.602641056422569,17.97719087635054,57.107862504938765,20.97787435796128,38.41367048597392,70.60333761232349,36.2,2023-07-04,466884,,1,1388,17,,1388.0,,,,,1.0,,,,,,,,,,,,
475411,Wesley Fofana,2020-10-02,Saint-Étienne,Leicester,Defender,Centre-Back,right,188.0,19.79192334017796,35000000.0,10000000.0,10000000,65000000.0,65000000.0,3.5,1.9816533257774311,70585000.0,139875000.0,FR1,GB1,20.0,1710.0,1.0,0.0,0.0526315789473684,0.0526315789473684,85.5,47.0,3895.0,0.0,1.0,0.0231065468549422,108.0,0.4351851851851852,0.0906137250941025,0.09624713860549,0.5808345136756093,0.2400751564122262,0.9071046301120664,698,False,80400000.0,True,0.0892308744836569,15.006002400960384,21.248499399759904,96.59225602528645,33.99841959699724,1.244567364677993,74.32605905006419,37.6,2022-08-31,917802,,3,4261,52,7.1,4261.0,,0.04,0.02,58.0,10.0,,0.6,2.0,2.4,3.7000000000000006,8.7,7.2,,,,,1.5
48280,Edinson Cavani,2020-10-05,PSG,Man Utd,Attack,Centre-Forward,right,184.0,33.63997262149213,0.0,20000000.0,20000000,5000000.0,12000000.0,0.0,0.5406701965104296,1407050000.0,760750000.0,FR1,GB1,14.0,538.0,3.0,2.0,0.8364312267657993,0.5018587360594795,38.42857142857143,58.0,3004.0,18.0,7.0,0.7490013315579228,106.0,0.5471698113207547,0.4766053917119471,0.4791127195207551,1.7549764255947091,1.5633092193985807,1.189522710151404,693,False,0.0,False,0.0897063593962539,86.03603603603604,79.66537966537966,4.385618332674832,44.330304227578026,96.16752271829316,,67.5,2022-08-29,49677,,2,2132,41,6.839999999999999,2132.0,0.66,0.53,0.10999999999999999,17.1,21.0,6.0,0.4,0.8,0.4,0.7,1.9,2.7,,,,,1.4
230784,Thomas Partey,2020-10-05,Atlético,Arsenal,Midfield,Defensive Midfield,right,185.0,27.312799452429843,50000000.0,40000000.0,40000000,8000000.0,50000000.0,1.25,2.5453055716213613,518700000.0,1320250000.0,ES1,GB1,41.0,3257.0,2.0,1.0,0.0828983727356463,0.0552655818237642,79.4390243902439,161.0,11438.0,9.0,7.0,0.1258961356880573,242.0,0.6652892561983471,0.2020189003735634,0.2355486301266244,0.4103495889857568,0.5344804409194784,0.753513045467899,1767,False,0.0,False,0.0360236487913468,29.1970802919708,42.070338420703386,33.866060845515605,66.69300671671277,11.299881469774792,,31.1,2025-08-07,434325,,5,9638,130,7.370701694915254,9638.0,0.1120967741935484,0.0883175141242938,0.07015706214689267,54.57990960451977,81.0,7.0,1.2627457627118646,2.5060790960451977,1.0836271186440678,1.3362937853107346,5.174960451977402,6.64864406779661,,,,,1.3428813559322035
343475,Ben Godfrey,2020-10-05,Norwich,Everton,Defender,Centre-Back,right,184.0,22.72142368240931,27500000.0,16000000.0,16000000,10000000.0,25000000.0,1.71875,9.757368421052632,47500000.0,463475000.0,GB1,GB1,24.0,2166.0,0.0,0.0,0.0,0.0,90.25,91.0,7450.0,0.0,3.0,0.036241610738255,164.0,0.5548780487804879,0.09624713860549,0.09624713860549,0.0,0.3765474097552838,0.7114919094011505,1365,False,12500000.0,True,0.0477815932660892,19.267707082833137,37.87515006002401,52.89213749506124,52.018964836033184,3.812722244172264,18.645699614890887,28.4,2024-07-01,662936,2020/2021,3,3954,51,6.57,3954.0,,0.06,0.03,23.9,18.0,,0.4,2.1,0.7,4.0,7.6,4.2,,,,,0.8
411295,Raphinha,2020-10-05,Stade Rennais,Leeds,Attack,Left Winger,left,176.0,23.808350444900753,18600000.0,16000000.0,16000000,45000000.0,45000000.0,1.1625,1.1067291781577495,362600000.0,401300000.0,FR1,GB1,26.0,1990.0,6.0,5.0,0.4974874371859297,0.271356783919598,76.53846153846153,67.0,5364.0,17.0,12.0,0.4865771812080536,74.0,0.9054054054054054,0.4766053917119471,0.4791127195207551,1.0438141192632653,1.015579761052399,1.0284543639221726,646,False,58000000.0,True,0.0943386531035363,49.67824967824968,50.77220077220077,86.61201106282101,81.27617542473331,26.11615962070328,82.86264441591784,57.0,2022-07-13,696679,,2,5285,65,7.362355723746453,5285.0,0.2908174077578051,0.269759697256386,0.2212980132450331,23.436537369914856,129.0,22.0,1.989422894985809,1.4658656575212867,0.9894228949858089,0.889422894985809,3.2894228949858086,4.831731315042573,,,,,0.8870198675496688
255755,Alex Telles,2020-10-05,Porto,Man Utd,Defender,Left-Back,left,181.0,27.805612594113622,15000000.0,40000000.0,40000000,7500000.0,40000000.0,0.375,1.7471435953378882,435425000.0,760750000.0,PO1,GB1,36.0,2966.0,12.0,9.0,0.6372218476062036,0.3641267700606878,82.38888888888889,48.0,3631.0,1.0,8.0,0.2230790415863398,158.0,0.3037974683544304,0.1007013875396326,0.09624713860549,6.3278358240636425,2.3177732327266845,2.8425725401372106,1021,False,4600000.0,True,0.064490871088974,90.21608643457382,27.43097238895558,22.22244172263927,27.9217700513631,89.05570920584749,11.681643132220795,54.9,2023-07-23,428672,,2,2351,30,7.14,2351.0,,0.02,0.12,40.7,38.0,3.0,0.7,2.6,1.4,2.3,6.6,5.4,,,,,1.2
67063,Danny Welbeck,2020-10-18,Watford,Brighton,Attack,Centre-Forward,right,185.0,29.894592744695416,0.0,5500000.0,5500000,3000000.0,8000000.0,0.0,12.69277440706012,45325000.0,575300000.0,GB1,GB1,14.0,611.0,2.0,1.0,0.44189852700491,0.2945990180032733,43.642857142857146,198.0,12041.0,50.0,17.0,0.5007889710156964,255.0,0.7764705882352941,0.4791127195207551,0.4791127195207551,0.9223268533695588,1.045242488065488,1.0009391921657402,2140,True,,False,0.0296162705102123,52.57400257400258,55.98455598455598,48.00671671276176,79.32240221256421,81.17344922955354,,62.0,2026-08-28,113836,2020/2021,5,9421,152,6.847157414287231,9421.0,0.3816484449633797,0.4139995754166224,0.06261224923044263,17.24501645260588,113.0,17.0,0.6143084598237979,1.0923574992039062,0.31794926228638143,0.9555461203693875,2.902674875278633,1.9653964547287974,,,,,0.9025156565120476
174094,Morgan Sanson,2021-01-26,Marseille,Aston Villa,Midfield,Central Midfield,right,180.0,26.442162902121833,15800000.0,20000000.0,20000000,8000000.0,18000000.0,0.79,1.037413255556673,497150000.0,515750000.0,FR1,GB1,26.0,1859.0,4.0,5.0,0.4357181280258203,0.193652501344809,71.5,22.0,720.0,1.0,0.0,0.125,155.0,0.1419354838709677,0.2109459846919036,0.2355486301266244,2.0655435971545364,0.5306759794476558,1.488215934704764,1252,False,4000000.0,True,0.0524292975033153,28.5335102853351,4.777704047777041,20.91663374160411,8.700118530225208,24.298696167522717,9.499358151476253,19.8,2024-07-01,883080,,1,640,11,,640.0,,,,,9.0,1.0,,,,,,,,,,,
14086,Ashley Young,2021-07-01,Inter,Aston Villa,Defender,Right-Back,both,175.0,35.97809719370294,0.0,1000000.0,1000000,600000.0,1000000.0,0.0,0.8003445011716144,644410000.0,515750000.0,IT1,GB1,48.0,2942.0,4.0,8.0,0.3670972127804215,0.1223657375934738,61.291666666666664,54.0,3295.0,1.0,2.0,0.0819423368740516,78.0,0.6923076923076923,0.0979603049171636,0.09624713860549,3.747407820860125,0.8513742648488207,1.9735392261368951,742,False,0.0,False,0.0851840110043511,44.83793517406963,4.8019207683073235,33.17463453180561,54.63255630185698,76.21493480837613,,51.7,2023-07-13,23354,,2,3278,53,6.88569249542404,3278.0,0.04,0.02378279438682123,0.030000000000000002,31.96516168395363,27.0,2.0,0.513483831604637,1.8595485051860892,0.8999999999999999,2.259548505186089,5.543441122635754,5.421720561317877,,,,,1.1378279438682124
448854,Emmanuel Dennis,2021-07-01,Club Brugge,Watford,Attack,Centre-Forward,right,175.0,23.6249144421629,4000000.0,5000000.0,5000000,14000000.0,14000000.0,0.8,0.1581058690154356,286675000.0,45325000.0,BE1,GB1,13.0,778.0,1.0,3.0,0.4627249357326478,0.1156812339331619,59.84615384615385,33.0,2590.0,10.0,6.0,0.555984555984556,39.0,0.8461538461538461,0.4819920768254938,0.4791127195207551,0.9600260211334932,1.160446244342446,1.0094775280025745,408,False,14800000.0,True,0.1229697535566955,62.998712998713,64.15701415701416,86.49348083761359,63.09363887791386,55.84749111023311,86.77792041078305,68.5,2022-08-13,769673,,2,3304,52,6.849999999999999,3304.0,0.32835956416464895,0.25350786924939467,0.0656719128329298,13.981325665859563,40.0,8.0,2.421640435835351,1.8649213075060531,0.45671912832929784,0.4,2.8216404358353513,4.408202179176755,,,,,2.056719128329298
357119,Ibrahima Konaté,2021-07-01,Leipzig,Liverpool,Defender,Centre-Back,right,194.0,22.102669404517453,40000000.0,35000000.0,35000000,45000000.0,60000000.0,1.1428571428571428,1.7394616339281894,584175000.0,1016150000.0,L1,GB1,21.0,1289.0,1.0,0.0,0.0698215671062839,0.0698215671062839,61.38095238095238,175.0,14443.0,7.0,4.0,0.0685453160700685,272.0,0.6433823529411765,0.1242136398981505,0.09624713860549,0.5621086956596264,0.7121803002479979,0.9007981725524704,1826,False,,False,0.0347803571884161,37.5750300120048,47.35894357743097,69.99604899249309,65.49980244962465,18.253654681943896,,44.0,2026-07-01,820140,,5,9777,118,7.124400221116639,9777.0,0.03452780229479259,0.04926064123825318,0.03,61.31557490326147,27.0,6.0,0.14342177998894415,1.5948175787728027,0.7942371475953566,4.545591487009398,7.606592039800995,3.8776395798783856,,,,,1.0513957987838585
291739,Milot Rashica,2021-07-01,Werder Bremen,Norwich,Attack,Right Winger,right,178.0,25.00752908966461,11000000.0,9000000.0,9000000,8500000.0,8500000.0,1.2222222222222223,0.2373516552154903,200125000.0,47500000.0,L1,GB1,26.0,1606.0,3.0,5.0,0.448318804483188,0.1681195516811955,61.76923076923077,34.0,2427.0,2.0,2.0,0.1483312731767614,43.0,0.7906976744186046,0.543236014295955,0.4791127195207551,0.825274452880703,0.3095957738820493,0.9789581767137888,776,False,5250000.0,True,0.0822196424857448,6.306306306306306,7.207207207207207,37.502963255630185,57.21058870011853,3.397866455946266,19.319640564826702,17.0,2023-08-16,660165,,1,2236,31,6.57,2236.0,0.04,0.11,0.1,13.1,36.0,1.0,0.6,1.2,0.6,0.9,2.9,4.4,,,,,0.9
295630,Dimitrios Giannoulis,2021-07-01,PAOK,Norwich,Defender,Left-Back,left,178.0,25.7056810403833,7500000.0,7000000.0,7000000,2800000.0,7000000.0,1.0714285714285714,0.453568870852232,104725000.0,47500000.0,GR1,GB1,20.0,1673.0,1.0,4.0,0.2689778840406455,0.0537955768081291,83.65,20.0,1301.0,0.0,1.0,0.0691775557263643,48.0,0.4166666666666667,0.0825280747549176,0.09624713860549,3.2592288725918435,0.7187492192356812,1.8091309308029089,1118,False,0.0,False,0.0589585500179506,37.935174069627855,5.762304921968788,27.50098775187673,18.757408139075466,20.347688660608455,,23.4,2024-07-23,670009,,1,1166,18,,1166.0,,,,,9.0,,,,,,,,,,,,
318523,Romain Perraud,2021-07-02,Stade Brestois,Southampton,Defender,Left-Back,left,173.0,23.77549623545517,12000000.0,8000000.0,8000000,5000000.0,12000000.0,1.5,1.3324538258575198,113700000.0,151500000.0,FR1,GB1,36.0,3140.0,3.0,7.0,0.286624203821656,0.0859872611464968,87.22222222222223,55.0,4001.0,5.0,3.0,0.1799550112471882,88.0,0.625,0.0906137250941025,0.09624713860549,3.1631433706537955,1.8697180389415071,1.7767713756930814,1095,False,3500000.0,True,0.0602046855553222,83.13325330132054,61.944777911164465,51.57052548399842,48.98261556696958,47.372580007902016,11.10397946084724,52.6,2024-07-01,815465,,2,3462,49,6.620407279029462,3462.0,0.1,0.04591854419410745,0.0618370883882149,22.65103986135182,23.0,5.0,0.45306181398035816,2.2714326978625072,0.9530618139803582,1.8877527440785673,5.459185441941074,4.565309069901791,,,,,1.5938763720392837
374139,Junior Firpo,2021-07-06,Barcelona,Leeds,Defender,Left-Back,left,184.0,24.870636550308006,15000000.0,8000000.0,8000000,8000000.0,12000000.0,1.875,0.3346746450388841,1199075000.0,401300000.0,ES1,GB1,21.0,961.0,1.0,1.0,0.1873048907388137,0.0936524453694068,45.76190476190476,48.0,3512.0,2.0,4.0,0.15375854214123,90.0,0.5333333333333333,0.0909966967446702,0.09624713860549,2.0583702204529137,1.5975388397932029,1.4047072565834893,1472,False,0.0,False,0.0439962764779889,77.19087635054022,66.26650660264104,61.16357171078625,40.30817858553931,33.70209403397866,,50.7,2025-07-17,743192,,2,3082,43,6.65,3082.0,0.07,0.032258273848150554,0.06669370538611291,29.163757300454254,30.0,4.0,0.6225827384815056,3.1,1.433062946138871,1.788708630759247,6.6661258922777415,5.143543153796236,,,,,1.8225827384815056
91059,Joshua King,2021-07-09,Everton,Watford,Attack,Centre-Forward,right,180.0,29.481177275838466,0.0,8000000.0,8000000,8000000.0,8000000.0,0.0,0.0977938400129456,463475000.0,45325000.0,GB1,GB1,11.0,138.0,0.0,0.0,0.0,0.0,12.545454545454543,32.0,2249.0,5.0,3.0,0.3201422854602045,39.0,0.8205128205128205,0.4791127195207551,0.4791127195207551,0.0,0.6681982598592563,0.7920450204240101,369,False,0.0,False,0.1286165055398327,21.943371943371943,41.63449163449163,43.6448044251284,59.446858949032,54.60292374555512,,41.0,2022-07-13,185236,,2,2387,43,6.68,2387.0,0.2,0.36,0.09,14.600000000000001,35.0,6.0,1.2,0.8,0.3,1.2,2.4,3.3,,,,,1.7
535955,Nuno Tavares,2021-07-10,Benfica,Arsenal,Defender,Left-Back,left,183.0,21.453798767967147,8000000.0,7000000.0,7000000,25000000.0,25000000.0,1.1428571428571428,4.081459154494165,323475000.0,1320250000.0,PO1,GB1,23.0,1179.0,0.0,2.0,0.1526717557251908,0.0,51.26086956521739,23.0,1206.0,1.0,1.0,0.1492537313432836,192.0,0.1197916666666666,0.1007013875396326,0.09624713860549,1.5160839334523015,1.5507342192796376,1.2220767594163495,1452,False,5580000.0,True,0.0446623349611632,75.87034813925571,71.30852340936374,90.4978269458712,8.755432635322007,51.48162781509284,29.910141206675224,58.2,2025-07-01,957118,,2,1625,30,,1625.0,0.08,0.14,0.08,37.0,12.0,1.0,1.4,1.6,0.7,2.3,5.0,5.2,,,,,1.8
377393,Pierre Lees-Melou,2021-07-13,Nice,Norwich,Midfield,Defensive Midfield,right,185.0,28.13415468856947,3900000.0,7000000.0,7000000,5000000.0,7000000.0,0.5571428571428572,0.227028318795555,209225000.0,47500000.0,FR1,GB1,30.0,2145.0,4.0,2.0,0.2517482517482518,0.1678321678321678,71.5,36.0,2542.0,1.0,1.0,0.07081038552321,41.0,0.8780487804878049,0.2109459846919036,0.2355486301266244,1.1934251894670656,0.3006189655407649,1.1011024539149628,375,False,2300000.0,True,0.1277280319413585,14.93032514930325,8.22826808228268,36.52113789016199,68.38008692216515,21.29593046226788,25.09627727856226,27.0,2022-07-23,660462,,1,2270,33,6.81,2270.0,0.04,0.07,0.1,31.2,25.0,2.0,0.8,2.3,1.0,0.8,4.5,7.2,,,,,1.4
249994,José Sá,2021-07-15,Olympiacos,Wolves,Goalkeeper,Goalkeeper,right,192.0,28.490075290896645,8000000.0,7500000.0,7500000,3500000.0,18000000.0,1.0666666666666669,1.5786766750069503,179850000.0,283925000.0,GR1,GB1,38.0,3420.0,0.0,0.0,0.0,0.0,90.0,167.0,14903.0,0.0,1.0,0.006039052539757,211.0,0.7914691943127962,0.0021457062949887,0.0039623389120549,0.0,0.1207810507951419,0.0697719229727917,1870,True,,False,0.0339163772349198,83.5820895522388,83.28358208955224,57.44172263927301,80.26866851047018,61.63571710786251,,66.0,2026-08-28,416175,,5,14242,160,6.784875719702288,14242.0,,0.0,0.0,16.72036933015026,8.0,2.0,0.14286887939533355,0.05260621206711889,0.1,1.0150119365257688,1.052611992697655,9.099599775312456,37.0,3.143526190141834,67.51247718017133,1.50157281280719,0.0645281366323626
381967,Albert Sambi Lokonga,2021-07-19,RSC Anderlecht,Arsenal,Midfield,Central Midfield,right,183.0,21.741273100616016,17500000.0,12000000.0,12000000,6000000.0,16000000.0,1.4583333333333333,7.741131632952213,170550000.0,1320250000.0,BE1,GB1,27.0,2385.0,3.0,2.0,0.1886792452830188,0.1132075471698113,88.33333333333333,34.0,2003.0,0.0,0.0,0.0,195.0,0.1743589743589743,0.2515480818773713,0.2355486301266244,0.7500722878697968,0.0,0.9043082073508186,1505,False,300000.0,True,0.0429363762679882,3.64963503649635,5.57398805573988,44.12682734097196,16.957724219676017,1.5408929276965626,0.1925545571245186,12.3,2025-09-01,901495,,3,3173,51,,3173.0,,0.05,0.09,57.4,29.0,3.0,0.2,1.7,1.0,0.9,4.2,5.7,,,,,1.0
421637,Frank Onyeka,2021-07-20,Midtjylland,Brentford,Midfield,Central Midfield,right,183.0,23.548254620123203,10000000.0,6000000.0,6000000,8000000.0,10000000.0,1.6666666666666667,3.7535314724827664,132735000.0,498225000.0,DK1,GB1,31.0,2546.0,2.0,3.0,0.1767478397486253,0.0706991358994501,82.12903225806451,81.0,3632.0,1.0,6.0,0.1734581497797356,206.0,0.3932038834951456,0.2138141840297659,0.2355486301266244,0.8266422573912098,0.7364005882203152,0.9382958713699748,1865,True,,False,0.0340119563744665,41.87126741871268,43.662906436629065,69.39747135519559,40.663769261161605,12.544448834452783,,38.4,2026-08-28,856685,,6,3249,76,6.609598470363288,3249.0,0.08,0.11895669291338584,0.07833652007648183,21.51529636711281,24.0,4.0,0.9829724409448819,2.3360420650095604,1.445602294455067,1.3417322834645669,5.559847036328872,5.639388145315488,,,,,2.1521032504780115
61842,Andros Townsend,2021-07-20,Crystal Palace,Everton,Attack,Right Winger,left,181.0,30.012320328542096,0.0,7000000.0,7000000,1500000.0,7000000.0,0.0,0.9998705599361428,463535000.0,463475000.0,GB1,GB1,37.0,2444.0,1.0,5.0,0.220949263502455,0.0368248772504091,66.05405405405405,25.0,1636.0,5.0,3.0,0.4400977995110024,81.0,0.3086419753086419,0.4791127195207551,0.4791127195207551,0.4611634266847793,0.9185683902343932,0.8964921062948752,711,False,,False,0.0880097376775843,42.53539253539253,53.79665379665379,22.902015013828525,16.59818253654682,74.25918609245358,,45.8,2023-07-01,166422,,2,3717,55,6.9227602905569015,3717.0,0.09883777239709443,0.10961259079903149,0.1560774818401937,19.972397094430992,71.0,9.0,1.721549636803874,2.6292978208232447,1.3861985472154963,0.3823244552058111,4.4978208232445525,6.237046004842615,,,,,0.9038740920096852
328658,Kristoffer Ajer,2021-07-21,Celtic,Brentford,Defender,Centre-Back,right,198.0,23.260780287474333,15700000.0,7000000.0,7000000,18000000.0,18000000.0,2.242857142857143,3.084316092487696,161535000.0,498225000.0,SC1,GB1,42.0,3663.0,1.0,2.0,0.0737100737100737,0.0245700245700245,87.21428571428571,122.0,8559.0,3.0,5.0,0.0841219768664563,206.0,0.5922330097087378,0.1119084897458383,0.09624713860549,0.6586638232495213,0.8740205484057683,0.9333158876016788,1864,True,,False,0.0340311508322539,46.578631452581035,54.32172869147659,84.99407348873962,58.34847886210984,11.912287633346503,,46.3,2026-08-28,552718,,6,7924,113,6.735929030455435,7924.0,0.07399214659685865,0.04725202570550432,0.07188600167644593,26.118901927912827,33.0,12.0,0.40546123372948495,1.6490639843531714,1.0336686225202572,4.010058675607712,7.292958927074602,3.3960463816708573,,,,,0.8974015088013412
292417,Demarai Gray,2021-07-22,Leverkusen,Everton,Attack,Left Winger,right,183.0,25.065023956194388,2000000.0,8000000.0,8000000,12000000.0,22000000.0,0.25,1.019926499713921,454420000.0,463475000.0,L1,GB1,12.0,555.0,1.0,2.0,0.4864864864864865,0.1621621621621621,46.25,71.0,5218.0,10.0,6.0,0.2759678037562285,86.0,0.8255813953488372,0.543236014295955,0.4791127195207551,0.8955343049502764,0.5759976567357101,0.9948710535330536,777,False,9300000.0,True,0.0821345267090335,16.216216216216218,17.696267696267697,80.62030817858555,73.74160410904781,28.07190833662584,90.37227214377408,42.0,2023-09-07,492586,,3,4876,68,6.821455331412103,4876.0,0.16415603128859613,0.19101276245368462,0.14,19.48987237546315,79.0,11.0,1.686496500617538,1.2000000000000002,0.5483120625771922,0.5,2.2999999999999994,3.6449361877315765,,,,,0.706751749691231
401173,Jadon Sancho,2021-07-23,Dortmund,Man Utd,Attack,Left Winger,right,180.0,21.32785763175907,85000000.0,100000000.0,100000000,18000000.0,90000000.0,0.85,1.4164688358236746,537075000.0,760750000.0,L1,GB1,38.0,2974.0,16.0,20.0,1.089441829186281,0.484196368527236,78.26315789473684,80.0,4877.0,12.0,6.0,0.3321714168546237,253.0,0.3162055335968379,0.543236014295955,0.4791127195207551,2.0054668698617486,0.6933053607653888,1.2462553030421102,1804,False,,False,0.0352322583802928,24.13127413127413,11.003861003861005,15.52350849466614,36.823389964440935,18.70802054523903,,20.3,2026-07-01,846381,,5,6313,112,7.001433381433382,6313.0,0.20026845637583893,0.15396825396825398,0.18498316498316503,34.49475709475709,145.0,20.0,2.035401635401635,0.7272246272246273,0.3786435786435786,0.3817700817700818,1.8645021645021644,5.015632515632515,,,,,0.32395382395382394
335721,Ben White,2021-07-30,Brighton,Arsenal,Defender,Right-Back,right,186.0,23.808350444900753,58500000.0,28000000.0,28000000,30000000.0,55000000.0,2.0892857142857144,2.294889622805493,575300000.0,1320250000.0,GB1,GB1,38.0,3375.0,0.0,0.0,0.0,0.0,88.8157894736842,186.0,13937.0,7.0,14.0,0.1356102461074836,254.0,0.7322834645669292,0.09624713860549,0.09624713860549,0.0,1.4089795091295148,0.7114919094011505,1855,True,,False,0.0342050885047986,71.42857142857143,83.49339735894358,69.16831291979454,74.11299881469775,28.19043856183327,,56.7,2026-08-28,776151,,7,14128,173,7.019209880582365,14128.0,0.08964368195315077,0.028387861933584165,0.07882872566661213,47.13175200392606,106.0,20.0,0.38000164798945285,1.4973989857680352,1.1531981024047113,2.183461475543923,5.428562080811386,4.545583183379683,,,,,0.7053656142646819
134294,Danny Ings,2021-08-04,Southampton,Aston Villa,Attack,Centre-Forward,right,177.0,29.032169746748803,29400000.0,22000000.0,22000000,16000000.0,22000000.0,1.3363636363636364,3.4042904290429044,151500000.0,515750000.0,GB1,GB1,32.0,2443.0,13.0,4.0,0.6262791649611134,0.4789193614408514,76.34375,50.0,2885.0,13.0,7.0,0.6239168110918544,59.0,0.847457627118644,0.4791127195207551,0.4791127195207551,1.3071645553212723,1.3022338703842873,1.0880995656390942,534,False,12000000.0,True,0.10665638413617,72.45817245817246,68.98326898326899,36.83326748320822,70.5294350059265,40.65586724614777,16.463414634146343,52.5,2023-01-20,214426,,2,3493,65,6.731763527054108,3493.0,0.38458917835671347,0.39913827655310624,0.05819639278557114,11.754509018036073,30.0,4.0,0.6819639278557116,1.1,0.2545090180360721,0.8545090180360722,2.354509018036072,2.3819639278557116,,,,,0.8454909819639279
387626,Leon Bailey,2021-08-04,Leverkusen,Aston Villa,Attack,Right Winger,left,178.0,23.98631074606434,32000000.0,35000000.0,35000000,14000000.0,42000000.0,0.9142857142857144,1.1349632498569606,454420000.0,515750000.0,L1,GB1,40.0,2778.0,13.0,11.0,0.7775377969762419,0.4211663066954644,69.45,148.0,7724.0,20.0,20.0,0.4660797514241326,244.0,0.6065573770491803,0.543236014295955,0.4791127195207551,1.4313075284302474,0.9727976996526848,1.1162162180496953,1850,True,,False,0.0343026505436506,46.33204633204633,39.96138996138996,36.90636112208613,61.37099960489924,31.52903990517582,,41.3,2026-08-28,215384,,5,4293,80,7.139199549041714,4293.0,0.24383131338115263,0.16391788276032648,0.09772198862231017,41.94264160277022,73.0,12.0,2.0540440267128366,1.6633687855552808,0.8510017313875836,1.3820430373485035,5.2150136037595844,6.443383626020282,,,,,0.977368290873114
203460,Jack Grealish,2021-08-05,Aston Villa,Man City,Attack,Left Winger,right,180.0,25.90280629705681,117500000.0,65000000.0,65000000,20000000.0,100000000.0,1.8076923076923077,2.7299563742123123,515750000.0,1407975000.0,GB1,GB1,26.0,2185.0,6.0,12.0,0.7414187643020596,0.2471395881006864,84.03846153846153,152.0,9592.0,17.0,22.0,0.365929941618015,291.0,0.5223367697594502,0.4791127195207551,0.4791127195207551,1.5474829494063167,0.763765867005255,1.1425283309984644,1849,True,,False,0.0343222432125665,29.53667953667954,20.527670527670526,43.71197155274596,55.9541683129198,6.282101935993678,,27.7,2026-08-28,312765,,6,7337,115,7.469292461236856,7337.0,0.17265793423386547,0.19328421339882657,0.23576749897666804,37.17406194569518,191.0,27.0,1.724300723154591,1.0574703233729021,0.44254332105334965,0.4097148314913358,3.1157866011734203,4.045995360895074,,,,,0.8297721380815937
393325,Josh Sargent,2021-08-09,Werder Bremen,Norwich,Attack,Centre-Forward,right,185.0,21.46748802190281,9500000.0,8000000.0,8000000,18000000.0,20000000.0,1.1875,0.2373516552154903,200125000.0,47500000.0,L1,GB1,37.0,2981.0,7.0,3.0,0.3019121100301912,0.2113384770211338,80.56756756756756,29.0,1770.0,3.0,2.0,0.2542372881355932,55.0,0.5272727272727272,0.543236014295955,0.4791127195207551,0.5557660060912483,0.5306419090478346,0.9179182714309644,1663,False,18650000.0,True,0.038475285525121,13.77091377091377,20.077220077220076,83.26155669695773,31.025286448044252,5.966021335440538,69.38382541720154,29.7,2026-02-27,848011,,1,1578,26,6.47,1578.0,0.11000000000000001,0.16,0.07,16.3,11.0,,0.9,1.5,0.6,1.0,3.2,4.0,,,,,0.5
388165,Yoane Wissa,2021-08-10,FC Lorient,Brentford,Attack,Centre-Forward,right,176.0,24.933607118412045,10000000.0,10000000.0,10000000,42000000.0,42000000.0,1.0,2.98875224955009,166700000.0,498225000.0,FR1,GB1,38.0,2685.0,10.0,5.0,0.5027932960893855,0.3351955307262569,70.65789473684211,143.0,8616.0,45.0,12.0,0.5954038997214485,165.0,0.8666666666666667,0.4766053917119471,0.4791127195207551,1.0549467228714566,1.2427219638773452,1.03097574341098,1483,False,57700000.0,True,0.0436376432022515,68.53281853281852,68.79021879021879,93.01461872777558,87.69063611220861,50.43461082576057,93.45314505776636,71.7,2025-09-01,666857,,5,8828,156,7.00873720958228,8828.0,0.46579632985953784,0.42570910738559126,0.06664363389216131,12.811304938830991,84.0,14.0,0.7631513366560941,0.8657906660625282,0.31073793186469245,0.5612709560489353,2.04404168554599,3.2909039420027186,,,,,1.092183960126869
451677,Christos Tzolis,2021-08-12,PAOK,Norwich,Attack,Left Winger,right,179.0,19.531827515400412,11000000.0,12000000.0,12000000,10000000.0,10000000.0,0.9166666666666666,0.453568870852232,104725000.0,47500000.0,GR1,GB1,39.0,2638.0,16.0,9.0,0.8529188779378316,0.5458680818802123,67.64102564102564,15.0,373.0,0.0,0.0,0.0,48.0,0.3125,0.3904730651652015,0.4791127195207551,2.1843219264739253,0.0,1.286763479483386,1054,False,3500000.0,True,0.0625257377211545,1.8018018018018016,0.1287001287001287,29.03002765705255,11.06084551560648,6.203081785855393,11.970474967907574,9.1,2024-07-01,1157237,,1,327,14,,327.0,,,,,8.0,1.0,,,,,,,,,,,
96341,Romelu Lukaku,2021-08-12,Inter,Chelsea,Attack,Centre-Forward,left,190.0,28.249144421629023,113000000.0,100000000.0,100000000,30000000.0,100000000.0,1.13,1.8620521096817244,644410000.0,1199925000.0,IT1,GB1,46.0,3740.0,33.0,11.0,1.0588235294117647,0.7941176470588235,81.30434782608695,40.0,2509.0,15.0,2.0,0.6098047030689517,160.0,0.25,0.4985622392500374,0.4791127195207551,2.1237539589931655,1.272779198345902,1.273045679383833,1113,False,30700000.0,True,0.0592261214286594,70.27027027027027,51.930501930501926,24.928881864875542,22.82892137495061,46.54286843145002,9.948652118100128,45.8,2024-08-29,181276,,1,1585,26,6.95,1585.0,0.45,0.37999999999999995,0.09,13.1,24.0,4.0,0.7,0.1,,1.1,1.3,1.9,,,,,0.5
99331,Jannik Vestergaard,2021-08-13,Southampton,Leicester,Defender,Centre-Back,both,199.0,29.026694045174537,17600000.0,18000000.0,18000000,1000000.0,15000000.0,0.9777777777777776,0.9232673267326732,151500000.0,139875000.0,GB1,GB1,32.0,2742.0,3.0,0.0,0.0984682713347921,0.0984682713347921,85.6875,34.0,2382.0,0.0,0.0,0.0,146.0,0.2328767123287671,0.09624713860549,0.09624713860549,1.023077389743568,0.0,1.056042632530752,1841,True,,False,0.0344799538722602,6.602641056422569,6.482593037214886,9.405373370209404,18.854207822994866,7.348873962860529,,9.6,2026-08-28,205893,,2,1959,28,,1959.0,,,,,4.0,,,,,,,,,,,,
340329,Joe Willock,2021-08-13,Arsenal,Newcastle,Midfield,Central Midfield,right,186.0,21.98220396988364,29400000.0,16000000.0,16000000,14000000.0,38000000.0,1.8375,0.5411853815565234,1320250000.0,714500000.0,GB1,GB1,14.0,653.0,3.0,3.0,0.8269525267993875,0.4134762633996937,46.642857142857146,154.0,8282.0,11.0,11.0,0.2390726877565805,229.0,0.6724890829694323,0.2355486301266244,0.2355486301266244,3.5107507369278297,1.0149610618752556,2.129710439818338,1841,True,,False,0.0344799538722602,55.341738553417386,2.85335102853351,68.92335045436587,67.2540497826946,18.846305807981032,,42.2,2026-08-28,860975,,6,7125,130,6.8226256150290725,7125.0,0.0955791296817493,0.17954293421249815,0.09160947100254757,24.220350666866477,102.0,22.0,1.2407163194964783,2.218672261351716,0.8209351116439383,0.46799040911134426,4.530031470103402,4.689060392627004,,,,,1.4485239022928218
164770,Raphaël Varane,2021-08-14,Real Madrid,Man Utd,Defender,Centre-Back,right,191.0,28.303901437371664,40000000.0,70000000.0,70000000,20000000.0,65000000.0,0.5714285714285714,0.589945910315814,1289525000.0,760750000.0,ES1,GB1,41.0,3571.0,2.0,0.0,0.0504060487258471,0.0504060487258471,87.09756097560975,93.0,7076.0,2.0,1.0,0.0381571509327303,155.0,0.6,0.0909966967446702,0.09624713860549,0.5539327308471717,0.3964497177327394,0.8980446813536085,1052,False,,False,0.0626423263739878,20.108043217286912,28.211284513805523,19.273014618727775,55.23903595416831,24.397471355195577,,27.8,2024-07-01,230982,,3,5116,68,6.923088350273651,5116.0,0.05856875,0.04339913995308835,0.021784597341673182,46.675117279124315,9.0,1.0,0.17490226739640344,1.2340500390930416,0.7769937451133699,4.432173573103987,7.207408131352619,4.297849882720876,,,,,0.4301993745113369
427568,Aaron Ramsdale,2021-08-20,Sheff Utd,Arsenal,Goalkeeper,Goalkeeper,right,190.0,23.26899383983573,28000000.0,12000000.0,12000000,22000000.0,40000000.0,2.3333333333333335,25.040303461356093,52725000.0,1320250000.0,GB1,GB1,42.0,3780.0,0.0,0.0,0.0,0.0,90.0,86.0,7770.0,0.0,0.0,0.0,140.0,0.6142857142857143,0.0039623389120549,0.0039623389120549,0.0,0.0,0.0697719229727917,1106,False,21400000.0,True,0.0596038115783148,40.8955223880597,37.46268656716418,85.18964836033189,55.325958119320426,9.176214934808376,33.889602053915276,45.6,2024-08-30,746395,,4,9720,108,6.722941176470589,9720.0,,,0.0,18.33529411764706,,,0.0,0.04722222222222222,0.1,0.9666666666666667,1.0294117647058822,7.949019607843137,31.0,3.033333333333333,68.13333333333334,1.4235294117647062,0.0
379807,Lyanco,2021-08-25,Torino,Southampton,Defender,Centre-Back,right,187.0,24.56125941136208,7500000.0,5000000.0,5000000,3000000.0,5000000.0,1.5,0.7721909324906343,196195000.0,151500000.0,IT1,GB1,25.0,2115.0,1.0,0.0,0.0425531914893617,0.0425531914893617,84.6,40.0,2385.0,1.0,1.0,0.0754716981132075,86.0,0.4651162790697674,0.0979603049171636,0.09624713860549,0.4343921910547867,0.7841448505036657,0.8577859679447501,1050,False,4500000.0,True,0.0627592346665193,41.116446578631454,53.1812725090036,33.17463453180561,33.2121691031213,13.69024101145792,25.73812580231066,28.7,2024-07-10,654045,,2,2081,36,,2081.0,0.08,0.04,0.01,29.0,7.0,,0.6,1.8,1.5,4.7,10.0,6.4,,,,,1.2
46001,Moussa Sissoko,2021-08-27,Tottenham,Watford,Midfield,Central Midfield,right,187.0,32.030116358658454,3500000.0,10000000.0,10000000,4500000.0,8000000.0,0.35,0.0590284560786611,767850000.0,45325000.0,GB1,GB1,38.0,2311.0,0.0,0.0,0.0,0.0,60.81578947368421,37.0,3295.0,2.0,1.0,0.0819423368740516,37.0,1.0,0.2355486301266244,0.2355486301266244,0.0,0.3478786390309367,0.5713682170447084,308,False,2000000.0,True,0.1380759226286293,17.252820172528203,41.67219641672196,15.339786645594629,76.18332674832082,27.202686685104705,24.358151476251606,29.7,2022-07-01,94550,,1,3221,36,6.96,3221.0,0.06,0.1,0.07,25.0,37.0,2.0,1.5,1.5,0.8,1.7,4.4,6.7,,,,,1.0
568693,Pape Matar Sarr,2021-08-27,FC Metz,Tottenham,Midfield,Central Midfield,right,185.0,18.951403148528406,16900000.0,10000000.0,10000000,30000000.0,45000000.0,1.69,6.496192893401015,118200000.0,767850000.0,FR1,GB1,25.0,1856.0,3.0,1.0,0.1939655172413793,0.1454741379310344,74.24,137.0,7425.0,10.0,11.0,0.2545454545454545,242.0,0.5661157024793388,0.2109459846919036,0.2355486301266244,0.9195032440398186,1.0806492672388626,0.979514746529872,1827,True,,False,0.0347601378246926,59.25680159256802,63.37093563370936,91.81943895693402,58.00079020150139,23.05412880284473,,54.9,2026-08-28,1107280,,4,5602,107,6.86315271850065,5602.0,0.13354982371497498,0.1503247355724624,0.06708851363889405,43.06882538504361,48.0,7.0,0.6935052885507516,1.9388569307849324,1.3096863982185933,1.6291148636110595,6.603804045277418,5.606272035628131,,,,,1.6000556689552794
234781,Maxwel Cornet,2021-08-29,Lyon,Burnley,Attack,Left Winger,left,179.0,24.919917864476385,15000000.0,12000000.0,12000000,17000000.0,17000000.0,1.25,1.0468076576125087,249425000.0,261100000.0,FR1,GB1,36.0,2442.0,2.0,5.0,0.2579852579852579,0.0737100737100737,67.83333333333333,26.0,1776.0,9.0,1.0,0.5067567567567567,36.0,0.7222222222222222,0.4766053917119471,0.4791127195207551,0.5412973971162715,1.0576983997912917,0.9146413332424675,341,False,20700000.0,True,0.1328605845196144,53.732303732303734,63.51351351351351,65.11853022520742,44.81627815092848,26.254444883445277,56.99614890885751,50.7,2022-08-05,426880,,2,2011,40,6.75,2011.0,0.46,0.3499999999999999,0.09,13.5,16.0,2.0,0.6999999999999998,0.8000000000000002,0.5,0.6999999999999998,2.2,4.1,,,,,1.0
8198,Cristiano Ronaldo,2021-08-31,Juventus,Man Utd,Attack,Centre-Forward,right,185.0,36.56673511293634,17000000.0,45000000.0,45000000,20000000.0,35000000.0,0.3777777777777777,1.343404822659968,566285000.0,760750000.0,IT1,GB1,45.0,3781.0,36.0,4.0,0.9521290663845544,0.8569161597460988,84.02222222222223,54.0,4242.0,27.0,5.0,0.6789250353606789,65.0,0.8307692307692308,0.4985622392500374,0.4791127195207551,1.90974965897296,1.4170465689990264,1.2245766894172387,448,False,,False,0.1174830263930842,79.21492921492921,67.11711711711712,13.577637297510863,69.6681153694192,82.89213749506123,,64.5,2022-11-22,30893,,2,2978,40,7.369999999999999,2978.0,0.66,0.65,0.07,26.4,32.0,7.0,0.7,0.3,0.1,1.1,1.4,1.9,,,,,0.6
188077,Ryan Christie,2021-08-31,Celtic,Bournemouth,Midfield,Central Midfield,left,178.0,26.521560574948666,2900000.0,7000000.0,7000000,8000000.0,12000000.0,0.4142857142857143,3.4961463459931283,161535000.0,564750000.0,SC1,GB1,36.0,2654.0,5.0,12.0,0.5764883195177091,0.1695553880934438,73.72222222222223,135.0,8605.0,7.0,9.0,0.1673445671121441,168.0,0.8035714285714286,0.2378455407254501,0.2355486301266244,2.423792843705912,0.7104459364598482,1.647234608775137,1823,True,,False,0.0348411816179321,39.88055739880557,5.175846051758461,67.98893717898063,80.06124061635717,47.09600948241802,,48.7,2026-08-28,439369,,4,7876,124,7.010138395124429,7876.0,0.08874747882210568,0.10554469273743017,0.1315477399695277,31.094261046216356,137.0,18.0,1.4969273743016762,2.332986287455561,1.3861097003555107,1.5112366683595737,6.224225495175215,6.946825799898425,,,,,1.6638141188420519
284857,Marc Cucurella,2021-08-31,Getafe,Brighton,Defender,Left-Back,left,173.0,23.110198494182068,18000000.0,20000000.0,20000000,55000000.0,55000000.0,0.9,5.249087591240876,109600000.0,575300000.0,ES1,GB1,40.0,3347.0,3.0,2.0,0.134448760083657,0.0806692560501942,83.675,37.0,3247.0,1.0,1.0,0.0554357868801971,37.0,1.0,0.0909966967446702,0.09624713860549,1.477512534997946,0.5759733503083593,1.209086732109716,339,False,65300000.0,True,0.1331700033377759,29.4717887154862,22.92917166866747,86.08850256815488,76.18332674832082,20.802054523903596,86.39281129653402,52.8,2022-08-05,873289,,2,4768,59,7.282911073825503,4768.0,0.029999999999999995,0.020000000000000004,0.06945469798657719,47.163003355704696,53.0,5.0,0.6242449664429531,2.9812080536912755,0.9000000000000001,1.9351510067114093,6.216359060402685,6.918791946308725,,,,,0.8351510067114095
293200,Nikola Vlašić,2021-08-31,CSKA Moscow,West Ham,Midfield,Attacking Midfield,right,179.0,23.906913073237508,30000000.0,30000000.0,30000000,17000000.0,27000000.0,1.0,3.9226031615684662,121775000.0,477675000.0,RU1,GB1,35.0,2930.0,9.0,5.0,0.4300341296928327,0.2764505119453925,83.71428571428571,28.0,1182.0,1.0,1.0,0.1522842639593908,106.0,0.2641509433962264,0.2352738858299405,0.2355486301266244,1.8278022151751585,0.6465088074489206,1.3826879546798367,707,False,10600000.0,True,0.0883831601472169,36.16456536164566,9.9535500995355,25.519557487159226,16.615962070327935,21.750296325563017,14.05648267008986,23.1,2023-08-08,557677,,1,554,19,,554.0,0.16,0.22,0.09,26.6,9.0,,1.5,1.8,0.3,0.2,2.3,4.9,,,,,1.3
344152,Odsonne Édouard,2021-08-31,Celtic,Crystal Palace,Attack,Centre-Forward,right,187.0,23.62217659137577,16300000.0,17000000.0,17000000,6000000.0,20000000.0,0.9588235294117649,2.8695638716067724,161535000.0,463535000.0,SC1,GB1,42.0,3010.0,19.0,5.0,0.7176079734219268,0.5681063122923589,71.66666666666667,104.0,5361.0,20.0,5.0,0.4196978175713486,172.0,0.6046511627906976,0.4676246154285428,0.4791127195207551,1.5345812640001704,0.8759897211477963,1.1396062791497696,1462,False,3700000.0,True,0.0443270262942441,38.93178893178893,29.08622908622909,34.679968391939944,57.15132358751482,25.80007902015014,8.536585365853659,33.9,2025-09-01,637746,,5,5068,100,6.642244110479285,5068.0,0.32907189277010557,0.31137896019496347,0.06221567831031682,15.496811535337125,58.0,4.0,1.1809707554833468,1.1675670186839968,0.19246350908549298,1.0366571892770107,2.572400487408611,2.8288180341186027,,,,,1.526076360682372
331560,Takehiro Tomiyasu,2021-08-31,Bologna,Arsenal,Defender,Centre-Back,right,187.0,22.819986310746064,18600000.0,20000000.0,20000000,18000000.0,35000000.0,0.93,4.782301590176404,276070000.0,1320250000.0,IT1,GB1,34.0,2938.0,2.0,0.0,0.0612661674608577,0.0612661674608577,86.41176470588235,83.0,4569.0,2.0,6.0,0.1575837163493105,189.0,0.4391534391534391,0.0979603049171636,0.09624713860549,0.6254183009400094,1.637282091005684,0.922119502198777,1403,False,,False,0.0463733630052144,77.91116446578631,84.093637454982,63.72184907151323,43.52034768866061,63.33465033583564,,64.0,2025-07-04,664444,,4,3484,65,6.955033628318584,3484.0,0.16,0.05957734330074755,0.05765382403680276,41.59125934445083,23.0,2.0,0.3591719378953421,2.1393617021276596,1.44551466359977,2.5479298447383556,6.346894767107533,4.823433007475561,,,,,0.9469522714203565
319301,Daniel James,2021-08-31,Man Utd,Leeds,Attack,Right Winger,right,171.0,23.805612594113622,29100000.0,18000000.0,18000000,10000000.0,18000000.0,1.6166666666666667,0.5275057509037134,760750000.0,401300000.0,GB1,GB1,27.0,1580.0,5.0,2.0,0.3987341772151899,0.2848101265822785,58.51851851851852,58.0,3289.0,4.0,5.0,0.246275463666768,131.0,0.4427480916030534,0.4791127195207551,0.4791127195207551,0.8322345890003381,0.5140240566209794,0.9805345504956092,1823,True,,False,0.0348411816179321,12.998712998713,14.864864864864863,31.83524298696167,37.88225997629395,2.508889766890557,,16.8,2026-08-28,717176,,3,3862,77,6.613547899667573,3862.0,0.15955877908733757,0.21645002589331955,0.0748757120662869,12.629259451061625,44.0,9.0,0.8076903158984983,1.1171672708441223,0.2856809943034697,0.5917141377524598,2.524132573795961,3.435163127912998,,,,,0.8244950802692905
404842,Vitaliy Mykolenko,2022-01-01,Dynamo Kyiv,Everton,Defender,Left-Back,left,180.0,22.595482546201232,23500000.0,17000000.0,17000000,25000000.0,28000000.0,1.3823529411764706,4.64986205166792,99675000.0,463475000.0,UKR1,GB1,40.0,3443.0,2.0,5.0,0.1829799593377868,0.0522799883822248,86.075,158.0,13424.0,4.0,4.0,0.0536352800953516,191.0,0.8272251308900523,0.0936839105458145,0.09624713860549,1.953163123440536,0.5572662301702154,1.3692757420984836,1700,True,,False,0.037562811469027,28.271308523409367,13.025210084033615,69.81232714342157,83.85618332674832,8.988542078229948,,39.6,2026-08-28,874025,,6,12317,144,6.880419145724182,12317.0,0.04779297929792979,0.023437472025781038,0.0510842731551372,25.26737412307966,87.0,8.0,0.38464774863485807,1.9493957568704683,1.2653388237400411,3.6224669212325726,7.179326880383626,3.9553503241275196,,,,,0.8188344821412586
424015,Nathan Patterson,2022-01-04,Rangers,Everton,Defender,Right-Back,right,183.0,20.21902806297057,14000000.0,3000000.0,3000000,10000000.0,16000000.0,4.666666666666667,3.3941779567923835,136550000.0,463475000.0,SC1,GB1,18.0,1063.0,2.0,1.0,0.2539981185324553,0.1693320790216368,59.05555555555556,65.0,3511.0,0.0,3.0,0.0769011677584733,190.0,0.3421052631578947,0.1119084897458383,0.09624713860549,2.269694811442142,0.7989969247157118,1.4758768879040054,1697,True,,False,0.0376350863115551,41.83673469387755,20.76830732292917,93.58949032003162,34.764915053338605,7.842749901224812,,39.8,2026-08-28,1112684,,4,2861,56,,2861.0,,0.03,0.06755711775043936,26.687785588752202,18.0,5.0,0.7122144112478032,3.324428822495606,0.9683216168717048,2.5,7.03664323374341,5.512214411247803,,,,,1.2633567662565905
290017,Hassane Kamara,2022-01-04,Nice,Watford,Defender,Left-Back,left,170.0,27.835728952772072,4000000.0,6000000.0,6000000,6000000.0,6000000.0,0.6666666666666666,0.2166328115664954,209225000.0,45325000.0,FR1,GB1,33.0,2362.0,2.0,0.0,0.0762066045723962,0.0762066045723962,71.57575757575758,19.0,1626.0,1.0,0.0,0.055350553505535,21.0,0.9047619047619048,0.0906137250941025,0.09624713860549,0.8410050960078677,0.5750877824265814,0.9947245532755504,230,False,19000000.0,True,0.1513813299540813,29.35174069627851,32.6530612244898,43.6448044251284,60.66772026866851,27.854602923745553,90.5648267008986,45.7,2022-08-22,488415,,1,1625,19,7.14,1625.0,0.06,0.01,0.04,27.6,10.0,1.0,0.8,2.9,3.8,3.3,10.3,8.5,,,,,1.3
255744,Samir Caetano,2022-01-06,Udinese,Watford,Defender,Centre-Back,left,184.0,27.08829568788501,5000000.0,5000000.0,5000000,5000000.0,5000000.0,1.0,0.2130384714812813,212755000.0,45325000.0,IT1,GB1,35.0,2543.0,0.0,1.0,0.0353912701533621,0.0,72.65714285714286,19.0,1676.0,0.0,0.0,0.0,21.0,0.9047619047619048,0.0979603049171636,0.09624713860549,0.3612817475740755,0.0,0.8331639242732359,219,False,6500000.0,True,0.153374663905737,6.602641056422569,12.665066026410566,43.6448044251284,60.66772026866851,6.4598972738048195,54.36456996148908,29.6,2022-08-13,453324,,1,1675,19,6.5,1675.0,,0.03,0.01,28.9,2.0,,0.1,1.3,2.3,4.4,8.5,5.5,,,,,0.9
95810,Kieran Trippier,2022-01-07,Atlético,Newcastle,Defender,Right-Back,right,173.0,31.301848049281315,14000000.0,18000000.0,18000000,1500000.0,15000000.0,0.7777777777777778,1.3774821669558512,518700000.0,714500000.0,ES1,GB1,34.0,2575.0,0.0,2.0,0.0699029126213592,0.0,75.73529411764706,150.0,11107.0,4.0,25.0,0.2349869451697128,210.0,0.7142857142857143,0.0909966967446702,0.09624713860549,0.7681917599437863,2.4414953896230323,0.9702025690680348,1636,False,0.0,False,0.0391709268911137,91.71668667466987,94.53781512605042,9.602923745555117,71.20703279336232,81.43026471750296,,64.4,2026-07-01,191869,,5,8916,118,7.340862495581477,8916.0,0.0340093073205656,0.017346529987039002,0.2361446918817014,49.668646164722524,232.0,40.0,0.43929539295392955,2.0384234711912335,0.9730175562625192,2.2436196535878405,5.522811358548368,6.009013785790031,,,,,1.1976316719688938
126664,Lucas Digne,2022-01-13,Everton,Aston Villa,Defender,Left-Back,left,178.0,28.484599589322382,30000000.0,30000000.0,30000000,6000000.0,25000000.0,1.0,1.1127892550838772,463475000.0,515750000.0,GB1,GB1,36.0,3257.0,0.0,2.0,0.0552655818237642,0.0,90.47222222222224,168.0,11365.0,2.0,24.0,0.2058952925648922,224.0,0.75,0.09624713860549,0.09624713860549,0.5742049335128163,2.139235467652103,0.9048719284005092,1688,True,,False,0.0378537003015853,87.63505402160864,92.1968787515006,11.677202686685105,75.3733702094034,67.85855393125247,,59.9,2026-08-28,210111,2021/2022,4,8119,124,6.814159379233895,8119.0,0.04766948068559734,0.033403128464096564,0.14080551792092622,30.85909594777682,118.0,26.0,0.2884099026973765,1.9804902081537135,0.9500307919694543,2.721061707106787,5.781635669417415,3.9568912427638874,,,,,0.9216282793447468
108725,Chris Wood,2022-01-13,Burnley,Newcastle,Attack,Centre-Forward,right,191.0,30.102669404517453,30000000.0,6000000.0,6000000,8000000.0,10000000.0,5.0,2.7364994255074686,261100000.0,714500000.0,GB1,GB1,35.0,2802.0,12.0,3.0,0.4817987152034261,0.3854389721627409,80.05714285714286,36.0,1813.0,4.0,0.0,0.1985659128516271,58.0,0.6206896551724138,0.4791127195207551,0.4791127195207551,1.005606187381871,0.4144450872651593,1.0198008001067316,534,False,17000000.0,True,0.10665638413617,9.073359073359072,9.523809523809524,69.39747135519559,41.63966811536942,0.4148557882259976,24.101412066752246,22.2,2023-07-01,169719,2021/2022,1,816,25,,816.0,0.33,0.31,0.04,12.0,6.0,,0.1,0.6,0.2,1.0,2.1,2.3,,,,,0.7
695454,Chiquinho,2022-01-17,Estoril,Wolves,Attack,Left Winger,right,179.0,21.949349760438057,3500000.0,1000000.0,1000000,2000000.0,3000000.0,3.5,3.725072159538179,76220000.0,283925000.0,PO1,GB1,17.0,1015.0,3.0,3.0,0.5320197044334976,0.2660098522167488,59.705882352941174,11.0,315.0,0.0,3.0,0.8571428571428572,146.0,0.0753424657534246,0.4331228916016845,0.4791127195207551,1.2283343013020935,1.789021293361271,1.0702456122804052,1269,False,0.0,False,0.051683325291742,92.4066924066924,93.05019305019306,84.74516001580403,1.0075069142631372,44.36981430264718,,70.1,2025-07-09,1127007,,2,210,9,,210.0,,,,,6.0,2.0,,,,,,,,,,,
215118,Calum Chambers,2022-01-27,Arsenal,Aston Villa,Defender,Centre-Back,right,182.0,27.019849418206707,0.0,12000000.0,12000000,4000000.0,10000000.0,0.0,0.3906457110395758,1320250000.0,515750000.0,GB1,GB1,16.0,1112.0,0.0,3.0,0.2428057553956834,0.0,69.5,32.0,1504.0,1.0,1.0,0.1196808510638297,112.0,0.2857142857142857,0.09624713860549,0.09624713860549,2.522732196651856,1.2434743806191773,1.5610945018664086,899,False,0.0,False,0.0725777445121605,65.24609843937576,38.95558223289316,14.78664559462663,20.0,88.46305807981035,,51.6,2024-07-14,425255,2021/2022,2,495,19,,495.0,,,,,3.0,1.0,,,,,,,,,,,
339314,Deniz Undav,2022-01-30,Union SG,Brighton,Attack,Centre-Forward,both,179.0,25.533196440793976,7000000.0,5000000.0,5000000,28000000.0,28000000.0,1.4,3.454217952566797,166550000.0,575300000.0,BE1,GB1,24.0,2104.0,18.0,10.0,1.1977186311787071,0.7699619771863118,87.66666666666667,27.0,766.0,7.0,1.0,0.9399477806788512,110.0,0.2454545454545454,0.4819920768254938,0.4791127195207551,2.484934273333177,1.9618510266624904,1.3548479844320238,922,False,26700000.0,True,0.0709481086872193,96.2033462033462,89.31788931788932,95.60647965231136,15.104701698933228,62.366653496641646,87.54813863928112,79.3,2024-08-09,661519,,1,619,22,,619.0,0.73,0.69,0.16,17.7,8.0,1.0,0.6,1.0,,0.1,1.3,3.1,,,,,2.2
520624,Bruno Guimarães,2022-01-30,Lyon,Newcastle,Midfield,Central Midfield,right,182.0,24.205338809034902,42100000.0,30000000.0,30000000,70000000.0,85000000.0,1.403333333333333,2.864588553673449,249425000.0,714500000.0,FR1,GB1,39.0,2581.0,2.0,6.0,0.2789616427741185,0.0697404106935296,66.17948717948718,183.0,14996.0,31.0,31.0,0.3720992264603894,207.0,0.8840579710144928,0.2109459846919036,0.2355486301266244,1.322431631877492,1.5797129716286578,1.158365472933483,1671,True,,False,0.0382740590920881,77.4386197743862,77.37226277372264,85.34966416436191,91.18530225207428,44.01422362702489,,70.6,2026-08-28,850354,,5,12771,153,7.5044513545748845,12771.0,0.19133072073607088,0.13462259328676096,0.15718606236156077,46.173607088089966,213.0,36.0,1.304123360027262,2.397691259158289,0.8860708808996423,0.858365990799114,5.399361049582553,6.081274493099335,,,,,1.57695518827739
480692,Luis Díaz,2022-01-30,Porto,Liverpool,Attack,Left Winger,right,179.0,25.045859000684462,49000000.0,40000000.0,40000000,70000000.0,85000000.0,1.225,2.3336969627375552,435425000.0,1016150000.0,PO1,GB1,47.0,3220.0,19.0,6.0,0.6987577639751553,0.5310559006211181,68.51063829787235,143.0,9701.0,40.0,21.0,0.5659210390681373,186.0,0.7688172043010753,0.4331228916016845,0.4791127195207551,1.6133013921087278,1.1811855874630388,1.1574352905252536,1277,False,70000000.0,True,0.0513382414484416,64.67181467181467,53.92535392535392,78.36625839589095,76.30580798103517,35.815883050177796,58.66495507060334,59.6,2025-07-30,860914,,4,7013,103,7.338599683544303,7013.0,0.374865506329114,0.4238330696202532,0.16476661392405065,28.170015822784812,153.0,17.0,2.1570015822784807,1.3429984177215188,0.19533227848101267,0.24766613924050634,1.7383306962025316,4.109335443037975,,,,,1.7999999999999998
134270,Dan Burn,2022-01-31,Brighton,Newcastle,Defender,Centre-Back,left,201.0,29.730321697467488,15000000.0,3500000.0,3500000,4000000.0,12000000.0,4.285714285714286,1.2419607161480966,575300000.0,714500000.0,GB1,GB1,30.0,2378.0,2.0,0.0,0.0756938603868797,0.0756938603868797,79.26666666666667,181.0,15044.0,8.0,10.0,0.1076841265620845,207.0,0.8743961352657005,0.09624713860549,0.09624713860549,0.7864530985917757,1.1188293815515278,0.9763525998472864,1670,True,,False,0.0382990920458366,58.9435774309724,64.10564225690277,79.43895693401818,90.17384433030422,16.159620703279337,,54.2,2026-08-28,188058,2021/2022,4,11376,137,6.878379043600563,11376.0,0.041539205344585085,0.06281293952180028,0.03320675105485232,39.15981012658228,42.0,8.0,0.15476441631504922,1.5770833333333334,0.9135021097046413,4.4786919831223635,7.623883614627286,3.717835794655415,,,,,1.0913941631504924
207929,Dele Alli,2022-01-31,Tottenham,Everton,Midfield,Attacking Midfield,right,188.0,25.806981519507183,0.0,25000000.0,25000000,5000000.0,22000000.0,0.0,0.6036009637298951,767850000.0,463475000.0,GB1,GB1,28.0,1610.0,2.0,3.0,0.2795031055900621,0.1118012422360248,57.5,13.0,369.0,0.0,0.0,0.0,105.0,0.1238095238095238,0.2355486301266244,0.2355486301266244,1.186604674541342,0.0,1.0980749828165406,882,False,,False,0.0738156681199927,3.64963503649635,3.0524220305242205,14.664164361912288,3.0561043065981823,34.521928091663376,,15.1,2024-07-01,363333,2021/2022,1,38,2,,38.0,,,,,,,,,,,,,,,,,
228645,Wout Weghorst,2022-01-31,Wolfsburg,Burnley,Attack,Centre-Forward,right,197.0,29.4839151266256,17500000.0,20000000.0,20000000,6000000.0,17000000.0,0.875,1.4005632291806356,186425000.0,261100000.0,L1,GB1,42.0,3657.0,16.0,9.0,0.6152584085315832,0.3937653814602133,87.07142857142857,20.0,1458.0,2.0,3.0,0.3086419753086419,68.0,0.2941176470588235,0.543236014295955,0.4791127195207551,1.1325803009010194,0.6441949101609514,1.048558666343979,941,False,2380000.0,True,0.0696400543661623,20.785070785070783,18.597168597168597,15.18569735282497,13.22204662188858,15.922560252864482,4.557124518613607,16.5,2024-08-29,351999,,2,2254,37,6.63,2254.0,0.12,0.29,0.08,16.9,28.0,3.0,0.8,1.1,0.4,0.8,2.5,4.0,,,,,1.9
354362,Rodrigo Bentancur,2022-01-31,Juventus,Tottenham,Midfield,Defensive Midfield,right,187.0,24.602327173169066,19000000.0,25000000.0,25000000,20000000.0,40000000.0,0.76,1.3559426790397062,566285000.0,767850000.0,IT1,GB1,45.0,3036.0,0.0,5.0,0.1482213438735178,0.0,67.46666666666667,142.0,9864.0,10.0,8.0,0.1642335766423357,217.0,0.6543778801843319,0.2225486393745403,0.2355486301266244,0.6660177491540054,0.6972385131429053,0.8669983136808395,1670,True,,False,0.0382990920458366,38.88520238885202,45.58725945587259,58.36625839589095,65.0414855788226,31.410509679968392,,44.6,2026-08-28,620618,,6,7466,111,6.941063737219927,7466.0,0.0806370826010545,0.07965289982425308,0.05469244288224956,49.17346221441125,55.0,7.0,0.8184314586994728,2.3856985940246047,1.8373242530755711,1.9919595782073813,9.108831282952549,6.0355448154657285,,,,,1.4622363796133568
467563,Armel Bella-Kotchap,2022-07-01,VfL Bochum,Southampton,Defender,Centre-Back,right,190.0,20.553045859000683,12000000.0,10000000.0,10000000,7500000.0,20000000.0,1.2,6.273291925465839,24150000.0,151500000.0,L1,GB1,26.0,2103.0,0.0,0.0,0.0,0.0,80.88461538461539,30.0,2330.0,0.0,2.0,0.0772532188841201,91.0,0.3296703296703296,0.1242136398981505,0.09624713860549,0.0,0.8026547074898036,0.7114919094011505,1312,False,5000000.0,True,0.0498721537734516,41.89675870348139,61.88475390156063,62.44962465428683,20.482022915843537,19.47846700908732,16.816431322207958,36.0,2026-02-02,951765,,2,2214,28,6.94,2214.0,,0.05,0.02,35.5,6.0,2.0,0.2,1.8,2.1,5.2,9.6,6.9,,,,,0.4
658536,Simon Adingra,2022-07-01,Nordsjaelland,Brighton,Attack,Left Winger,right,175.0,20.49555099247091,8000000.0,1500000.0,1500000,28000000.0,30000000.0,5.333333333333333,7.68090787716956,74900000.0,575300000.0,DK1,GB1,23.0,1158.0,7.0,3.0,0.7772020725388601,0.5440414507772021,50.34782608695652,71.0,4084.0,10.0,5.0,0.3305582761998041,136.0,0.5220588235294118,0.4686022854607718,0.4791127195207551,1.658553738752352,0.6899384272879534,1.167684316059916,1105,False,24400000.0,True,0.0596580633665195,23.93822393822394,14.092664092664092,99.5989727380482,46.15369419201896,2.3508494666139867,82.44544287548139,36.9,2025-07-10,1227012,,2,3322,60,6.961800120409391,3322.0,0.21370258880192655,0.17986152919927753,0.16958458759783268,23.809692956050572,49.0,9.0,1.9013847080072244,1.8328717639975916,0.7671282360024082,0.7685129440096328,3.335641180012041,4.504154124021674,,,,,1.1671282360024082
537598,Fábio Vieira,2022-07-01,Porto,Arsenal,Midfield,Attacking Midfield,left,170.0,22.086242299794662,35000000.0,25000000.0,25000000,18000000.0,30000000.0,1.4,3.0320950795200092,435425000.0,1320250000.0,PO1,GB1,34.0,1739.0,6.0,16.0,1.138585393904543,0.3105232892466935,51.14705882352941,48.0,1814.0,3.0,9.0,0.5953693495038589,215.0,0.2232558139534883,0.2011992536821767,0.2355486301266244,5.6589941218325945,2.527585701448592,3.0832667080769967,1519,True,,False,0.0425009870708432,94.42601194426013,19.110816191108164,46.15962070327934,24.49624654286844,60.84551560647965,,56.6,2026-08-28,1025462,,2,791,33,,791.0,0.18,0.15,0.25,40.8,17.0,5.0,1.1,1.1,0.7,0.4,2.2,6.1,,,,,0.5
546543,Darwin Núñez,2022-07-01,Benfica,Liverpool,Attack,Centre-Forward,right,185.0,23.019849418206707,85000000.0,55000000.0,55000000,45000000.0,70000000.0,1.5454545454545454,3.1413555916222275,323475000.0,1016150000.0,PO1,GB1,39.0,2648.0,34.0,4.0,1.2915407854984895,1.1555891238670697,67.8974358974359,135.0,6981.0,39.0,21.0,0.7735281478298238,158.0,0.8544303797468354,0.4331228916016845,0.4791127195207551,2.9819268631181863,1.6145013820621696,1.46740987615797,1135,False,53000000.0,True,0.0580623851931156,87.83783783783784,63.77091377091377,51.74436981430264,86.05294350059265,51.12603713947057,26.70089858793325,65.4,2025-08-09,950561,,3,4863,95,6.964875591198849,4863.0,0.4616080608677771,0.6252889163068065,0.14574748097881968,13.720049352251694,72.0,25.0,0.7818219206251286,1.0211803413530742,0.18091712934402635,0.5848241826033312,1.9131400370141884,2.614044828295291,,,,,1.4648365206662555
418560,Erling Haaland,2022-07-01,Dortmund,Man City,Attack,Centre-Forward,left,195.0,21.94387405886379,60000000.0,150000000.0,150000000,200000000.0,200000000.0,0.4,2.62156123446446,537075000.0,1407975000.0,L1,GB1,30.0,2388.0,29.0,8.0,1.394472361809045,1.092964824120603,79.6,195.0,15866.0,161.0,27.0,1.0664313626622968,235.0,0.8297872340425532,0.543236014295955,0.4791127195207551,2.566973332238125,2.225846484996312,1.3734286873550832,1519,True,,False,0.0425009870708432,98.26254826254826,95.75289575289575,62.463453180561054,85.4701698933228,92.05847491110232,,88.1,2026-08-28,737066,,5,11211,134,7.647089465703328,11211.0,0.9147444474177147,0.8536223352064937,0.08402194273481403,9.416724645437517,113.0,31.0,0.42799036660422807,0.3049768833288007,0.15166349379022753,0.7908036749620907,1.6296583712425299,1.3184461689412186,,,,,0.7771734203608014
192080,Nick Pope,2022-07-01,Burnley,Newcastle,Goalkeeper,Goalkeeper,right,198.0,30.198494182067076,11500000.0,15000000.0,15000000,5000000.0,20000000.0,0.7666666666666667,2.7364994255074686,261100000.0,714500000.0,GB1,GB1,37.0,3330.0,0.0,0.0,0.0,0.0,90.0,124.0,11075.0,0.0,1.0,0.0081264108352144,190.0,0.6526315789473685,0.0039623389120549,0.0039623389120549,0.0,0.1625282167042889,0.0697719229727917,1519,True,,False,0.0425009870708432,86.26865671641791,86.26865671641791,39.40537337020941,63.49071513235875,78.3089687870407,,62.0,2026-08-28,280484,,5,12785,143,6.990077804003847,12785.0,,0.01,0.0,12.243404143718855,5.0,,,0.0,0.05625,1.432179386309992,1.432179386309992,9.215027537372148,43.0,3.027616050354052,71.80207185942827,1.2070635545065127,0.030735455543358946
140191,Ryan Fredericks,2022-07-01,West Ham,Bournemouth,Defender,Right-Back,right,181.0,29.72210814510609,0.0,1500000.0,1500000,1000000.0,2000000.0,0.0,1.1822892133772962,477675000.0,564750000.0,GB1,GB1,14.0,729.0,0.0,0.0,0.0,0.0,52.07142857142857,12.0,531.0,0.0,0.0,0.0,83.0,0.144578313253012,0.09624713860549,0.09624713860549,0.0,0.0,0.7114919094011505,731,False,,False,0.0861729909628086,6.602641056422569,17.97719087635054,48.919399446858954,2.854602923745555,38.41367048597392,,28.8,2024-07-01,194323,,2,834,19,,834.0,,,,,3.0,,,,,,,,,,,,
52570,Fraser Forster,2022-07-01,Southampton,Tottenham,Goalkeeper,Goalkeeper,right,201.0,34.288843258042434,0.0,2000000.0,2000000,1000000.0,1500000.0,0.0,5.068316831683168,151500000.0,767850000.0,GB1,GB1,21.0,1920.0,0.0,0.0,0.0,0.0,91.42857142857144,31.0,2745.0,0.0,0.0,0.0,145.0,0.2137931034482758,0.0039623389120549,0.0039623389120549,0.0,0.0,0.0697719229727917,1096,False,,False,0.0601496859940621,40.8955223880597,37.46268656716418,14.09126827340972,16.218885815883052,72.02686685104702,,37.4,2025-07-01,95336,,3,3555,40,6.559999999999999,3555.0,,,0.0,15.3,,,,0.1,,1.8,1.9,7.2,7.0,3.6,66.0,1.8,
42460,Ivan Perišić,2022-07-01,Inter,Tottenham,Attack,Left Winger,both,186.0,33.4072553045859,0.0,10000000.0,10000000,2000000.0,10000000.0,0.0,1.1915550658742105,644410000.0,767850000.0,IT1,GB1,49.0,3897.0,10.0,9.0,0.4387990762124711,0.23094688221709,79.53061224489795,49.0,3034.0,1.0,14.0,0.4449571522742255,90.0,0.5444444444444444,0.4985622392500374,0.4791127195207551,0.8801289822360693,0.9287107900606466,0.9913819627437724,734,False,0.0,False,0.0859017905605563,43.5006435006435,46.52509652509653,22.54642433820624,41.33544053733702,75.14816278150928,,47.6,2024-07-04,163670,,2,2207,39,7.01,2207.0,0.04,0.11,0.22,24.1,53.0,13.0,0.8,1.7,0.9,1.8,4.8,5.0,,,,,1.3
85941,Stefan Ortega,2022-07-01,Arm. Bielefeld,Man City,Goalkeeper,Goalkeeper,right,185.0,29.648186173853524,0.0,6000000.0,6000000,5000000.0,9000000.0,0.0,122.43260869565218,11500000.0,1407975000.0,L1,GB1,35.0,3180.0,0.0,0.0,0.0,0.0,90.85714285714286,51.0,4296.0,0.0,0.0,0.0,213.0,0.2394366197183098,0.0030348738128001,0.0039623389120549,0.0,0.0,0.0697719229727917,1311,False,580000.0,True,0.0499130745256507,40.8955223880597,37.46268656716418,57.41801659423153,26.08257605689451,72.02686685104702,62.64441591784339,54.0,2026-02-01,276729,,4,2271,28,,2271.0,,,,,,,,,,,,,7.0,,,,
361914,Nayef Aguerd,2022-07-01,Stade Rennais,West Ham,Defender,Centre-Back,left,190.0,26.25325119780972,35000000.0,12000000.0,12000000,20000000.0,38000000.0,2.9166666666666665,1.3173607280750137,362600000.0,477675000.0,FR1,GB1,33.0,2918.0,4.0,3.0,0.2159013022618231,0.1233721727210418,88.42424242424242,52.0,4473.0,4.0,1.0,0.1006036217303822,153.0,0.3398692810457516,0.0906137250941025,0.09624713860549,2.3826556301223585,1.0452635079651478,1.5139196910699866,1158,False,23000000.0,True,0.0568826497923499,56.24249699879952,29.65186074429772,83.63492690636112,30.707230343737656,15.843540102726196,28.080872913992295,41.6,2025-09-01,617310,,3,3634,41,6.56,3634.0,0.05,0.08,0.02,45.4,10.0,1.0,0.1,1.3,0.8,3.9,7.1,4.9,,,,,0.5
361093,Sven Botman,2022-07-01,Lille,Newcastle,Defender,Centre-Back,left,193.0,22.466803559206024,37000000.0,30000000.0,30000000,35000000.0,45000000.0,1.2333333333333334,2.4006719865602686,297625000.0,714500000.0,FR1,GB1,31.0,2758.0,3.0,1.0,0.1305293691080493,0.0978970268310369,88.96774193548387,105.0,8272.0,4.0,3.0,0.0761605415860735,190.0,0.5526315789473685,0.0906137250941025,0.09624713860549,1.4405032898989003,0.7913018785758401,1.1966228048553438,1519,True,,False,0.0425009870708432,41.29651860744298,33.61344537815126,64.15053338601344,53.82852627419992,18.31291979454761,,40.2,2026-08-28,956682,,5,6849,87,7.0236404983191605,6849.0,0.05,0.07740084558083352,0.03327862368993474,46.04520466679849,24.0,7.0,0.07400845580833501,1.1,1.1110126837125025,4.780245204666799,7.866838046272493,4.815938303341903,,,,,0.474008455808335
336869,Marc Roca,2022-07-01,Bayern Munich,Leeds,Midfield,Defensive Midfield,left,184.0,25.593429158110883,12000000.0,7000000.0,7000000,9000000.0,15000000.0,1.7142857142857142,0.396649287108651,1011725000.0,401300000.0,L1,GB1,13.0,456.0,0.0,0.0,0.0,0.0,35.07692307692308,35.0,2584.0,1.0,2.0,0.1044891640866873,48.0,0.7291666666666666,0.2678347608424593,0.2355486301266244,0.0,0.4435991159469568,0.5713682170447084,731,False,4500000.0,True,0.0861729909628086,22.69409422694094,48.44061048440611,74.79652311339392,50.95614381667325,4.760964045831687,14.826700898587934,32.5,2024-07-01,640220,,1,2329,32,6.72,2329.0,0.04,0.08,0.1,37.1,33.0,4.0,0.7,2.6,0.8999999999999999,0.8999999999999999,4.7,6.5,,,,,1.5
329145,Diego Carlos,2022-07-01,Sevilla FC,Aston Villa,Defender,Centre-Back,right,185.0,29.295003422313485,31000000.0,40000000.0,40000000,11000000.0,30000000.0,0.775,2.676787336187881,192675000.0,515750000.0,ES1,GB1,45.0,3888.0,3.0,0.0,0.0694444444444444,0.0694444444444444,86.4,50.0,3544.0,0.0,1.0,0.0253950338600451,125.0,0.4,0.0909966967446702,0.09624713860549,0.7631534652219328,0.2638523516437983,0.968505778476084,937,False,11470000.0,True,0.0699126140366905,15.786314525810324,19.92797118847539,8.077834847886212,33.04425128407744,15.863295140260766,14.634146341463412,16.8,2025-01-23,570434,,3,2843,40,6.45,2843.0,,0.12,0.02,58.79999999999999,4.0,,0.10000000000000002,1.3,0.6,3.9,6.8,3.9,,,,,1.3
378710,Richarlison,2022-07-01,Everton,Tottenham,Attack,Centre-Forward,right,184.0,25.14168377823409,58000000.0,48000000.0,48000000,25000000.0,55000000.0,1.2083333333333333,1.6567236636280274,463475000.0,767850000.0,GB1,GB1,33.0,2751.0,11.0,5.0,0.5234460196292257,0.3598691384950926,83.36363636363636,130.0,6700.0,32.0,15.0,0.6313432835820896,197.0,0.6598984771573604,0.4791127195207551,0.4791127195207551,1.0925320875488675,1.3177343407071451,1.0394883044355396,1519,True,,False,0.0425009870708432,73.35907335907336,74.00257400257401,38.87001185302252,64.57921770051362,46.06874753062031,,59.0,2026-08-28,654908,,6,7549,133,6.906413675698681,7549.0,0.4272582724538032,0.39393926371580007,0.0829207849878241,12.704497922933678,84.0,17.0,0.9615241369431313,1.3304970634579572,0.36530583011029943,1.4934679845294367,4.209196390201977,3.480074487895717,,,,,1.2225612376450365
410425,Yves Bissouma,2022-07-01,Brighton,Tottenham,Midfield,Defensive Midfield,right,182.0,25.83436002737851,29200000.0,35000000.0,35000000,10000000.0,35000000.0,0.8342857142857143,1.3346949417695115,575300000.0,767850000.0,GB1,GB1,27.0,2206.0,2.0,2.0,0.1631912964641885,0.0815956482320942,81.70370370370371,106.0,6103.0,2.0,0.0,0.0294936916270686,197.0,0.5380710659898477,0.2355486301266244,0.2355486301266244,0.6928136087077282,0.1252127495337742,0.87889238491149,1461,False,,False,0.0443603509825902,8.161911081619111,9.356337093563372,24.600948241801657,52.90399051758199,10.272619517977084,,18.0,2026-07-01,724306,,5,7211,116,7.040330239200285,7211.0,0.07591309287134337,0.04326067211625794,0.044727520435967304,56.67331214047836,33.0,3.0,1.002724795640327,2.9996669694217384,1.5990917347865576,1.8123524069028158,6.699243112322131,5.986330608537693,,,,,1.4997426581895246
394327,Boubacar Kamara,2022-07-01,Marseille,Aston Villa,Midfield,Defensive Midfield,right,184.0,22.60369609856263,0.0,25000000.0,25000000,40000000.0,40000000.0,0.0,1.037413255556673,497150000.0,515750000.0,FR1,GB1,39.0,3128.0,1.0,1.0,0.057544757033248,0.028772378516624,80.2051282051282,116.0,8325.0,3.0,6.0,0.0972972972972973,205.0,0.5658536585365853,0.2109459846919036,0.2355486301266244,0.2727938013008158,0.4130667083268239,0.6924551669686956,1519,True,,False,0.0425009870708432,20.504313205043132,38.354346383543465,70.41683129197946,56.04109047807191,53.33860134334255,,47.0,2026-08-28,816325,,5,6670,89,6.892515232292459,6670.0,0.05,0.020025184037194887,0.051949733434881955,43.861881188118815,53.0,4.0,0.70489337395278,2.5965156130997715,1.0315879664889565,1.4972010662604722,5.636309977151561,5.353084539223153,,,,,1.7354722010662607
250478,Matt Targett,2022-07-01,Aston Villa,Newcastle,Defender,Left-Back,left,183.0,26.784394250513348,17500000.0,17000000.0,17000000,3000000.0,15000000.0,1.0294117647058822,1.3853611245758604,515750000.0,714500000.0,GB1,GB1,18.0,1523.0,1.0,1.0,0.1181877872619829,0.0590938936309914,84.61111111111111,29.0,1026.0,0.0,2.0,0.175438596491228,190.0,0.1526315789473684,0.09624713860549,0.09624713860549,1.227961568254263,1.8227928542409773,1.1250432697957082,1461,False,,False,0.0443603509825902,81.69267707082834,83.55342136854742,14.292769656262347,13.310944290794152,61.003555906756226,,46.4,2026-07-01,538112,,4,3574,55,7.0,3574.0,0.03,0.03,0.1,27.699999999999996,51.0,6.0,0.3,2.3,1.5,1.9,6.1,4.5,,,,,0.8
295313,Taiwo Awoniyi,2022-07-01,Union Berlin,Nott'm Forest,Attack,Centre-Forward,right,183.0,24.88432580424367,20500000.0,20000000.0,20000000,8000000.0,30000000.0,1.025,3.7493245981358903,148060000.0,555125000.0,L1,GB1,37.0,2575.0,18.0,5.0,0.8038834951456311,0.629126213592233,69.5945945945946,100.0,3933.0,22.0,6.0,0.6407322654462243,183.0,0.546448087431694,0.543236014295955,0.4791127195207551,1.4798052301217188,1.337330943931385,1.1272002712507985,1519,True,,False,0.0425009870708432,74.64607464607465,68.5971685971686,45.01975503753457,52.68273409719479,54.64243382062426,,60.8,2026-08-28,643717,,5,3358,91,6.702592592592593,3358.0,0.5372628631431572,0.4247392369618481,0.043367168358417925,10.403045152257613,28.0,5.0,0.6786139306965349,1.0181659082954149,0.21485551485551485,1.1589429471473573,2.4972698634931745,3.377108855442772,,,,,1.2857192859642983
173504,James Tarkowski,2022-07-02,Burnley,Everton,Defender,Centre-Back,right,185.0,29.61533196440794,0.0,22000000.0,22000000,5000000.0,22000000.0,0.0,1.7750861738797397,261100000.0,463475000.0,GB1,GB1,36.0,3197.0,1.0,2.0,0.0844541757898029,0.0281513919299343,88.80555555555556,158.0,14129.0,6.0,6.0,0.0764385306815769,166.0,0.9518072289156626,0.09624713860549,0.09624713860549,0.8774720684006456,0.794190162835831,1.0070058546064578,1518,True,,False,0.0425318103359866,41.416566626650656,45.37815126050421,23.107467404188064,95.4010272619518,73.48873962860529,,57.4,2026-08-28,243138,,6,16290,182,7.07570963781461,16290.0,0.03411111111111111,0.06851135666052795,0.05574094536525476,31.14485573971762,81.0,18.0,0.20247530864197533,1.6218354818907306,1.2886740331491713,5.630620012277471,10.146138735420504,3.9990239410681405,,,,,1.041635802469136
257455,João Palhinha,2022-07-04,Sporting,Fulham,Midfield,Defensive Midfield,right,190.0,26.98699520876112,24900000.0,25000000.0,25000000,55000000.0,60000000.0,0.996,0.6508221225710015,501750000.0,326550000.0,PO1,GB1,37.0,2683.0,3.0,0.0,0.1006336190831159,0.1006336190831159,72.51351351351352,79.0,6623.0,8.0,1.0,0.1223010720217424,89.0,0.8876404494382022,0.2011992536821767,0.2355486301266244,0.5001689481516729,0.5192179294610915,0.7933818115236744,738,False,51000000.0,True,0.0855419181982473,27.538155275381555,38.752488387524885,82.27380482022916,82.36665349664165,17.344922955353614,71.95121951219512,46.1,2024-07-11,524434,,2,5822,68,7.171387839230507,5822.0,0.10861216076949502,0.09395912057712126,0.019306080384747508,33.191824115424254,20.0,1.0,0.4,4.625712813466163,1.393060803847475,1.7465304019237373,8.058364823084851,6.286121607694951,,,,,1.5395912057712127
363205,Gabriel Jesus,2022-07-04,Man City,Arsenal,Attack,Centre-Forward,right,175.0,25.251197809719372,52200000.0,50000000.0,50000000,17000000.0,75000000.0,1.044,0.93769420621815,1407975000.0,1320250000.0,GB1,GB1,40.0,2556.0,13.0,12.0,0.8802816901408451,0.4577464788732394,63.9,118.0,6131.0,28.0,19.0,0.6899363888435818,215.0,0.5488372093023256,0.4791127195207551,0.4791127195207551,1.8373164691210235,1.4400293724902742,1.2081715818943972,1516,True,,False,0.0425935835950466,80.56628056628057,70.78507078507079,43.47886210983801,55.08099565389173,59.38364282892138,,64.0,2026-08-28,795179,,6,14729,170,7.196682055808269,14729.0,0.1115930049866794,0.11515785185688097,0.032226899314277954,54.6439473148211,37.0,10.0,0.09736320786939,1.2954505089145432,0.7064566501459706,3.691859596713966,6.582510693190304,3.8575395478308097,,,,,0.7699436485844253
351749,Kalvin Phillips,2022-07-04,Leeds,Man City,Midfield,Defensive Midfield,right,179.0,26.587268993839835,49000000.0,50000000.0,50000000,2500000.0,45000000.0,0.98,3.508534762023424,401300000.0,1407975000.0,GB1,GB1,20.0,1595.0,0.0,1.0,0.0564263322884012,0.0,79.75,30.0,818.0,1.0,0.0,0.1100244498777506,235.0,0.1276595744680851,0.2355486301266244,0.2355486301266244,0.2395527932302897,0.4670986616165185,0.6777002412318746,1457,False,0.0,False,0.0444941068642577,23.755806237558065,42.99933642999336,13.63492690636112,13.275385223231924,15.132358751481627,,20.1,2026-06-30,609755,,4,3521,63,7.039999999999999,3521.0,,0.03562808750882145,0.030000000000000002,38.247671136203245,17.0,1.0,0.39999999999999997,2.7814043754410727,1.4,1.655786873676782,6.337191249117854,7.88288637967537,,,,,1.9437191249117856
339340,Tyrell Malacia,2022-07-05,Feyenoord,Man Utd,Defender,Left-Back,left,169.0,22.882956878850106,15000000.0,17000000.0,17000000,4000000.0,22000000.0,0.8823529411764706,3.098147016900835,245550000.0,760750000.0,NL1,GB1,39.0,3460.0,1.0,4.0,0.130057803468208,0.0260115606936416,88.71794871794872,46.0,2662.0,0.0,0.0,0.0,205.0,0.224390243902439,0.1132639743398324,0.09624713860549,1.148271586144312,0.0,1.0982053773376892,1457,False,,False,0.0444941068642577,6.602641056422569,5.582232893157263,35.9818253654682,23.93520347688661,8.731726590280521,,17.5,2026-07-01,865118,,3,1507,28,6.99,1507.0,,0.02,0.05,37.7,10.0,1.0,0.4,3.0,1.6,2.8,7.6,5.8,,,,,2.5
377468,Anel Ahmedhodzic,2022-07-06,Malmö,Sheff Utd,Defender,Centre-Back,right,190.0,23.279945242984255,4500000.0,6000000.0,6000000,18000000.0,20000000.0,0.75,1.6554160125588695,31850000.0,52725000.0,SE1,GB1,12.0,1043.0,0.0,0.0,0.0,0.0,86.91666666666667,32.0,2740.0,2.0,0.0,0.0656934306569343,50.0,0.64,0.1036875519315043,0.09624713860549,0.0,0.6825494410405994,0.7114919094011505,1126,False,6900000.0,True,0.05853422693804,35.59423769507803,55.942376950780314,88.962860529435,40.81983405768472,29.7510865270644,62.06675224646984,50.0,2025-08-05,793820,,1,2649,31,6.19,2649.0,0.07,0.11,0.02,24.7,7.0,1.0,0.4000000000000001,2.2,1.2,4.6,8.8,3.5999999999999996,,,,,1.2
332705,Tyler Adams,2022-07-06,Leipzig,Leeds,Midfield,Defensive Midfield,right,175.0,23.38945927446954,17000000.0,17000000.0,17000000,20000000.0,20000000.0,1.0,0.6869516839988017,584175000.0,401300000.0,L1,GB1,37.0,2060.0,0.0,1.0,0.0436893203883495,0.0,55.67567567567568,26.0,2292.0,0.0,0.0,0.0,43.0,0.6046511627906976,0.2678347608424593,0.2355486301266244,0.1631204263812777,0.0,0.6437736559022744,410,False,26900000.0,True,0.1226882233056377,3.64963503649635,14.134041141340411,55.29237455551166,34.17226392730146,5.501777953378111,62.708600770218226,24.8,2023-08-20,729769,,2,2275,27,7.15,2275.0,,0.01,0.04,45.6,25.0,1.0,0.3,3.7,1.5,1.0,6.6,8.3,,,,,1.5
291200,Moussa Niakhaté,2022-07-06,Mainz,Nott'm Forest,Defender,Centre-Back,left,190.0,26.327173169062284,13800000.0,18000000.0,18000000,16000000.0,18000000.0,0.7666666666666667,3.377186311787072,164375000.0,555125000.0,L1,GB1,33.0,2815.0,4.0,0.0,0.127886323268206,0.127886323268206,85.3030303030303,37.0,2833.0,1.0,0.0,0.031768443346276,83.0,0.4457831325301205,0.1242136398981505,0.09624713860549,1.0295674724053403,0.3300715616751222,1.0582283544484703,729,False,31900000.0,True,0.0863544109753407,17.346938775510203,15.906362545018007,41.24654286843145,30.638087712366655,17.088107467404186,75.03209242618742,29.6,2024-07-04,592102,,2,2619,35,6.57,2619.0,0.06,0.07,0.02,36.4,4.0,,0.2,2.6,0.9,3.0,7.2,6.1,,,,,0.7
512385,Luis Sinisterra,2022-07-07,Feyenoord,Leeds,Attack,Left Winger,right,172.0,23.055441478439427,25000000.0,25000000.0,25000000,17000000.0,22000000.0,1.0,1.634290368560375,245550000.0,401300000.0,NL1,GB1,37.0,3015.0,17.0,10.0,0.8059701492537313,0.5074626865671642,81.48648648648648,23.0,991.0,6.0,0.0,0.544904137235116,48.0,0.4791666666666667,0.5046288705881634,0.4791127195207551,1.5971542577703564,1.1373192884133203,1.1537781897466155,725,False,23400000.0,True,0.0867187445085017,60.55341055341056,50.45045045045045,27.8802844725405,24.08139075464243,42.730146187277754,40.2439024390244,44.2,2024-07-01,846369,,2,1567,39,6.91,1567.0,0.3995979578813019,0.35791959157626035,0.11208040842373963,28.350733886407152,29.0,2.0,2.7948947032546267,2.553286534779834,0.8883216336949585,0.3324824505424378,3.87409061901723,6.435035098915125,,,,,1.4000000000000001
591949,Aaron Hickey,2022-07-09,Bologna,Brentford,Defender,Right-Back,both,185.0,20.079397672826833,14250000.0,18000000.0,18000000,16000000.0,30000000.0,0.7916666666666666,1.8047053283587495,276070000.0,498225000.0,IT1,GB1,36.0,2834.0,5.0,1.0,0.1905434015525758,0.1587861679604799,78.72222222222223,63.0,3761.0,1.0,1.0,0.0478596118053709,166.0,0.3795180722891566,0.0979603049171636,0.09624713860549,1.945108293749204,0.4972575029117902,1.366563046634136,1511,True,,False,0.0427487586986556,25.090036014405765,11.164465786314526,61.93006716712762,35.875148162781514,21.730541288028444,,33.8,2026-08-28,1002039,,4,3348,57,6.76524446731858,3348.0,,0.03048201989288447,0.02737949502677888,29.407536342769696,7.0,1.0,0.8,1.8524100994644226,0.8786151491966336,1.5241009946442234,4.659946442234124,5.042769701606733,,,,,0.9000000000000001
468198,Joe Aribo,2022-07-09,Rangers,Southampton,Midfield,Central Midfield,left,183.0,25.965776865160848,8200000.0,10000000.0,10000000,1800000.0,15000000.0,0.82,1.1094837056023434,136550000.0,151500000.0,SC1,GB1,51.0,4118.0,9.0,9.0,0.3933948518698397,0.1966974259349198,80.74509803921569,58.0,3625.0,5.0,0.0,0.1241379310344827,95.0,0.6105263157894737,0.2378455407254501,0.2355486301266244,1.6539929681672834,0.5270161451066373,1.3055379920032268,1422,False,0.0,False,0.0456962467720768,28.069011280690116,8.69276708692767,39.6266297905966,48.60331884630581,22.718293164757014,,29.1,2026-05-31,798659,,2,3246,53,6.63513247073321,3246.0,0.13756623536660506,0.11621688231669748,0.04865064695009242,33.331115218730744,25.0,5.0,1.0134935304990758,2.1756623536660507,0.8243376463339496,1.048675292667899,4.397350585335798,5.226987060998152,,,,,0.8243376463339496
543387,Cheick Doucouré,2022-07-11,Lens,Crystal Palace,Midfield,Defensive Midfield,right,180.0,22.50513347022587,22600000.0,15000000.0,15000000,10000000.0,35000000.0,1.5066666666666666,1.8209978393242976,254550000.0,463535000.0,FR1,GB1,34.0,2948.0,1.0,4.0,0.1526458616010854,0.030529172320217,86.70588235294117,61.0,4347.0,0.0,3.0,0.062111801242236,185.0,0.3297297297297297,0.2109459846919036,0.2355486301266244,0.7236253480910377,0.2636899276758537,0.8925690136544708,1509,True,,False,0.0428111267438074,12.806901128069011,14.5985401459854,62.94745160015804,32.955353615171866,2.8052153299091267,,22.4,2026-08-28,951954,,3,4150,58,7.120000000000001,4150.0,,0.05,0.04,33.5,37.0,4.0,0.5,2.5,1.8,1.5,6.2,7.1,,,,,1.2
469050,Nathan Collins,2022-07-12,Burnley,Wolves,Defender,Centre-Back,right,193.0,21.19917864476386,24300000.0,10000000.0,10000000,22000000.0,22000000.0,2.43,1.0874186135580235,261100000.0,283925000.0,GB1,GB1,19.0,1670.0,2.0,0.0,0.1077844311377245,0.1077844311377245,87.89473684210526,28.0,1992.0,0.0,0.0,0.0,40.0,0.7,0.09624713860549,0.09624713860549,1.119871537994756,0.0,1.088640844659181,357,False,26850000.0,True,0.1304154958978837,6.602641056422569,5.822328931572629,80.93441327538523,43.866060845515605,0.4741209008297116,47.881899871630296,31.5,2023-07-04,961306,,2,3481,45,6.828908359666762,3481.0,0.11,0.04356219477161736,0.02438379775926458,36.98198793450158,8.0,3.0,0.3,1.6356219477161735,1.143837977592646,4.243837977592645,8.427405917839701,5.806865843148521,,,,,0.9438379775926458
242606,Josh Cullen,2022-07-12,RSC Anderlecht,Burnley,Midfield,Central Midfield,right,175.0,26.261464750171115,3000000.0,5000000.0,5000000,4000000.0,13000000.0,0.6,1.5309293462327762,170550000.0,261100000.0,BE1,GB1,38.0,3398.0,0.0,0.0,0.0,0.0,89.42105263157895,46.0,3791.0,4.0,5.0,0.2136639409126879,93.0,0.4946236559139785,0.2515480818773713,0.2355486301266244,0.0,0.9070905689318938,0.5713682170447084,1508,True,,False,0.0428423748577514,50.16589250165893,74.25348374253484,68.6309758988542,37.210588700118535,50.45436586329514,,55.1,2026-08-28,623716,,2,3578,43,7.13,3578.0,0.09,0.03,0.1,50.8,39.0,7.0,0.1,1.8,0.7,1.0,4.4,6.2,,,,,1.0
134425,Raheem Sterling,2022-07-13,Man City,Chelsea,Attack,Right Winger,right,170.0,27.59479808350445,56200000.0,70000000.0,70000000,5000000.0,70000000.0,0.8028571428571428,0.8522345922335268,1407975000.0,1199925000.0,GB1,GB1,45.0,2909.0,17.0,8.0,0.7734616706772087,0.5259539360605019,64.64444444444445,80.0,5299.0,19.0,12.0,0.5265144366861673,198.0,0.404040404040404,0.4791127195207551,0.4791127195207551,1.614362631513694,1.0989364615759458,1.1576756464529925,1295,False,,False,0.0505754826194502,57.20720720720721,47.03989703989704,20.349664164361908,41.00158040300277,49.091268273409725,,44.8,2026-01-28,246575,,4,6508,106,7.119705588822355,6508.0,0.4018845642049235,0.3993047238855622,0.18062707917498338,25.72403526280772,114.0,19.0,2.007418496340652,0.96833000665336,0.40627079174983366,0.19885229540918165,1.5405023286759814,3.6393546240851635,,,,,1.0939953426480373
69633,Christian Eriksen,2022-07-15,Brentford,Man Utd,Midfield,Attacking Midfield,right,182.0,30.41478439425051,0.0,20000000.0,20000000,4000000.0,25000000.0,0.0,1.5269205680164584,498225000.0,760750000.0,GB1,GB1,11.0,938.0,1.0,4.0,0.4797441364605543,0.0959488272921108,85.27272727272727,101.0,5879.0,5.0,18.0,0.3521006973975166,165.0,0.6121212121212121,0.2355486301266244,0.2355486301266244,2.036709516003796,1.494811059645038,1.4754171433694951,1082,False,,False,0.0609265736699467,74.71798274717982,58.593231585932315,33.866060845515605,57.27775582773607,92.47333069932832,,67.9,2025-07-01,157723,,4,5197,84,6.946268750000001,5197.0,0.06064334350786569,0.15769429443531346,0.17810284104249824,50.15719652500587,124.0,18.0,0.26440624999999995,1.2561634186428738,0.47137825780699694,0.850270016435783,2.98290678563043,6.330241840807702,,,,,0.6248649917821085
93128,Kalidou Koulibaly,2022-07-16,Napoli,Chelsea,Defender,Centre-Back,right,186.0,31.071868583162217,41900000.0,35000000.0,35000000,15000000.0,35000000.0,1.197142857142857,2.51527601639224,477055000.0,1199925000.0,IT1,GB1,34.0,3037.0,3.0,3.0,0.1778070464273954,0.0889035232136977,89.32352941176471,31.0,2460.0,2.0,1.0,0.1097560975609756,49.0,0.6326530612244898,0.0979603049171636,0.09624713860549,1.815092823340548,1.1403569929580748,1.3227765991997282,350,False,23000000.0,True,0.13147863555205,59.84393757503001,47.59903961584634,28.295140260766495,39.53970762544449,31.904385618332675,23.04236200256739,35.8,2023-07-01,210428,,1,1800,23,7.18,1800.0,0.1,0.06,0.02,63.2,7.0,,0.2,2.3,1.5,3.6,8.0,6.3,,,,,1.1
141660,Jesse Lingard,2022-07-21,Man Utd,Nott'm Forest,Midfield,Attacking Midfield,right,174.0,29.596167008898018,0.0,18000000.0,18000000,8000000.0,14000000.0,0.0,0.7297075254682879,760750000.0,555125000.0,GB1,GB1,21.0,477.0,2.0,1.0,0.5660377358490566,0.3773584905660377,22.714285714285715,17.0,927.0,0.0,0.0,0.0,39.0,0.4358974358974359,0.2355486301266244,0.2355486301266244,2.4030610390082523,0.0,1.6380322332618782,345,False,,False,0.1322442825220939,3.64963503649635,0.46449900464499,13.577637297510863,18.308968787040698,34.521928091663376,,16.5,2023-07-01,299215,,2,1283,33,,1283.0,,,,,19.0,,,,,,,,,,,,
203853,Oleksandr Zinchenko,2022-07-22,Man City,Arsenal,Defender,Left-Back,left,175.0,25.598904859685145,35000000.0,25000000.0,25000000,10000000.0,42000000.0,1.4,0.93769420621815,1407975000.0,1320250000.0,GB1,GB1,27.0,1755.0,0.0,5.0,0.2564102564102564,0.0,65.0,88.0,5190.0,3.0,5.0,0.1387283236994219,190.0,0.4631578947368421,0.09624713860549,0.09624713860549,2.6640818638906594,1.4413760835847729,1.6086980659266654,1290,False,1500000.0,True,0.0507854782433587,72.74909963985594,48.25930372148859,48.89569340181746,45.638087712366655,39.82615566969577,0.4492939666238768,46.2,2026-02-01,623621,,5,5773,89,7.247659574468085,5773.0,0.044468085106382976,0.04659574468085106,0.12234042553191489,64.62765957446808,72.0,11.0,0.5106382978723404,2.1021276595744682,0.9446808510638298,1.2106382978723405,4.446808510638298,6.229787234042554,,,,,0.3446808510638298
557612,Sékou Mara,2022-07-25,G. Bordeaux,Southampton,Attack,Centre-Forward,right,183.0,19.98631074606434,11500000.0,3000000.0,3000000,6000000.0,12000000.0,3.8333333333333335,4.887096774193548,31000000.0,151500000.0,FR1,GB1,26.0,896.0,6.0,0.0,0.6026785714285714,0.6026785714285714,34.46153846153846,25.0,724.0,1.0,3.0,0.4972375690607734,47.0,0.5319148936170213,0.4766053917119471,0.4791127195207551,1.2645231923704734,1.0378300320604057,1.0784418915043734,758,False,12000000.0,True,0.0837718201646181,51.930501930501926,48.71299871299871,87.76175424733306,28.73567759778743,12.702489134729356,45.82798459563543,46.3,2024-08-21,1177312,,1,541,22,,541.0,0.17,0.17,0.05,11.3,6.0,3.0,2.2,2.3,0.2,0.8,3.3,4.2,,,,,3.3
315867,Gianluca Scamacca,2022-07-26,Sassuolo,West Ham,Attack,Centre-Forward,right,195.0,23.564681724845997,38600000.0,30000000.0,30000000,22000000.0,30000000.0,1.2866666666666666,2.152949925632127,221870000.0,477675000.0,IT1,GB1,38.0,2311.0,16.0,1.0,0.6620510601471224,0.6231068801384682,60.81578947368421,19.0,1067.0,5.0,0.0,0.4217432052483598,56.0,0.3392857142857143,0.4985622392500374,0.4791127195207551,1.3279205844851252,0.8802588369397067,1.092800516831169,377,False,28000000.0,True,0.1274334920514314,39.38223938223938,33.397683397683394,36.86882655077045,14.42907941525089,15.566969577242196,31.322207958921695,29.8,2023-08-07,721089,,1,928,16,,928.0,,,,,13.0,1.0,,,,,,,,,,,
480762,Lisandro Martínez,2022-07-27,Ajax,Man Utd,Defender,Centre-Back,left,175.0,24.520191649555095,57370000.0,32000000.0,32000000,40000000.0,50000000.0,1.7928125,4.484893146647016,169625000.0,760750000.0,NL1,GB1,37.0,2999.0,1.0,4.0,0.150050016672224,0.0300100033344448,81.05405405405405,103.0,7816.0,3.0,3.0,0.0690890481064483,205.0,0.5024390243902439,0.1132639743398324,0.09624713860549,1.324781489849723,0.717829632210047,1.1576501618387711,1493,True,,False,0.0433162662262378,37.81512605042017,31.45258103241296,66.6495456341367,50.41880679573292,9.719478467009088,,36.5,2026-08-28,847983,,4,5748,76,7.090933057637632,5748.0,0.06720082708710261,0.04813388472473508,0.053600413543551315,58.34939260790902,23.0,4.0,0.4639958645644869,2.2093305763763245,1.4906694236236753,3.5106487464461105,8.047971051951409,5.730628069268545,,,,,0.9906694236236754
468249,Vitinho,2022-07-28,Cercle Brugge,Burnley,Defender,Right-Back,right,174.0,23.014373716632445,1000000.0,1000000.0,1000000,5000000.0,5000000.0,1.0,3.8854166666666665,67200000.0,261100000.0,BE1,GB1,31.0,1962.0,1.0,1.0,0.091743119266055,0.0458715596330275,63.29032258064516,36.0,2592.0,0.0,2.0,0.0694444444444444,48.0,0.75,0.098805821763407,0.09624713860549,0.9285193688863416,0.7215221714703869,1.0241975005879695,764,False,8000000.0,True,0.0832501722045653,37.99519807923169,40.096038415366145,94.75503753457131,53.61122086131965,22.935598577637297,95.86007702182286,53.3,2024-08-30,905498,,1,2316,32,6.44,2316.0,,0.060000000000000005,0.05,22.7,11.0,1.0,1.0,2.5,0.5,1.7,4.9,4.2,,,,,1.0
584769,Dwight McNeil,2022-07-28,Burnley,Everton,Attack,Left Winger,left,183.0,22.680355920602327,17000000.0,18000000.0,18000000,18000000.0,25000000.0,0.9444444444444444,1.7750861738797397,261100000.0,463475000.0,GB1,GB1,38.0,3112.0,0.0,1.0,0.0289203084832904,0.0,81.89473684210526,125.0,8755.0,15.0,19.0,0.3495145631067961,166.0,0.7530120481927711,0.4791127195207551,0.4791127195207551,0.0603622223017138,0.7295038283609065,0.8057162221093355,1492,True,,False,0.0433482063119673,26.640926640926644,45.75289575289575,58.61517186882655,73.16278150928486,17.502963255630185,,38.1,2026-08-28,939542,,6,11134,154,7.092714208730016,11134.0,0.1835485300635249,0.09829758349171872,0.203668205267445,22.594497239569193,217.0,47.0,1.649742058104806,1.8374513530636256,0.8483844691827314,0.7684948864150603,4.165091863517061,5.79853380396416,,,,,0.6134310797357226
289592,Orel Mangala,2022-07-31,Stuttgart,Nott'm Forest,Midfield,Defensive Midfield,right,178.0,24.369609856262834,13000000.0,15000000.0,15000000,20000000.0,22000000.0,0.8666666666666667,1.2864260471583338,431525000.0,555125000.0,L1,GB1,29.0,1953.0,1.0,4.0,0.2304147465437788,0.0460829493087557,67.34482758620689,49.0,3335.0,2.0,1.0,0.08095952023988,83.0,0.5903614457831325,0.2678347608424593,0.2355486301266244,0.8602869389283977,0.3437061815912852,0.9532299785567048,702,False,23400000.0,True,0.0888528228687731,16.98739216987392,15.262110152621103,65.26076649545635,44.36981430264717,14.144606874753062,67.13735558408216,32.3,2024-07-02,765693,,2,3124,47,6.640000000000001,3124.0,0.06,0.040044814340588986,0.024977592829705506,28.169942381562098,9.0,1.0,0.7995518565941102,1.5497759282970551,1.40044814340589,1.2017925736235595,4.60179257362356,4.647983354673495,,,,,1.3
659459,Carney Chukwuemeka,2022-08-04,Aston Villa,Chelsea,Midfield,Central Midfield,right,187.0,18.78986995208761,18000000.0,6000000.0,6000000,20000000.0,20000000.0,3.0,2.3265632573921473,515750000.0,1199925000.0,GB1,GB1,12.0,294.0,0.0,1.0,0.3061224489795918,0.0,24.5,27.0,616.0,2.0,1.0,0.4383116883116883,164.0,0.1646341463414634,0.2355486301266244,0.2355486301266244,1.2996146435452791,1.8608118759852863,1.1482375319376676,1118,False,20000000.0,True,0.0589585500179506,83.60982083609821,85.93231585932315,89.53575661793758,12.378506519162386,35.42078229948637,48.07445442875481,60.3,2025-08-26,1089685,,2,567,23,,567.0,,,,,12.0,,,,,,,,,,,,
284857,Marc Cucurella,2022-08-05,Brighton,Chelsea,Defender,Left-Back,left,173.0,24.03832991101985,65300000.0,28000000.0,28000000,50000000.0,55000000.0,2.3321428571428573,2.0857378758908394,575300000.0,1199925000.0,GB1,GB1,37.0,3247.0,1.0,1.0,0.0554357868801971,0.0277178934400985,87.75675675675676,151.0,11817.0,7.0,11.0,0.1370906321401371,220.0,0.6863636363636364,0.09624713860549,0.09624713860549,0.5759733503083593,1.424360600495996,0.9054674935960724,1484,True,,False,0.0436053071700853,72.20888355342137,77.79111644657863,76.08652706440142,68.38798893717897,27.87435796128013,,57.1,2026-08-28,873289,,4,9159,115,6.984242821268698,9159.0,0.09293735743112827,0.06512501364777815,0.07622775412162901,44.94353095316083,88.0,12.0,0.1264876078174473,2.4295665465662193,0.9654984168577355,2.338399388579539,6.197991047057538,4.503188120973905,,,,,1.2012337591440114
234781,Maxwel Cornet,2022-08-05,Burnley,West Ham,Attack,Left Winger,left,179.0,25.85352498288843,20700000.0,15000000.0,15000000,2000000.0,17000000.0,1.38,1.8294714668709309,261100000.0,477675000.0,GB1,GB1,26.0,1776.0,9.0,1.0,0.5067567567567567,0.4560810810810811,68.3076923076923,32.0,754.0,1.0,3.0,0.4774535809018567,192.0,0.1666666666666666,0.4791127195207551,0.4791127195207551,1.0576983997912917,0.9965370599625116,1.0315989598650708,1484,True,,False,0.0436053071700853,48.00514800514801,49.42084942084942,27.99288818648755,15.478071908336624,19.65626234689846,,34.0,2026-08-28,426880,,3,416,23,,416.0,,,,,5.0,,,,,,,,,,,,
469781,Marcos Senesi,2022-08-08,Feyenoord,Bournemouth,Defender,Centre-Back,left,184.0,25.245722108145102,15000000.0,17000000.0,17000000,25000000.0,25000000.0,0.8823529411764706,2.2999389126450827,245550000.0,564750000.0,NL1,GB1,35.0,2849.0,2.0,2.0,0.1263601263601263,0.0631800631800631,81.4,126.0,9867.0,6.0,10.0,0.1459410155062329,165.0,0.7636363636363637,0.1132639743398324,0.09624713860549,1.115625044032101,1.516315369170968,1.087210715736124,1423,False,0.0,False,0.0456610945931958,74.8499399759904,75.1500600240096,66.48755432635322,74.3362307388384,62.54444883445278,,68.3,2026-07-01,785411,,4,9140,116,7.056119272908367,9140.0,0.11264656263180092,0.05740288844621513,0.08433142430278885,43.04515687250996,54.0,10.0,0.2870144422310757,1.8709412350597612,1.5030876494023904,5.585520418326693,9.930204183266932,5.461616035856573,,,,,1.1268924302788845
225122,Gonçalo Guedes,2022-08-08,Valencia,Wolves,Attack,Left Winger,right,179.0,25.689253935660503,32600000.0,40000000.0,40000000,8000000.0,35000000.0,0.815,2.0869165747886806,136050000.0,283925000.0,ES1,GB1,41.0,3003.0,13.0,6.0,0.5694305694305695,0.3896103896103896,73.2439024390244,46.0,1976.0,6.0,6.0,0.5465587044534413,126.0,0.365079365079365,0.4599952362514491,0.4791127195207551,1.237905361957486,1.140772687062349,1.0724133240639164,1092,False,4000000.0,True,0.0603701367031937,60.87516087516087,57.91505791505791,14.237455551165548,29.944685894903195,53.02252074278941,3.8510911424903727,43.7,2025-08-04,536455,,2,1696,42,6.41,1696.0,0.18,0.29,0.09,21.9,23.0,3.0,0.8,1.5,0.5,0.3,2.2,3.3,,,,,1.4
485706,Amadou Onana,2022-08-09,Lille,Everton,Midfield,Defensive Midfield,right,195.0,20.980150581793293,39870000.0,10000000.0,10000000,50000000.0,50000000.0,3.987,1.557244855102898,297625000.0,463475000.0,FR1,GB1,40.0,1602.0,1.0,0.0,0.0561797752808988,0.0561797752808988,40.05,71.0,5284.0,4.0,3.0,0.119227857683573,83.0,0.8554216867469879,0.2109459846919036,0.2355486301266244,0.2663230369753283,0.5061708812294067,0.6895829421889755,713,False,59350000.0,True,0.0878237918259008,26.542800265428003,44.92368944923689,94.75503753457131,77.38048202291584,3.160806005531411,60.01283697047497,43.2,2024-07-22,1185748,,2,4586,63,7.023672045355429,4586.0,0.06278674225904927,0.10088530309638027,0.05999999999999999,33.04587876144788,40.0,6.0,0.5544265154819015,2.8278674225904927,1.1177060619276058,1.3,5.5,6.083602267771479,,,,,1.6
272622,Issa Diop,2022-08-10,West Ham,Fulham,Defender,Centre-Back,right,194.0,25.582477754962355,17800000.0,10000000.0,10000000,8000000.0,22000000.0,1.78,0.6836238027947873,477675000.0,326550000.0,GB1,GB1,23.0,1729.0,1.0,2.0,0.1561596298438403,0.0520532099479467,75.17391304347827,94.0,6941.0,3.0,1.0,0.0518657253997983,176.0,0.5340909090909091,0.09624713860549,0.09624713860549,1.6224859471815294,0.5388806997410295,1.257910696458043,1479,True,,False,0.0437674308974007,27.25090036014406,16.146458583433372,65.76254444883446,50.999604899249306,5.807981035163968,,32.2,2026-08-28,696443,,5,5673,78,6.93185326345879,5673.0,0.04,0.03399222488038277,0.01585032032615026,49.97687827606289,5.0,1.0,0.16007775119617224,1.4865171811298779,1.2217239370995923,4.161211415259173,7.414851485148515,4.365695981362842,,,,,0.7340710541642399
540941,Mikkel Damsgaard,2022-08-10,Sampdoria,Brentford,Midfield,Attacking Midfield,right,180.0,22.102669404517453,15000000.0,15000000.0,15000000,30000000.0,30000000.0,1.0,13.191024622716442,37770000.0,498225000.0,IT1,GB1,12.0,613.0,0.0,0.0,0.0,0.0,51.083333333333336,129.0,7477.0,6.0,17.0,0.2768490036110739,165.0,0.7818181818181819,0.2225486393745403,0.2355486301266244,0.0,1.175336929203314,0.5713682170447084,1479,True,,False,0.0437674308974007,62.70736562707365,82.87989382879893,78.26155669695771,76.94389569340183,44.9032003160806,,64.6,2026-08-28,888912,,5,6813,121,7.001200645824159,6813.0,0.10953642384105959,0.11892190027945286,0.1925812619502868,31.115914105015445,128.0,36.0,1.1258126195028682,2.6600088248271807,0.954316811295779,0.8640535372848948,6.452757758493896,5.885071334019709,,,,,0.8576114134431534
448854,Emmanuel Dennis,2022-08-13,Watford,Nott'm Forest,Attack,Centre-Forward,right,175.0,24.7419575633128,14800000.0,14000000.0,14000000,2000000.0,12000000.0,1.0571428571428572,12.247655819084391,45325000.0,555125000.0,GB1,GB1,33.0,2590.0,10.0,6.0,0.555984555984556,0.3474903474903475,78.48484848484848,20.0,806.0,2.0,2.0,0.4466501240694789,129.0,0.1550387596899224,0.4791127195207551,0.4791127195207551,1.160446244342446,0.9322443464165432,1.0548699139822024,1114,False,,False,0.0591724605322063,43.758043758043755,41.82754182754182,12.105887001185302,8.000790201501383,24.674041880679574,,29.0,2025-08-31,769673,,1,715,19,,715.0,0.25,0.23,0.05,15.0,7.0,1.0,2.5,2.1,0.3,0.4,2.9,4.8,,,,,1.9
66934,Cheikhou Kouyaté,2022-08-13,Crystal Palace,Nottm Forest,Midfield,Defensive Midfield,right,189.0,32.643394934976044,0.0,4000000.0,4000000,1000000.0,3000000.0,0.0,1.1975902574778603,463535000.0,555125000.0,GB1,GB1,30.0,2224.0,1.0,1.0,0.0809352517985611,0.0404676258992805,74.13333333333334,35.0,1222.0,1.0,0.0,0.0736497545008183,82.0,0.4268292682926829,0.2355486301266244,0.2355486301266244,0.3436031521603527,0.3126732448464092,0.7238858236800771,688,False,,False,0.0901851099891388,15.593895155938952,27.00729927007299,7.4377716317661005,28.382062425918612,48.04425128407744,,26.9,2024-07-01,148302,,2,1086,33,,1086.0,0.10000000000000002,0.039999999999999994,0.03,19.0,8.0,1.0,0.6999999999999998,3.0,1.0,2.4,6.599999999999999,5.7,,,,,2.3
148252,Remo Freuler,2022-08-14,Atalanta,Nott'm Forest,Midfield,Central Midfield,right,181.0,30.32991101984942,8300000.0,20000000.0,20000000,6500000.0,13000000.0,0.415,1.249845211694116,444155000.0,555125000.0,IT1,GB1,43.0,3528.0,2.0,6.0,0.2040816326530612,0.0510204081632653,82.04651162790698,28.0,2165.0,0.0,0.0,0.0,81.0,0.345679012345679,0.2225486393745403,0.2355486301266244,0.917020356658304,0.0,0.9784126494198984,687,False,1900000.0,True,0.0902812539604008,3.64963503649635,4.11413404114134,6.574476491505335,20.1659423152904,16.71276175424733,8.793324775353016,10.3,2024-07-01,201704,,1,2166,28,6.74,2166.0,,0.02,0.030000000000000002,27.4,12.0,,0.3,1.8,1.2,1.7,5.1,5.7,,,,,1.0
556385,Destiny Udogie,2022-08-16,Udinese,Tottenham,Defender,Left-Back,left,188.0,19.71526351813826,18000000.0,17000000.0,17000000,30000000.0,45000000.0,1.0588235294117647,3.6090808676646846,212755000.0,767850000.0,IT1,GB1,36.0,2604.0,5.0,3.0,0.2764976958525346,0.1728110599078341,72.33333333333333,92.0,6947.0,2.0,5.0,0.0906866273211458,195.0,0.4717948717948718,0.0979603049171636,0.09624713860549,2.822548338190089,0.9422267366603354,1.662066206850347,1473,True,,False,0.043963449839503,50.48019207683073,16.086434573829532,81.9676017384433,46.732516791781904,28.98064006321612,,47.4,2026-08-28,1052898,,4,5673,74,6.9273258070206385,5673.0,0.08,0.04384018345387194,0.06609631328276591,38.17241136002823,52.0,7.0,0.6796260363379785,2.7883753748456517,1.0510142882342564,1.9021520550361615,6.04154171811607,5.5471158934556355,,,,,1.5405891691656377
366930,Sergio Gómez,2022-08-16,RSC Anderlecht,Man City,Defender,Left-Back,left,173.0,21.94661190965092,15000000.0,10000000.0,10000000,10000000.0,15000000.0,1.5,8.255496921723834,170550000.0,1407975000.0,BE1,GB1,33.0,2809.0,4.0,10.0,0.448558205767177,0.1281594873620505,85.12121212121212,36.0,1276.0,0.0,2.0,0.1410658307210031,114.0,0.3157894736842105,0.098805821763407,0.09624713860549,4.539795305192244,1.4656625928301272,2.2403984915869004,696,False,8700000.0,True,0.0894206779961427,73.52941176470588,14.525810324129653,61.16357171078625,23.516396681153697,36.48755432635322,24.71116816431322,42.7,2024-07-12,844477,,2,389,18,,389.0,,,,,6.0,1.0,,,,,,,,,,,
349599,Pervis Estupiñán,2022-08-16,Villarreal,Brighton,Defender,Left-Back,left,175.0,24.566735112936342,17800000.0,20000000.0,20000000,30000000.0,35000000.0,0.89,1.4946739412834502,384900000.0,575300000.0,ES1,GB1,40.0,2283.0,0.0,2.0,0.0788436268068331,0.0,57.075,100.0,7524.0,5.0,13.0,0.2153110047846889,134.0,0.746268656716418,0.0909966967446702,0.09624713860549,0.8664449329195136,2.237063957477563,1.0032921497175007,1073,False,17000000.0,True,0.0614339214316865,89.04561824729892,92.13685474189676,72.42986961675227,69.56143816673253,75.85934413275385,41.078305519897306,75.0,2025-07-24,688278,,3,6329,84,7.076371681415929,6329.0,0.05541791752251541,0.05437193869489651,0.1269126244272397,46.144999209985784,103.0,16.0,0.6576236372254701,2.132216779902038,1.3349028282509083,1.5810238584294516,5.3101753831568965,6.077942802970454,,,,,1.4013430241744351
228948,Thilo Kehrer,2022-08-17,PSG,West Ham,Defender,Centre-Back,both,186.0,25.90280629705681,12000000.0,22000000.0,22000000,10000000.0,22000000.0,0.5454545454545454,0.3394868696919086,1407050000.0,477675000.0,FR1,GB1,28.0,1390.0,2.0,0.0,0.1294964028776978,0.1294964028776978,49.642857142857146,42.0,2826.0,0.0,2.0,0.0636942675159235,107.0,0.3925233644859813,0.0906137250941025,0.09624713860549,1.429103623575959,0.6617782973995905,1.1927836394956344,684,False,11000000.0,True,0.090570476820398,34.513805522208884,27.010804321728692,29.02607664954563,30.02370604504149,36.21098380086922,39.76251604621309,33.1,2024-07-01,604088,,2,2249,31,6.67,2249.0,,0.04,0.029999999999999995,34.3,8.0,2.0,0.3,1.7,1.4,2.9,6.3,4.7,,,,,1.3
601883,Matheus Nunes,2022-08-18,Sporting,Wolves,Defender,Right-Back,right,183.0,23.975359342915812,47400000.0,35000000.0,35000000,55000000.0,55000000.0,1.3542857142857143,0.565869456900847,501750000.0,283925000.0,PO1,GB1,43.0,3304.0,4.0,5.0,0.2451573849878934,0.1089588377723971,76.83720930232558,38.0,2730.0,1.0,1.0,0.0659340659340659,42.0,0.9047619047619048,0.1007013875396326,0.09624713860549,2.434498580184983,0.6850496221433123,1.5313792949204117,379,False,62000000.0,True,0.1271397574648705,35.714285714285715,12.12484993997599,69.73133148952982,71.91623864085341,12.564203871987356,55.00641848523748,41.9,2023-09-01,955529,,2,3308,53,6.83,3308.0,0.04,0.09251813784764208,0.08273579201934704,34.085187424425634,39.0,4.0,1.751088270858525,2.148186215235792,0.6503627569528416,1.1496372430471584,4.023004836759371,5.27264207980653,,,,,1.2244558645707375
16306,Casemiro,2022-08-22,Real Madrid,Man Utd,Midfield,Defensive Midfield,right,185.0,30.494182067077343,70650000.0,40000000.0,40000000,6000000.0,50000000.0,1.76625,0.589945910315814,1289525000.0,760750000.0,ES1,GB1,49.0,3935.0,1.0,5.0,0.1372299872935196,0.0228716645489199,80.3061224489796,152.0,11314.0,23.0,12.0,0.2784161216192328,202.0,0.7524752475247525,0.2020189003735634,0.2355486301266244,0.6792928138890011,1.181989984274432,0.8728908123048515,1409,False,,False,0.0461576311823515,62.840079628400794,73.12541473125414,32.79138680363492,75.01975503753457,24.832082180956142,,48.2,2026-07-01,208494,,4,8195,111,7.2683184868822455,8195.0,0.16505186089078705,0.1551543624161074,0.1152739475289811,47.68434411226357,102.0,16.0,0.3003050640634533,3.772214765100671,1.0503233679072608,2.6941793776693106,9.976888346552776,6.357693715680293,,,,,1.5822086638194022
217115,Neal Maupay,2022-08-26,Brighton,Everton,Attack,Centre-Forward,right,171.0,26.031485284052017,11800000.0,18000000.0,18000000,8000000.0,15000000.0,0.6555555555555556,0.8056231531374934,575300000.0,463475000.0,GB1,GB1,32.0,2349.0,7.0,2.0,0.3448275862068965,0.2681992337164751,73.40625,31.0,1301.0,1.0,1.0,0.1383551114527286,122.0,0.2540983606557377,0.4791127195207551,0.4791127195207551,0.719721209972925,0.2887736138400206,0.9550518389862032,1040,False,4000000.0,True,0.0633486014802472,5.984555984555985,7.271557271557272,17.84472540497827,17.819043856183328,13.275385223231924,13.67137355584082,11.6,2025-07-01,391064,,2,2539,58,6.4606892477353295,2539.0,0.24825521858999608,0.42925955100433244,0.08730208743599843,17.094722331626624,23.0,5.0,0.6000000000000001,0.731744781410004,0.23174478141000393,0.3,1.131744781410004,3.1656163844033083,,,,,1.212170145726664
349066,Alexander Isak,2022-08-26,Real Sociedad,Newcastle,Attack,Centre-Forward,right,190.0,22.92950034223135,77500000.0,30000000.0,30000000,140000000.0,140000000.0,2.5833333333333335,2.544742231324014,280775000.0,714500000.0,ES1,GB1,42.0,2827.0,11.0,3.0,0.4457021577644146,0.3501945525291828,67.30952380952381,100.0,7495.0,59.0,10.0,0.828552368245497,132.0,0.7575757575757576,0.4599952362514491,0.4791127195207551,0.9689277684623204,1.729347467698787,1.0114936496502485,1102,False,145000000.0,True,0.0598212650435311,90.86229086229086,92.98584298584298,94.08139075464244,70.7645199525879,45.00197550375346,68.42105263157895,77.8,2025-09-01,690107,,4,7261,100,7.324569990850869,7261.0,0.7404483074107959,0.6723010064043916,0.10725068618481243,15.946752058554438,87.0,19.0,1.619807868252516,0.49359560841720035,0.15777676120768527,0.5422232387923147,1.2513723696248857,1.7893412625800549,,,,,0.8428636779505947
444523,Lucas Paquetá,2022-08-29,Lyon,West Ham,Midfield,Attacking Midfield,left,183.0,25.00479123887748,42950000.0,35000000.0,35000000,35000000.0,65000000.0,1.227142857142857,1.9151047409040791,249425000.0,477675000.0,FR1,GB1,42.0,3199.0,10.0,7.0,0.4782744607689903,0.281337918099406,76.16666666666667,127.0,9943.0,22.0,11.0,0.2987026048476315,168.0,0.7559523809523809,0.2109459846919036,0.2355486301266244,2.267284022815283,1.268114379128663,1.5777639108799604,1248,False,42000000.0,True,0.0526073577160976,65.49435965494361,35.56735235567353,66.95969972342947,73.66258395890952,36.4282892137495,41.7201540436457,53.8,2026-01-28,766435,,4,8707,110,7.090428611188422,8707.0,0.15236849429446148,0.18663512385193431,0.1353103256331756,38.48970219871973,134.0,25.0,1.2311160590036183,2.58402449206791,0.7,1.153381575285277,4.5309212357361535,6.087225160033397,,,,,1.8835513498469247
602105,Antony,2022-08-30,Ajax,Man Utd,Attack,Right Winger,left,172.0,22.51334702258727,95000000.0,35000000.0,35000000,30000000.0,75000000.0,2.7142857142857144,4.484893146647016,169625000.0,760750000.0,NL1,GB1,34.0,2690.0,13.0,12.0,0.8364312267657993,0.4349442379182156,79.11764705882354,89.0,4981.0,10.0,5.0,0.2710299136719534,165.0,0.5393939393939394,0.5046288705881634,0.4791127195207551,1.657517584736894,0.5656913344798237,1.1674496416231204,1098,False,22000000.0,True,0.0600399124849746,15.958815958815958,9.78120978120978,67.0367443698143,50.59265112603714,1.5804030027657054,8.857509627727858,23.8,2025-09-01,967622,,3,3274,62,7.054055431666136,3274.0,0.14520866517999365,0.2820675374323033,0.1242147180630774,31.078528193692257,53.0,9.0,1.6264415418923224,1.7743548900923864,0.6264415418923224,0.2685887225230965,2.711532335138579,5.574354890092387,,,,,0.9528830837846448
491296,Anass Zaroury,2022-08-30,R Charleroi SC,Burnley,Attack,Left Winger,right,176.0,21.809719370294317,4200000.0,1200000.0,1200000,9000000.0,12000000.0,3.5,4.689717108217333,55675000.0,261100000.0,BE1,GB1,32.0,1423.0,4.0,1.0,0.3162333099086437,0.2529866479269149,44.46875,13.0,605.0,2.0,3.0,0.743801652892562,47.0,0.2765957446808511,0.4819920768254938,0.4791127195207551,0.6560964901983992,1.5524564942391192,0.9406417271142096,723,False,5000000.0,True,0.0869016607601134,85.58558558558559,89.38223938223938,98.0047412090083,8.152903990517581,36.30975898854208,50.38510911424904,67.1,2024-08-22,1069536,,1,148,6,,148.0,,,,,2.0,,,,,,,,,,,,
369567,Sasa Kalajdzic,2022-08-31,Stuttgart,Wolves,Attack,Centre-Forward,right,200.0,25.149897330595483,18000000.0,25000000.0,25000000,4000000.0,22000000.0,0.72,0.6579572446555819,431525000.0,283925000.0,L1,GB1,17.0,1440.0,6.0,5.0,0.6875,0.375,84.70588235294117,16.0,350.0,3.0,1.0,1.0285714285714285,166.0,0.0963855421686747,0.543236014295955,0.4791127195207551,1.2655641045651476,2.146825552033525,1.0786776436024152,1458,True,,False,0.0444605991993578,97.68339768339769,98.13384813384812,13.779138680363491,4.535756617937574,86.38877913868036,,69.4,2026-08-28,858198,,3,218,13,,218.0,,,,,4.0,2.0,,,,,,,,,,,
58864,Pierre-Emerick Aubameyang,2022-09-01,Barcelona,Chelsea,Attack,Centre-Forward,right,187.0,33.204654346338124,12000000.0,15000000.0,15000000,4000000.0,12000000.0,0.8,1.0007088797614827,1199075000.0,1199925000.0,ES1,GB1,24.0,1522.0,13.0,1.0,0.8278580814717477,0.7687253613666228,63.416666666666664,21.0,961.0,3.0,1.0,0.3746097814776275,44.0,0.4772727272727273,0.4599952362514491,0.4791127195207551,1.7997101192135216,0.7818823550590362,1.1996542680078313,323,False,0.0,False,0.13567608896672,31.016731016731015,17.760617760617762,10.622283682338995,22.807190833662585,25.483998419596997,,22.8,2023-07-21,150565,,1,550,15,,550.0,,,,,4.0,,,,,,,,,,,,
126665,Idrissa Gueye,2022-09-01,PSG,Everton,Midfield,Defensive Midfield,right,174.0,32.930869267624914,4000000.0,12000000.0,12000000,500000.0,10000000.0,0.3333333333333333,0.3293948331615792,1407050000.0,463475000.0,FR1,GB1,31.0,1864.0,3.0,1.0,0.1931330472103004,0.1448497854077253,60.12903225806452,128.0,10109.0,6.0,7.0,0.1157384508853497,161.0,0.7950310559006211,0.2109459846919036,0.2355486301266244,0.9155568781855704,0.4913569262666988,0.977763044686588,1457,True,,False,0.0444941068642577,25.34837425348374,22.428666224286665,9.274990122481231,78.4235480047412,33.28723824575267,,31.2,2026-08-28,179410,,4,9652,120,7.0985111893908,9652.0,0.13738292011019285,0.0489411520928305,0.05237670949026108,36.59013675922088,59.0,7.0,0.5101740571902196,3.2302009946125154,1.4711355159552426,0.9876502279320347,7.104216742644012,6.9754247824285125,,,,,1.440375051802735
142310,Willy Boly,2022-09-01,Wolves,Nott'm Forest,Defender,Centre-Back,right,195.0,31.575633127994525,2600000.0,6000000.0,6000000,300000.0,4000000.0,0.4333333333333333,1.9551818261864928,283925000.0,555125000.0,GB1,GB1,10.0,900.0,0.0,0.0,0.0,0.0,90.0,43.0,2757.0,2.0,2.0,0.1305767138193689,178.0,0.2415730337078651,0.09624713860549,0.09624713860549,0.0,1.3566815150172236,0.7114919094011505,1399,False,,False,0.0465181717735207,69.38775510204081,81.9327731092437,1.7819043856183323,23.57961280126432,75.02963255630186,,48.0,2026-07-01,246331,2022/2023,2,1589,26,7.07,1589.0,0.12,0.09,0.05,29.3,9.0,4.0,0.2,2.9,1.6,5.4,11.1,5.4,,,,,1.2
168157,Leander Dendoncker,2022-09-01,Wolves,Aston Villa,Midfield,Defensive Midfield,right,188.0,27.381245722108144,15000000.0,28000000.0,28000000,4500000.0,22000000.0,0.5357142857142857,1.8165008364885096,283925000.0,515750000.0,GB1,GB1,34.0,2283.0,2.0,2.0,0.1576872536136662,0.0788436268068331,67.1470588235294,32.0,1029.0,1.0,0.0,0.0874635568513119,146.0,0.2191780821917808,0.2355486301266244,0.2355486301266244,0.6694467020627457,0.3713184695843655,0.8685203477123037,1083,False,0.0,False,0.0608705865738002,18.646317186463172,21.366954213669544,6.79770841564599,17.10786250493876,24.19992097984986,,18.1,2025-08-19,424129,2022/2023,1,118,8,,118.0,,,,,,,,,,,,,,,,,
238266,Duje Caleta-Car,2022-09-01,Marseille,Southampton,Defender,Centre-Back,right,193.0,25.95482546201232,8000000.0,16000000.0,16000000,7000000.0,14000000.0,0.5,0.3047370009051594,497150000.0,151500000.0,FR1,GB1,30.0,2338.0,2.0,1.0,0.1154833190761334,0.0769888793840889,77.93333333333334,15.0,1124.0,2.0,0.0,0.1601423487544483,41.0,0.3658536585365853,0.0906137250941025,0.09624713860549,1.2744572519913924,1.6638660751345573,1.140702027984127,676,False,3590000.0,True,0.0913475699257908,79.0516206482593,78.09123649459784,20.2350849466614,13.449229553536153,80.24496246542869,18.16431322207959,50.7,2024-07-08,557799,,1,945,13,,945.0,,,,,1.0,,,,,,,,,,,,
284730,Manuel Akanji,2022-09-01,Dortmund,Man City,Defender,Centre-Back,right,188.0,27.121149897330596,20000000.0,30000000.0,30000000,17000000.0,45000000.0,0.6666666666666666,2.62156123446446,537075000.0,1407975000.0,L1,GB1,31.0,2581.0,1.0,0.0,0.0348702053467648,0.0348702053467648,83.25806451612904,134.0,10703.0,5.0,3.0,0.0672708586377651,229.0,0.5851528384279476,0.1242136398981505,0.09624713860549,0.2807276670690656,0.698938790414367,0.8060350218389851,1399,False,15000000.0,True,0.0465181717735207,36.734693877551024,51.86074429771909,49.62267878308969,58.90161991307784,33.089687870406955,33.08729139922978,42.9,2026-07-01,521318,,3,6814,85,7.072948341649545,6814.0,0.07,0.06328734957440564,0.05328734957440563,74.73749633108305,29.0,,0.13356325212797182,1.2595391840328736,0.6146463164073966,2.0417082477252717,4.315893748165542,5.052905782213091,,,,,0.7598033460522454
292808,Wout Faes,2022-09-01,Stade Reims,Leicester,Defender,Centre-Back,right,187.0,24.413415468856947,17000000.0,10000000.0,10000000,10000000.0,20000000.0,1.7,2.445367132867133,57200000.0,139875000.0,FR1,GB1,36.0,3240.0,4.0,0.0,0.1111111111111111,0.1111111111111111,90.0,71.0,6121.0,3.0,2.0,0.0735173991177912,87.0,0.8160919540229885,0.0906137250941025,0.09624713860549,1.2262061955373973,0.7638398417134629,1.1244520975686398,1457,True,,False,0.0444941068642577,40.096038415366145,36.134453781512605,68.64875543263531,72.87040695377321,11.477676807585937,,42.0,2026-08-28,693678,,2,5599,65,6.58901768172888,5599.0,0.03,0.04502232541525272,0.014977674584747276,47.383925701018036,13.0,1.0,0.24977674584747275,1.5488837292373638,1.0488837292373638,4.755134845508127,8.552902303982854,4.393302375424183,,,,,0.7
434675,Cody Gakpo,2023-01-01,PSV,Liverpool,Attack,Left Winger,right,193.0,23.65503080082135,42000000.0,60000000.0,60000000,60000000.0,70000000.0,0.7,3.1155909857427564,326150000.0,1016150000.0,NL1,GB1,41.0,3098.0,21.0,21.0,1.2201420271142671,0.6100710135571337,75.5609756097561,174.0,10779.0,45.0,21.0,0.5510715279710549,192.0,0.90625,0.5046288705881634,0.4791127195207551,2.4178997640229087,1.150191813989573,1.339665602774888,1335,True,,False,0.0489462728249809,62.0978120978121,36.1003861003861,51.74041880679573,92.87830896878704,58.90952192809167,,58.3,2026-08-28,806552,,5,7885,128,7.125459733671528,7885.0,0.37629169308814203,0.3548877615726062,0.1493443246670894,20.352834495878252,143.0,30.0,1.3575497113534318,1.2774889029803425,0.5250982878883956,0.5293975903614458,3.4982244768547877,3.520329740012682,,,,,1.364730500951173
463603,Benoît Badiashile,2023-01-05,Monaco,Chelsea,Defender,Centre-Back,left,194.0,21.779603011635867,38000000.0,40000000.0,40000000,15000000.0,40000000.0,0.95,2.933120668793312,409095000.0,1199925000.0,FR1,GB1,31.0,2536.0,3.0,0.0,0.1064668769716088,0.1064668769716088,81.80645161290323,58.0,4313.0,2.0,1.0,0.062601437514491,197.0,0.2944162436548223,0.0906137250941025,0.09624713860549,1.1749530974589415,0.650423881909776,1.107191143331355,1331,True,,False,0.0491052087223109,34.03361344537815,30.612244897959183,26.766100355590673,30.77044646384828,22.481232714342156,,27.3,2026-08-28,955376,,4,3045,42,,3045.0,,,,,9.0,3.0,,,,,,,,,,,
193098,Álex Moreno,2023-01-11,Real Betis,Aston Villa,Defender,Left-Back,left,179.0,29.593429158110883,13500000.0,20000000.0,20000000,4000000.0,15000000.0,0.675,1.926057324246102,267775000.0,515750000.0,ES1,GB1,39.0,3133.0,2.0,5.0,0.2010852218321097,0.0574529205234599,80.33333333333333,43.0,2635.0,2.0,3.0,0.1707779886148007,132.0,0.3257575757575757,0.0909966967446702,0.09624713860549,2.209807927383777,1.774369514659623,1.4557082580279606,954,False,0.0,False,0.0687644725120537,80.73229291716687,71.18847539015606,6.2603713947056505,27.171078625049383,76.82734097194785,,51.3,2025-08-22,477588,,3,3324,55,6.95,3324.0,0.17,0.07484143763213531,0.13515856236786472,30.39027484143763,41.0,5.0,1.4693446088794926,1.6,0.7613107822410148,2.391966173361522,4.896828752642707,4.17737843551797,,,,,1.0564482029598308
620598,Ameen Al-Dakhil,2023-01-13,Sint-Truiden,Burnley,Defender,Centre-Back,right,187.0,20.856947296372347,5000000.0,3000000.0,3000000,12000000.0,15000000.0,1.6666666666666667,3.762247838616714,69400000.0,261100000.0,BE1,GB1,25.0,1956.0,0.0,0.0,0.0,0.0,78.24,21.0,1591.0,1.0,0.0,0.0565681961030798,46.0,0.4565217391304347,0.098805821763407,0.09624713860549,0.0,0.5877389907137783,0.7114919094011505,592,False,9000000.0,True,0.100042121743135,30.07202881152461,50.780312124849935,93.90952192809166,21.538917423943104,7.487159225602529,67.13735558408216,41.0,2024-08-27,1279764,,1,1055,13,,1055.0,,,,,2.0,,,,,,,,,,,,
170934,Mario Lemina,2023-01-13,Nice,Wolves,Midfield,Defensive Midfield,right,184.0,29.366187542778917,11000000.0,7000000.0,7000000,7500000.0,10000000.0,1.5714285714285714,1.35703190345322,209225000.0,283925000.0,FR1,GB1,30.0,1724.0,1.0,0.0,0.0522041763341067,0.0522041763341067,57.46666666666667,76.0,5972.0,6.0,5.0,0.1657736101808439,92.0,0.8260869565217391,0.2109459846919036,0.2355486301266244,0.2474765111568885,0.7037765835943458,0.6812173989943116,754,False,2500000.0,True,0.0841219734131387,39.28334439283344,58.991373589913735,61.28012643224022,74.94468589490322,12.030817858553933,8.632862644415917,39.5,2025-02-05,421786,,3,5640,71,7.073371522094925,5640.0,0.12,0.10344166471826047,0.03695347205985504,38.1655833528174,33.0,6.0,0.8,2.6695347205985507,1.1390694411971005,1.6695347205985505,5.839069441197101,6.091395838204349,,,,,1.2695347205985503
538977,Georginio Rutter,2023-01-14,Hoffenheim,Leeds,Attack,Centre-Forward,left,182.0,20.736481861738536,40500000.0,16000000.0,16000000,28000000.0,28000000.0,2.53125,1.2881791188508145,311525000.0,401300000.0,L1,GB1,33.0,2051.0,6.0,3.0,0.3949293027791321,0.2632862018527547,62.15151515151515,14.0,430.0,0.0,1.0,0.2093023255813953,30.0,0.4666666666666667,0.543236014295955,0.4791127195207551,0.7269939628192151,0.436854036751008,0.956699016097612,583,False,46700000.0,True,0.101034366821816,9.845559845559846,12.226512226512224,74.22362702489134,18.172659028052156,0.75069142631371,49.48652118100129,24.2,2024-08-19,956925,,2,1930,39,6.720000000000001,1930.0,0.27,0.25,0.09,12.699999999999998,23.0,6.0,1.5,2.1,0.5,0.6,3.5,3.6,,,,,1.8
74230,Pablo Sarabia,2023-01-17,PSG,Wolves,Midfield,Attacking Midfield,left,174.0,30.68583162217659,5000000.0,20000000.0,20000000,5000000.0,16000000.0,0.25,0.2017874275967449,1407050000.0,283925000.0,FR1,GB1,18.0,536.0,0.0,0.0,0.0,0.0,29.77777777777778,76.0,3937.0,8.0,12.0,0.4572009144018288,106.0,0.7169811320754716,0.2109459846919036,0.2355486301266244,0.0,1.9410043444364344,0.5713682170447084,896,False,0.0,False,0.0727941135264153,85.86595885865958,95.28865295288654,10.175819834057684,63.03832477281707,88.2259976293955,,69.9,2025-07-01,240054,,3,3323,66,6.847567567567568,3323.0,0.250990990990991,0.3405405405405405,0.23738738738738738,32.71081081081081,77.0,12.0,0.8369369369369368,1.2522522522522523,0.46846846846846846,0.4576576576576577,2.246846846846847,4.347747747747747,,,,,1.3207207207207208
823231,Dango Ouattara,2023-01-19,FC Lorient,Bournemouth,Attack,Right Winger,left,177.0,20.93634496919918,22500000.0,10000000.0,10000000,35000000.0,35000000.0,2.25,3.3878224355128976,166700000.0,564750000.0,FR1,GB1,32.0,2029.0,7.0,8.0,0.665352390340069,0.3104977821586989,63.40625,88.0,4913.0,11.0,9.0,0.3663749236718909,107.0,0.822429906542056,0.4766053917119471,0.4791127195207551,1.3960236327796258,0.7646946297697271,1.1082249076689652,940,False,42800000.0,True,0.0697080544300101,29.794079794079792,23.423423423423426,90.28644804425127,76.63374160410905,5.353615171868826,68.74197689345316,41.2,2025-08-16,1250253,,4,6749,113,6.9847683923705715,6749.0,0.21224774040598607,0.29832864128018965,0.1388087124018373,15.055193361979553,97.0,27.0,1.4858645725292636,1.7446584679211736,0.9076455771225368,2.1839531782486294,6.212787079567344,4.136553563490887,,,,,0.8520817898947992
144028,Leandro Trossard,2023-01-20,Brighton,Arsenal,Attack,Left Winger,right,172.0,28.128678986995208,24000000.0,30000000.0,30000000,18000000.0,38000000.0,0.8,2.294889622805493,575300000.0,1320250000.0,GB1,GB1,30.0,2486.0,11.0,5.0,0.5792437650844731,0.3982300884955752,82.86666666666666,170.0,9416.0,36.0,32.0,0.6499575191163975,190.0,0.8947368421052632,0.4791127195207551,0.4791127195207551,1.2089926680800225,1.3565858150594172,1.0658650020473883,1316,True,,False,0.049709029790715,75.8043758043758,74.83912483912484,45.36546819438957,91.74041880679572,66.83129197945476,,69.0,2026-08-28,318615,2022/2023,3,6202,103,7.057913576265721,6202.0,0.3776168977749113,0.2977716865527249,0.15854240567558853,25.35114479200258,101.0,24.0,1.2618510158013545,1.238503708481135,0.35888423089326027,0.4792647533053853,3.3057400838439213,3.9595936794582394,,,,,0.8175427281522089
134294,Danny Ings,2023-01-20,Aston Villa,West Ham,Attack,Centre-Forward,right,177.0,30.494182067077343,12000000.0,16000000.0,16000000,5000000.0,12000000.0,0.75,0.9261754726127,515750000.0,477675000.0,GB1,GB1,34.0,1681.0,9.0,5.0,0.7495538370017846,0.4818560380725758,49.44117647058823,63.0,1882.0,4.0,4.0,0.3825717321997874,124.0,0.5080645161290323,0.4791127195207551,0.4791127195207551,1.5644624040696418,0.7985004710007798,1.146373940725172,950,False,0.0,False,0.0690322246072332,32.36808236808237,22.972972972972975,8.931252469379693,43.3366258395891,27.696562623468985,,26.3,2025-08-27,863359,2022/2023,2,319,17,,319.0,,,,,4.0,1.0,,,,,,,,,,,
503987,Noni Madueke,2023-01-20,PSV,Chelsea,Attack,Right Winger,left,182.0,20.865160848733744,35000000.0,15000000.0,15000000,40000000.0,40000000.0,2.3333333333333335,3.679058715315039,326150000.0,1199925000.0,NL1,GB1,21.0,1043.0,4.0,4.0,0.6903163950143816,0.3451581975071908,49.666666666666664,86.0,4594.0,17.0,7.0,0.4701784936874184,136.0,0.6323529411764706,0.5046288705881634,0.4791127195207551,1.3679684917943609,0.9813525597018726,1.101870809425155,910,False,56000000.0,True,0.07179195056773,47.03989703989704,41.95624195624196,85.52745950217306,56.8846305807981,11.951797708415643,63.093709884467266,47.2,2025-07-18,1084981,,3,3745,67,7.152817037754113,3745.0,0.3507744433688286,0.3486447241045498,0.15019361084220717,26.213359148112293,65.0,8.0,2.4077444336882867,1.2019361084220717,0.36602129719264287,0.6038722168441433,2.2378509196515006,4.005808325266215,,,,,0.8980638915779283
564529,Victor Kristiansen,2023-01-20,Copenhagen,Leicester,Defender,Left-Back,left,181.0,20.095824777549623,14000000.0,4000000.0,4000000,9000000.0,16000000.0,3.5,1.6774599748156145,83385000.0,139875000.0,DK1,GB1,27.0,2108.0,1.0,1.0,0.0853889943074003,0.0426944971537001,78.07407407407408,46.0,3600.0,0.0,2.0,0.05,72.0,0.6388888888888888,0.1222037848290876,0.09624713860549,0.6987426324546667,0.5194959634586785,0.9468135788147232,1316,True,,False,0.049709029790715,26.410564225690276,32.292917166866744,88.80877123666534,47.34492295535361,3.2793362307388385,,37.6,2026-08-28,1211437,,2,3383,42,6.42,3383.0,,0.0,0.060000000000000005,30.399999999999995,25.0,6.0,0.3,3.1,1.5,2.4,7.599999999999999,3.5999999999999996,,,,,0.7
121477,Craig Dawson,2023-01-22,West Ham,Wolves,Defender,Centre-Back,right,188.0,32.714579055441476,3750000.0,2500000.0,2500000,1500000.0,2000000.0,1.5,0.5943894907625478,477675000.0,283925000.0,GB1,GB1,32.0,2867.0,3.0,1.0,0.1255667945587722,0.0941750959190791,89.59375,61.0,4760.0,2.0,1.0,0.0567226890756302,105.0,0.580952380952381,0.09624713860549,0.09624713860549,1.304628858354547,0.589344160226232,1.15086318382104,891,False,,False,0.0731567090395151,30.192076830732297,25.570228091236498,19.626629790596603,47.4516001580403,8.573686290003952,,22.3,2025-07-01,169162,2022/2023,2,3180,40,6.87,3180.0,0.04,0.06,0.02,44.9,11.0,2.0,0.1,1.2,0.7,4.8,8.3,4.1,,,,,0.8
425918,Jakub Kiwior,2023-01-23,Spezia Calcio,Arsenal,Defender,Centre-Back,left,189.0,22.937713894592743,19500000.0,8000000.0,8000000,35000000.0,35000000.0,2.4375,77.50220135016143,17035000.0,1320250000.0,IT1,GB1,35.0,3067.0,0.0,0.0,0.0,0.0,87.62857142857143,65.0,3980.0,3.0,3.0,0.135678391959799,189.0,0.3439153439153439,0.0979603049171636,0.09624713860549,0.0,1.4096875390336,0.7114919094011505,1255,False,17000000.0,True,0.0522963907327478,71.48859543817527,83.61344537815127,93.41564598972738,34.883445278546034,27.00513630975899,38.06161745827985,55.0,2026-07-01,1021834,,3,2489,44,,2489.0,0.1,0.08000000000000002,0.06,44.5,12.0,2.0,0.2,1.9,0.8,2.3,5.2,3.3,,,,,1.0
467623,Lyle Foster,2023-01-25,KVC Westerlo,Burnley,Attack,Centre-Forward,right,185.0,22.392881587953458,11000000.0,2000000.0,2000000,8000000.0,13000000.0,5.5,2.942800788954635,88725000.0,261100000.0,BE1,GB1,21.0,1548.0,8.0,4.0,0.6976744186046512,0.4651162790697674,73.71428571428571,57.0,3667.0,8.0,7.0,0.3681483501499863,92.0,0.6195652173913043,0.4819920768254938,0.4791127195207551,1.4474810938795697,0.7683961104565044,1.1198793051064189,1311,True,,False,0.0499130745256507,30.051480051480052,22.779922779922774,95.21335440537337,49.12090082971157,3.9707625444488346,,37.0,2026-08-28,881500,,2,3278,50,6.466766320927396,3278.0,0.22325808419768153,0.21,0.04744356314826113,13.830323367907262,29.0,3.0,0.8162904209884077,0.9418547895057963,0.18370957901159246,1.4744356314826115,3.9137888956680906,2.567419158023185,,,,,1.225564368517389
620322,Malo Gusto,2023-01-29,Lyon,Chelsea,Defender,Right-Back,right,178.0,19.698836413415467,30000000.0,15000000.0,15000000,35000000.0,35000000.0,2.0,4.810764758945575,249425000.0,1199925000.0,FR1,GB1,33.0,2517.0,0.0,5.0,0.1787842669845053,0.0,76.27272727272727,127.0,8200.0,3.0,16.0,0.2085365853658536,193.0,0.6580310880829016,0.0906137250941025,0.09624713860549,1.9730373825691137,2.166678286620342,1.3759689702189224,1307,True,,False,0.0500773188610226,87.9951980792317,85.77430972388956,82.33899644409325,64.20387198735676,45.1797708415646,,67.2,2026-08-28,1197250,,4,5956,94,6.8985812625923435,5956.0,0.08,0.06333503401360543,0.1254438775510204,49.99215986394558,81.0,13.0,0.5245918367346939,2.340527210884354,1.1104591836734694,1.7457823129251702,5.498520408163264,5.623384353741496,,,,,0.9527380952380953
503733,Anthony Gordon,2023-01-29,Everton,Newcastle,Attack,Left Winger,right,183.0,21.927446954141,45600000.0,40000000.0,40000000,65000000.0,65000000.0,1.14,1.5416149738389342,463475000.0,714500000.0,GB1,GB1,38.0,2729.0,5.0,1.0,0.1978746793697325,0.1648955661414437,71.8157894736842,147.0,9822.0,37.0,22.0,0.5406230910201588,169.0,0.8698224852071006,0.4791127195207551,0.4791127195207551,0.4130023506110666,1.1283839251041614,0.885584294102425,1249,False,80000000.0,True,0.0525627512145552,59.97425997425997,71.68597168597168,70.93638877913868,88.36823389964442,33.899644409324374,66.36713735558408,60.5,2026-07-01,906937,2022/2023,3,7156,95,7.220304639463388,7156.0,0.28887646730016764,0.3435885969815539,0.17683063163778648,23.03068753493572,134.0,27.0,1.572191168250419,1.3264393515930688,0.2088038010061487,0.2608999441028508,2.556623812185578,3.5186975964225824,,,,,0.877138065958636
245056,Saša Lukić,2023-01-31,Torino,Fulham,Midfield,Central Midfield,right,182.0,26.466803559206024,9800000.0,13000000.0,13000000,10000000.0,14000000.0,0.7538461538461538,1.664415504982288,196195000.0,326550000.0,IT1,GB1,32.0,2622.0,7.0,1.0,0.2745995423340961,0.2402745995423341,81.9375,105.0,6400.0,3.0,5.0,0.1125,154.0,0.6818181818181818,0.2225486393745403,0.2355486301266244,1.2338855142221574,0.4776083815028902,1.119061869760067,1305,True,,False,0.0501597789022766,24.419376244193764,14.26675514266755,43.2536546819439,64.02212564203872,22.046621888581587,,31.3,2026-08-28,556972,,5,5707,93,6.80800113250283,5707.0,0.061766561514195586,0.08597350230414746,0.06374292185730464,36.82921857304643,66.0,7.0,0.32148617511520733,2.561211778029445,1.0750849377123444,1.467950169875425,6.747678369195922,4.22718006795017,,,,,2.5093431483578708
156501,Felipe,2023-01-31,Atlético Madrid,Nottm Forest,Defender,Centre-Back,right,190.0,33.711156741957566,2300000.0,3000000.0,3000000,1500000.0,2000000.0,0.7666666666666667,1.0702236360131097,518700000.0,555125000.0,ES1,GB1,19.0,963.0,0.0,0.0,0.0,0.0,50.68421052631579,25.0,2002.0,0.0,2.0,0.0899100899100899,62.0,0.4032258064516129,0.0909966967446702,0.09624713860549,0.0,0.9341585756499712,0.7114919094011505,517,False,,False,0.1086966767483176,49.759903961584634,67.40696278511405,11.939944685894904,21.00750691426314,43.79691821414461,,34.8,2024-07-01,268212,,2,1792,23,,1792.0,,,,,9.0,2.0,,,,,,,,,,,
272855,Paul Onuachu,2023-01-31,Genk,Southampton,Attack,Centre-Forward,right,201.0,28.67898699520876,18000000.0,15000000.0,15000000,6000000.0,17000000.0,1.2,0.9155461550083094,165475000.0,151500000.0,BE1,GB1,29.0,2028.0,22.0,3.0,1.1094674556213018,0.9763313609467456,69.93103448275862,38.0,1495.0,4.0,1.0,0.3010033444816054,65.0,0.5846153846153846,0.4819920768254938,0.4791127195207551,2.3018375383439897,0.6282516247589748,1.3133791269825743,882,False,5670000.0,True,0.0738156681199927,19.81981981981982,6.756756756756757,34.286843145001974,40.04346108257606,7.981035163966811,11.874197689345314,19.1,2025-07-01,412357,,2,1449,36,6.35,1449.0,0.34,0.31,0.02,13.8,12.0,1.0,0.7,0.6,0.1,1.4,2.2,1.6,,,,,2.4
102017,Jorginho,2023-01-31,Chelsea,Arsenal,Midfield,Defensive Midfield,right,180.0,31.11567419575633,11300000.0,35000000.0,35000000,6000000.0,25000000.0,0.3228571428571428,1.100277100652124,1199925000.0,1320250000.0,GB1,GB1,42.0,3099.0,3.0,3.0,0.1742497579864472,0.0871248789932236,73.78571428571429,74.0,3810.0,2.0,3.0,0.1181102362204724,126.0,0.5873015873015873,0.2355486301266244,0.2355486301266244,0.7397612879037989,0.5014261223127455,0.8997313895104007,857,False,0.0,False,0.0756892866714992,26.144658261446587,27.869940278699403,4.486369024101146,51.15566969577242,35.24298696167523,,28.1,2025-06-06,282775,2022/2023,2,1621,39,,1621.0,,0.01,0.21,68.3,13.0,3.0,0.2,2.4,1.2,0.7,4.3,4.8,,,,,0.9
746695,Kamaldeen Sulemana,2023-01-31,Stade Rennais,Southampton,Attack,Left Winger,right,174.0,20.958247775496236,25000000.0,18000000.0,18000000,13000000.0,22000000.0,1.3888888888888888,0.4178157749586321,362600000.0,151500000.0,FR1,GB1,20.0,522.0,1.0,2.0,0.5172413793103449,0.1724137931034482,26.1,46.0,2526.0,4.0,3.0,0.2494061757719715,65.0,0.7076923076923077,0.4766053917119471,0.4791127195207551,1.0852612838735098,0.5205584523438377,1.0378415687841689,883,False,17500000.0,True,0.0737420488864473,13.384813384813384,12.290862290862291,47.12761754247333,53.668510470169885,3.951007506914264,30.29525032092426,22.1,2025-07-02,1130691,,2,2374,44,6.42,2374.0,0.06,0.09999999999999999,0.049999999999999996,17.6,24.0,5.0,2.5,1.4,0.39999999999999997,0.39999999999999997,2.5,4.0,,,,,1.4
659089,Ilya Zabarnyi,2023-01-31,Dynamo Kyiv,Bournemouth,Defender,Centre-Back,right,189.0,20.41615331964408,33000000.0,15000000.0,15000000,55000000.0,55000000.0,2.2,5.665914221218961,99675000.0,564750000.0,UKR1,GB1,25.0,2267.0,0.0,0.0,0.0,0.0,90.68,86.0,7407.0,1.0,1.0,0.0243013365735115,105.0,0.819047619047619,0.0936839105458145,0.09624713860549,0.0,0.2524889251318,0.7114919094011505,924,False,63000000.0,True,0.0708088111427056,15.366146458583431,30.252100840336137,90.82773607269854,76.02133544053734,1.7977084156459897,68.87034659820283,42.4,2025-08-12,1140003,,3,6740,78,6.868095607636194,6740.0,0.03,0.03483160018624864,0.019999999999999997,40.13484401676238,19.0,1.0,0.19999999999999998,1.5516839981375137,1.0449480055874594,4.424740027937296,7.728108024212323,4.293264007449945,,,,,0.6
648195,Enzo Fernández,2023-01-31,Benfica,Chelsea,Midfield,Central Midfield,right,178.0,22.036960985626283,121000000.0,55000000.0,55000000,90000000.0,90000000.0,2.2,3.7094829584975657,323475000.0,1199925000.0,PO1,GB1,26.0,2178.0,3.0,7.0,0.4132231404958678,0.1239669421487603,83.76923076923077,161.0,12855.0,29.0,23.0,0.3640606767794632,193.0,0.8341968911917098,0.2011992536821767,0.2355486301266244,2.0538005630409217,1.5455860498265446,1.4830034695501657,1305,True,,False,0.0501597789022766,76.1114797611148,61.51293961512939,71.08257605689451,84.83998419596998,30.77834847886211,,60.7,2026-08-28,1137705,,5,9857,119,7.214659282446425,9857.0,0.2054160125588697,0.2588056997947108,0.18684337640381596,52.20784929356358,200.0,32.0,0.6759811616954475,1.811556575292839,0.5555850742663928,0.8090568771887453,4.926264943847362,4.551962323390895,,,,,1.2936601859678785
538971,Naouirou Ahamada,2023-01-31,Stuttgart,Crystal Palace,Midfield,Central Midfield,right,183.0,20.843258042436688,12000000.0,5500000.0,5500000,3500000.0,10000000.0,2.1818181818181817,1.0741787845431898,431525000.0,463535000.0,L1,GB1,19.0,1503.0,2.0,2.0,0.2395209580838323,0.1197604790419161,79.10526315789474,31.0,518.0,0.0,0.0,0.0,138.0,0.2246376811594203,0.2678347608424593,0.2355486301266244,0.8942863029818553,0.0,0.9683215212272388,1072,False,0.0,False,0.0614906802192985,3.64963503649635,4.512276045122761,57.44962465428684,16.64559462662979,0.3951007506914263,,15.0,2026-01-07,1192854,,2,420,28,,420.0,,0.13,0.030000000000000002,40.0,2.0,,1.8999999999999997,3.5,0.5,1.1,5.1,8.1,,,,,2.4
249565,Youri Tielemans,2023-07-01,Leicester,Aston Villa,Midfield,Central Midfield,right,176.0,26.1492128678987,0.0,25000000.0,25000000,30000000.0,38000000.0,0.0,3.68722073279714,139875000.0,515750000.0,GB1,GB1,33.0,2531.0,3.0,2.0,0.1777953378111418,0.1066772026866851,76.6969696969697,124.0,8974.0,8.0,23.0,0.3108981502117227,166.0,0.7469879518072289,0.2355486301266244,0.2355486301266244,0.7548137202732361,1.3198894429765629,0.9064128211113422,1154,True,,False,0.0570851621184133,67.41871267418713,76.9741207697412,65.49387593836428,72.41604109047807,89.49032003160806,,75.6,2026-08-28,465960,,5,8931,125,7.21358414511253,8931.0,0.10133961725221365,0.08611462093862815,0.14815658844765342,47.48819945848375,141.0,36.0,0.8032039711191337,2.526466606498195,0.8663357400722022,0.9796480144404333,5.717689530685921,5.391425992779784,,,,,1.2265117328519854
262980,Jefferson Lerma,2023-07-01,Bournemouth,Crystal Palace,Midfield,Defensive Midfield,right,180.0,28.681724845995895,0.0,20000000.0,20000000,6000000.0,20000000.0,0.0,0.8207791057990261,564750000.0,463535000.0,GB1,GB1,37.0,3255.0,5.0,0.0,0.1382488479262673,0.1382488479262673,87.97297297297297,108.0,7309.0,1.0,8.0,0.1108222739088794,146.0,0.7397260273972602,0.2355486301266244,0.2355486301266244,0.5869227422462553,0.4704857500096879,0.8318898431253997,1154,True,,False,0.0570851621184133,24.02123424021234,30.590577305905775,24.928881864875542,69.9723429474516,56.73646779928882,,40.9,2026-08-28,466672,,4,9658,129,6.94840443155933,9658.0,0.09752916224814423,0.07574963760612964,0.07852557465313731,35.6746013667426,65.0,13.0,0.3407330710291986,1.4676123420998135,1.3942638227376267,2.707765582936426,6.952029405674052,6.427448747152619,,,,,1.297100849037068
309400,Kai Havertz,2023-07-01,Chelsea,Arsenal,Attack,Centre-Forward,left,193.0,24.05475701574264,75000000.0,55000000.0,55000000,55000000.0,75000000.0,1.3636363636363635,1.100277100652124,1199925000.0,1320250000.0,GB1,GB1,46.0,3241.0,9.0,1.0,0.2776920703486578,0.249922863313792,70.45652173913044,106.0,7359.0,33.0,17.0,0.6114961271911944,167.0,0.6347305389221557,0.4791127195207551,0.4791127195207551,0.5795965313265456,1.276309524411832,0.923315553113712,1154,True,,False,0.0570851621184133,70.52767052767052,78.5070785070785,58.24772817068352,59.96839193994469,36.78387988937179,,59.9,2026-08-28,749736,,5,7764,108,7.107007380587661,7764.0,0.37260827182843614,0.42745300097479455,0.11227823422921598,23.71772733602562,113.0,18.0,0.5099280778451558,1.0942885347623748,0.41987188413869936,1.2005848767581115,2.7532237849881636,3.109603723029192,,,,,1.873457735691408
286047,Guglielmo Vicario,2023-07-01,FC Empoli,Tottenham,Goalkeeper,Goalkeeper,right,194.0,26.729637234770703,18500000.0,16000000.0,16000000,18000000.0,35000000.0,1.15625,15.651243375458622,49060000.0,767850000.0,IT1,GB1,32.0,2904.0,0.0,0.0,0.0,0.0,90.75,116.0,10423.0,0.0,0.0,0.0,148.0,0.7837837837837838,0.0029218055711187,0.0039623389120549,0.0,0.0,0.0697719229727917,1154,True,,False,0.0570851621184133,40.8955223880597,37.46268656716418,72.69853812722243,76.01935993678387,20.209403397866456,,53.2,2026-08-28,538501,,3,8370,93,6.845591397849463,8370.0,,,0.0,27.040860215053762,1.0,,0.0,0.0,0.0,1.2516129032258065,1.2516129032258065,7.655913978494624,18.0,2.80752688172043,63.795698924731184,1.5741935483870968,
294057,James Maddison,2023-07-01,Leicester,Tottenham,Midfield,Attacking Midfield,right,175.0,26.600958247775495,46300000.0,60000000.0,60000000,20000000.0,70000000.0,0.7716666666666666,5.489544235924933,139875000.0,767850000.0,GB1,GB1,31.0,2549.0,10.0,9.0,0.6708513142408788,0.3530796390741467,82.2258064516129,76.0,4824.0,16.0,20.0,0.6716417910447761,148.0,0.5135135135135135,0.2355486301266244,0.2355486301266244,2.8480374259882035,2.8513933224053143,1.8355471079792205,1154,True,,False,0.0570851621184133,97.08029197080292,91.83808891838088,33.75148162781509,46.799683919399456,84.72935598577638,,73.7,2026-08-28,493165,,5,6508,93,7.462211924621562,6508.0,0.32195908245505267,0.29102913825170484,0.24919404835709852,41.52820830750155,177.0,29.0,1.5384376937383757,1.5821450712957223,0.5281463112213267,0.36373217606943586,2.6636701797892126,3.3278983261004336,,,,,1.1740235585864849
191422,Mahmoud Dahoud,2023-07-01,Dortmund,Brighton,Midfield,Central Midfield,right,178.0,27.496235455167692,0.0,12000000.0,12000000,6000000.0,14000000.0,0.0,1.0711725550435227,537075000.0,575300000.0,L1,GB1,10.0,418.0,0.0,1.0,0.2153110047846889,0.0,41.8,14.0,682.0,0.0,1.0,0.1319648093841642,53.0,0.2641509433962264,0.2678347608424593,0.2355486301266244,0.8038949242713687,0.5602444357805163,0.9281988487351052,426,False,0.0,False,0.1204635156500902,31.187790311877905,29.8606502986065,38.472935598577635,8.358356380877124,62.95930462267878,,39.1,2024-08-30,469701,,1,454,9,,454.0,,,,,10.0,2.0,,,,,,,,,,,
3333,James Milner,2023-07-01,Liverpool,Brighton,Midfield,Central Midfield,right,175.0,37.48665297741273,0.0,1500000.0,1500000,500000.0,1000000.0,0.0,0.5661565713723368,1016150000.0,575300000.0,GB1,GB1,42.0,1247.0,0.0,1.0,0.0721732157177225,0.0,29.69047619047619,46.0,2074.0,1.0,3.0,0.1735776277724204,136.0,0.3382352941176471,0.2355486301266244,0.2355486301266244,0.3064047355271148,0.7369078210266387,0.7073742944934093,1096,False,,False,0.0601496859940621,41.93762441937625,59.5222295952223,7.21849071513236,28.71789806400632,73.88384037929671,,45.2,2026-07-01,38807,,4,2622,70,6.599999999999999,2622.0,0.12,0.07724715739078396,0.12344105326152005,49.38096947935367,41.0,5.0,0.6344105326152005,2.1809694793536805,0.9672052663076002,1.6655894673847995,7.155475763016159,5.61538001196888,,,,,1.64655894673848
51471,Mateo Kovacic,2023-07-01,Chelsea,Man City,Midfield,Central Midfield,right,178.0,29.152635181382617,29100000.0,38000000.0,38000000,10000000.0,38000000.0,0.7657894736842106,1.1733858366147885,1199925000.0,1407975000.0,GB1,GB1,36.0,2377.0,2.0,2.0,0.1514514093395035,0.0757257046697517,66.02777777777777,95.0,5719.0,10.0,5.0,0.2360552544151075,177.0,0.536723163841808,0.2355486301266244,0.2355486301266244,0.6429729999197511,1.002150826724022,0.8567692748125334,1154,True,,False,0.0570851621184133,54.81088254810883,66.42335766423358,24.051758198340572,51.27617542473331,48.73567759778744,,47.9,2026-08-28,239219,,5,5623,96,7.130094597052939,5623.0,0.1335710357470211,0.0802878093492209,0.11807332722273145,70.94551787351054,81.0,14.0,1.0163886342804767,2.3200549954170486,0.8864894592117324,0.7836113657195234,4.02141154903758,5.089459211732356,,,,,1.0
108725,Chris Wood,2023-07-01,Newcastle,Nott'm Forest,Attack,Centre-Forward,right,191.0,31.564681724845997,17000000.0,8000000.0,8000000,5000000.0,10000000.0,2.125,0.7769419174247726,714500000.0,555125000.0,GB1,GB1,19.0,485.0,2.0,0.0,0.3711340206185567,0.3711340206185567,25.526315789473685,95.0,6473.0,40.0,4.0,0.6117719758998919,144.0,0.6597222222222222,0.4791127195207551,0.4791127195207551,0.774627776506942,1.2768852734943723,0.9674874107115664,1154,True,,False,0.0570851621184133,70.59202059202059,75.8043758043758,45.37139470564994,60.55709205847491,27.30146187277756,,54.6,2026-08-28,169719,,5,6532,108,6.997276507276506,6532.0,0.5929046087888531,0.4481779206859593,0.04854233654876742,11.283922829581995,55.0,6.0,0.1645230439442658,0.2905680600214362,0.1354769560557342,0.9904608788853162,1.6310825294748124,1.8747052518756697,,,,,0.8822079314040729
125714,Mark Flekken,2023-07-01,Freiburg,Brentford,Goalkeeper,Goalkeeper,both,195.0,30.04791238877481,13000000.0,10000000.0,10000000,10000000.0,12000000.0,1.3,1.864614520958084,267200000.0,498225000.0,L1,GB1,44.0,3990.0,0.0,0.0,0.0,0.0,90.6818181818182,75.0,6651.0,0.0,3.0,0.040595399188092,82.0,0.9146341463414634,0.0030348738128001,0.0039623389120549,0.0,0.8119079837618404,0.0697719229727917,731,False,11000000.0,True,0.0861729909628086,99.40298507462688,99.40298507462688,53.05017779533781,83.9450809956539,67.1473725800079,37.32349165596919,65.3,2025-07-01,330643,,2,6561,74,6.80466392318244,6561.0,,,0.0,29.39739368998628,7.0,4.0,0.050068587105624146,0.04993141289437586,,1.1998628257887518,1.2497942386831276,8.449657064471879,14.0,3.6993141289437586,69.09382716049382,1.6001371742112482,0.1
517894,Matheus Cunha,2023-07-01,Atlético,Wolves,Attack,Centre-Forward,right,183.0,24.095824777549623,50000000.0,25000000.0,25000000,60000000.0,60000000.0,2.0,0.5473780605359553,518700000.0,283925000.0,ES1,GB1,17.0,510.0,0.0,2.0,0.3529411764705882,0.0,30.0,71.0,5585.0,31.0,14.0,0.7251566696508506,87.0,0.8160919540229885,0.4599952362514491,0.4791127195207551,0.7672713729532157,1.513540843533036,0.9658212878813144,731,False,74200000.0,True,0.0861729909628086,83.91248391248392,87.001287001287,82.94942710391149,72.87040695377321,41.14974318451205,59.82028241335045,71.3,2025-07-01,863098,,3,6025,82,7.377472788442509,6025.0,0.4811636651494161,0.3242727092816149,0.14601820700573914,24.837819117356027,92.0,21.0,2.1970908371264595,1.2029091628735404,0.5514545814367703,0.6999999999999998,2.5999999999999996,4.25145458143677,,,,,1.305818325747081
534033,Alexis Mac Allister,2023-07-01,Brighton,Liverpool,Midfield,Central Midfield,right,176.0,24.517453798767967,42000000.0,65000000.0,65000000,70000000.0,100000000.0,0.6461538461538462,1.76629584564575,575300000.0,1016150000.0,GB1,GB1,40.0,3309.0,12.0,3.0,0.4079782411604714,0.3263825929283771,82.725,144.0,10671.0,19.0,19.0,0.3204947989879111,165.0,0.8727272727272727,0.2355486301266244,0.2355486301266244,1.7320340217693206,1.3606311308863144,1.3401786367116624,1154,True,,False,0.0570851621184133,69.54213669542136,58.85865958858659,63.90952192809167,88.55590675622284,66.77202686685104,,68.8,2026-08-28,831489,,5,10791,141,7.32062088777685,10791.0,0.1828056484578224,0.18976309921962098,0.13959680416202155,48.12139539204757,174.0,17.0,0.7382199925678187,2.658351913786696,0.8454106280193237,0.8375418060200668,5.452192493496842,5.568487551096246,,,,,1.5365942028985509
553875,Pedro Porro,2023-07-01,Sporting,Tottenham,Defender,Right-Back,right,173.0,23.797399041752225,40000000.0,40000000.0,40000000,35000000.0,45000000.0,1.0,1.5303437967115097,501750000.0,767850000.0,PO1,GB1,25.0,1891.0,3.0,11.0,0.666314119513485,0.1427815970386039,75.64,132.0,11113.0,10.0,22.0,0.2591559434896067,148.0,0.8918918918918919,0.1007013875396326,0.09624713860549,6.616732259535613,2.692609330983522,2.939866720176104,1154,True,,False,0.0570851621184133,93.99759903961584,43.037214885954384,47.416041090478075,89.45476096404583,75.345713156855,,71.0,2026-08-28,941573,,4,9633,117,7.2457378206636855,9633.0,0.06410684867027536,0.061037891268533775,0.16069192751235584,38.974582254648155,186.0,35.0,0.6420804895269476,2.4420804895269472,1.0613791480348318,2.690633090138856,6.695316545069429,5.121981642739468,,,,,1.005695457754766
776890,Nicolas Jackson,2023-07-01,Villarreal,Chelsea,Attack,Centre-Forward,right,187.0,22.028747433264886,37000000.0,30000000.0,30000000,40000000.0,55000000.0,1.2333333333333334,3.117498051441933,384900000.0,1199925000.0,ES1,GB1,30.0,1816.0,12.0,5.0,0.842511013215859,0.5947136563876653,60.53333333333333,78.0,5899.0,27.0,12.0,0.5950161044244787,171.0,0.4561403508771929,0.4599952362514491,0.4791127195207551,1.8315646485419548,1.2419125608263102,1.2068688747342595,1154,True,,False,0.0570851621184133,68.33976833976834,54.89060489060489,71.85697352824971,43.50059265112604,40.57684709600948,,57.6,2026-08-28,1197347,,2,5042,65,7.122296707655691,5042.0,0.42780642602142005,0.55561285204284,0.08556128520428401,14.502578341927807,67.0,14.0,1.2561285204284014,0.7887742959143197,0.1,0.5443871479571599,1.5887742959143198,2.5673542245140815,,,,,1.1219357397857992
473050,Kevin Schade,2023-07-01,Freiburg,Brentford,Attack,Left Winger,right,185.0,21.590691307323752,25000000.0,25000000.0,25000000,35000000.0,35000000.0,1.0,1.864614520958084,267200000.0,498225000.0,L1,GB1,12.0,295.0,1.0,2.0,0.9152542372881356,0.3050847457627118,24.583333333333332,91.0,5896.0,21.0,8.0,0.4426729986431479,127.0,0.7165354330708661,0.543236014295955,0.4791127195207551,1.6848187771098415,0.9239433239967894,1.17363298101899,1154,True,,False,0.0570851621184133,43.050193050193045,30.501930501930502,64.6681153694192,65.49585144211774,26.372975108652707,,43.4,2026-08-28,1083796,,5,6207,103,6.904090909090909,6207.0,0.3373368920521945,0.3663403263403263,0.06895104895104896,11.508974358974358,64.0,20.0,0.9287296037296037,1.4191142191142192,0.4180308422301305,1.0893939393939394,4.8097902097902105,3.1779137529137533,,,,,1.236061684460261
344381,Christopher Nkunku,2023-07-01,Leipzig,Chelsea,Attack,Centre-Forward,right,177.0,25.626283367556468,60000000.0,80000000.0,80000000,35000000.0,75000000.0,0.75,2.0540505841571446,584175000.0,1199925000.0,L1,GB1,36.0,2733.0,23.0,9.0,1.053787047200878,0.7574094401756312,75.91666666666667,51.0,2042.0,10.0,2.0,0.5288932419196866,116.0,0.4396551724137931,0.543236014295955,0.4791127195207551,1.9398328156990985,1.1039014836607253,1.231390104948539,791,False,37000000.0,True,0.0809550595873424,57.78635778635779,40.99099099099099,23.64282892137495,35.57092058474911,52.86448044251284,26.50834403080873,43.6,2025-08-30,704523,,2,1349,38,6.59,1349.0,0.3,0.48,0.1,29.5,17.0,1.0,1.0,1.2,0.7,0.9,3.0,2.9,,,,,1.6
451276,Dominik Szoboszlai,2023-07-02,Leipzig,Liverpool,Midfield,Attacking Midfield,right,187.0,22.68309377138946,70000000.0,50000000.0,50000000,100000000.0,100000000.0,1.4,1.7394616339281894,584175000.0,1016150000.0,L1,GB1,46.0,3710.0,10.0,13.0,0.5579514824797843,0.2425876010781671,80.65217391304348,144.0,10619.0,27.0,25.0,0.440719465109709,165.0,0.8727272727272727,0.2678347608424593,0.2355486301266244,2.083192938529633,1.8710338704699343,1.4960500750154562,1153,True,,False,0.0571359637024176,83.8752488387525,75.6469807564698,78.26155669695771,88.55590675622284,50.33583563808771,,72.2,2026-08-28,846005,,4,7928,106,7.345951059535823,7928.0,0.1845232088799193,0.187082492431887,0.20518541876892027,48.25901866801211,193.0,33.0,0.8146947527749747,1.4770181634712412,0.5916498486377397,0.9806328144934933,5.3599899091826435,5.619084258324925,,,,,1.2942356205852674
397033,Sandro Tonali,2023-07-03,AC Milan,Newcastle,Midfield,Defensive Midfield,right,181.0,23.15126625598905,60800000.0,50000000.0,50000000,80000000.0,80000000.0,1.216,1.467688262602194,486820000.0,714500000.0,IT1,GB1,48.0,3982.0,2.0,10.0,0.2712204922149673,0.0452034153691612,82.95833333333333,105.0,7573.0,8.0,9.0,0.2020335402086359,151.0,0.695364238410596,0.2225486393745403,0.2355486301266244,1.2187020912696496,0.8577147746519617,1.1123222944252973,1152,True,,False,0.0571868348776219,48.04246848042468,39.814200398142,70.41683129197946,65.30225207427894,23.23192414065587,,46.1,2026-08-28,867414,,4,5703,80,7.090955547112464,5703.0,0.14,0.10464095744680851,0.09431800911854103,45.00970744680851,67.0,10.0,0.7,1.4464855623100303,1.1508504058755316,1.1474487823734054,6.6137158054711245,5.612215045592705,,,,,1.0533244680851066
565093,Bart Verbruggen,2023-07-03,RSC Anderlecht,Brighton,Goalkeeper,Goalkeeper,right,193.0,20.87337440109514,20000000.0,10000000.0,10000000,40000000.0,40000000.0,2.0,3.3732043389035473,170550000.0,575300000.0,BE1,GB1,17.0,1530.0,0.0,0.0,0.0,0.0,90.0,105.0,9510.0,0.0,1.0,0.0094637223974763,136.0,0.7720588235294118,0.003390256152687,0.0039623389120549,0.0,0.1892744479495268,0.0697719229727917,1152,True,,False,0.0571868348776219,87.46268656716418,87.46268656716418,92.08415645989726,73.17265902805215,44.66613986566574,,67.8,2026-08-28,1131987,,4,8640,96,6.728020833333333,8640.0,,,0.0,28.553125,2.0,,0.037894736842105266,0.0,,0.9894736842105263,1.051578947368421,8.516666666666667,22.0,2.7526315789473683,66.48526315789474,1.3736842105263158,0.06440677966101695
469050,Nathan Collins,2023-07-04,Wolves,Brentford,Defender,Centre-Back,right,193.0,22.17659137577002,26850000.0,22000000.0,22000000,30000000.0,35000000.0,1.2204545454545457,1.7547767896451527,283925000.0,498225000.0,GB1,GB1,28.0,1992.0,0.0,0.0,0.0,0.0,71.14285714285714,116.0,9776.0,6.0,9.0,0.1380932896890343,127.0,0.9133858267716536,0.09624713860549,0.09624713860549,0.0,1.434778131483666,0.7114919094011505,1151,True,,False,0.0572377757393568,72.56902761104442,84.27370948379351,68.16870802054524,89.81035163966811,44.942710391149745,,65.3,2026-08-28,961306,,5,10943,132,6.807923786895734,10943.0,0.037565534785975005,0.062285479301836796,0.03774833226720278,44.35980992415243,36.0,14.0,0.26551184004422745,1.127439417672533,1.117912098037409,5.2923695513113405,8.800310700904687,4.417563739376771,,,,,0.6475997420068185
346483,Mason Mount,2023-07-05,Chelsea,Man Utd,Midfield,Attacking Midfield,right,181.0,24.48186173853525,67700000.0,60000000.0,60000000,25000000.0,45000000.0,1.1283333333333334,0.6339979582057212,1199925000.0,760750000.0,GB1,GB1,34.0,2166.0,3.0,6.0,0.3739612188365651,0.1246537396121883,63.705882352941174,72.0,2823.0,7.0,2.0,0.2869287991498406,149.0,0.4832214765100671,0.2355486301266244,0.2355486301266244,1.5876178886522667,1.218129772164651,1.276075607260207,1150,True,,False,0.0572887863830831,64.1672196416722,52.687458526874586,11.79178190438562,43.844330304227576,40.53733702094034,,42.7,2026-08-28,750032,,4,3808,78,6.91,3808.0,0.2018773373223635,0.11761406133133882,0.14619296933433057,30.776140613313387,57.0,4.0,0.7857890800299177,1.9142109199700823,0.5522812266267765,0.4903515332834705,5.260359012715033,4.866492146596858,,,,,1.461929693343306
399776,Pau Torres,2023-07-12,Villarreal,Aston Villa,Defender,Centre-Back,left,192.0,26.483230663928815,33000000.0,45000000.0,45000000,20000000.0,45000000.0,0.7333333333333333,1.3399584307612369,384900000.0,515750000.0,ES1,GB1,38.0,3304.0,1.0,0.0,0.0272397094430992,0.0272397094430992,86.94736842105263,101.0,8374.0,2.0,4.0,0.0644853116790064,166.0,0.608433734939759,0.0909966967446702,0.09624713860549,0.2993483326052133,0.6699971823923726,0.8123060662780008,1143,True,,False,0.0576478228311579,34.87394957983193,49.81992797118848,28.713947056499403,56.99328328723824,29.84986171473726,,36.3,2026-08-28,792645,,4,6233,75,6.739189796245789,6233.0,0.07,0.04160415651891541,0.0239990258158792,55.642344536450715,12.0,1.0,0.578373112518266,1.0616171456405261,0.49441467770742004,3.060058451047248,5.217746387400552,3.928007793472966,,,,,0.5199707744763761
14086,Ashley Young,2023-07-13,Aston Villa,Everton,Defender,Right-Back,both,175.0,38.00958247775496,0.0,600000.0,600000,500000.0,600000.0,0.0,0.8986427532719341,515750000.0,463475000.0,GB1,GB1,30.0,2057.0,1.0,0.0,0.0437530384054448,0.0437530384054448,68.56666666666666,69.0,4470.0,2.0,3.0,0.1006711409395973,86.0,0.8023255813953488,0.09624713860549,0.09624713860549,0.4545905368136224,1.0459650270980103,0.8645883415549938,741,False,0.0,False,0.0852733041561566,56.30252100840336,65.84633853541416,39.89924930857369,70.7230343737653,83.36625839589095,,65.0,2025-07-23,23354,,3,6195,92,6.801333333333332,6195.0,0.04478372152546711,0.016983050847457624,0.07426634382566587,26.92550443906376,61.0,9.0,0.4067635189669088,2.3440839386602104,0.9905084745762713,2.3347054075867635,6.00088781275222,4.73000807102502,,,,,1.2643744955609364
420243,Jurriën Timber,2023-07-14,Ajax,Arsenal,Defender,Right-Back,right,179.0,22.072553045859,40000000.0,42000000.0,42000000,70000000.0,70000000.0,0.9523809523809524,7.78334561532793,169625000.0,1320250000.0,NL1,GB1,47.0,4207.0,2.0,2.0,0.0855716662705015,0.0427858331352507,89.51063829787235,90.0,6833.0,6.0,11.0,0.2239133616273964,167.0,0.5389221556886228,0.1132639743398324,0.09624713860549,0.7555064774060983,2.326441750597916,0.965930435488229,1141,True,,False,0.0577510381821713,90.39615846338536,93.57743097238895,72.15527459502174,50.70723034373765,74.91110233109443,,74.1,2026-08-28,942381,,3,4950,62,7.195466284074605,4950.0,0.07525107604017216,0.10546628407460547,0.055035868005738876,36.23314203730273,44.0,5.0,0.6985652797704448,2.3007173601147777,0.8503586800573889,1.701434720229555,5.053228120516499,3.5503586800573887,,,,,1.3007173601147777
357662,Declan Rice,2023-07-15,West Ham,Arsenal,Midfield,Central Midfield,right,188.0,24.49828884325804,116600000.0,90000000.0,90000000,120000000.0,120000000.0,1.2955555555555556,2.763908515203852,477675000.0,1320250000.0,GB1,GB1,39.0,3452.0,4.0,3.0,0.1825028968713789,0.1042873696407879,88.51282051282051,154.0,12496.0,20.0,30.0,0.3601152368758002,167.0,0.9221556886227544,0.2355486301266244,0.2355486301266244,0.774799228394028,1.528836048344719,0.9152839325863392,1140,True,,False,0.0578027519250245,75.84605175846052,83.27803583278036,62.463453180561054,93.4018174634532,45.59462662979059,,67.2,2026-08-28,654096,,5,12502,147,7.494712845944649,12502.0,0.14042866334244813,0.08929387164227119,0.1377867138491234,50.988652082998236,206.0,45.0,0.609843976194306,2.06220846067235,1.215513913463085,1.6961959144281809,6.645021714653369,6.155074794917162,,,,,0.7505629724947724
400536,Mads Hermansen,2023-07-18,Bröndby IF,Leicester,Goalkeeper,Goalkeeper,right,187.0,23.017111567419576,9040000.0,3500000.0,3500000,18000000.0,18000000.0,2.5828571428571427,2.1097285067873304,66300000.0,139875000.0,DK1,GB1,20.0,1830.0,0.0,0.0,0.0,0.0,91.5,28.0,2475.0,0.0,0.0,0.0,48.0,0.5833333333333334,0.0026290933522887,0.0039623389120549,0.0,0.0,0.0697719229727917,753,False,20800000.0,True,0.0842098117191562,40.8955223880597,37.46268656716418,95.3141050967997,34.01619913077835,8.830501777953378,74.8395378690629,45.5,2025-08-09,967941,,2,4005,45,6.72,4005.0,,,0.0,19.8,2.0,,0.0,0.0,,1.2,1.3,7.7,8.0,3.9,64.0,2.2,
730861,Milos Kerkez,2023-07-20,AZ Alkmaar,Bournemouth,Defender,Left-Back,left,180.0,19.698836413415467,20470000.0,15000000.0,15000000,45000000.0,45000000.0,1.3646666666666667,2.777914412198721,203300000.0,564750000.0,NL1,GB1,41.0,3343.0,3.0,4.0,0.1884534848938079,0.0807657792402034,81.53658536585365,74.0,5916.0,2.0,7.0,0.1369168356997971,87.0,0.8505747126436781,0.1132639743398324,0.09624713860549,1.6638431239255302,1.4225548695115942,1.2718389146911877,712,False,46900000.0,True,0.0879167011152529,72.08883553421369,64.52581032412965,87.68866060845517,77.54642433820624,39.86566574476492,74.26187419768935,65.6,2025-07-01,1195281,,2,5317,66,6.87941696445364,5317.0,0.05000000000000001,0.03114350197479782,0.06628549934173407,26.56270453263118,48.0,11.0,0.5628549934173406,1.6600150460786156,1.0885649802520216,2.6628549934173407,5.785725032913296,4.451419973669362,,,,,0.9114350197479782
234509,André Onana,2023-07-20,Inter,Man Utd,Goalkeeper,Goalkeeper,right,190.0,27.29637234770705,50200000.0,35000000.0,35000000,10000000.0,40000000.0,1.4342857142857144,1.1805372356108688,644410000.0,760750000.0,IT1,GB1,41.0,3720.0,0.0,0.0,0.0,0.0,90.73170731707316,102.0,9300.0,0.0,0.0,0.0,149.0,0.6845637583892618,0.0029218055711187,0.0039623389120549,0.0,0.0,0.0697719229727917,1076,False,0.0,False,0.0612641105164525,40.8955223880597,37.46268656716418,31.854998024496247,63.78111418411695,14.322402212564205,,34.7,2026-06-30,611491,,2,6480,72,6.8327777777777765,6480.0,,,0.004722222222222222,24.691666666666666,4.0,1.0,0.0,0.1,,0.6472222222222223,0.7472222222222222,7.411111111111111,18.0,3.286111111111111,69.73333333333333,1.4055555555555554,0.0
395516,Moussa Diaby,2023-07-22,Leverkusen,Aston Villa,Attack,Right Winger,left,170.0,24.041067761806985,55000000.0,50000000.0,50000000,55000000.0,60000000.0,1.1,1.1349632498569606,454420000.0,515750000.0,L1,GB1,48.0,3886.0,14.0,11.0,0.5790015440041174,0.3242408646423057,80.95833333333333,43.0,2494.0,7.0,8.0,0.541299117882919,56.0,0.7678571428571429,0.543236014295955,0.4791127195207551,1.0658379208427764,1.129794922631917,1.033442447889097,368,False,60000000.0,True,0.1287652952501976,60.03861003861004,60.03861003861004,54.97826945871198,58.806795732911894,36.03318846305808,47.20795892169448,52.2,2024-07-24,923498,,1,2184,38,6.89,2184.0,0.25,0.29,0.19,19.4,47.0,13.0,1.2,0.5,0.4,0.2,1.1,2.6,,,,,0.7
236490,Ola Aina,2023-07-22,Torino,Nott'm Forest,Defender,Right-Back,right,184.0,26.784394250513348,0.0,3500000.0,3500000,18000000.0,22000000.0,0.0,2.8294553887713754,196195000.0,555125000.0,IT1,GB1,21.0,988.0,1.0,1.0,0.1821862348178137,0.0910931174089068,47.04761904761905,85.0,7053.0,3.0,3.0,0.0765631646108039,144.0,0.5902777777777778,0.0979603049171636,0.09624713860549,1.8597965264795016,0.7954850992986995,1.3378318564046188,1133,True,,False,0.0581667371091808,41.596638655462186,26.53061224489796,96.11418411694982,53.32674832082181,73.686290003951,,67.5,2026-08-28,682548,,4,6367,76,7.012440862465983,6367.0,0.05638528598766745,0.016385285987667447,0.06277057197533491,25.395237082713162,39.0,3.0,1.1445885604933022,1.9253242611099297,1.0,2.838528598766745,6.055411439506698,5.483117159260047,,,,,0.8084414203699766
398065,Harvey Barnes,2023-07-23,Leicester,Newcastle,Attack,Left Winger,right,182.0,25.61806981519507,44000000.0,35000000.0,35000000,32000000.0,35000000.0,1.2571428571428571,5.108132260947275,139875000.0,714500000.0,GB1,GB1,36.0,2898.0,13.0,2.0,0.4658385093167702,0.4037267080745341,80.5,116.0,6155.0,30.0,14.0,0.6433793663688059,151.0,0.7682119205298014,0.4791127195207551,0.4791127195207551,0.9722941811746038,1.3428559505002553,1.0122560951897055,1132,True,,False,0.05821902030253,75.03217503217503,77.09137709137708,41.74832082180956,73.98656657447648,45.713156854998026,,61.4,2026-08-28,760359,,5,7318,126,6.779678874009291,7318.0,0.42281959048146095,0.33125307461054937,0.14010931948619842,20.562448756490845,81.0,25.0,0.8804648588821251,0.7751571467614102,0.27869396790260104,0.5014894779994533,2.4825908718229024,3.3087045640885484,,,,,0.9664662476086363
206040,Raúl Jiménez,2023-07-25,Wolves,Fulham,Attack,Centre-Forward,right,188.0,32.2217659137577,6400000.0,6000000.0,6000000,3000000.0,6000000.0,1.0666666666666669,1.1501276745619442,283925000.0,326550000.0,GB1,GB1,17.0,988.0,0.0,1.0,0.0910931174089068,0.0,58.11764705882353,114.0,6882.0,31.0,6.0,0.4838709677419355,134.0,0.8507462686567164,0.4791127195207551,0.4791127195207551,0.1901287811770581,1.0099313752845884,0.835106538283051,1072,False,0.0,False,0.0614906802192985,49.0990990990991,66.34491634491636,30.37732121691031,83.55985776372975,27.99288818648755,,46.2,2026-07-01,292313,,4,6947,113,6.801875204716672,6947.0,0.4129839502129054,0.4214444808385195,0.05689977071732723,15.301408450704225,69.0,15.0,0.610022928267278,1.3130527350147396,0.34102522109400585,0.9440550278414673,3.5624631509990174,2.6609564362921714,,,,,1.5111857189649525
583189,Anthony Elanga,2023-07-25,Man Utd,Nott'm Forest,Attack,Right Winger,right,178.0,21.242984257357975,22930000.0,18000000.0,18000000,42000000.0,42000000.0,1.2738888888888888,0.7297075254682879,760750000.0,555125000.0,GB1,GB1,22.0,570.0,0.0,1.0,0.1578947368421052,0.0,25.90909090909091,82.0,5430.0,11.0,21.0,0.5303867403314917,88.0,0.9318181818181818,0.4791127195207551,0.4791127195207551,0.3295565540402341,1.1070187008644328,0.8666849847130143,717,False,61400000.0,True,0.0874534239196948,58.17245817245818,71.36422136422136,82.33899644409325,86.58632951402609,28.585539312524695,79.39666238767651,62.0,2025-07-11,1050166,,3,5363,90,6.9508864602307225,5363.0,0.20029548674357417,0.19940902651285164,0.1652216150576806,17.747783849423193,88.0,25.0,0.9492612831410646,0.9463064157053228,0.24926128314106455,0.6507387168589354,1.946306415705323,3.347783849423194,,,,,0.3
380350,Igor Julio,2023-07-26,Fiorentina,Brighton,Defender,Centre-Back,left,188.0,25.462012320328544,16500000.0,10000000.0,10000000,10000000.0,22000000.0,1.65,2.132241206775138,269810000.0,575300000.0,IT1,GB1,31.0,2393.0,0.0,0.0,0.0,0.0,77.19354838709677,48.0,3427.0,0.0,0.0,0.0,136.0,0.3529411764705882,0.0979603049171636,0.09624713860549,0.0,0.0,0.7114919094011505,1129,True,,False,0.0583762999999641,6.602641056422569,17.97719087635054,70.49190043461083,30.08494666139866,1.451995258790992,,25.4,2026-08-28,768331,,3,2699,41,6.89,2699.0,,0.02,0.03,73.0,10.0,1.0,0.9,1.3999999999999997,0.8000000000000002,2.5,5.099999999999999,5.8,,,,,1.2
461883,Calvin Bassey,2023-07-28,Ajax,Fulham,Defender,Centre-Back,left,185.0,23.57289527720739,22500000.0,15000000.0,15000000,28000000.0,28000000.0,1.5,1.9251289609432571,169625000.0,326550000.0,NL1,GB1,39.0,2797.0,1.0,5.0,0.1930639971397926,0.0321773328566321,71.71794871794872,101.0,8495.0,4.0,1.0,0.0529723366686286,134.0,0.753731343283582,0.1132639743398324,0.09624713860549,1.704549025981832,0.550378301486534,1.285547797449956,1127,True,,False,0.0584815125455303,28.031212484994,15.786314525810324,75.88897668905571,70.49387593836428,7.724219676017384,,38.7,2026-08-28,877401,,4,7997,95,6.829387270226335,7997.0,0.03611230555204249,0.03363136176066025,0.010112542203326247,55.60612729773666,14.0,,0.4,1.8695385769663624,0.8095485013279373,3.3024009003376267,6.561735650869076,5.186157308990872,,,,,0.808028010503939
340328,Stephy Mavididi,2023-07-31,Montpellier,Leicester,Attack,Left Winger,right,182.0,25.166324435318277,7500000.0,6000000.0,6000000,8000000.0,11000000.0,1.25,2.867760123013839,48775000.0,139875000.0,FR1,GB1,26.0,1290.0,4.0,2.0,0.4186046511627906,0.2790697674418604,49.61538461538461,32.0,1773.0,6.0,1.0,0.3553299492385787,51.0,0.6274509803921569,0.4766053917119471,0.4791127195207551,0.8783044809022823,0.7416416529162629,0.9909687386317664,1124,True,,False,0.0586398724564349,27.863577863577863,30.566280566280568,71.85697352824971,39.72935598577637,10.568945080995654,,33.7,2026-08-28,759580,,1,1613,30,6.6,1613.0,0.22,0.1,0.18,24.4,22.0,4.0,2.0,1.9,0.6,0.7,3.3,4.6,,,,,1.0
711999,Lesley Ugochukwu,2023-08-01,Stade Rennais,Chelsea,Midfield,Defensive Midfield,right,190.0,19.34839151266256,27000000.0,9000000.0,9000000,18000000.0,25000000.0,3.0,3.3092250413678985,362600000.0,1199925000.0,FR1,GB1,33.0,1829.0,0.0,1.0,0.0492072170585019,0.0,55.42424242424242,15.0,567.0,0.0,0.0,0.0,113.0,0.1327433628318584,0.2109459846919036,0.2355486301266244,0.2332692756886144,0.0,0.6749111310311031,736,False,28700000.0,True,0.0857216080603481,3.64963503649635,12.47511612475116,83.76728565784273,4.725404978269459,0.1481627815092848,46.277278562259305,21.8,2025-08-06,1200631,,3,4312,73,6.53072745391131,4312.0,0.0851270553064275,0.07927254608868958,0.024145490782262084,28.1847533632287,27.0,,0.7658196312904834,2.290184354758346,0.7414549078226208,1.0243647234678626,6.956352765321376,3.717090184354759,,,,,1.3487294469357247
386047,Axel Disasi,2023-08-04,Monaco,Chelsea,Defender,Centre-Back,right,191.0,25.399041752224505,45000000.0,30000000.0,30000000,15000000.0,42000000.0,1.5,2.933120668793312,409095000.0,1199925000.0,FR1,GB1,47.0,4200.0,5.0,4.0,0.1928571428571428,0.1071428571428571,89.36170212765957,53.0,4312.0,4.0,0.0,0.0834879406307977,171.0,0.3099415204678362,0.0906137250941025,0.09624713860549,2.1283436108256253,0.8674329631035448,1.428272807434721,1120,True,,False,0.0588520332012297,46.0984393757503,25.690276110444177,45.65586724614776,29.695772421967604,16.455946266297904,,31.1,2026-08-28,696646,,4,4705,59,6.837104351174432,4705.0,0.07,0.11999999999999998,0.029999999999999995,69.5,9.0,1.0,0.4,1.2,0.6,3.4,5.8,5.2,,,,,0.6
610442,Rasmus Højlund,2023-08-05,Atalanta,Man Utd,Attack,Centre-Forward,left,191.0,20.49828884325804,79800000.0,45000000.0,45000000,60000000.0,65000000.0,1.7733333333333334,1.712802962929608,444155000.0,760750000.0,IT1,GB1,34.0,1898.0,10.0,4.0,0.6638566912539515,0.4741833508956796,55.8235294117647,93.0,6337.0,26.0,6.0,0.4544737257377307,149.0,0.6241610738255033,0.4985622392500374,0.4791127195207551,1.3315422609072007,0.9485737013877024,1.093620776041602,1061,False,44000000.0,True,0.0621201820030552,44.65894465894466,39.510939510939515,65.05926511260373,57.25404978269459,13.255630185697353,23.17073170731707,40.1,2026-07-01,1199272,,2,4182,62,6.5508177905308465,4182.0,0.2992898134863701,0.28149210903873745,0.04481348637015783,11.826111908177905,44.0,4.0,0.5555954088952654,0.3074605451936872,0.0481348637015782,0.559325681492109,0.9149210903873746,2.066786226685796,,,,,0.8
475959,Josko Gvardiol,2023-08-05,Leipzig,Man City,Defender,Centre-Back,left,185.0,21.530458590006845,90000000.0,75000000.0,75000000,70000000.0,80000000.0,1.2,2.410193863140326,584175000.0,1407975000.0,L1,GB1,41.0,3005.0,3.0,0.0,0.0898502495840266,0.0898502495840266,73.29268292682927,120.0,9925.0,13.0,10.0,0.2085642317380353,177.0,0.6779661016949152,0.1242136398981505,0.09624713860549,0.7233525211699752,2.166965530195395,0.9551016663416344,1119,True,,False,0.058905255156202,88.05522208883554,91.95678271308525,46.86487554326354,65.33386013433426,60.90478071908336,,64.6,2026-08-28,1070712,,4,7146,85,7.449719334719335,7146.0,0.15575363825363825,0.12539501039501041,0.07914241164241165,61.49132016632017,50.0,4.0,0.8467255717255716,1.8016632016632017,1.1479209979209979,2.139033264033264,5.631133056133057,4.5752079002079,,,,,0.5641891891891891
403151,Robert Sánchez,2023-08-05,Brighton,Chelsea,Goalkeeper,Goalkeeper,right,197.0,25.711156741957563,23000000.0,22000000.0,22000000,22000000.0,30000000.0,1.0454545454545454,2.0857378758908394,575300000.0,1199925000.0,GB1,GB1,25.0,2280.0,0.0,0.0,0.0,0.0,91.2,109.0,9710.0,0.0,1.0,0.0092687950566426,171.0,0.6374269005847953,0.0039623389120549,0.0039623389120549,0.0,0.1853759011328527,0.0697719229727917,1119,True,,False,0.058905255156202,87.16417910447761,87.16417910447761,58.24772817068352,60.541288028447255,65.27064401422362,,61.7,2026-08-28,789571,,4,7445,84,7.076737647645983,7445.0,,,0.00014972550324405257,23.54812843120945,7.0,2.0,,0.1,0.04864043235939875,0.9467309931791718,1.045233738146731,8.940109798702379,22.0,2.9643819663949427,70.46125436699384,1.2652470470803525,0.1
557459,Micky van de Ven,2023-08-08,Wolfsburg,Tottenham,Defender,Centre-Back,left,193.0,22.302532511978097,40000000.0,30000000.0,30000000,50000000.0,65000000.0,1.3333333333333333,4.118814536676948,186425000.0,767850000.0,L1,GB1,34.0,3060.0,1.0,2.0,0.088235294117647,0.0294117647058823,90.0,95.0,8130.0,10.0,3.0,0.1439114391143911,148.0,0.6418918918918919,0.1242136398981505,0.09624713860549,0.7103510869659396,1.4952282343091114,0.95072305959924,1116,True,,False,0.0590653588614025,74.42977190876351,78.87154861944778,78.13512445673648,59.03397866455946,42.92769656262347,,61.9,2026-08-28,1097466,,3,6403,75,6.87701207056639,6403.0,0.11999999999999998,0.05695264623955433,0.01,54.880482822655516,9.0,3.0,0.43047353760445684,1.5044382544103991,0.7,3.3781058495821723,6.126035283194057,4.426332404828227,,,,,0.6695264623955431
131978,Ross Barkley,2023-08-09,Nice,Luton,Midfield,Central Midfield,right,189.0,29.675564681724847,0.0,6000000.0,6000000,8000000.0,8000000.0,0.0,0.3957462062373043,209225000.0,82800000.0,FR1,GB1,27.0,921.0,4.0,2.0,0.5863192182410424,0.3908794788273615,34.111111111111114,37.0,2998.0,5.0,6.0,0.3302201467645096,44.0,0.8409090909090909,0.2109459846919036,0.2355486301266244,2.7794756041333937,1.4019191985408384,1.80511407815947,327,False,5900000.0,True,0.1350444122391982,71.26741871267419,27.33908427339084,62.463453180561054,64.76293954958516,91.2485183721849,94.92939666238767,73.0,2024-07-01,215384,,1,2622,32,7.32,2622.0,0.17,0.14,0.09,40.9,44.0,6.0,2.3,1.5999999999999999,0.9,1.5999999999999999,4.4,6.8999999999999995,,,,,0.9
401356,Edson Álvarez,2023-08-10,Ajax,West Ham,Midfield,Defensive Midfield,right,190.0,25.793292265571527,38000000.0,35000000.0,35000000,15000000.0,35000000.0,1.0857142857142856,2.8160648489314664,169625000.0,477675000.0,NL1,GB1,43.0,3609.0,4.0,3.0,0.1745635910224439,0.0997506234413965,83.93023255813954,72.0,5082.0,2.0,3.0,0.0885478158205431,136.0,0.5294117647058824,0.2743648108274377,0.2355486301266244,0.6362462828086071,0.3759215911081386,0.8537834384258344,1114,True,,False,0.0591724605322063,19.04445919044459,23.158593231585932,28.295140260766495,46.96167522718294,9.541683129197946,,22.1,2026-08-28,783505,,2,4164,59,6.701685878962536,4164.0,0.04,0.0371685878962536,0.03427713736791546,40.73916906820366,24.0,1.0,0.871685878962536,2.7861431316042267,1.3006003842459175,2.386143131604227,7.101801152737752,5.4301152737752165,,,,,1.584942363112392
670688,Youssef Chermiti,2023-08-11,Sporting,Everton,Attack,Centre-Forward,right,192.0,19.21423682409309,12500000.0,3000000.0,3000000,8000000.0,9000000.0,4.166666666666667,0.923716990533134,501750000.0,463475000.0,PO1,GB1,22.0,971.0,3.0,2.0,0.4634397528321318,0.2780638516992791,44.13636363636363,24.0,295.0,0.0,0.0,0.0,90.0,0.2666666666666666,0.4331228916016845,0.4791127195207551,1.0699959799361696,0.0,1.0343841902954836,752,False,8600000.0,True,0.0842977703516015,1.8018018018018016,1.2226512226512225,87.02094033978665,14.239431054919004,0.0395100750691426,29.781771501925547,20.1,2025-09-01,1356310,,2,237,22,,237.0,,,,,4.0,2.0,,,,,,,,,,,
204103,Adama Traoré,2023-08-12,Wolves,Fulham,Attack,Right Winger,right,178.0,27.54551676933607,0.0,10000000.0,10000000,8000000.0,10000000.0,0.0,1.1501276745619442,283925000.0,326550000.0,GB1,GB1,36.0,1664.0,2.0,2.0,0.2163461538461538,0.1081730769230769,46.22222222222222,79.0,2958.0,4.0,13.0,0.5172413793103449,116.0,0.6810344827586207,0.4791127195207551,0.4791127195207551,0.4515558552955131,1.0795818149593877,0.8943161253392322,900,False,2300000.0,True,0.0725058187442985,55.534105534105535,66.85971685971685,38.91544843935203,60.05926511260372,83.01066772026867,83.7612323491656,62.9,2026-01-28,493647,,3,2510,77,6.86,2510.0,0.1,0.1947297297297297,0.2141891891891892,19.877027027027026,52.0,14.0,2.4878378378378376,0.9121621621621622,0.1,0.2527027027027027,1.827027027027027,4.206756756756757,,,,,1.2878378378378377
743498,Wilson Odobert,2023-08-12,Troyes,Burnley,Attack,Left Winger,right,182.0,18.702258726899384,12000000.0,6000000.0,6000000,18000000.0,18000000.0,2.0,9.684718100890208,26960000.0,261100000.0,FR1,GB1,31.0,1764.0,4.0,2.0,0.3061224489795918,0.2040816326530612,56.903225806451616,33.0,2285.0,4.0,3.0,0.2757111597374179,41.0,0.8048780487804879,0.4766053917119471,0.4791127195207551,0.6422974945373834,0.5754619915188333,0.937516447004512,370,False,29300000.0,True,0.1284679193721316,16.15186615186615,21.685971685971687,87.68866060845517,58.28723824575267,2.1532990912682735,76.50834403080873,37.4,2024-08-16,1341387,,2,2956,45,6.86,2956.0,0.13,0.12,0.15,18.5,37.0,8.0,2.3,0.7,0.3,0.5,1.6,4.0,,,,,0.4
181579,James Ward-Prowse,2023-08-14,Southampton,West Ham,Midfield,Central Midfield,right,177.0,28.78302532511978,34800000.0,38000000.0,38000000,5000000.0,38000000.0,0.9157894736842104,3.152970297029703,151500000.0,477675000.0,GB1,GB1,38.0,3313.0,9.0,5.0,0.3803199517054029,0.2444913975249019,87.1842105263158,73.0,5630.0,8.0,12.0,0.3197158081705151,135.0,0.5407407407407407,0.2355486301266244,0.2355486301266244,1.6146133029979988,1.3573239971662954,1.2880582563140777,1110,True,,False,0.0593875455693354,69.40942269409422,61.77836761778368,21.155669695772417,47.886210983800865,56.28210193599368,,52.3,2026-08-28,279490,,3,5541,79,7.185343082114735,5541.0,0.1614060742407199,0.1640832395950506,0.180281214848144,42.93397075365579,111.0,26.0,0.23520809898762654,1.3647919010123735,1.0028121484814398,1.2676040494938132,4.00281214848144,4.332395950506187,,,,,0.8295838020247469
687626,Moisés Caicedo,2023-08-14,Brighton,Chelsea,Midfield,Defensive Midfield,right,178.0,21.779603011635867,116000000.0,75000000.0,75000000,100000000.0,110000000.0,1.5466666666666666,2.0857378758908394,575300000.0,1199925000.0,GB1,GB1,39.0,3351.0,1.0,1.0,0.0537153088630259,0.0268576544315129,85.92307692307692,143.0,12009.0,7.0,10.0,0.1274044466650012,170.0,0.8411764705882353,0.2355486301266244,0.2355486301266244,0.2280433931377571,0.5408838361594892,0.6725914808934282,1110,True,,False,0.0593875455693354,29.595222295952222,48.04246848042468,65.26076649545635,84.80442512840774,7.961280126432241,,39.4,2026-08-28,1137668,,3,9030,106,7.203025470653377,9030.0,0.05172093023255814,0.02930897009966777,0.0736389811738649,57.123698781838314,71.0,13.0,0.7069102990033223,2.9433001107419714,1.4543743078626798,1.1176301218161684,7.773289036544849,6.039490586932447,,,,,1.7425249169435213
628451,Roméo Lavia,2023-08-18,Southampton,Chelsea,Midfield,Defensive Midfield,right,181.0,19.613963039014372,62100000.0,32000000.0,32000000,22000000.0,50000000.0,1.940625,7.92029702970297,151500000.0,1199925000.0,GB1,GB1,29.0,2197.0,1.0,0.0,0.0409649522075557,0.0409649522075557,75.75862068965517,43.0,1859.0,0.0,1.0,0.0484131253362022,170.0,0.2529411764705882,0.2355486301266244,0.2355486301266244,0.1739129290861684,0.20553346164729,0.648564201832387,1106,True,,False,0.0596038115783148,10.41804910418049,25.481088254810885,54.71355195574871,24.04188067957329,1.4026076649545631,,19.9,2026-08-28,1190867,,4,1275,30,7.31,1275.0,,,,,10.0,2.0,,,,,,,,,,,
146310,Wataru Endo,2023-08-18,Stuttgart,Liverpool,Midfield,Defensive Midfield,right,178.0,30.518822724161534,20000000.0,6500000.0,6500000,4000000.0,13000000.0,3.076923076923077,2.3547882509703957,431525000.0,1016150000.0,L1,GB1,36.0,3163.0,6.0,5.0,0.3129939930445779,0.1707239962061334,87.86111111111111,83.0,3782.0,2.0,2.0,0.0951877313590692,164.0,0.5060975609756098,0.2678347608424593,0.2355486301266244,1.1686085557381451,0.4041107405629953,1.090086915910483,1106,True,,False,0.0596038115783148,20.039814200398144,12.01061712010617,58.68036349269064,47.615566969577245,2.054523903595417,,24.8,2026-08-28,202643,,3,2151,57,6.96,2151.0,0.05,0.03,0.07472727272727273,60.531818181818174,19.0,2.0,0.5263636363636364,2.710909090909091,1.145,1.758181818181818,5.740454545454546,5.581363636363637,,,,,2.942727272727273
332705,Tyler Adams,2023-08-20,Leeds,Bournemouth,Midfield,Defensive Midfield,right,175.0,24.511978097193705,26900000.0,18000000.0,18000000,25000000.0,25000000.0,1.4944444444444445,1.4073012708696735,401300000.0,564750000.0,GB1,GB1,24.0,2112.0,0.0,0.0,0.0,0.0,88.0,62.0,4287.0,2.0,5.0,0.1469559132260322,125.0,0.496,0.2355486301266244,0.2355486301266244,0.0,0.6238877854947947,0.5713682170447084,1104,True,,False,0.0597123894722307,34.505640345056406,60.78301260783012,64.22560252864481,42.23231924140656,10.92453575661794,,37.3,2026-08-28,729769,,4,3876,57,6.968898350186269,3876.0,0.1,0.0509991985038739,0.03,42.71506812717072,26.0,3.0,0.24750200374031525,3.277477958856532,1.5950040074806306,1.890008014961261,9.490088164573871,5.057493988779054,,,,,1.9574939887790541
415912,Konstantinos Mavropanos,2023-08-22,Stuttgart,West Ham,Defender,Centre-Back,right,194.0,25.694729637234772,20000000.0,15000000.0,15000000,18000000.0,20000000.0,1.3333333333333333,1.1069462951161575,431525000.0,477675000.0,L1,GB1,28.0,2230.0,2.0,1.0,0.1210762331838565,0.0807174887892376,79.64285714285714,103.0,7780.0,4.0,0.0,0.0462724935732647,134.0,0.7686567164179104,0.1242136398981505,0.09624713860549,0.9747418502761324,0.4807674726095739,1.0397642500317128,1102,True,,False,0.0598212650435311,24.309723889555823,25.810324129651864,60.859344132753854,72.42986961675228,7.882259976293955,,35.5,2026-08-28,719219,,3,6066,83,6.821831325301204,6066.0,0.09137254901960784,0.0808094296076492,0.021693043191559513,37.47243653148698,12.0,2.0,0.20074183976261128,1.5078140454995055,1.6593471810089018,5.851912298054731,9.919353775140126,3.722980547312891,,,,,0.7413946587537092
338635,Hannes Delcroix,2023-08-22,RSC Anderlecht,Burnley,Defender,Centre-Back,left,183.0,24.479123887748116,3000000.0,2000000.0,2000000,2500000.0,4000000.0,1.5,1.5309293462327762,170550000.0,261100000.0,BE1,GB1,14.0,928.0,0.0,0.0,0.0,0.0,66.28571428571429,15.0,855.0,0.0,0.0,0.0,69.0,0.217391304347826,0.098805821763407,0.09624713860549,0.0,0.0,0.7114919094011505,877,False,0.0,False,0.074185279777266,6.602641056422569,17.97719087635054,72.81311734492296,7.113789016199131,1.738443303042276,,22.4,2026-01-15,822716,,1,585,12,,585.0,,,,,4.0,,,,,,,,,,,,
486049,Jérémy Doku,2023-08-24,Stade Rennais,Man City,Attack,Left Winger,right,173.0,21.242984257357975,60000000.0,28000000.0,28000000,75000000.0,75000000.0,2.142857142857143,3.88299779371208,362600000.0,1407975000.0,FR1,GB1,32.0,1575.0,7.0,4.0,0.6285714285714286,0.4,49.21875,129.0,7229.0,21.0,34.0,0.684742011343201,173.0,0.7456647398843931,0.4766053917119471,0.4791127195207551,1.3188508554500935,1.4291877118773466,1.0907463496693075,1100,True,,False,0.0599304391083289,79.85842985842986,77.73487773487774,85.77242196760173,72.76570525483999,33.93915448439352,,68.5,2026-08-28,942368,,3,4890,88,7.326742331288345,4890.0,0.202280163599182,0.1214355828220859,0.29176278118609406,35.11930470347649,136.0,26.0,5.108732106339469,1.711411042944785,0.4801431492842535,0.1,3.958670756646217,4.118261758691207,,,,,0.8840490797546012
543499,Mohammed Kudus,2023-08-27,Ajax,West Ham,Attack,Right Winger,left,177.0,23.066392881587955,43000000.0,40000000.0,40000000,45000000.0,50000000.0,1.075,2.8160648489314664,169625000.0,477675000.0,NL1,GB1,41.0,2912.0,21.0,8.0,0.8962912087912087,0.6490384615384616,71.02439024390245,79.0,6220.0,19.0,10.0,0.4196141479099678,90.0,0.8777777777777778,0.5046288705881634,0.4791127195207551,1.7761393789193007,0.875815086541008,1.194315823991903,683,False,63800000.0,True,0.0906671486913464,38.86743886743887,25.16087516087516,57.28368233899644,81.44211774002372,20.88107467404188,59.7560975609756,41.8,2025-07-10,891743,,2,5084,65,7.139313532651457,5084.0,0.22860739575137687,0.21558025177025963,0.10953579858379228,23.802321007081037,59.0,9.0,3.8349134539732495,1.837234461054288,0.2465184893784422,0.3,2.3860739575137684,6.216345397324941,,,,,1.3488394964594808
262226,Timothy Castagne,2023-08-29,Leicester,Fulham,Defender,Right-Back,right,185.0,27.731690622861056,13000000.0,25000000.0,25000000,8000000.0,17000000.0,0.52,2.334584450402145,139875000.0,326550000.0,GB1,GB1,35.0,3004.0,1.0,3.0,0.1198402130492676,0.0299600532623169,85.82857142857142,104.0,7554.0,2.0,5.0,0.0833995234312946,130.0,0.8,0.09624713860549,0.09624713860549,1.2451301387824518,0.8665143155387013,1.1308252794949665,1095,True,,False,0.0602046855553222,46.03841536614646,42.07683073229292,7.212564203871988,76.29395495851443,49.34808376135915,,42.2,2026-08-28,465750,,4,6208,89,6.859515141752577,6208.0,0.03,0.05281572164948454,0.056767074742268046,35.81568943298969,47.0,5.0,0.37804445876288656,1.9905927835051545,1.328527706185567,2.883923969072165,6.611742912371134,3.4184922680412373,,,,,0.8470682989690722
595809,Beto,2023-08-29,Udinese,Everton,Attack,Centre-Forward,right,194.0,25.57426420260096,25000000.0,25000000.0,25000000,18000000.0,22000000.0,1.0,2.17844468990153,212755000.0,463475000.0,IT1,GB1,33.0,2229.0,10.0,3.0,0.5248990578734859,0.4037685060565276,67.54545454545455,110.0,4694.0,25.0,3.0,0.5368555602897316,124.0,0.8870967741935484,0.4985622392500374,0.4791127195207551,1.0528255382177871,1.120520366954013,1.0304953246638506,1095,True,,False,0.0602046855553222,59.07335907335908,59.65250965250966,28.87198735677598,86.8530225207428,41.28802844725405,,51.5,2026-08-28,1079485,,4,4043,98,6.520910215186743,4043.0,0.44748759920634923,0.523655753968254,0.022237103174603173,8.719618055555555,35.0,6.0,1.053422619047619,0.9552579365079366,0.1378968253968254,1.7803819444444444,3.632465277777778,2.3068452380952382,,,,,1.9232886904761903
973085,Carlos Baleba,2023-08-29,Lille,Brighton,Midfield,Defensive Midfield,left,179.0,19.652292950034223,27000000.0,5000000.0,5000000,55000000.0,60000000.0,5.4,1.932969340613188,297625000.0,575300000.0,FR1,GB1,20.0,528.0,0.0,2.0,0.3409090909090909,0.0,26.4,111.0,6489.0,3.0,2.0,0.0693481276005547,133.0,0.8345864661654135,0.2109459846919036,0.2355486301266244,1.6160966107366512,0.2944110842982833,1.2887166628065112,1095,True,,False,0.0602046855553222,14.5985401459854,3.9150630391506303,98.76333465033584,81.18925325958119,0.869221651521138,,34.3,2026-08-28,1352713,,3,5653,92,6.846860074296834,5653.0,0.1,0.07301255970281267,0.0353263753759066,39.80176897222714,38.0,5.0,0.8595259154431276,2.494197771094994,1.506527507518132,1.5816734477268706,7.628321245356448,6.312029011144525,,,,,1.7447549973465417
381753,Ilia Gruev,2023-08-31,Werder Bremen,Leeds,Midfield,Defensive Midfield,left,185.0,23.318275154004105,6500000.0,3000000.0,3000000,12000000.0,12000000.0,2.1666666666666665,2.0052467207995,200125000.0,401300000.0,L1,GB1,30.0,1591.0,0.0,0.0,0.0,0.0,53.03333333333333,29.0,1819.0,0.0,3.0,0.148433205057724,51.0,0.5686274509803921,0.2678347608424593,0.2355486301266244,0.0,0.6301594918124994,0.5713682170447084,1093,True,,False,0.0603149108066093,35.36828135368281,61.247511612475115,92.08415645989726,33.84037929672066,7.388384037929672,,40.8,2026-08-28,1080983,,1,1322,23,6.61,1322.0,,0.03,0.06,35.6,11.0,2.0,0.4000000000000001,1.6000000000000003,1.0,1.3,7.800000000000001,3.5,,,,,1.1
438001,Santiago Bueno,2023-08-31,Girona,Wolves,Defender,Centre-Back,right,191.0,24.80766598220397,12000000.0,8000000.0,8000000,10000000.0,10000000.0,1.5,1.3389530771044564,212050000.0,283925000.0,ES1,GB1,33.0,2849.0,0.0,1.0,0.0315900315900315,0.0,86.33333333333333,84.0,6330.0,4.0,3.0,0.0995260663507109,127.0,0.6614173228346457,0.0909966967446702,0.09624713860549,0.3471558058714022,1.0340677945622985,0.8284066073025593,1093,True,,False,0.0603149108066093,55.6422569027611,66.74669867947179,59.128802844725406,59.071513235875145,22.777558277360725,,46.1,2026-08-28,848034,,3,5055,70,6.5346800472255016,5055.0,0.11,0.056170011806375444,0.034113341204250296,35.60214876033058,12.0,1.0,,1.9588665879574974,0.9205667060212516,3.941133412042503,7.6588665879574975,2.3602833530106255,,,,,1.2191499409681228
242631,Alex Iwobi,2023-09-01,Everton,Fulham,Attack,Left Winger,right,183.0,27.329226557152634,25700000.0,28000000.0,28000000,20000000.0,28000000.0,0.9178571428571428,0.7045687469658558,463475000.0,326550000.0,GB1,GB1,36.0,3124.0,2.0,7.0,0.2592829705505762,0.057618437900128,86.77777777777777,109.0,8285.0,19.0,11.0,0.3258901629450814,130.0,0.8384615384615385,0.4791127195207551,0.4791127195207551,0.5411732145411015,0.6801951809400124,0.9146132076207424,1092,True,,False,0.0603701367031937,22.844272844272844,31.467181467181465,36.52113789016199,81.47372580007902,15.744764915053338,,30.8,2026-08-28,604785,2023/2024,3,5518,68,7.152845233780355,5518.0,0.21619012527634487,0.10309506263817245,0.189583182312432,39.20710402319681,103.0,16.0,1.0861090641120117,1.162776368249366,0.4865168539325843,0.7551584377302873,4.661544037694817,4.449909387459225,,,,,0.46547531319086216
601883,Matheus Nunes,2023-09-01,Wolves,Man City,Defender,Right-Back,right,183.0,25.01300479123888,62000000.0,45000000.0,45000000,50000000.0,55000000.0,1.3777777777777778,4.958968037333803,283925000.0,1407975000.0,GB1,GB1,35.0,2475.0,1.0,1.0,0.0727272727272727,0.0363636363636363,70.71428571428571,118.0,8019.0,3.0,25.0,0.3142536475869809,172.0,0.686046511627907,0.09624713860549,0.09624713860549,0.7556304923035323,3.2650700284720537,0.9659722010702056,1092,True,,False,0.0603701367031937,96.99879951980792,98.2593037214886,56.03318846305808,65.83168708020546,63.650730936388776,,69.8,2026-08-28,955529,2023/2024,3,4571,61,7.356311529205864,4571.0,0.0373732921992067,0.0321198765976201,0.11055310709563684,57.11888497135302,51.0,13.0,0.9368664609960335,1.8368664609960337,0.8631335390039665,2.5470030850594974,5.510136624063464,4.7470030850594975,,,,,0.9055310709563685
568177,Cole Palmer,2023-09-01,Man City,Chelsea,Midfield,Attacking Midfield,left,185.0,21.322381930184804,47000000.0,18000000.0,18000000,100000000.0,130000000.0,2.611111111111111,0.8522345922335268,1407975000.0,1199925000.0,GB1,GB1,22.0,725.0,3.0,1.0,0.4965517241379309,0.3724137931034483,32.95454545454545,124.0,9862.0,54.0,29.0,0.7574528493206247,167.0,0.7425149700598802,0.2355486301266244,0.2355486301266244,2.108064580426549,3.215696261589121,1.5070900298917702,1092,True,,False,0.0603701367031937,97.87657597876576,98.07564698075647,96.69695772421969,71.94784670090874,51.81746345318056,,80.3,2026-08-28,1096353,2023/2024,3,5243,64,7.437924852183865,5243.0,0.43523255813953493,0.48619186046511625,0.2028779069767442,31.27122093023256,116.0,28.0,1.2476744186046511,1.0380813953488373,0.45232558139534884,0.5,3.4755813953488373,3.3046511627906976,,,,,0.4761627906976744
497291,Nicolás Domínguez,2023-09-01,Bologna,Nott'm Forest,Midfield,Central Midfield,right,179.0,25.177275838466805,6650000.0,17000000.0,17000000,15000000.0,18000000.0,0.3911764705882353,2.0108124750968956,276070000.0,555125000.0,IT1,GB1,33.0,2382.0,3.0,2.0,0.1889168765743073,0.1133501259445843,72.18181818181819,109.0,6284.0,5.0,4.0,0.1288987905792488,140.0,0.7785714285714286,0.2225486393745403,0.2355486301266244,0.848879045521226,0.5472279355220893,0.9481662747219936,1092,True,,False,0.0603701367031937,30.126078301260783,27.538155275381555,45.79020150138285,74.57526669300671,37.09996048992493,,40.8,2026-08-28,827315,,3,4648,87,6.8049354561101545,4648.0,0.10244958924570575,0.08334552495697074,0.07070567986230636,38.25768072289157,34.0,6.0,0.2981282271944923,3.968782271944923,1.0330895008605852,1.7985585197934597,8.358111015490534,5.418136833046471,,,,,1.4564974182444062
336077,Altay Bayındır,2023-09-01,Fenerbahçe,Man Utd,Goalkeeper,Goalkeeper,right,198.0,25.38261464750171,5000000.0,11000000.0,11000000,5000000.0,10000000.0,0.4545454545454545,3.6216705148651545,210055000.0,760750000.0,TR1,GB1,34.0,3060.0,0.0,0.0,0.0,0.0,90.0,14.0,1290.0,0.0,0.0,0.0,146.0,0.0958904109589041,0.0042860073460456,0.0039623389120549,0.0,0.0,0.0697719229727917,1092,True,,False,0.0603701367031937,40.8955223880597,37.46268656716418,23.02252074278941,3.1963650730936393,46.7601738443303,,26.3,2026-08-28,866967,,2,900,10,,900.0,,,,,1.0,1.0,,,,,,,1.0,,,,
470607,Brennan Johnson,2023-09-01,Nott'm Forest,Tottenham,Attack,Right Winger,right,186.0,22.275154004106778,55000000.0,38000000.0,38000000,35000000.0,50000000.0,1.4473684210526316,1.3832019815356902,555125000.0,767850000.0,GB1,GB1,38.0,2803.0,7.0,3.0,0.3210845522654298,0.2247591865858009,73.76315789473684,103.0,6261.0,26.0,17.0,0.6181121226641112,120.0,0.8583333333333333,0.4791127195207551,0.4791127195207551,0.6701649511342612,1.2901183739859667,0.9438280373513463,854,False,40000000.0,True,0.0759184603679647,71.42857142857143,78.12097812097812,54.851837218490715,83.0738838403793,35.875148162781514,31.418485237483956,59.2,2026-01-02,1076756,2023/2024,2,3901,67,6.826944373237632,3901.0,0.2955011535503717,0.29757241732889,0.07558574724429634,15.825301204819278,38.0,5.0,0.6675724173288899,1.5558574724429632,0.2,0.9738528582414765,4.109843629838503,2.73242758267111,,,,,1.0558574724429632
450050,Jean-Ricner Bellegarde,2023-09-01,R. Strasbourg,Wolves,Midfield,Central Midfield,right,170.0,25.180013689253936,15000000.0,10000000.0,10000000,16000000.0,18000000.0,1.5,0.6812428768520185,416775000.0,283925000.0,FR1,GB1,28.0,2299.0,4.0,11.0,0.58721183123097,0.156589821661592,82.10714285714286,96.0,4645.0,5.0,9.0,0.271259418729817,127.0,0.7559055118110236,0.2109459846919036,0.2355486301266244,2.7837070806947097,1.1516068617507793,1.8069923341463776,1092,True,,False,0.0603701367031937,61.97743861977438,13.404114134041142,73.78308968787042,70.0316080600553,27.02489134729356,,48.9,2026-08-28,769166,,3,3890,83,6.570948586118252,3890.0,0.11683804627249357,0.09402313624678661,0.1077866323907455,24.00141388174807,53.0,12.0,1.1146015424164526,1.9447043701799487,0.6382005141388175,1.1346786632390744,4.978843187660669,3.41560411311054,,,,,1.406503856041131
375885,Ibrahim Sangaré,2023-09-01,PSV,Nott'm Forest,Midfield,Defensive Midfield,right,191.0,25.74674880219028,35000000.0,35000000.0,35000000,20000000.0,32000000.0,1.0,1.702054269507895,326150000.0,555125000.0,NL1,GB1,44.0,3732.0,7.0,4.0,0.2652733118971061,0.1688102893890675,84.81818181818181,77.0,4633.0,2.0,6.0,0.1554068638031513,140.0,0.55,0.2743648108274377,0.2355486301266244,0.9668634658252524,0.659765517293006,1.000536869380083,1092,True,,False,0.0603701367031937,36.960849369608496,32.51493032514931,26.467799288818647,49.33820624259185,22.36270248913473,,31.5,2026-08-28,795371,,4,3797,59,6.927557603686637,3797.0,0.09,0.049170506912442395,0.07709677419354839,36.15299539170507,25.0,4.0,0.5207373271889401,2.6,1.1,2.2,11.36774193548387,4.821198156682027,,,,,1.808294930875576
478573,Ryan Gravenberch,2023-09-01,Bayern Munich,Liverpool,Midfield,Defensive Midfield,right,190.0,21.295003422313485,40000000.0,30000000.0,30000000,80000000.0,90000000.0,1.3333333333333333,1.0043737181546368,1011725000.0,1016150000.0,L1,GB1,29.0,776.0,0.0,0.0,0.0,0.0,26.75862068965517,134.0,9923.0,10.0,12.0,0.1995364305149652,162.0,0.8271604938271605,0.2678347608424593,0.2355486301266244,0.0,0.8471135255921461,0.5713682170447084,1092,True,,False,0.0603701367031937,47.312541473125414,71.6655607166556,87.02094033978665,82.48913472935598,20.090873172659027,,54.3,2026-08-28,956683,,4,7363,100,7.201598533206573,7363.0,0.13094000485790622,0.06234179821551132,0.08920109814687716,46.56491420727523,72.0,8.0,1.1665888812628689,1.933136582017845,1.4842964996568289,1.4922855181880577,6.798229238160604,4.862415923129718,,,,,1.2639121482498288
1141628,Yunus Konak,2024-01-11,Sivasspor,Brentford,Midfield,Defensive Midfield,right,181.0,18.001368925393567,4500000.0,1800000.0,1800000,3500000.0,4500000.0,2.5,16.31118022589622,30545000.0,498225000.0,TR1,GB1,17.0,1330.0,0.0,1.0,0.0676691729323308,0.0,78.23529411764706,13.0,41.0,0.0,0.0,0.0,105.0,0.1238095238095238,0.2267996174290349,0.2355486301266244,0.298365463308175,0.0,0.703805844814721,871,False,0.0,False,0.074632166159951,3.64963503649635,11.14797611147976,81.7325167917819,3.0561043065981823,0.316080600553141,,18.7,2026-05-31,1524063,,1,36,10,,36.0,,,,,,,,,,,,,,,,,
568559,Radu Drăgușin,2024-01-11,Genoa,Tottenham,Defender,Centre-Back,right,191.0,21.93566050650239,28000000.0,20000000.0,20000000,16000000.0,25000000.0,1.4,4.538925341372583,169170000.0,767850000.0,IT1,GB1,22.0,1934.0,2.0,1.0,0.139607032057911,0.093071354705274,87.9090909090909,44.0,2826.0,0.0,0.0,0.0,126.0,0.3492063492063492,0.0979603049171636,0.09624713860549,1.4251388067438582,0.0,1.1914483734441392,960,True,,False,0.0683655833546908,6.602641056422569,3.7815126050420167,50.2350849466614,28.61517186882655,2.173054128802845,,19.3,2026-08-28,1203661,,3,2190,35,,2190.0,,,,,4.0,1.0,,,,,,,,,,,
387191,Daiki Hashioka,2024-01-30,Sint-Truiden,Luton,Defender,Right-Back,right,184.0,24.70636550308008,2000000.0,2000000.0,2000000,1800000.0,2000000.0,1.0,1.1930835734870318,69400000.0,82800000.0,BE1,GB1,28.0,2375.0,2.0,3.0,0.1894736842105263,0.0757894736842105,84.82142857142857,11.0,623.0,0.0,0.0,0.0,20.0,0.55,0.098805821763407,0.09624713860549,1.9176368439526337,0.0,1.3573112461469807,518,False,,False,0.1085753406841498,6.602641056422569,1.9807923169267705,41.527064401422365,21.566574476491503,6.4598972738048195,,17.4,2025-07-01,878296,,1,595,10,,595.0,,,,,3.0,1.0,,,,,,,,,,,
493003,Daniel Muñoz,2024-01-30,Genk,Crystal Palace,Defender,Right-Back,right,180.0,27.679671457905545,8000000.0,10000000.0,10000000,22000000.0,27000000.0,0.8,2.8012388578335097,165475000.0,463535000.0,BE1,GB1,32.0,2809.0,7.0,2.0,0.2883588465646137,0.2242791028835885,87.78125,94.0,8126.0,10.0,14.0,0.2658134383460497,120.0,0.7833333333333333,0.098805821763407,0.09624713860549,2.918439839052157,2.7617801650769027,1.6943604265205612,941,True,,False,0.0696400543661623,94.83793517406964,89.97599039615847,84.3184512050573,73.08178585539312,82.61556696957724,,83.9,2026-08-28,859282,,4,7130,83,7.263458091723775,7130.0,0.12705464868701205,0.11868168914123493,0.12131831085876509,24.098456352022716,94.0,20.0,0.38681689141234915,3.144180269694819,1.1147267565649397,3.026366217175302,7.4,4.288360539389638,,,,,1.4720901348474096
127202,Matz Sels,2024-02-01,R. Strasbourg,Nott'm Forest,Goalkeeper,Goalkeeper,right,188.0,31.9315537303217,6500000.0,7000000.0,7000000,3500000.0,7000000.0,0.9285714285714286,1.3319536920400696,416775000.0,555125000.0,FR1,GB1,37.0,3330.0,0.0,0.0,0.0,0.0,90.0,96.0,8578.0,0.0,0.0,0.0,118.0,0.8135593220338984,0.0025413936551001,0.0039623389120549,0.0,0.0,0.0697719229727917,939,True,,False,0.0697761476446158,40.8955223880597,37.46268656716418,30.37732121691031,77.00118530225208,27.558277360726983,,43.5,2026-08-28,181069,,4,7617,86,7.0076590577950455,7617.0,,,0.005536668285575522,13.032491500728508,4.0,1.0,1.0,0.0,,1.1809265648102514,1.1809265648102514,6.013744536182613,21.0,3.1825157843613407,71.61393880524527,1.2402622632345799,0.0
258878,Tosin Adarabioyo,2024-07-01,Fulham,Chelsea,Defender,Centre-Back,right,197.0,26.767967145790553,0.0,20000000.0,20000000,16000000.0,20000000.0,0.0,3.674552135966927,326550000.0,1199925000.0,GB1,GB1,25.0,1996.0,2.0,0.0,0.0901803607214428,0.0901803607214428,79.84,59.0,3724.0,6.0,1.0,0.169172932330827,120.0,0.4916666666666666,0.09624713860549,0.09624713860549,0.9369666675607428,1.7576931094466566,1.0270423712653345,788,True,,False,0.0812059031006793,80.25210084033614,84.3937575030012,38.91544843935203,41.03911497431845,94.3500592651126,,68.9,2026-08-28,683402,,3,3810,58,,3810.0,0.08676266137040715,0.04929493545183714,0.015352532274081431,62.58401191658391,4.0,2.0,0.1929493545183714,1.1535253227408144,1.0746772591857,4.778848063555114,7.460575968222442,2.4929493545183714,,,,,0.5535253227408142
131978,Ross Barkley,2024-07-01,Luton,Aston Villa,Midfield,Central Midfield,right,189.0,30.570841889117045,5900000.0,8000000.0,8000000,4000000.0,8000000.0,0.7375,6.228864734299517,82800000.0,515750000.0,GB1,GB1,37.0,2998.0,5.0,6.0,0.3302201467645096,0.1501000667111407,81.02702702702703,51.0,1656.0,7.0,2.0,0.4891304347826087,110.0,0.4636363636363636,0.2355486301266244,0.2355486301266244,1.4019191985408384,2.0765581804473485,1.1936481918158326,788,True,,False,0.0812059031006793,88.7193098871931,89.44923689449237,30.37732121691031,36.910312129593045,80.75859344132755,,68.2,2026-08-28,215384,,4,4117,74,7.139199549041714,4117.0,0.24383131338115263,0.16391788276032648,0.09772198862231017,41.94264160277022,65.0,11.0,2.0540440267128366,1.6633687855552808,0.8510017313875836,1.3820430373485035,5.2150136037595844,6.443383626020282,,,,,0.977368290873114
43530,Adam Lallana,2024-07-01,Brighton,Southampton,Midfield,Attacking Midfield,both,172.0,36.14236824093087,0.0,1000000.0,1000000,750000.0,900000.0,0.0,0.2633408656353207,575300000.0,151500000.0,GB1,GB1,30.0,952.0,0.0,1.0,0.0945378151260504,0.0,31.733333333333334,16.0,385.0,0.0,2.0,0.4675324675324675,41.0,0.3902439024390244,0.2355486301266244,0.2355486301266244,0.4013515810948657,1.984866001050972,0.7495190348792988,365,False,,False,0.1292128884274397,86.79495686794957,94.35965494359657,30.861319636507304,15.363492690636113,96.36507309363888,,70.4,2025-07-01,37234,,2,1202,39,6.29,1202.0,,0.09,0.21,47.8,19.0,3.0,0.3,0.9,0.3,0.1,1.4,2.3,,,,,0.9
356141,Daichi Kamada,2024-07-01,Lazio,Crystal Palace,Midfield,Attacking Midfield,right,180.0,27.904175222450377,0.0,18000000.0,18000000,10000000.0,15000000.0,0.0,1.5935883111302105,290875000.0,463535000.0,IT1,GB1,38.0,1897.0,2.0,2.0,0.1897733263046916,0.0948866631523458,49.921052631578945,72.0,4211.0,1.0,3.0,0.0854903823319876,104.0,0.6923076923076923,0.2225486393745403,0.2355486301266244,0.852727416523589,0.3629415390190568,0.9498744788843684,788,True,,False,0.0812059031006793,18.248175182481752,15.925680159256803,20.966021335440537,59.60292374555512,50.37534571315686,,33.7,2026-08-28,621515,,3,3642,64,6.731087314662274,3642.0,,0.06800658978583196,0.1243986820428336,34.18830313014827,42.0,10.0,0.5344316309719934,2.9214168039538713,0.842833607907743,0.9917627677100495,7.845634266886327,5.137726523887974,,,,,1.440856672158155
567576,Elliot Anderson,2024-07-01,Newcastle,Nott'm Forest,Midfield,Central Midfield,right,179.0,21.650924024640656,41200000.0,15000000.0,15000000,75000000.0,75000000.0,2.7466666666666666,0.7769419174247726,714500000.0,555125000.0,GB1,GB1,26.0,1100.0,0.0,2.0,0.1636363636363636,0.0,42.30769230769231,92.0,7291.0,6.0,11.0,0.209847757509258,100.0,0.92,0.2355486301266244,0.2355486301266244,0.6947031003678402,0.8908893140089571,0.8797310871874903,788,True,,False,0.0812059031006793,49.23689449236895,58.06237558062376,94.75503753457131,87.27578032398262,12.28763334650336,,52.9,2026-08-28,1089691,,4,7243,98,7.362682848416652,7243.0,0.09194865042791311,0.08387960789728013,0.1259947535551567,44.532362280822866,108.0,20.0,1.318680104928897,2.8069722490680658,1.0337291177688803,1.7196675119752043,9.824465000690322,7.242772331906668,,,,,1.6002070965069721
842341,Maxime Estève,2024-07-01,Montpellier,Burnley,Defender,Centre-Back,left,193.0,22.09993155373032,12000000.0,7000000.0,7000000,28000000.0,28000000.0,1.7142857142857142,5.353152229625833,48775000.0,261100000.0,FR1,GB1,12.0,998.0,1.0,1.0,0.1803607214428857,0.0901803607214428,83.16666666666667,36.0,3118.0,0.0,0.0,0.0,46.0,0.782608695652174,0.0906137250941025,0.09624713860549,1.990434906583751,0.0,1.3818280865868546,788,True,,False,0.0812059031006793,6.602641056422569,1.800720288115246,92.08415645989726,57.51086527064402,1.323587514816278,,34.0,2026-08-28,1250443,,2,4249,50,6.440000000000001,4249.0,,0.02,0.02,35.9,8.0,1.0,0.09999999999999999,1.3,1.1,6.8,10.3,3.5,,,,,0.39999999999999997
739443,Igor Thiago,2024-07-01,Club Brugge,Brentford,Attack,Centre-Forward,right,190.0,23.014373716632445,33000000.0,25000000.0,25000000,65000000.0,65000000.0,1.32,1.7379436644283597,286675000.0,498225000.0,BE1,GB1,32.0,2203.0,18.0,3.0,0.8579210167952792,0.7353608715388108,68.84375,48.0,3606.0,25.0,1.0,0.64891846921797,85.0,0.5647058823529412,0.4819920768254938,0.4791127195207551,1.779948380989448,1.3544171189340737,1.195178509849632,788,True,,False,0.0812059031006793,75.74002574002574,64.6074646074646,85.16199130778348,42.43579612801265,44.84393520347689,,64.9,2026-08-28,1302005,,3,3535,47,7.125702405702405,3535.0,0.6,0.56,0.05,11.9,26.0,6.0,0.8,1.0,0.3,1.8,5.9,2.5,,,,,2.0
696589,Tim Iroegbunam,2024-07-01,Aston Villa,Everton,Midfield,Central Midfield,right,183.0,21.00479123887748,10700000.0,4000000.0,4000000,18000000.0,18000000.0,2.675,0.8986427532719341,515750000.0,463475000.0,GB1,GB1,10.0,161.0,0.0,0.0,0.0,0.0,16.1,51.0,2253.0,0.0,5.0,0.1997336884154461,82.0,0.6219512195121951,0.2355486301266244,0.2355486301266244,0.0,0.847950965828478,0.5713682170447084,788,True,,False,0.0812059031006793,47.378898473788986,71.73191771731918,93.755432635322,47.55432635322008,11.53694192018965,,48.5,2026-08-28,1203512,,3,2207,56,6.719999999999999,2207.0,,0.04,0.04,24.2,11.0,3.0,0.9,4.1,1.3,0.5,11.5,4.7,,,,,1.8
485585,Ian Maatsen,2024-07-01,Chelsea,Aston Villa,Defender,Left-Back,left,178.0,22.310746064339497,44500000.0,40000000.0,40000000,30000000.0,32000000.0,1.1125,0.429818530324812,1199925000.0,515750000.0,GB1,GB1,15.0,378.0,0.0,0.0,0.0,0.0,25.2,86.0,4039.0,3.0,4.0,0.1559792027729636,110.0,0.7818181818181819,0.09624713860549,0.09624713860549,0.0,1.620611324481146,0.7114919094011505,788,True,,False,0.0812059031006793,77.73109243697479,87.81512605042016,23.897668905570917,71.68905570920585,54.5436586329514,,55.7,2026-08-28,966026,,4,3010,72,6.712413670345319,3010.0,0.08,0.07,0.16068206820682068,37.95049504950495,47.0,9.0,1.1172717271727173,2.3586358635863585,1.1413641364136413,3.020902090209021,6.520902090209021,4.889548954895489,,,,,0.9586358635863585
480116,Lloyd Kelly,2024-07-01,Bournemouth,Newcastle,Defender,Centre-Back,left,189.0,25.73579739904175,0.0,18000000.0,18000000,16000000.0,18000000.0,0.0,1.265161575918548,564750000.0,714500000.0,GB1,GB1,25.0,1646.0,1.0,1.0,0.1093560145808019,0.0546780072904009,65.84,11.0,391.0,0.0,1.0,0.2301790281329923,42.0,0.2619047619047619,0.09624713860549,0.09624713860549,1.1362001630931,2.3915415197586225,1.0941399785876094,365,False,17200000.0,True,0.1292128884274397,90.99639855942378,92.97719087635052,41.24654286843145,6.258395890952194,97.6689055709206,98.97304236200256,71.4,2025-07-01,819215,,2,1857,33,6.67,1857.0,,0.02,0.05000000000000001,34.6,11.0,3.0,0.10000000000000002,1.3999999999999997,0.8000000000000002,3.4,6.2,7.0,,,,,1.0
468002,Ben Johnson,2024-07-01,West Ham,Ipswich,Defender,Right-Back,right,184.0,24.435318275154003,0.0,8000000.0,8000000,7000000.0,9000000.0,0.0,0.2912021772125399,477675000.0,139100000.0,GB1,GB1,22.0,859.0,0.0,1.0,0.1047729918509895,0.0,39.04545454545455,27.0,1615.0,1.0,3.0,0.2229102167182662,45.0,0.6,0.09624713860549,0.09624713860549,1.0885829269215614,2.3160191559767713,1.0781035053737416,788,True,,False,0.0812059031006793,90.15606242497,92.25690276110444,47.416041090478075,34.42512840774397,97.45160015804028,,73.2,2026-08-28,770267,,2,1887,37,6.370000000000001,1887.0,0.07,0.07,0.06,16.6,12.0,4.0,0.5,2.5,0.9000000000000001,3.5,7.299999999999999,3.8,,,,,1.8000000000000003
689637,Chadi Riad,2024-07-02,Real Betis,Crystal Palace,Defender,Centre-Back,left,186.0,21.04312114989733,15000000.0,15000000.0,15000000,15000000.0,15000000.0,1.0,1.7310615255344972,267775000.0,463535000.0,ES1,GB1,28.0,2314.0,0.0,0.0,0.0,0.0,82.64285714285714,12.0,744.0,0.0,1.0,0.1209677419354838,104.0,0.1153846153846153,0.0909966967446702,0.09624713860549,0.0,1.2568450728838996,0.7114919094011505,787,True,,False,0.0812897467904547,65.72629051620649,78.99159663865547,43.6448044251284,2.1552745950217305,47.90596602133544,,44.5,2026-08-28,1187506,,3,716,11,6.37,716.0,,,,,1.0,1.0,,,,,,,,,,,
623570,Iliman Ndiaye,2024-07-03,Marseille,Everton,Attack,Right Winger,right,180.0,24.32580424366872,18000000.0,15000000.0,15000000,55000000.0,55000000.0,1.2,0.9322639042542492,497150000.0,463475000.0,FR1,GB1,46.0,2476.0,4.0,5.0,0.327140549273021,0.1453957996768982,53.82608695652174,70.0,5532.0,17.0,3.0,0.3253796095444685,82.0,0.8536585365853658,0.4766053917119471,0.4791127195207551,0.686397080188173,0.6791295582174022,0.947504388247923,786,True,,False,0.0813737053345817,22.715572715572716,28.764478764478763,90.82773607269854,77.026866851047,9.14658237850652,,38.9,2026-08-28,965764,,3,5316,66,7.189676448457487,5316.0,0.25536548029085343,0.224928517682468,0.10173814898419863,23.967456734386758,51.0,11.0,2.422197140707299,2.1910835214446953,0.5933792575583621,0.6,6.585252069224981,6.066741911211437,,,,,0.953310371220819
415381,Mats Wieffer,2024-07-05,Feyenoord,Brighton,Defender,Right-Back,right,189.0,24.635181382614647,32000000.0,30000000.0,30000000,25000000.0,30000000.0,1.0666666666666669,2.342903685603747,245550000.0,575300000.0,NL1,GB1,42.0,3720.0,6.0,4.0,0.2419354838709677,0.1451612903225806,88.57142857142857,54.0,2988.0,3.0,8.0,0.3313253012048192,86.0,0.627906976744186,0.1132639743398324,0.09624713860549,2.136032090354473,3.4424431313526886,1.4308621239497656,784,True,,False,0.0815419676154448,97.47899159663864,97.35894357743096,39.89924930857369,48.877913868036345,75.22718293164758,,67.2,2026-08-28,970243,,3,2994,52,7.049659318637275,2994.0,0.09,0.08308641975308642,0.09,39.888888888888886,38.0,5.0,0.4691358024691358,3.8259259259259264,1.3037037037037036,2.919753086419753,11.520987654320987,5.314814814814815,,,,,1.6419753086419753
186186,Bobby De Cordova-Reid,2024-07-06,Fulham,Leicester,Midfield,Attacking Midfield,right,170.0,31.42231348391513,0.0,5000000.0,5000000,700000.0,5000000.0,0.0,0.4283417547083142,326550000.0,139875000.0,GB1,GB1,41.0,1932.0,7.0,4.0,0.5124223602484472,0.3260869565217391,47.1219512195122,25.0,823.0,2.0,3.0,0.5467800729040098,44.0,0.5681818181818182,0.2355486301266244,0.2355486301266244,2.175441903325794,2.321304405846368,1.5369972876264013,783,True,,False,0.0816262716674972,92.36894492368944,87.72395487723955,21.30580798103516,31.278150928486767,98.0047412090083,,71.7,2026-08-28,262550,,2,2166,56,6.6,2166.0,0.290932594644506,0.22491228070175437,0.05287165281625116,20.31865189289012,23.0,4.0,0.5,1.297229916897507,0.3,0.9370267774699907,2.5314866112650045,3.697229916897507,,,,,1.0342566943674976
525247,Maximilian Kilman,2024-07-06,Wolves,West Ham,Defender,Centre-Back,left,194.0,27.121149897330596,47500000.0,32000000.0,32000000,13000000.0,38000000.0,1.484375,1.6823985207361098,283925000.0,477675000.0,GB1,GB1,44.0,3981.0,2.0,1.0,0.0678221552373775,0.0452147701582516,90.47727272727272,65.0,5467.0,0.0,2.0,0.032924821657216,83.0,0.7831325301204819,0.09624713860549,0.09624713860549,0.7046667175777102,0.342086238970412,0.9488086847895874,783,True,,False,0.0816262716674972,17.767106842737096,23.589435774309724,36.598182536546815,67.53259581193204,4.602923745555117,,26.3,2026-08-28,865931,,3,8328,97,6.855472004727434,8328.0,0.05,0.04223463016330452,0.028128001921229585,46.18413784822286,37.0,4.0,0.3214937560038425,1.0634125840537945,0.9064000960614793,5.3801633045148884,8.505283381364073,3.9664505283381364,,,,,0.8204250720461095
435648,Joshua Zirkzee,2024-07-14,Bologna,Man Utd,Attack,Centre-Forward,right,193.0,23.145790554414784,42500000.0,50000000.0,50000000,20000000.0,42000000.0,0.85,2.755641685079871,276070000.0,760750000.0,IT1,GB1,37.0,2942.0,12.0,7.0,0.5812372535690007,0.3670972127804215,79.51351351351352,72.0,2755.0,8.0,4.0,0.3920145190562614,97.0,0.7422680412371134,0.4985622392500374,0.4791127195207551,1.1658268673602863,0.8182093755481675,1.056088550070548,775,True,,False,0.0823048748593924,34.234234234234236,31.209781209781212,17.574081390754642,64.45080995653892,25.93836428289214,,31.4,2026-08-28,950830,,2,2000,56,6.33,2000.0,0.22344,0.37736000000000003,0.06392,21.332,23.0,6.0,0.7,1.0215999999999998,0.3088,0.8344000000000001,3.3464,3.4264,,,,,0.8128
405385,Yukinari Sugawara,2024-07-14,AZ Alkmaar,Southampton,Defender,Right-Back,right,179.0,24.043805612594113,7000000.0,12000000.0,12000000,5500000.0,12000000.0,0.5833333333333334,0.7452041318248893,203300000.0,151500000.0,NL1,GB1,36.0,3164.0,4.0,9.0,0.3697850821744626,0.11378002528445,87.88888888888889,31.0,1647.0,1.0,1.0,0.1092896174863388,49.0,0.6326530612244898,0.1132639743398324,0.09624713860549,3.2648075818439413,1.1355103026419204,1.8110097215241283,775,True,,False,0.0823048748593924,59.42376950780313,20.82833133253301,29.101145792177,39.53970762544449,60.37139470564994,,46.0,2026-08-28,924610,,1,1555,30,6.33,1555.0,0.06,0.03,0.14,35.4,18.0,7.0,0.5,1.8,0.6,2.7,5.7,2.5,,,,,0.9
371021,Arijanet Murić,2024-07-17,Burnley,Ipswich,Goalkeeper,Goalkeeper,right,198.0,25.691991786447637,9550000.0,7000000.0,7000000,7500000.0,8000000.0,1.3642857142857143,0.532746074301034,261100000.0,139100000.0,GB1,GB1,14.0,1260.0,0.0,0.0,0.0,0.0,90.0,19.0,1701.0,0.0,0.0,0.0,45.0,0.4222222222222222,0.0039623389120549,0.0039623389120549,0.0,0.0,0.0697719229727917,714,False,7000000.0,True,0.0877310096354198,40.8955223880597,37.46268656716418,52.53852232319241,18.55393125246938,15.1521137890162,31.643132220795895,27.9,2026-07-01,760752,,2,2520,28,,2520.0,,,,,4.0,1.0,,,,,,,1.0,,,,
413507,Nikola Milenković,2024-07-18,Fiorentina,Nott'm Forest,Defender,Centre-Back,right,195.0,26.765229295003422,12300000.0,15000000.0,15000000,28000000.0,35000000.0,0.82,2.0574663652199696,269810000.0,555125000.0,IT1,GB1,41.0,3158.0,0.0,0.0,0.0,0.0,77.02439024390245,93.0,8066.0,6.0,3.0,0.100421522439871,100.0,0.93,0.0979603049171636,0.09624713860549,0.0,1.0433715110377626,0.7114919094011505,771,True,,False,0.082646973521064,56.12244897959183,71.48859543817527,80.3042275780324,88.19043856183326,47.84670090873173,,65.6,2026-08-28,766611,,3,6795,76,6.850198675496689,6795.0,0.14,0.0652980132450331,0.01509933774834437,29.35430463576159,12.0,3.0,0.050335570469798654,1.097986577181208,0.7503355704697987,5.717880794701987,8.381456953642385,2.647019867549669,,,,,0.5827814569536424
923831,Leny Yoro,2024-07-18,Lille,Man Utd,Defender,Centre-Back,right,190.0,18.677618069815196,62000000.0,50000000.0,50000000,50000000.0,55000000.0,1.24,2.5560688786224275,297625000.0,760750000.0,FR1,GB1,34.0,2842.0,3.0,0.0,0.0950035186488388,0.0950035186488388,83.58823529411765,65.0,3793.0,1.0,3.0,0.0949116794094384,97.0,0.6701030927835051,0.0906137250941025,0.09624713860549,1.0484451284855298,0.9861246867657488,1.064585947841333,771,True,,False,0.082646973521064,53.1812725090036,53.06122448979592,49.31647570130383,55.86329514026077,26.313709996048996,,43.0,2026-08-28,1358581,,2,2901,53,6.581878662530162,2901.0,,0.06198896932092383,0.021988969320923816,48.804963805584286,6.0,,0.1400551533953809,1.9002757669769044,1.519889693209238,3.9593933126508105,7.79944846604619,3.7198896932092382,,,,,0.8198896932092382
465717,Jayden Bogle,2024-07-20,Sheff Utd,Leeds,Defender,Right-Back,right,178.0,23.980835044490075,5950000.0,3800000.0,3800000,15000000.0,15000000.0,1.5657894736842106,7.611190137505927,52725000.0,401300000.0,GB1,GB1,36.0,2946.0,3.0,1.0,0.1221995926680244,0.0916496945010183,81.83333333333333,39.0,3077.0,2.0,4.0,0.1754956126096847,47.0,0.8297872340425532,0.09624713860549,0.09624713860549,1.2696439025466684,1.823385247108784,1.139080994181131,769,True,,False,0.0828187265966908,81.75270108043217,83.07322929171669,91.48162781509284,64.54563413670486,44.98222046621888,,68.3,2026-08-28,789646,,3,5684,69,6.650401125967628,5684.0,0.06493743296388987,0.07,0.06894440534834624,19.399155524278676,31.0,7.0,0.7045742434904997,2.082582688247713,1.049296270232231,2.525017593244194,5.951970443349754,4.377656579873328,,,,,1.2461294862772696
485706,Amadou Onana,2024-07-22,Everton,Aston Villa,Midfield,Defensive Midfield,right,195.0,22.93223819301848,59350000.0,50000000.0,50000000,45000000.0,55000000.0,1.187,1.1127892550838772,463475000.0,515750000.0,GB1,GB1,37.0,2698.0,3.0,1.0,0.1334321719792438,0.1000741289844329,72.91891891891892,70.0,4593.0,7.0,0.0,0.1371652514696276,110.0,0.6363636363636364,0.2355486301266244,0.2355486301266244,0.5664739884393063,0.5823224333586294,0.8228131074502385,767,True,,False,0.0829909505509145,32.38221632382216,40.74319840743198,47.19873567759779,54.02607664954563,14.164361912287635,,33.6,2026-08-28,1185748,,3,5478,81,6.974421321650237,5478.0,0.11693683826213948,0.09889375684556408,0.050595107703541434,37.976049653158086,35.0,5.0,0.556736035049288,2.844943410003651,1.177035414384812,2.1142387732749177,7.842022635998541,5.009821102592187,,,,,1.4660825118656444
502821,Riccardo Calafiori,2024-07-29,Bologna,Arsenal,Defender,Left-Back,left,188.0,22.195756331279945,43700000.0,45000000.0,45000000,55000000.0,55000000.0,0.9711111111111111,4.782301590176404,276070000.0,1320250000.0,IT1,GB1,33.0,2468.0,2.0,5.0,0.2552674230145867,0.072933549432739,74.78787878787878,63.0,3676.0,4.0,5.0,0.2203482045701849,115.0,0.5478260869565217,0.0979603049171636,0.09624713860549,2.605825116923062,2.2894000565915644,1.5890784315802404,760,True,,False,0.0835974612298706,89.73589435774309,83.6734693877551,57.72026866851047,45.87317265902806,73.98261556696959,,68.5,2026-08-28,1105912,,3,2772,46,7.179899328859062,2772.0,0.09753623188405798,0.14709030100334447,0.04731326644370122,35.70891861761427,16.0,,0.8,1.9925306577480488,0.8,2.4537346711259755,5.619397993311037,3.580602006688963,,,,,1.436566332218506
585323,Filip Jørgensen,2024-07-30,Villarreal,Chelsea,Goalkeeper,Goalkeeper,right,192.0,22.288843258042437,24500000.0,20000000.0,20000000,15000000.0,20000000.0,1.225,3.117498051441933,384900000.0,1199925000.0,ES1,GB1,37.0,3330.0,0.0,0.0,0.0,0.0,90.0,22.0,1863.0,0.0,0.0,0.0,120.0,0.1833333333333333,0.0025652556704818,0.0039623389120549,0.0,0.0,0.0697719229727917,759,True,,False,0.0836845810261604,40.8955223880597,37.46268656716418,37.44567364677992,9.915053338601345,18.21414460687475,,21.5,2026-08-28,1200984,,2,918,11,,918.0,,,,,,,,,,,,,1.0,,,,
711544,Jake O'Brien,2024-07-30,Lyon,Everton,Defender,Right-Back,right,197.0,23.208761122518823,19500000.0,12000000.0,12000000,18000000.0,18000000.0,1.625,1.8581737997394008,249425000.0,463475000.0,FR1,GB1,27.0,2370.0,4.0,2.0,0.2278481012658227,0.1518987341772152,87.77777777777777,63.0,5176.0,3.0,2.0,0.0869397217928902,82.0,0.7682926829268293,0.0906137250941025,0.09624713860549,2.5144987807222576,0.90329669071254,1.5583216623522045,759,True,,False,0.0836845810261604,48.07923169267707,21.90876350540216,67.75385223231925,65.08692216515212,16.35717107862505,,42.4,2026-08-28,1098607,,2,4693,57,6.72,4693.0,0.05674621777114852,0.046656722778606434,0.026656722778606434,24.73850415512465,23.0,1.0,0.20000000000000004,1.5665672277860645,0.33313445557212873,4.434327722139356,6.833731088855742,3.199701683358193,,,,,0.6999999999999998
426192,Ben Brereton Díaz,2024-07-30,Villarreal,Southampton,Attack,Centre-Forward,right,185.0,25.284052019164957,8300000.0,8000000.0,8000000,5000000.0,8000000.0,1.0375,0.3936087295401403,384900000.0,151500000.0,ES1,GB1,20.0,569.0,0.0,0.0,0.0,0.0,28.45,12.0,547.0,0.0,0.0,0.0,49.0,0.2448979591836734,0.4599952362514491,0.4791127195207551,0.0,0.0,0.7920450204240101,670,False,0.0,False,0.0919360001704728,1.8018018018018016,5.341055341055341,34.05175819834058,6.120110628210194,4.188067957329119,,9.7,2026-05-31,820581,,2,1558,24,,1558.0,,,,,11.0,3.0,,,,,,,,,,,
410225,Ismaïla Sarr,2024-08-01,Marseille,Crystal Palace,Attack,Right Winger,right,185.0,26.431211498973305,15000000.0,18000000.0,18000000,40000000.0,40000000.0,0.8333333333333334,0.9323845921753998,497150000.0,463535000.0,FR1,GB1,35.0,2074.0,5.0,6.0,0.4773384763741562,0.2169720347155255,59.25714285714286,76.0,5646.0,24.0,10.0,0.5419766206163655,104.0,0.7307692307692307,0.4766053917119471,0.4791127195207551,1.001538137576614,1.131209000584438,1.0188794435490551,757,True,,False,0.0838591788087263,60.16731016731016,61.261261261261254,81.19913077834849,64.19992097984988,50.829711576452,,62.5,2026-08-28,771294,,2,4890,66,6.9988016359918195,4890.0,0.3144989775051125,0.40004907975460124,0.1443517382413088,14.999018404907979,63.0,20.0,0.5555010224948874,0.7,0.3,1.2555010224948875,3.979468302658487,3.52200408997955,,,,,0.5
663244,Jota Silva,2024-08-01,Vit. Guimarães,Nott'm Forest,Attack,Left Winger,right,179.0,25.00205338809035,7000000.0,12000000.0,12000000,10000000.0,15000000.0,0.5833333333333334,4.9664504585104,111775000.0,555125000.0,PO1,GB1,36.0,3026.0,12.0,6.0,0.5353602115003304,0.356906807666887,84.05555555555556,38.0,1147.0,4.0,3.0,0.5492589363557105,100.0,0.38,0.4331228916016845,0.4791127195207551,1.2360469092745785,1.146408588160884,1.071992410444738,757,True,,False,0.0838591788087263,61.45431145431145,58.17245817245818,51.218885815883056,27.639273014618727,62.26787830896878,,55.8,2026-08-28,1114798,,2,851,32,6.58,851.0,0.32,0.23,0.2,12.1,14.0,8.0,1.1,2.9,1.3,1.7,6.0,4.6,,,,,2.6
392765,Emile Smith Rowe,2024-08-02,Arsenal,Fulham,Midfield,Attacking Midfield,right,182.0,24.01368925393566,31800000.0,22000000.0,22000000,20000000.0,32000000.0,1.4454545454545455,0.2473395190304866,1320250000.0,326550000.0,GB1,GB1,19.0,475.0,0.0,2.0,0.3789473684210526,0.0,25.0,82.0,4586.0,11.0,3.0,0.2747492368076755,88.0,0.9318181818181818,0.2355486301266244,0.2355486301266244,1.60878612716763,1.166422562763273,1.2854717057964138,756,True,,False,0.0839466571221913,62.30922362309224,48.971466489714665,58.11339391544845,86.58632951402609,28.249703674436983,,52.7,2026-08-28,889534,,2,3989,71,6.787834043619954,3989.0,0.20200050137879166,0.20966658310353475,0.07066683379293055,39.51333667585861,42.0,3.0,0.7,1.4966658310353471,0.741664577588368,0.7483329155176736,4.678315367259966,3.3,,,,,0.6550012534469792
494880,Jorge Cuenca,2024-08-03,Villarreal,Fulham,Defender,Centre-Back,left,190.0,24.711841204654345,6700000.0,6000000.0,6000000,8000000.0,8000000.0,1.1166666666666667,0.8484021823850351,384900000.0,326550000.0,ES1,GB1,37.0,2655.0,3.0,1.0,0.135593220338983,0.1016949152542373,71.75675675675676,33.0,2143.0,0.0,0.0,0.0,88.0,0.375,0.0909966967446702,0.09624713860549,1.490089477857062,0.0,1.2133223791881391,755,True,,False,0.0840342552689437,6.602641056422569,3.481392557022809,62.463453180561054,24.458711971552745,4.7214539707625445,,22.6,2026-08-28,821728,,3,1378,24,6.06,1378.0,,,0.029999999999999995,77.0,5.0,2.0,,1.0,1.0,5.0,10.0,3.0,,,,,
75489,Niclas Füllkrug,2024-08-05,Dortmund,West Ham,Attack,Centre-Forward,right,189.0,31.485284052019164,27000000.0,15000000.0,15000000,3500000.0,15000000.0,1.8,0.8894009216589862,537075000.0,477675000.0,L1,GB1,43.0,3335.0,15.0,10.0,0.6746626686656672,0.4047976011994003,77.55813953488372,29.0,1290.0,3.0,2.0,0.3488372093023256,83.0,0.3493975903614458,0.543236014295955,0.4791127195207551,1.2419328816776696,0.7280900612516801,1.0733255011224587,753,True,,False,0.0842098117191562,26.383526383526384,23.294723294723298,23.27736072698538,20.967996839193994,5.452390359541683,,19.5,2026-08-28,276791,,2,1196,26,,1196.0,,,,,21.0,2.0,,,,,,,,,,,
342385,Guido Rodríguez,2024-08-06,Real Betis,West Ham,Midfield,Defensive Midfield,right,185.0,30.31895961670089,0.0,20000000.0,20000000,6000000.0,15000000.0,0.0,1.783867052562786,267775000.0,477675000.0,ES1,GB1,29.0,2241.0,2.0,1.0,0.1204819277108433,0.0803212851405622,77.27586206896552,32.0,1457.0,0.0,1.0,0.061770761839396,65.0,0.4923076923076923,0.2020189003735634,0.2355486301266244,0.5963893847954529,0.2622420763227949,0.8360918699560569,538,False,0.0,False,0.1061831763916918,12.67418712674187,16.721964167219642,8.642828921374951,30.442512840774395,45.14026076649545,,24.6,2026-01-26,586768,,2,1332,29,,1332.0,,0.02,0.01,37.2,4.0,,0.2,2.8,1.0,2.3,6.9,4.1,,,,,1.4
609556,William Osula,2024-08-08,Sheff Utd,Newcastle,Attack,Centre-Forward,right,191.0,21.01300479123888,11600000.0,3000000.0,3000000,28000000.0,28000000.0,3.8666666666666663,13.55144618302513,52725000.0,714500000.0,GB1,GB1,24.0,946.0,3.0,0.0,0.2854122621564482,0.2854122621564482,39.416666666666664,51.0,1536.0,11.0,3.0,0.8203125,100.0,0.51,0.4791127195207551,0.4791127195207551,0.595710050115011,1.7121492846621538,0.9269650404390176,750,True,,False,0.0844740492553242,90.28314028314028,94.20849420849422,98.06598182536548,39.84986171473726,41.84116949822205,,75.4,2026-08-28,1258092,,3,991,39,7.06,991.0,0.78,0.48,0.07,7.2,9.0,1.0,0.9,0.7,0.1,,3.4,2.6,,,,,2.7
258889,Dominic Solanke,2024-08-10,Bournemouth,Tottenham,Attack,Centre-Forward,right,186.0,26.90485968514716,64300000.0,40000000.0,40000000,28000000.0,45000000.0,1.6075,1.3596281540504649,564750000.0,767850000.0,GB1,GB1,42.0,3553.0,21.0,4.0,0.6332676611314383,0.5319448353504082,84.5952380952381,61.0,4219.0,20.0,7.0,0.5759658686892629,107.0,0.5700934579439252,0.4791127195207551,0.4791127195207551,1.3217508851881048,1.2021510705568152,1.0914031659681445,748,True,,False,0.0846508114456635,66.02316602316603,61.132561132561136,42.60766495456342,46.894508099565385,28.605294350059264,,49.5,2026-08-28,591734,,3,3228,43,6.641211849192101,3228.0,0.37,0.45,0.05,10.3,20.0,7.0,0.7,0.7,0.0,0.9,2.1,1.6,,,,,1.5
487465,Pedro Neto,2024-08-11,Wolves,Chelsea,Attack,Right Winger,left,174.0,24.424366872005475,60000000.0,55000000.0,55000000,60000000.0,60000000.0,1.0909090909090908,4.226204103196267,283925000.0,1199925000.0,GB1,GB1,24.0,1729.0,3.0,11.0,0.728744939271255,0.1561596298438403,72.04166666666667,95.0,6728.0,17.0,16.0,0.4414387633769323,120.0,0.7916666666666666,0.4791127195207551,0.4791127195207551,1.5210302494164651,0.9213672386291326,1.136537163296337,747,True,,False,0.0847393741872289,42.857142857142854,33.07593307593308,51.02726195179771,74.21770051363097,23.152903990517583,,41.1,2026-08-28,843040,,3,4925,70,7.011914720812182,4925.0,0.16538179596823457,0.15076359193646918,0.21152718387293828,26.77635919364691,100.0,23.0,1.4614538790470375,0.7385461209529627,0.29236408063530855,0.30763591936469153,2.9530849114233355,3.0385461209529625,,,,,0.6385461209529627
326031,Matthijs de Ligt,2024-08-13,Bayern Munich,Man Utd,Defender,Centre-Back,right,189.0,25.00479123887748,45000000.0,65000000.0,65000000,30000000.0,55000000.0,0.6923076923076923,0.7519335787887025,1011725000.0,760750000.0,L1,GB1,29.0,1879.0,2.0,1.0,0.1436934539648749,0.0957956359765832,64.79310344827586,54.0,4247.0,3.0,0.0,0.063574287732517,96.0,0.5625,0.1242136398981505,0.09624713860549,1.15682508042351,0.6605317171360641,1.101086012437954,745,True,,False,0.0849168637929649,34.45378151260504,31.392557022809125,19.2947451600158,44.14855788225998,30.5807981035164,,30.6,2026-08-28,769895,,2,3298,42,6.8,3298.0,0.08,0.1,0.01,52.4,9.0,2.0,0.1,1.3,1.4,3.8,7.4,2.9,,,,,0.7
477758,Aaron Wan-Bissaka,2024-08-13,Man Utd,West Ham,Defender,Right-Back,right,183.0,26.713210130047912,17600000.0,20000000.0,20000000,15000000.0,24000000.0,0.88,0.6279000985869208,760750000.0,477675000.0,GB1,GB1,30.0,2411.0,0.0,3.0,0.111986727498963,0.0,80.36666666666666,65.0,5539.0,2.0,8.0,0.1624842029247156,83.0,0.7831325301204819,0.09624713860549,0.09624713860549,1.1635330579331664,1.6881977509038115,1.1033451167098884,745,True,,False,0.0849168637929649,79.29171668667468,80.01200480192077,46.85104701698933,67.53259581193204,66.31766100355591,,64.7,2026-08-28,760320,,2,5238,61,7.076983581519664,5238.0,0.05999999999999999,0.029999999999999995,0.06408552882779688,31.083734249713633,51.0,9.0,1.3623520427644138,1.761282932416953,1.8204276441389842,3.5580756013745707,7.439786177930509,4.283848797250859,,,,,0.8193585337915233
340456,Noussair Mazraoui,2024-08-13,Bayern Munich,Man Utd,Defender,Right-Back,right,183.0,26.746064339493497,15000000.0,30000000.0,30000000,18000000.0,32000000.0,0.5,0.7519335787887025,1011725000.0,760750000.0,L1,GB1,28.0,1937.0,0.0,4.0,0.1858544140423335,0.0,69.17857142857143,74.0,5330.0,0.0,3.0,0.0506566604127579,96.0,0.7708333333333334,0.1242136398981505,0.09624713860549,1.49624803036708,0.526318612134496,1.215396448796197,745,True,,False,0.0849168637929649,26.89075630252101,20.34813925570228,38.02252074278941,68.1469774792572,30.34373765310154,,37.1,2026-08-28,775539,,3,3912,58,6.986448087431694,3912.0,,0.02,0.0522964509394572,43.251356993736955,28.0,2.0,0.7743215031315239,3.3432150313152404,1.1513569937369519,3.190605427974948,7.959498956158663,4.571607515657621,,,,,1.174321503131524
700106,Brajan Gruda,2024-08-14,Mainz,Brighton,Midfield,Attacking Midfield,left,178.0,20.205338809034902,31500000.0,20000000.0,20000000,28000000.0,28000000.0,1.575,3.4999239543726235,164375000.0,575300000.0,L1,GB1,29.0,1740.0,4.0,3.0,0.3620689655172414,0.2068965517241379,60.0,44.0,1700.0,4.0,8.0,0.6352941176470589,86.0,0.5116279069767442,0.2678347608424593,0.2355486301266244,1.3518370967919684,2.6970826249574977,1.1714178884964903,685,False,0.0,False,0.0904739371954904,96.15129396151292,97.08029197080292,64.6681153694192,37.67088107467404,58.96878704069538,,71.2,2026-06-30,1430151,,2,1396,39,,1396.0,0.13,0.16,0.26,21.9,39.0,5.0,1.7000000000000002,2.1,0.3,0.7,3.0,3.4000000000000004,,,,,0.8999999999999999
743498,Wilson Odobert,2024-08-16,Burnley,Tottenham,Attack,Left Winger,right,182.0,19.71526351813826,29300000.0,10000000.0,10000000,18000000.0,22000000.0,2.93,2.9408272692455,261100000.0,767850000.0,GB1,GB1,33.0,2285.0,4.0,3.0,0.2757111597374179,0.1575492341356674,69.24242424242425,53.0,2599.0,5.0,5.0,0.3462870334744132,107.0,0.4953271028037383,0.4791127195207551,0.4791127195207551,0.5754619915188333,0.7227673559174046,0.9223791374975884,742,True,,False,0.0851840110043511,25.804375804375805,34.62033462033462,79.14855788225998,39.46266297905966,3.45713156854998,,33.3,2026-08-28,1341387,,2,1829,40,6.56,1829.0,,0.17,0.11,25.3,26.0,3.0,2.2,0.9,0.1,1.2,7.2,5.0,,,,,0.2
711337,Evanilson,2024-08-16,Porto,Bournemouth,Attack,Centre-Forward,both,183.0,24.862422997946613,37000000.0,35000000.0,35000000,35000000.0,40000000.0,1.0571428571428572,1.2970086696905323,435425000.0,564750000.0,PO1,GB1,37.0,2644.0,17.0,6.0,0.7829046898638427,0.5786686838124054,71.45945945945945,72.0,5399.0,18.0,9.0,0.4500833487682904,83.0,0.8674698795180723,0.4331228916016845,0.4791127195207551,1.8075809546077517,0.939410143856122,1.2014369024769311,742,True,,False,0.0851840110043511,44.14414414414414,29.472329472329474,50.89885420782299,78.87001185302252,24.930857368629,,41.8,2026-08-28,1098096,,3,5169,68,6.881007931901721,5169.0,0.2870926580290538,0.4095897133882999,0.05916764821358462,10.591558696505691,58.0,6.0,0.4083235178641539,0.49167648213584614,0.16248527679623084,0.854161758932077,3.0706910090302317,2.6,,,,,1.0750294464075385
406638,Oliver Skipp,2024-08-19,Tottenham,Leicester,Midfield,Defensive Midfield,right,175.0,23.923340177960306,23500000.0,15000000.0,15000000,7000000.0,18000000.0,1.5666666666666669,0.1821644852510256,767850000.0,139875000.0,GB1,GB1,23.0,786.0,0.0,0.0,0.0,0.0,34.17391304347826,26.0,1215.0,0.0,0.0,0.0,43.0,0.6046511627906976,0.2355486301266244,0.2355486301266244,0.0,0.0,0.5713682170447084,739,True,,False,0.0854522575854292,3.64963503649635,17.45189117451891,38.660608455156066,34.17226392730146,1.1853022520742789,,15.4,2026-08-28,873014,,1,1120,24,6.25,1120.0,,0.030000000000000002,0.030000000000000002,33.6,9.0,,0.6,1.7,0.9,0.8,3.9,3.7,,,,,1.7
333014,Sander Berge,2024-08-22,Burnley,Fulham,Midfield,Defensive Midfield,right,195.0,26.518822724161534,23550000.0,20000000.0,20000000,25000000.0,25000000.0,1.1775,1.250670241286863,261100000.0,326550000.0,GB1,GB1,39.0,3128.0,2.0,2.0,0.1150895140664961,0.057544757033248,80.2051282051282,74.0,5521.0,0.0,1.0,0.0163013946748777,87.0,0.8505747126436781,0.2355486301266244,0.2355486301266244,0.4886019248111409,0.0692060686836283,0.7882474735389924,736,True,,False,0.0857216080603481,7.365627073656271,10.550763105507633,59.128802844725406,77.54642433820624,4.267088107467404,,26.1,2026-08-28,540963,,3,5211,67,6.771930531567837,5211.0,,0.0326625145971195,0.041331257298559756,46.30959517321915,41.0,3.0,0.3433437135072012,1.8866874270144023,0.8000000000000002,1.5,6.96625145971195,4.5334371350720115,,,,,1.1866874270144026
108354,Jordan Ayew,2024-08-23,Crystal Palace,Leicester,Attack,Centre-Forward,right,182.0,32.95003422313484,5900000.0,4000000.0,4000000,1800000.0,3500000.0,1.475,0.3017571488668601,463535000.0,139875000.0,GB1,GB1,36.0,2516.0,4.0,7.0,0.3934817170111288,0.1430842607313195,69.88888888888889,36.0,1943.0,6.0,1.0,0.3242408646423057,43.0,0.8372093023255814,0.4791127195207551,0.4791127195207551,0.8212716986614736,0.6767527795267803,0.9780516086958926,735,True,,False,0.0858116376463618,22.586872586872587,26.254826254826252,20.57882259976294,63.745555116554726,5.985776372975109,,22.6,2026-08-28,154280,,1,1664,31,6.54,1664.0,0.27,0.2,0.08,21.0,17.0,2.0,1.4,1.5,0.6,1.0,3.2,5.1,,,,,1.6999999999999997
53622,İlkay Gündoğan,2024-08-23,Barcelona,Man City,Midfield,Central Midfield,right,180.0,33.831622176591374,0.0,15000000.0,15000000,4000000.0,12000000.0,0.0,1.1742176260867752,1199075000.0,1407975000.0,ES1,GB1,49.0,4011.0,5.0,13.0,0.4038893044128646,0.1121914734480179,81.85714285714286,53.0,3314.0,5.0,8.0,0.3530476765238383,60.0,0.8833333333333333,0.2020189003735634,0.2355486301266244,1.999264938409289,1.4988313722480562,1.4587963489434843,375,False,0.0,False,0.1277280319413585,74.91705374917053,60.11944260119443,10.622283682338995,75.28842354800474,92.55235084946662,,66.0,2025-09-02,178818,,1,2227,33,7.24,2227.0,0.04,0.13,0.18,61.0,44.0,4.0,0.7,1.0,0.5,0.9,2.4,4.7,,,,,0.6
260827,Joachim Andersen,2024-08-23,Crystal Palace,Fulham,Defender,Centre-Back,right,192.0,28.229979466119097,29500000.0,35000000.0,35000000,20000000.0,32000000.0,0.8428571428571429,0.7044775475422568,463535000.0,326550000.0,GB1,GB1,39.0,3507.0,2.0,3.0,0.1283147989734816,0.0513259195893926,89.92307692307692,68.0,6007.0,1.0,2.0,0.0449475611786249,87.0,0.7816091954022989,0.09624713860549,0.09624713860549,1.3331804023747096,0.4670015319921531,1.1604787370892824,735,True,,False,0.0858116376463618,23.589435774309724,20.108043217286912,26.467799288818647,68.0185697352825,18.49071513235875,,29.5,2026-08-28,503659,,2,5540,63,6.940000000000001,5540.0,,0.045193140794223825,0.04077256317689531,59.52146209386282,11.0,4.0,0.15193140794223828,1.1596570397111914,1.1,6.863519855595668,9.963519855595669,3.984548736462094,,,,,0.8557942238267149
369316,Ferdi Kadıoğlu,2024-08-24,Fenerbahçe,Brighton,Defender,Left-Back,right,174.0,24.88158795345654,30000000.0,30000000.0,30000000,35000000.0,35000000.0,1.0,2.7388065030587225,210055000.0,575300000.0,TR1,GB1,40.0,3447.0,2.0,4.0,0.1566579634464752,0.052219321148825,86.175,48.0,3902.0,2.0,0.0,0.0461301896463352,84.0,0.5714285714285714,0.102612398706026,0.09624713860549,1.5266962416041372,0.4792889462970893,1.2256507592764243,734,True,,False,0.0859017905605563,24.219687875150058,15.426170468187276,54.72738048202291,42.97510865270644,14.203871987356775,,30.6,2026-08-28,774448,,2,3522,43,6.93,3522.0,0.03,0.06,0.1,33.6,26.0,2.0,0.3,1.6,0.7,2.3,4.9,3.7,,,,,0.6
401320,Dara O'Shea,2024-08-25,Burnley,Ipswich,Defender,Centre-Back,right,189.0,25.478439425051334,14200000.0,7000000.0,7000000,16000000.0,16000000.0,2.0285714285714285,0.532746074301034,261100000.0,139100000.0,GB1,GB1,36.0,3165.0,4.0,4.0,0.2274881516587677,0.1137440758293838,87.91666666666667,38.0,3332.0,0.0,2.0,0.0540216086434573,43.0,0.8837209302325582,0.09624713860549,0.09624713860549,2.3635835304281105,0.5612801525964113,1.5074966132000909,733,True,,False,0.0859920669718742,28.631452581032413,9.183673469387756,81.86685104701698,70.10272619517977,5.373370209403397,,38.9,2026-08-28,789578,,2,3213,36,6.601176470588235,3213.0,,0.04,0.02392156862745098,34.01148459383754,5.0,1.0,0.0,1.4168067226890755,1.0280112044817926,6.459663865546218,10.321288515406163,3.2784313725490195,,,,,0.6
406634,Matt O'Riley,2024-08-26,Celtic,Brighton,Midfield,Central Midfield,left,189.0,23.761806981519506,29500000.0,20000000.0,20000000,18000000.0,22000000.0,1.475,3.561457269322438,161535000.0,575300000.0,SC1,GB1,42.0,3698.0,12.0,16.0,0.6814494321254733,0.2920497566252028,88.04761904761905,29.0,1151.0,3.0,3.0,0.4691572545612511,84.0,0.3452380952380952,0.2378455407254501,0.2355486301266244,2.8650923201965095,1.9917638846341208,1.8431173867432995,732,True,,False,0.0860824670494897,86.92767086927671,67.08692767086927,47.19873567759779,20.766495456341367,52.03476886606085,,57.5,2026-08-28,866686,,2,1140,27,,1140.0,0.19,0.27,0.19,28.7,25.0,4.0,0.8,1.5,1.2,0.9,3.9,2.8,,,,,1.5
502676,Giorgi Mamardashvili,2024-08-27,Valencia,Liverpool,Goalkeeper,Goalkeeper,left,197.0,23.90965092402464,30000000.0,45000000.0,45000000,28000000.0,40000000.0,0.6666666666666666,7.468945240720323,136050000.0,1016150000.0,ES1,GB1,36.0,3195.0,0.0,0.0,0.0,0.0,88.75,20.0,1712.0,0.0,0.0,0.0,105.0,0.1904761904761904,0.0025652556704818,0.0039623389120549,0.0,0.0,0.0697719229727917,731,True,,False,0.0861729909628086,40.8955223880597,37.46268656716418,26.31568549980245,9.032003160806006,37.307388384037935,,25.4,2026-08-28,948800,,1,868,10,,868.0,,,,,,,,,,,,,2.0,,,,
338424,Mikel Merino,2024-08-27,Real Sociedad,Arsenal,Midfield,Central Midfield,left,188.0,28.18069815195072,32000000.0,50000000.0,50000000,25000000.0,45000000.0,0.64,4.70216365417149,280775000.0,1320250000.0,ES1,GB1,44.0,3511.0,8.0,5.0,0.3332383936200513,0.2050697806892623,79.79545454545455,75.0,4376.0,15.0,8.0,0.473034734917733,113.0,0.6637168141592921,0.2020189003735634,0.2355486301266244,1.649540676658685,2.0082253701218415,1.3035617212948094,731,True,,False,0.0861729909628086,87.32581287325813,85.66688785666888,23.79296720663769,57.54247333069933,81.90438561833268,,69.2,2026-08-28,574645,,3,2622,51,6.982025171624714,2622.0,0.38031058282208596,0.32424846625766873,0.09362730061349693,25.08496932515337,29.0,7.0,0.46062116564417177,2.4818634969325157,0.9000000000000001,1.4575153374233127,7.029562883435582,4.9393788343558285,,,,,2.142484662576687
607224,Hannibal,2024-08-28,Man Utd,Burnley,Midfield,Attacking Midfield,right,177.0,21.60164271047228,6400000.0,9000000.0,9000000,15000000.0,16000000.0,0.7111111111111111,0.34321393361814,760750000.0,261100000.0,GB1,GB1,10.0,329.0,1.0,0.0,0.2735562310030395,0.2735562310030395,32.9,30.0,1369.0,1.0,4.0,0.3287070854638422,45.0,0.6666666666666666,0.2355486301266244,0.2355486301266244,1.161357766572377,1.39549563623927,1.086868455885225,730,True,,False,0.0862636388814688,70.86927670869277,72.99270072992701,73.98064006321613,41.85894903200316,66.19913077834848,,66.5,2026-08-28,1113785,,1,1231,27,6.64,1231.0,0.07,0.07,0.15,28.8,21.0,5.0,1.5,2.1,0.6,0.5,8.2,4.8,,,,,1.8
654982,Bilal El Khannouss,2024-08-29,Genk,Leicester,Midfield,Attacking Midfield,right,180.0,20.303901437371664,22500000.0,30000000.0,30000000,35000000.0,35000000.0,0.75,0.8452938510348995,165475000.0,139875000.0,BE1,GB1,25.0,2070.0,3.0,7.0,0.4347826086956521,0.1304347826086956,82.8,35.0,2354.0,2.0,5.0,0.2676295666949873,41.0,0.8536585365853658,0.2515480818773713,0.2355486301266244,1.728427445960836,1.1361966594801127,1.3385777599240058,671,False,15000000.0,True,0.0918375925248581,61.38022561380225,43.53019243530192,54.72738048202291,65.35163966811537,56.47965231133939,28.65853658536585,54.4,2026-07-01,1340895,,1,2193,32,6.73,2193.0,0.08,0.05,0.13,31.5,42.0,8.0,1.4,2.1,0.2,0.4,2.8,3.8,,,,,1.2
341092,Federico Chiesa,2024-08-29,Juventus,Liverpool,Attack,Right Winger,right,175.0,26.844626967830255,12000000.0,35000000.0,35000000,13000000.0,30000000.0,0.3428571428571428,1.79441447327759,566285000.0,1016150000.0,IT1,GB1,35.0,2362.0,9.0,3.0,0.4572396274343776,0.3429297205757832,67.48571428571428,47.0,1072.0,4.0,4.0,0.6716417910447761,105.0,0.4476190476190476,0.4985622392500374,0.4791127195207551,0.9171164429183016,1.4018450433054732,0.999759106850352,729,True,,False,0.0863544109753407,78.5070785070785,81.08108108108108,17.360726985381273,34.674041880679574,82.97115764519953,,63.8,2026-08-28,784510,,2,422,32,,422.0,0.57,0.42,0.17,22.9,5.0,2.0,0.6,2.3,1.1,2.0,8.5,2.5,,,,,3.1
340324,Eddie Nketiah,2024-08-30,Arsenal,Crystal Palace,Attack,Centre-Forward,right,175.0,25.253935660506503,29700000.0,30000000.0,30000000,10000000.0,25000000.0,0.99,0.351096383260746,1320250000.0,463535000.0,GB1,GB1,33.0,1187.0,4.0,3.0,0.5307497893850043,0.3032855939342881,35.96969696969697,48.0,1739.0,7.0,3.0,0.5175388154111559,101.0,0.4752475247524752,0.4791127195207551,0.4791127195207551,1.1077764537662462,1.0802026210634472,1.0429409408226005,728,True,,False,0.0864453074145271,55.5984555984556,55.27670527670527,14.78664559462663,36.58632951402608,40.181746345318054,,41.9,2026-08-28,860920,,3,1565,43,6.451070496083551,1565.0,0.26,0.5139164490861619,0.11639686684073108,15.182506527415145,23.0,5.0,0.9678851174934725,1.3963446475195824,0.3428198433420365,0.8785900783289817,2.938903394255875,2.3642297650130546,,,,,2.4859007832898175
110864,Sam Johnstone,2024-08-30,Crystal Palace,Wolves,Goalkeeper,Goalkeeper,right,193.0,31.433264887063658,11900000.0,10000000.0,10000000,2000000.0,8000000.0,1.19,0.6125211688437766,463535000.0,283925000.0,GB1,GB1,19.0,1688.0,0.0,0.0,0.0,0.0,88.84210526315789,27.0,2460.0,0.0,1.0,0.0365853658536585,83.0,0.3253012048192771,0.0039623389120549,0.0039623389120549,0.0,0.7317073170731706,0.0697719229727917,728,True,,False,0.0864453074145271,98.80597014925372,98.80597014925372,8.998419596997234,18.482813117344925,70.09087317265903,,35.8,2026-08-28,280287,,2,1710,19,,1710.0,,,,,1.0,,,,,,,,,,,,
434224,Maxence Lacroix,2024-08-30,Wolfsburg,Crystal Palace,Defender,Centre-Back,right,190.0,24.399726214921287,18000000.0,20000000.0,20000000,50000000.0,50000000.0,0.9,2.4864422690089847,186425000.0,463535000.0,L1,GB1,29.0,2440.0,4.0,1.0,0.1844262295081967,0.1475409836065573,84.13793103448276,81.0,7196.0,2.0,3.0,0.0625347415230683,101.0,0.801980198019802,0.1242136398981505,0.09624713860549,1.4847502227566771,0.6497309159433167,1.2115242315365016,728,True,,False,0.0864453074145271,33.97358943577431,25.510204081632654,84.08731726590281,73.22402212564204,23.864085341762152,,48.6,2026-08-28,950485,,3,6295,71,7.02543606036537,6295.0,0.029999999999999995,0.08507493956486706,0.032430500397140585,38.749928514694204,16.0,8.0,0.2,1.8957744241461476,1.4586020651310567,6.559380460683082,10.469944400317713,3.2348371723590157,,,,,1.0
476701,Manuel Ugarte,2024-08-30,PSG,Man Utd,Midfield,Defensive Midfield,right,182.0,23.38672142368241,50000000.0,45000000.0,45000000,25000000.0,50000000.0,1.1111111111111112,0.5406701965104296,1407050000.0,760750000.0,FR1,GB1,30.0,2055.0,0.0,3.0,0.1313868613138686,0.0,68.5,66.0,3676.0,2.0,6.0,0.1958650707290533,94.0,0.7021276595744681,0.2109459846919036,0.2355486301266244,0.6228459930430303,0.8315271059897978,0.8478353552653155,728,True,,False,0.0864453074145271,46.18447246184472,56.00530856005309,37.83879889371789,59.11694982220466,24.812327143421573,,40.9,2026-08-28,1035614,,2,2670,51,6.820000000000001,2670.0,0.05,0.05659925093632959,0.026700374531835203,41.187865168539325,13.0,3.0,0.8340074906367042,4.163970037453184,1.5979775280898878,1.1959550561797752,8.93868913857678,5.803033707865168,,,,,2.2319850187265917
673492,Morato,2024-08-30,Benfica,Nott'm Forest,Defender,Centre-Back,left,192.0,23.16769336071184,11000000.0,15000000.0,15000000,14000000.0,15000000.0,0.7333333333333333,1.7161295308756472,323475000.0,555125000.0,PO1,GB1,30.0,2316.0,0.0,1.0,0.038860103626943,0.0,77.2,66.0,3764.0,1.0,0.0,0.0239107332624867,97.0,0.6804123711340206,0.1007013875396326,0.09624713860549,0.3858944208852036,0.2484305882639801,0.8414529495928429,728,True,,False,0.0864453074145271,15.186074429771908,24.069627851140456,42.016989332279735,57.060450414855794,16.752271829316477,,30.0,2026-08-28,1053838,,2,2235,47,6.44,2235.0,0.07,0.06203131991051453,0.006004474272930649,35.50872483221477,2.0,,0.2600447427293065,2.079910514541387,0.8198657718120805,6.519194630872482,10.279239373601788,3.6,,,,,1.1
541628,Oliver Sonne,2025-01-01,Silkeborg IF,Burnley,Defender,Right-Back,right,184.0,24.142368240930868,3000000.0,3000000.0,3000000,4000000.0,4000000.0,1.0,7.852631578947369,33250000.0,261100000.0,DK1,GB1,28.0,2369.0,5.0,4.0,0.3419164204305614,0.1899535669058674,84.60714285714286,13.0,702.0,2.0,0.0,0.2564102564102564,45.0,0.2888888888888888,0.1222037848290876,0.09624713860549,2.797920055493866,2.6640818638906594,1.65377192462156,604,True,,False,0.0987380022073498,93.75750300120048,89.015606242497,62.463453180561054,8.757408139075464,75.10865270644014,,65.0,2026-08-28,1060617,,1,165,7,,165.0,,,,,1.0,,,,,,,,,,,,
725912,Antonín Kinský,2025-01-05,Slavia Praha,Tottenham,Goalkeeper,Goalkeeper,right,190.0,21.81793292265571,16500000.0,12000000.0,12000000,15000000.0,15000000.0,1.375,6.669706840390879,115125000.0,767850000.0,TS1,GB1,10.0,900.0,0.0,0.0,0.0,0.0,90.0,18.0,1577.0,0.0,0.0,0.0,81.0,0.2222222222222222,0.0030945816688234,0.0039623389120549,0.0,0.0,0.0697719229727917,600,True,,False,0.0991703305803484,40.8955223880597,37.46268656716418,59.128802844725406,8.998419596997234,15.05333860134334,,26.6,2026-08-28,1341475,,3,1260,14,6.880000000000001,1260.0,,,0.0,31.0,1.0,1.0,,,,4.0,4.0,12.0,3.0,5.0,62.5,3.0,
683895,Emmanuel Agbadou,2025-01-09,Stade Reims,Wolves,Defender,Centre-Back,right,185.0,27.564681724845997,20000000.0,10000000.0,10000000,18000000.0,20000000.0,2.0,4.963723776223776,57200000.0,283925000.0,FR1,GB1,31.0,2717.0,1.0,1.0,0.0662495399337504,0.0331247699668752,87.64516129032258,35.0,2875.0,1.0,2.0,0.0939130434782608,49.0,0.7142857142857143,0.0906137250941025,0.09624713860549,0.7311203668644033,0.9757489400615178,0.9577177116946112,393,False,18000000.0,True,0.1251059796596973,52.460984393757506,58.04321728691476,77.30541288028448,49.62267878308969,15.962070327933622,39.08857509627728,44.7,2026-02-06,1114979,,2,2512,30,,2512.0,,,,,8.0,,,,,,,,,,,,
326029,Donyell Malen,2025-01-14,Dortmund,Aston Villa,Attack,Centre-Forward,right,178.0,25.987679671457904,25000000.0,28000000.0,28000000,45000000.0,45000000.0,0.8928571428571429,0.9602941861006375,537075000.0,515750000.0,L1,GB1,35.0,1858.0,14.0,3.0,0.8234660925726588,0.6781485468245425,53.08571428571429,46.0,1498.0,10.0,2.0,0.7209612817089454,83.0,0.5542168674698795,0.543236014295955,0.4791127195207551,1.515853277216695,1.5047842654440595,1.1353646512786613,533,False,25000000.0,True,0.1067750914931486,83.65508365508364,79.34362934362935,70.84946661398658,41.16949822204662,69.0833662583959,43.38896020539153,69.6,2026-07-01,660301,,2,943,35,,943.0,0.56,0.57,0.05,10.2,10.0,,1.1,0.6,,0.3,2.2,1.4,,,,,0.3
763079,Abdukodir Khusanov,2025-01-20,Lens,Man City,Defender,Centre-Back,right,186.0,20.892539356605067,40000000.0,12000000.0,12000000,50000000.0,50000000.0,3.3333333333333335,5.531231585150265,254550000.0,1407975000.0,FR1,GB1,23.0,1650.0,0.0,0.0,0.0,0.0,71.73913043478261,46.0,3472.0,1.0,0.0,0.0259216589861751,88.0,0.5227272727272727,0.0906137250941025,0.09624713860549,0.0,0.269323944189407,0.7114919094011505,585,True,,False,0.1008128102496417,15.846338535414164,31.33253301320528,92.84670090873172,39.059660213354405,1.343342552350849,,34.9,2026-08-28,1362998,,3,2112,29,7.181225124378109,2112.0,,0.04,0.03777363184079602,64.74881840796019,8.0,,0.4111318407960199,1.8447139303482585,1.9775497512437812,3.166044776119403,7.577176616915423,4.67773631840796,,,,,0.9000000000000001
445939,Omar Marmoush,2025-01-23,Frankfurt,Man City,Attack,Centre-Forward,right,183.0,25.960301163586585,75000000.0,60000000.0,60000000,50000000.0,75000000.0,1.25,3.3251266428141273,423435000.0,1407975000.0,L1,GB1,40.0,3290.0,25.0,17.0,1.1489361702127658,0.6838905775075989,82.25,60.0,3046.0,16.0,6.0,0.650032829940906,87.0,0.6896551724137931,0.543236014295955,0.4791127195207551,2.1149852733932057,1.3567430031728611,1.2710596943623893,582,True,,False,0.1011453727864168,75.93307593307593,59.2020592020592,51.218885815883056,56.10825760568945,47.076254444883446,,59.4,2026-08-28,839204,,2,1881,37,,1881.0,0.39,0.35,0.1,18.2,27.0,11.0,1.3,1.7,0.3,0.3,5.0,2.6,,,,,1.3
494237,Wilson Isidor,2025-02-01,Zenit S-Pb,Sunderland,Attack,Centre-Forward,right,184.0,24.432580424366872,6000000.0,4000000.0,4000000,18000000.0,18000000.0,1.5,2.199514366653177,185325000.0,407625000.0,RU1,GB1,12.0,258.0,2.0,0.0,0.6976744186046512,0.6976744186046512,21.5,36.0,1338.0,6.0,0.0,0.4035874439461883,42.0,0.8571428571428571,0.4613830912763297,0.4791127195207551,1.5121369460564016,0.8423642861118091,1.1345229540898487,573,True,,False,0.1021512943568549,36.35778635778636,27.413127413127413,93.755432635322,66.19913077834848,11.378901619913078,,42.9,2026-08-28,887703,,2,1181,33,6.297341236240474,1181.0,0.47,0.37,0.030000000000000002,6.3,,,0.5,0.9,0.1,1.2,4.0,1.8,,,,,1.1
926952,Patrick Dorgu,2025-02-02,Lecce,Man Utd,Attack,Left Winger,left,185.0,20.27104722792608,30000000.0,20000000.0,20000000,35000000.0,35000000.0,1.5,5.186460321788928,146680000.0,760750000.0,IT1,GB1,36.0,2837.0,4.0,1.0,0.1586182587240042,0.1268946069792033,78.80555555555556,48.0,3102.0,4.0,5.0,0.2611218568665377,63.0,0.7619047619047619,0.4985622392500374,0.4791127195207551,0.3181513685485003,0.5450113224456483,0.8641018692283544,572,True,,False,0.1022638303589359,14.8005148005148,25.096525096525095,74.22362702489134,59.67601738443303,3.4966416436191228,,29.6,2026-08-28,1526560,,3,2332,39,7.118322147651007,2332.0,0.25,0.15,0.12000000000000001,23.9,39.0,7.0,0.7,3.0,0.9,2.0,6.1,4.8,,,,,1.4
414908,Marshall Munetsi,2025-02-03,Stade Reims,Wolves,Midfield,Central Midfield,right,188.0,28.618754277891856,18000000.0,10000000.0,10000000,15000000.0,15000000.0,1.8,4.963723776223776,57200000.0,283925000.0,FR1,GB1,33.0,2918.0,6.0,2.0,0.2467443454420836,0.1850582590815627,88.42424242424242,31.0,2151.0,4.0,2.0,0.2510460251046025,60.0,0.5166666666666667,0.2109459846919036,0.2355486301266244,1.1697039211363287,1.0657927620706056,1.0905731236413252,571,True,,False,0.1023765205198996,58.12873258128732,55.40809555408096,67.75385223231925,31.390754642433823,21.374950612406163,,45.0,2026-08-28,786580,,2,1952,27,,1952.0,,,,,12.0,4.0,,,,,,,,,,,
955357,Junior Kroupi,2025-02-03,FC Lorient,Bournemouth,Attack,Centre-Forward,right,179.0,18.61738535249829,13000000.0,10000000.0,10000000,70000000.0,70000000.0,1.3,3.3878224355128976,166700000.0,564750000.0,FR1,GB1,12.0,206.0,1.0,0.0,0.4368932038834951,0.4368932038834951,17.166666666666668,35.0,1839.0,13.0,0.0,0.636215334420881,57.0,0.6140350877192983,0.4766053917119471,0.4791127195207551,0.9166770067669452,1.3279032438489042,0.9996595806893868,571,True,,False,0.1023765205198996,73.93822393822393,76.8983268983269,97.02884235480047,40.42473330699329,43.30304227578032,,68.0,2026-08-28,1460534,,1,1683,33,6.929999999999999,1683.0,0.7,0.45,0.08000000000000002,19.0,22.0,3.0,0.8,0.5,0.5,1.8,6.0,3.3,,,,,1.4
466805,Nico González,2025-02-03,Porto,Man City,Midfield,Defensive Midfield,right,188.0,23.085557837097877,60000000.0,18000000.0,18000000,40000000.0,45000000.0,3.3333333333333335,3.2335649078486535,435425000.0,1407975000.0,PO1,GB1,43.0,3509.0,9.0,7.0,0.4103733257338273,0.2308349957252778,81.6046511627907,58.0,3534.0,4.0,0.0,0.1018675721561969,84.0,0.6904761904761905,0.2011992536821767,0.2355486301266244,2.0396364212268465,0.4324693890235564,1.4767163298777142,571,True,,False,0.1023765205198996,21.69873921698739,3.5832780358327807,83.13117344922955,55.64401422362702,2.2718293164757015,,30.1,2026-08-28,1280132,,2,2330,36,7.129999999999999,2330.0,0.06,0.04,0.06,68.3,12.0,1.0,0.7,2.4,1.4,2.5,11.8,5.2,,,,,1.7
610849,Liam Delap,2025-06-04,Ipswich,Chelsea,Attack,Centre-Forward,right,186.0,22.31895961670089,35500000.0,40000000.0,40000000,28000000.0,35000000.0,0.8875,8.626347951114306,139100000.0,1199925000.0,GB1,GB1,40.0,2669.0,12.0,2.0,0.4720869239415511,0.4046459348070438,66.725,46.0,1900.0,3.0,5.0,0.3789473684210526,65.0,0.7076923076923077,0.4791127195207551,0.4791127195207551,0.9853358191236674,0.7909357296965619,1.0152098443379305,450,True,,False,0.1172164974372855,31.53153153153153,32.496782496782494,27.78546029237456,53.668510470169885,22.67878308968787,,30.9,2026-08-28,1113903,,2,3714,65,6.602412493268713,3714.0,0.31208400646203555,0.33186860527732903,0.04109854604200323,8.408831448572968,24.0,3.0,1.2219709208400644,0.39999999999999997,0.09999999999999999,0.9703284868066775,1.9934302638664512,2.210985460420032,,,,,2.351642434033387
578391,Rayan Aït-Nouri,2025-06-09,Wolves,Man City,Defender,Left-Back,left,180.0,24.008213552361397,36800000.0,35000000.0,35000000,40000000.0,40000000.0,1.0514285714285714,4.958968037333803,283925000.0,1407975000.0,GB1,GB1,41.0,3407.0,5.0,7.0,0.3169944232462577,0.1320810096859407,83.09756097560975,31.0,1890.0,0.0,6.0,0.2857142857142857,63.0,0.492063492063492,0.09624713860549,0.09624713860549,3.293546466306855,2.96854836262102,1.8206883670722596,445,True,,False,0.1178841905457681,95.85834333733494,90.99639855942378,53.52232319241406,29.749111023310945,74.12090082971157,,66.3,2026-08-28,933845,,2,4103,54,7.14,4103.0,0.12000000000000001,0.08,0.12000000000000001,34.4,58.0,10.0,1.8,2.6,0.6999999999999998,1.8999999999999997,5.400000000000001,4.2,,,,,0.9
607223,Rayan Cherki,2025-06-10,Lyon,Man City,Midfield,Attacking Midfield,both,177.0,21.815195071868583,36500000.0,45000000.0,45000000,90000000.0,90000000.0,0.8111111111111111,5.644883231432294,249425000.0,1407975000.0,FR1,GB1,42.0,2963.0,12.0,19.0,0.9416132298346273,0.3644954438069524,70.54761904761905,55.0,2929.0,11.0,16.0,0.8296346876066917,63.0,0.873015873015873,0.2109459846919036,0.2355486301266244,4.463764651457561,3.522137603435448,2.552731592041196,444,True,,False,0.1180182784570686,98.80557398805574,91.43994691439948,78.26155669695771,74.9170288423548,84.74911102331095,,86.5,2026-08-28,1104053,,2,1895,35,7.427651715039577,1895.0,0.28340369393139847,0.219778364116095,0.45553034300791556,55.77255936675462,67.0,21.0,2.5942480211081795,1.3,0.4000000000000001,0.4000000000000001,6.458416886543536,4.479208443271767,,,,,1.038047493403694
460939,Tijjani Reijnders,2025-06-10,AC Milan,Man City,Midfield,Central Midfield,right,178.0,26.86652977412731,54900000.0,50000000.0,50000000,50000000.0,70000000.0,1.098,2.892188077728935,486820000.0,1407975000.0,IT1,GB1,54.0,4591.0,15.0,5.0,0.3920714441298192,0.2940535830973644,85.01851851851852,50.0,3081.0,7.0,8.0,0.4381694255111977,63.0,0.7936507936507936,0.2225486393745403,0.2355486301266244,1.7617337281041692,1.860207912377372,1.3533616593337905,444,True,,False,0.1180182784570686,83.47710683477106,80.49104180491041,58.92335045436586,64.22362702489134,60.43065981825365,,68.8,2026-08-28,868344,,1,1636,28,6.95,1636.0,0.28,0.26,0.13,39.1,17.0,4.0,1.1,0.6,0.6,1.1,5.400000000000001,3.2000000000000006,,,,,1.0
314288,Lukas Nmecha,2025-07-01,Wolfsburg,Leeds,Attack,Centre-Forward,right,185.0,26.546201232032853,0.0,3000000.0,3000000,10000000.0,10000000.0,0.0,2.1526082875150867,186425000.0,401300000.0,L1,GB1,20.0,471.0,3.0,0.0,0.5732484076433121,0.5732484076433121,23.55,37.0,1464.0,7.0,3.0,0.6147540983606558,44.0,0.8409090909090909,0.543236014295955,0.4791127195207551,1.0552474294000072,1.2831095341730427,1.0310438492467684,423,True,,False,0.1208769451733889,70.97812097812097,72.07207207207207,89.53575661793758,64.76293954958516,91.12998814697748,,79.2,2026-08-28,861197,,1,1073,31,6.42,1073.0,0.5,0.61,0.13,11.9,11.0,2.0,0.6,1.0,0.3,0.9,4.9,2.6,,,,,1.5
338629,Sebastiaan Bornauw,2025-07-01,Wolfsburg,Leeds,Defender,Centre-Back,right,191.0,26.27789185489391,6000000.0,6000000.0,6000000,8000000.0,8000000.0,1.0,2.1526082875150867,186425000.0,401300000.0,L1,GB1,16.0,874.0,2.0,0.0,0.205949656750572,0.205949656750572,54.625,17.0,771.0,0.0,0.0,0.0,44.0,0.3863636363636363,0.1242136398981505,0.09624713860549,1.6580277087076851,0.0,1.269880406431016,423,True,,False,0.1208769451733889,6.602641056422569,2.701080432172869,62.463453180561054,15.772421967601735,6.4598972738048195,,21.7,2026-08-28,922892,,1,432,12,,432.0,,,,,,,,,,,,,,,,,
340918,Caoimhín Kelleher,2025-07-01,Liverpool,Brentford,Goalkeeper,Goalkeeper,right,188.0,26.60369609856263,14800000.0,20000000.0,20000000,28000000.0,28000000.0,0.74,0.4903065492299365,1016150000.0,498225000.0,GB1,GB1,16.0,1440.0,0.0,0.0,0.0,0.0,90.0,38.0,3450.0,0.0,0.0,0.0,45.0,0.8444444444444444,0.0039623389120549,0.0039623389120549,0.0,0.0,0.0697719229727917,423,True,,False,0.1208769451733889,40.8955223880597,37.46268656716418,64.6681153694192,65.82971157645198,35.401027261951796,,53.6,2026-08-28,776689,,3,4320,48,6.961052631578947,4320.0,,,0.009999999999999998,22.910526315789475,2.0,,0.1,0.0,0.0,1.3,1.3,8.01842105263158,15.0,3.026315789473684,70.01052631578948,1.3,0.1
371851,Jaka Bijol,2025-07-01,Udinese,Leeds,Defender,Centre-Back,right,190.0,26.401095140314855,18000000.0,18000000.0,18000000,20000000.0,20000000.0,1.0,1.886207139667693,212755000.0,401300000.0,IT1,GB1,37.0,3189.0,2.0,2.0,0.1128880526810912,0.0564440263405456,86.1891891891892,31.0,2448.0,1.0,3.0,0.1470588235294117,44.0,0.7045454545454546,0.0979603049171636,0.09624713860549,1.1523856808791142,1.5279293042902309,1.0995909170144629,423,True,,False,0.1208769451733889,75.27010804321729,75.09003601440575,51.7186882655077,45.99960489924931,57.6451995258791,,58.3,2026-08-28,861805,,2,1983,26,7.08447806354009,1983.0,0.05,0.043177004538577916,0.03818456883509833,40.84977307110439,7.0,3.0,0.1,1.1909228441754915,1.1408472012102875,7.663540090771558,10.663540090771559,3.090771558245083,,,,,0.9045385779122542
342046,Axel Tuanzebe,2025-07-01,Ipswich,Burnley,Defender,Centre-Back,right,188.0,27.627652292950035,0.0,5000000.0,5000000,5000000.0,5000000.0,0.0,1.8770668583752697,139100000.0,261100000.0,GB1,GB1,23.0,1763.0,0.0,1.0,0.0510493477027793,0.0,76.65217391304348,16.0,1337.0,1.0,0.0,0.0673148840688107,42.0,0.3809523809523809,0.09624713860549,0.09624713860549,0.5303986013758488,0.699396211088722,0.8901188866787771,423,True,,False,0.1208769451733889,36.79471788715486,47.1188475390156,43.6448044251284,14.812327143421571,67.46345318056103,,46.7,2026-08-28,690149,,2,2919,36,6.36,2919.0,,0.01,0.01,30.3,5.0,1.0,0.2,1.6,1.2,2.8,6.2,2.6,,,,,0.9
263236,Kevin Danso,2025-07-01,Lens,Tottenham,Defender,Centre-Back,right,190.0,26.781656399726216,25000000.0,25000000.0,25000000,20000000.0,22000000.0,1.0,3.016499705362404,254550000.0,767850000.0,FR1,GB1,13.0,1170.0,0.0,0.0,0.0,0.0,90.0,36.0,2328.0,0.0,0.0,0.0,52.0,0.6923076923076923,0.0906137250941025,0.09624713860549,0.0,0.0,0.7114919094011505,423,True,,False,0.1208769451733889,6.602641056422569,17.97719087635054,31.03318846305808,47.95140260766496,6.4598972738048195,,20.3,2026-08-28,754126,,2,2334,34,6.8999999999999995,2334.0,,0.04,0.02,50.0,5.0,1.0,0.09999999999999999,1.5999999999999999,1.5,8.1,12.0,2.7,,,,,1.3
730861,Milos Kerkez,2025-07-01,Bournemouth,Liverpool,Defender,Left-Back,left,180.0,21.648186173853524,46900000.0,45000000.0,45000000,35000000.0,40000000.0,1.0422222222222222,1.7992917220008853,564750000.0,1016150000.0,GB1,GB1,41.0,3565.0,2.0,6.0,0.2019635343618513,0.0504908835904628,86.95121951219512,48.0,3218.0,2.0,2.0,0.1118707271597265,57.0,0.8421052631578947,0.09624713860549,0.09624713860549,2.0983848173365978,1.1623278237733017,1.4181833224512617,423,True,,False,0.1208769451733889,61.04441776710684,42.61704681872749,30.725009877518765,69.17621493480837,40.45831687080205,,46.0,2026-08-28,1195281,,3,5692,73,6.992543921293044,5692.0,0.06210282042127812,0.035881939564300774,0.053327477160927624,32.11883345045678,63.0,11.0,0.5596572652624062,1.5047083626141953,0.9586085734364019,2.7286366830639497,5.503021784961349,4.137947997189037,,,,,0.8744905130007028
654539,Adrien Truffert,2025-07-01,Stade Rennais,Bournemouth,Defender,Left-Back,left,176.0,23.61122518822724,13500000.0,15000000.0,15000000,30000000.0,30000000.0,0.9,1.5575013789299503,362600000.0,564750000.0,FR1,GB1,33.0,2756.0,2.0,2.0,0.1306240928882438,0.0653120464441219,83.51515151515152,39.0,3417.0,1.0,5.0,0.1580333625987708,40.0,0.975,0.0906137250941025,0.09624713860549,1.4415486478741537,1.641953879237263,1.1969748592061815,423,True,,False,0.1208769451733889,78.031212484994,75.51020408163265,78.26155669695771,76.61201106282101,64.4606874753062,,72.8,2026-08-28,1177358,,2,3470,39,7.164178674351584,3470.0,0.03,0.039999999999999994,0.0779250720461095,34.39654178674352,32.0,4.0,0.9025936599423631,2.6818443804034584,1.3,3.8051873198847264,8.071469740634006,5.051873198847262,,,,,1.0778097982708934
633992,Enzo Le Fée,2025-07-01,Roma,Sunderland,Midfield,Central Midfield,right,173.0,25.4072553045859,23750000.0,18000000.0,18000000,28000000.0,28000000.0,1.3194444444444444,0.80866744698157,504070000.0,407625000.0,IT1,GB1,10.0,460.0,0.0,0.0,0.0,0.0,46.0,40.0,3326.0,6.0,6.0,0.3247143716175587,42.0,0.9523809523809524,0.2225486393745403,0.2355486301266244,0.0,1.378544937591024,0.5713682170447084,423,True,,False,0.1208769451733889,70.1393497013935,88.32116788321169,69.42710391149743,76.1615962070328,39.62860529435006,,63.7,2026-08-28,1049999,,2,3014,37,7.119296615792965,3014.0,0.15,0.16,0.18,27.8,53.0,13.0,0.4,2.7,0.9,1.1,9.8,4.7,,,,,1.0
1064471,Fer López,2025-07-01,Celta de Vigo,Wolves,Midfield,Attacking Midfield,left,188.0,21.10335386721424,23000000.0,5000000.0,5000000,16000000.0,18000000.0,4.6,1.3307944691820952,213350000.0,283925000.0,ES1,GB1,17.0,670.0,2.0,0.0,0.2686567164179104,0.2686567164179104,39.411764705882355,12.0,364.0,0.0,1.0,0.2472527472527472,44.0,0.2727272727272727,0.2020189003735634,0.2355486301266244,1.3298593147528457,1.0496887505558026,1.1616624520440435,423,True,,False,0.1208769451733889,57.26609157266091,49.36960849369608,90.15408929276964,7.382457526669301,14.974318451205058,,43.4,2026-08-28,1573122,,1,229,9,,229.0,,,,,3.0,1.0,,,,,,,,,,,
1060087,Charalampos Kostoulas,2025-07-01,Olympiacos,Brighton,Attack,Centre-Forward,right,185.0,18.088980150581794,35000000.0,12000000.0,12000000,25000000.0,25000000.0,2.9166666666666665,3.198776758409786,179850000.0,575300000.0,GR1,GB1,34.0,1866.0,6.0,2.0,0.3858520900321543,0.2893890675241157,54.88235294117647,26.0,532.0,2.0,1.0,0.5075187969924811,43.0,0.6046511627906976,0.3904730651652015,0.4791127195207551,0.9881657006710766,1.0592889237007523,1.0158507730497135,423,True,,False,0.1208769451733889,53.861003861003866,55.92020592020592,79.96048992493085,34.17226392730146,14.480442512840774,,47.5,2026-08-28,1561249,,2,379,22,6.28,379.0,0.51,0.54,0.14,24.2,10.0,3.0,2.8,2.8,0.3,1.0,10.5,6.4,,,,,1.8
876631,Habib Diarra,2025-07-01,R. Strasbourg,Sunderland,Midfield,Central Midfield,right,178.0,21.49212867898699,31500000.0,20000000.0,20000000,35000000.0,35000000.0,1.575,0.97804570811589,416775000.0,407625000.0,FR1,GB1,30.0,2357.0,4.0,5.0,0.34365719134493,0.1527365294866355,78.56666666666666,22.0,1563.0,3.0,3.0,0.345489443378119,42.0,0.5238095238095238,0.2109459846919036,0.2355486301266244,1.6291241184176,1.4667435900280694,1.294499276497421,423,True,,False,0.1208769451733889,73.65627073656272,68.21499668214996,74.22362702489134,26.40260766495457,35.57882259976294,,55.4,2026-08-28,1285866,,2,1417,21,6.645553987297108,1417.0,0.13,0.22,0.05,22.8,7.0,1.0,0.4,0.9,0.3,0.8,5.1,3.1,,,,,1.3
801734,Mathys Tel,2025-07-01,Bayern Munich,Tottenham,Attack,Centre-Forward,right,183.0,20.177960301163587,35000000.0,35000000.0,35000000,22000000.0,30000000.0,1.0,0.7589512960537695,1011725000.0,767850000.0,L1,GB1,14.0,458.0,0.0,1.0,0.1965065502183406,0.0,32.714285714285715,38.0,1688.0,4.0,2.0,0.3199052132701421,52.0,0.7307692307692307,0.543236014295955,0.4791127195207551,0.3617332891174697,0.6677034447971567,0.8739725665488421,423,True,,False,0.1208769451733889,21.879021879021877,34.16988416988417,25.0967996839194,52.83287238245753,12.979059660213355,,25.2,2026-08-28,1288111,,3,2345,45,6.679539106145252,2345.0,0.27,0.15371508379888268,0.15371508379888268,19.56787709497207,46.0,10.0,2.813687150837989,1.3,0.4000000000000001,0.8125698324022347,7.437709497206705,4.938268156424581,,,,,1.3439944134078212
484547,Jeremie Frimpong,2025-07-01,Leverkusen,Liverpool,Defender,Right-Back,right,172.0,24.555783709787818,40000000.0,50000000.0,50000000,35000000.0,45000000.0,0.8,2.2361471766207472,454420000.0,1016150000.0,L1,GB1,48.0,3457.0,5.0,12.0,0.4425802719120624,0.1301706682094301,72.02083333333333,35.0,1794.0,2.0,2.0,0.2006688963210702,57.0,0.6140350877192983,0.1242136398981505,0.09624713860549,3.5630569418540334,2.084933632610081,1.9114537677855508,423,True,,False,0.1208769451733889,86.67466986794717,65.6062424969988,29.51007506914263,40.42473330699329,77.57803239826156,,60.0,2026-08-28,966018,,2,1129,22,6.74,1129.0,,0.03760850310008858,0.13601417183348097,32.594951284322406,18.0,5.0,1.5521700620017715,1.0,0.5,1.092028343666962,2.5521700620017715,4.380425155004429,,,,,0.8036315323294951
517894,Matheus Cunha,2025-07-01,Wolves,Man Utd,Attack,Centre-Forward,right,183.0,26.09719370294319,74200000.0,60000000.0,60000000,75000000.0,75000000.0,1.2366666666666666,2.679404772387074,283925000.0,760750000.0,GB1,GB1,35.0,2813.0,17.0,6.0,0.7358691788126556,0.5439033060789193,80.37142857142857,35.0,2683.0,10.0,4.0,0.4696235557212075,40.0,0.875,0.4791127195207551,0.4791127195207551,1.535899901694799,0.9801942978908192,1.1399049322010613,423,True,,False,0.1208769451733889,46.975546975546976,37.83783783783784,59.128802844725406,67.5444488344528,22.145397076254444,,43.8,2026-08-28,863098,,3,5183,67,7.36262203357129,5183.0,0.4415206741132667,0.2754752106603958,0.15057025279247502,25.80570252792475,93.0,18.0,1.8547521066039583,1.3490495786792083,0.6980991573584167,0.7490495786792082,5.0524789339604155,4.447148736037625,,,,,1.2547521066039584
598577,Florian Wirtz,2025-07-01,Leverkusen,Liverpool,Midfield,Attacking Midfield,right,177.0,22.16290212183436,125000000.0,140000000.0,140000000,100000000.0,130000000.0,0.8928571428571429,2.2361471766207472,454420000.0,1016150000.0,L1,GB1,45.0,3392.0,16.0,15.0,0.8225235849056604,0.4245283018867924,75.37777777777778,49.0,3504.0,7.0,10.0,0.4366438356164383,57.0,0.8596491228070176,0.2678347608424593,0.2355486301266244,3.071011329218277,1.8537311610842768,1.93452014081952,423,True,,False,0.1208769451733889,83.21167883211679,51.16124751161247,31.193204267088102,71.59620703279336,68.68826550770446,,63.3,2026-08-28,1152455,,2,2451,34,7.157686658506733,2451.0,0.19,0.26,0.19,45.3,61.0,5.0,1.5,1.3,0.4,0.5,6.6,4.3,,,,,0.8
514285,Quilindschy Hartman,2025-07-01,Feyenoord,Burnley,Defender,Left-Back,left,183.0,23.627652292950035,10000000.0,14000000.0,14000000,16000000.0,18000000.0,0.7142857142857143,1.0633272245978416,245550000.0,261100000.0,NL1,GB1,12.0,644.0,0.0,1.0,0.139751552795031,0.0,53.666666666666664,23.0,2010.0,0.0,5.0,0.2238805970149253,42.0,0.5476190476190477,0.1132639743398324,0.09624713860549,1.233857045981155,2.326101328919456,1.127028741407493,423,True,,False,0.1208769451733889,90.33613445378153,91.5966386554622,58.77321216910312,28.50256815487949,82.18095614381667,,69.5,2026-08-28,1393669,,1,1830,21,6.77,1830.0,,0.02,0.1,27.4,20.0,6.0,0.2,2.6,1.5,3.2,7.5,3.4,,,,,0.6
318508,Olivier Boscagli,2025-07-02,PSV,Brighton,Defender,Centre-Back,left,181.0,27.61943874058864,0.0,20000000.0,20000000,15000000.0,18000000.0,0.0,1.7639123102866778,326150000.0,575300000.0,NL1,GB1,43.0,3607.0,1.0,6.0,0.1746603825894094,0.0249514832270584,83.88372093023256,17.0,1178.0,1.0,1.0,0.1528013582342954,43.0,0.3953488372093023,0.1132639743398324,0.09624713860549,1.542064752781549,1.5875937762743997,1.2308265472399622,422,True,,False,0.1210151327479222,76.89075630252101,72.50900360144058,30.861319636507304,16.104306598182536,93.3227973133149,,61.0,2026-08-28,613715,,2,890,13,7.71,890.0,,,0.04,65.0,4.0,,,1.0,2.0,3.0,6.0,4.0,,,,,
607226,Loum Tchaouna,2025-07-02,Lazio,Burnley,Attack,Right Winger,left,180.0,21.815195071868583,13000000.0,10000000.0,10000000,13000000.0,15000000.0,1.3,0.8976364417705199,290875000.0,261100000.0,IT1,GB1,37.0,1364.0,2.0,1.0,0.1979472140762463,0.1319648093841642,36.86486486486486,32.0,1488.0,3.0,1.0,0.2419354838709677,42.0,0.7619047619047619,0.4985622392500374,0.4791127195207551,0.397036114034646,0.5049656876422942,0.8819681641445049,422,True,,False,0.1210151327479222,12.612612612612612,20.592020592020592,65.88107467404188,52.44172263927301,4.405373370209404,,26.1,2026-08-28,1283034,,2,1352,30,6.330902366863906,1352.0,0.14,0.09,0.07,18.2,13.0,1.0,0.5,1.3,0.1,0.7,4.9,2.7,,,,,0.9
626724,João Pedro,2025-07-02,Brighton,Chelsea,Attack,Centre-Forward,right,186.0,23.76454483230664,63700000.0,50000000.0,50000000,80000000.0,80000000.0,1.274,2.0857378758908394,575300000.0,1199925000.0,GB1,GB1,30.0,2136.0,10.0,7.0,0.7162921348314607,0.4213483146067416,71.2,52.0,3771.0,23.0,9.0,0.7637231503579953,61.0,0.8524590163934426,0.4791127195207551,0.4791127195207551,1.4950388617274666,1.5940364745939726,1.130650476398004,422,True,,False,0.1210151327479222,87.12998712998713,83.91248391248392,70.41683129197946,71.7838798893718,57.56617937574081,,74.5,2026-08-28,1021382,,3,4717,63,7.201045155819377,4717.0,0.4929785880856477,0.46935764256942974,0.09879160483358067,19.16512613949544,61.0,18.0,1.2942760228959085,0.8155824508320726,0.2844175491679274,0.7776976892092431,3.3687725249099003,2.5165783336866654,,,,,1.252872588509646
727089,Noah Sadiki,2025-07-04,Union SG,Sunderland,Midfield,Central Midfield,right,165.0,20.54483230663929,17000000.0,12000000.0,12000000,35000000.0,35000000.0,1.4166666666666667,2.44746322425698,166550000.0,407625000.0,BE1,GB1,42.0,3531.0,1.0,3.0,0.1019541206457094,0.0254885301614273,84.07142857142857,35.0,3042.0,0.0,1.0,0.029585798816568,42.0,0.8333333333333334,0.2515480818773713,0.2355486301266244,0.4053066908115469,0.1256037821177883,0.751274617923796,420,True,,False,0.1212920760503544,8.22826808228268,14.731254147312542,87.0367443698143,62.6728565784275,2.429869616752272,,29.8,2026-08-28,1359649,,2,2984,34,6.8205563002680965,2984.0,,0.050301608579088476,0.03969839142091153,30.051474530831097,21.0,,0.8965147453083111,1.4,1.1,1.4,7.528083109919571,3.454758713136729,,,,,1.0
95424,Kyle Walker,2025-07-05,Man City,Burnley,Defender,Right-Back,right,183.0,35.1047227926078,5000000.0,4000000.0,4000000,1500000.0,3000000.0,1.25,0.185443633587244,1407975000.0,261100000.0,GB1,GB1,17.0,1069.0,0.0,0.0,0.0,0.0,62.88235294117647,36.0,3097.0,0.0,2.0,0.0581207620277688,42.0,0.8571428571428571,0.09624713860549,0.09624713860549,0.0,0.6038700253313667,0.7114919094011505,419,True,,False,0.1214308322972331,31.45258103241296,51.80072028811525,10.480047412090084,66.19913077834848,12.129593046226788,,26.5,2026-08-28,159833,,2,4064,51,6.669999999999999,4064.0,,0.0,0.04,32.4,20.0,5.0,0.4000000000000001,1.6000000000000003,1.3,3.0,6.2,4.5,,,,,0.9
670882,Jamie Gittens,2025-07-05,Dortmund,Chelsea,Attack,Left Winger,right,178.0,20.90622861054073,56000000.0,50000000.0,50000000,30000000.0,45000000.0,1.12,2.2341851696690407,537075000.0,1199925000.0,L1,GB1,49.0,2803.0,12.0,5.0,0.5458437388512308,0.3853014627185158,57.204081632653065,27.0,1102.0,1.0,5.0,0.4900181488203267,60.0,0.45,0.543236014295955,0.4791127195207551,1.0048003528607274,1.0227617194352092,1.019618289823918,419,True,,False,0.1214308322972331,50.57915057915058,52.316602316602314,26.59028052153299,24.758988542078228,27.538522323192417,,37.9,2026-08-28,1113692,,1,490,16,,490.0,,,,,9.0,2.0,,,,,,,,,,,
429915,Maxim De Cuyper,2025-07-05,Club Brugge,Brighton,Defender,Left-Back,left,182.0,24.53388090349076,20000000.0,16000000.0,16000000,22000000.0,22000000.0,1.25,2.0068021278451207,286675000.0,575300000.0,BE1,GB1,39.0,3292.0,3.0,5.0,0.2187120291616038,0.0820170109356014,84.41025641025641,31.0,1481.0,2.0,3.0,0.3038487508440243,43.0,0.7209302325581395,0.098805821763407,0.09624713860549,2.2135540726063203,3.1569639913086474,1.456969880128415,419,True,,False,0.1214308322972331,96.45858343337336,96.0984393757503,63.91742394310549,47.765705254839986,66.29790596602133,,69.5,2026-08-28,1134871,,2,1492,31,6.847238605898124,1492.0,0.13,0.12000000000000001,0.26,37.1,35.0,9.0,0.4,1.5,0.8,1.8000000000000003,4.1,4.3,,,,,1.1
423440,Martín Zubimendi,2025-07-06,Real Sociedad,Arsenal,Midfield,Defensive Midfield,right,181.0,26.42299794661191,70000000.0,60000000.0,60000000,75000000.0,80000000.0,1.1666666666666667,4.70216365417149,280775000.0,1320250000.0,ES1,GB1,48.0,3955.0,2.0,2.0,0.09102402022756,0.04551201011378,82.39583333333333,56.0,4269.0,6.0,3.0,0.1897399859451862,62.0,0.9032258064516128,0.2020189003735634,0.2355486301266244,0.4505718032285242,0.805523623054769,0.7713667694844326,418,True,,False,0.1215697786211326,44.92368944923689,59.787657597876574,61.55867246147768,77.88818648755432,22.639273014618727,,47.5,2026-08-28,1031325,,2,3023,39,7.195487925901422,3023.0,0.15,0.09,0.07,50.5,19.0,1.0,0.2,2.0,1.2,2.3,9.2,3.5,,,,,1.0
362108,Gabriel Gudmundsson,2025-07-08,Lille,Leeds,Defender,Left-Back,left,181.0,26.193018480492817,11600000.0,7000000.0,7000000,20000000.0,20000000.0,1.6571428571428573,1.3483410331793364,297625000.0,401300000.0,FR1,GB1,43.0,2648.0,2.0,1.0,0.1019637462235649,0.0679758308157099,61.58139534883721,35.0,2936.0,1.0,1.0,0.0613079019073569,44.0,0.7954545454545454,0.0906137250941025,0.09624713860549,1.1252571960558444,0.636984151379851,1.09045461984186,416,True,,False,0.1218482425418685,33.193277310924366,30.732292917166863,86.85104701698933,58.423548004741214,8.850256815487949,,41.8,2026-08-28,744494,,1,2637,32,6.78,2637.0,,0.04,0.09,24.900000000000002,21.0,4.0,1.3,2.2,0.9,2.8,6.2,3.8000000000000003,,,,,1.1
240692,Reinildo Mandava,2025-07-08,Atlético,Sunderland,Defender,Left-Back,left,180.0,31.460643394934976,0.0,5000000.0,5000000,4000000.0,5000000.0,0.0,0.7858588779641411,518700000.0,407625000.0,ES1,GB1,30.0,1523.0,0.0,0.0,0.0,0.0,50.766666666666666,25.0,1969.0,0.0,2.0,0.0914169629253428,42.0,0.5952380952380952,0.0909966967446702,0.09624713860549,0.0,0.9498148646273452,0.7114919094011505,416,True,,False,0.1218482425418685,50.960384153661465,68.42737094837935,38.91544843935203,32.85460292374555,80.22520742789412,,56.8,2026-08-28,600524,,2,2059,26,6.854424477901893,2059.0,,0.01,0.041364740165128706,32.65565808644973,8.0,,0.7131131617289946,1.8524526469159788,1.469936862554638,3.625692083535697,7.5218552695483245,4.139339485186984,,,,,1.5218552695483245
743384,Chemsdine Talbi,2025-07-09,Club Brugge,Sunderland,Attack,Right Winger,right,175.0,20.16700889801506,20000000.0,8000000.0,8000000,25000000.0,25000000.0,2.5,1.421906339931979,286675000.0,407625000.0,BE1,GB1,33.0,1516.0,7.0,5.0,0.712401055408971,0.4155672823218997,45.93939393939394,30.0,1713.0,4.0,2.0,0.3152364273204904,42.0,0.7142857142857143,0.4819920768254938,0.4791127195207551,1.47803478451555,0.6579587944060716,1.126799290007367,415,True,,False,0.1219877606605343,21.299871299871302,14.607464607464609,88.50651916238641,46.54089292769656,2.6076649545634134,,31.2,2026-08-28,1368654,,2,1592,29,6.536174623115578,1592.0,0.23,0.12,0.07,18.9,12.0,,0.9,0.6,0.10000000000000002,1.0,5.3,3.5,,,,,0.3
937941,Thierno Barry,2025-07-09,Villarreal,Everton,Attack,Centre-Forward,right,195.0,22.715947980835043,30000000.0,20000000.0,20000000,30000000.0,30000000.0,1.5,1.204143933489218,384900000.0,463475000.0,ES1,GB1,37.0,2441.0,11.0,4.0,0.5530520278574356,0.4055714870954526,65.97297297297297,41.0,2066.0,8.0,0.0,0.3484995159728944,41.0,1.0,0.4599952362514491,0.4791127195207551,1.2022994680647483,0.727385230601872,1.064349085571158,415,True,,False,0.1219877606605343,26.254826254826252,24.002574002574004,67.75385223231925,78.07585934413275,7.151323587514816,,34.3,2026-08-28,1398392,,2,1994,39,6.483184553660983,1994.0,0.38,0.38,0.020000000000000004,10.3,13.0,2.0,0.4,0.3,0.2,1.2,3.5,1.6,,,,,2.2
658536,Simon Adingra,2025-07-10,Brighton,Sunderland,Attack,Left Winger,right,175.0,23.520876112251884,24400000.0,28000000.0,28000000,22000000.0,25000000.0,0.8714285714285714,0.7085433686772119,575300000.0,407625000.0,GB1,GB1,31.0,1231.0,3.0,2.0,0.3655564581640942,0.2193338748984565,39.70967741935484,15.0,729.0,1.0,1.0,0.2469135802469135,42.0,0.3571428571428571,0.4791127195207551,0.4791127195207551,0.7629863355115086,0.5153559281287611,0.964850786649568,414,True,,False,0.1221274698998808,13.191763191763192,16.28056628056628,31.22876333465033,13.105491900434613,11.932042670881076,,16.9,2026-08-28,1227012,,2,1750,43,6.7,1750.0,0.16,0.2,0.23,22.4,23.0,5.0,1.7,1.8999999999999997,0.7,0.5,3.0,3.9000000000000004,,,,,1.1
543499,Mohammed Kudus,2025-07-10,West Ham,Tottenham,Attack,Right Winger,left,177.0,24.93634496919918,63800000.0,45000000.0,45000000,50000000.0,55000000.0,1.4177777777777778,1.6074737007379494,477675000.0,767850000.0,GB1,GB1,34.0,2709.0,5.0,4.0,0.2990033222591362,0.1661129568106312,79.67647058823529,26.0,1921.0,3.0,6.0,0.4216553878188444,52.0,0.5,0.4791127195207551,0.4791127195207551,0.6240771953585829,0.8800755451464868,0.9333898032968752,414,True,,False,0.1221274698998808,39.31788931788932,47.61904761904761,56.03318846305808,27.32121691031213,13.82852627419992,,36.3,2026-08-28,891743,,2,4146,51,6.933538350217078,4146.0,0.1513675832127352,0.19155571635311144,0.10863241678726483,23.229232995658464,54.0,7.0,3.125470332850941,1.4490593342981186,0.13726483357452968,0.3,3.99862518089725,5.060853835021708,,,,,1.3
148367,Christian Nørgaard,2025-07-10,Brentford,Arsenal,Midfield,Defensive Midfield,right,187.0,31.3347022587269,11600000.0,11000000.0,11000000,5000000.0,9000000.0,1.0545454545454545,2.6499071704551156,498225000.0,1320250000.0,GB1,GB1,34.0,2830.0,5.0,4.0,0.2862190812720848,0.1590106007067137,83.23529411764706,20.0,1040.0,0.0,3.0,0.2596153846153846,62.0,0.3225806451612903,0.2355486301266244,0.2355486301266244,1.2151167303253745,1.1021731880835928,1.11073083443226,414,True,,False,0.1221274698998808,60.11944260119443,56.8679495686795,17.03081785855393,14.247333069932832,39.490320031608064,,39.0,2026-08-28,534670,,3,3774,55,7.173693693693695,3774.0,0.10147647376960518,0.1492482422931314,0.2525905895078421,46.47771768523526,105.0,19.0,0.8518117901568415,0.885235262303948,0.3111411573823688,0.27409410492157926,3.237587885343429,4.096376419686316,,,,,0.5370470524607897
293281,Jacob Bruun Larsen,2025-07-11,Stuttgart,Burnley,Attack,Left Winger,right,183.0,26.809034907597535,4000000.0,5000000.0,5000000,4000000.0,5000000.0,0.8,0.6050634378077747,431525000.0,261100000.0,L1,GB1,16.0,477.0,1.0,1.0,0.3773584905660377,0.1886792452830188,29.8125,30.0,1167.0,0.0,3.0,0.2313624678663239,42.0,0.7142857142857143,0.543236014295955,0.4791127195207551,0.694649251219292,0.4828977784137106,0.949373389921591,413,True,,False,0.122267370521717,11.51866151866152,14.929214929214927,38.91544843935203,46.54089292769656,13.05807981035164,,21.2,2026-08-28,655575,,1,1023,28,6.3,1023.0,,0.12,0.1,20.9,12.0,2.0,0.9,1.1,0.5,1.1,5.5,2.7,,,,,0.1
583189,Anthony Elanga,2025-07-11,Nott'm Forest,Newcastle,Attack,Right Winger,right,178.0,23.20602327173169,61400000.0,42000000.0,42000000,32000000.0,55000000.0,1.4619047619047618,1.2870975005629364,555125000.0,714500000.0,GB1,GB1,43.0,2752.0,6.0,12.0,0.5886627906976745,0.1962209302325581,64.0,49.0,2109.0,3.0,2.0,0.2133712660028449,58.0,0.8448275862068966,0.4791127195207551,0.4791127195207551,1.22865197836221,0.4453466946489651,1.0703175617049632,413,True,,False,0.122267370521717,10.296010296010296,8.365508365508365,50.9265112603714,69.85381272224417,2.5483998419596996,,21.8,2026-08-28,1050166,,3,3896,71,6.816267967145791,3896.0,0.21999999999999997,0.14281413612565444,0.15937696335078533,19.662303664921467,65.0,11.0,0.9,0.8031151832460732,0.2,0.5968848167539267,2.421806282722513,2.856282722513089,,,,,0.3687434554973822
61651,Jordan Henderson,2025-07-15,Ajax,Brentford,Midfield,Defensive Midfield,right,182.0,35.07734428473648,0.0,2500000.0,2500000,1200000.0,2000000.0,0.0,2.9372144436256447,169625000.0,498225000.0,NL1,GB1,45.0,3237.0,1.0,6.0,0.1946246524559777,0.0278035217794253,71.93333333333334,34.0,2086.0,1.0,3.0,0.1725790987535954,45.0,0.7555555555555555,0.2743648108274377,0.2355486301266244,0.709364483984017,0.7326686581060635,0.8862389411610148,409,True,,False,0.1228288920827042,41.53948241539482,46.58261446582615,15.93638877913868,53.00276570525484,73.62702489134729,,48.4,2026-08-28,156008,,1,1922,32,6.7,1922.0,0.05,0.02,0.10999999999999999,42.2,19.0,8.0,0.1,1.3,0.8,1.6,8.6,4.6,,,,,0.6
124884,Marco Bizot,2025-07-15,Stade Brestois,Aston Villa,Goalkeeper,Goalkeeper,right,193.0,34.34907597535934,500000.0,3000000.0,3000000,1500000.0,2500000.0,0.1666666666666666,4.536059806508355,113700000.0,515750000.0,FR1,GB1,41.0,3690.0,0.0,0.0,0.0,0.0,90.0,14.0,1170.0,0.0,0.0,0.0,55.0,0.2545454545454545,0.0025413936551001,0.0039623389120549,0.0,0.0,0.0697719229727917,409,True,,False,0.1228288920827042,40.8955223880597,37.46268656716418,19.508099565389173,7.890161991307783,54.37574081390755,,29.6,2026-08-28,195782,,2,675,8,6.869999999999999,675.0,,,0.0,18.0,,,,,,2.0,2.0,6.0,1.0,3.0,42.9,4.0,
1111589,El Hadji Malick Diouf,2025-07-15,Slavia Praha,West Ham,Defender,Left-Back,left,177.0,20.54483230663929,22000000.0,18000000.0,18000000,28000000.0,28000000.0,1.2222222222222223,4.149185667752443,115125000.0,477675000.0,TS1,GB1,12.0,943.0,0.0,1.0,0.0954400848356309,0.0,78.58333333333333,34.0,2906.0,0.0,5.0,0.1548520302821748,43.0,0.7906976744186046,0.1036875519315043,0.09624713860549,0.9204584644710138,1.6089000932994173,1.0214827592856757,409,True,,False,0.1228288920827042,77.37094837935174,80.13205282112845,69.42710391149743,57.21058870011853,49.624654286843146,,62.4,2026-08-28,1451265,,1,2711,32,6.910000000000001,2711.0,,0.02,0.08,25.6,29.0,5.0,0.8,1.5,1.1,3.9,6.8,4.2,,,,,0.9
503987,Noni Madueke,2025-07-18,Chelsea,Arsenal,Attack,Right Winger,left,182.0,23.356605065023956,56000000.0,40000000.0,40000000,50000000.0,50000000.0,1.4,1.100277100652124,1199925000.0,1320250000.0,GB1,GB1,40.0,2355.0,8.0,4.0,0.4585987261146496,0.3057324840764331,58.875,42.0,2220.0,8.0,4.0,0.4864864864864865,62.0,0.6774193548387096,0.4791127195207551,0.4791127195207551,0.9571833671487052,1.0153904637996405,1.0088337065118185,406,True,,False,0.1232520556516874,49.61389961389961,52.831402831402826,59.128802844725406,49.37376531015408,20.604504148557883,,44.7,2026-08-28,1084981,,3,3285,59,7.010252663622525,3285.0,0.27643273061599755,0.29692001225865766,0.16610787618755746,22.410266625804475,58.0,13.0,2.0372969659822253,1.286484829911125,0.4,0.4745939319644499,3.1935029114311986,3.289733374195526,,,,,1.0372969659822249
346707,Sean Longstaff,2025-07-18,Newcastle,Leeds,Midfield,Central Midfield,right,187.0,27.71526351813826,13800000.0,20000000.0,20000000,15000000.0,18000000.0,0.69,0.5616515045486354,714500000.0,401300000.0,GB1,GB1,28.0,995.0,0.0,1.0,0.0904522613065326,0.0,35.535714285714285,28.0,1307.0,3.0,2.0,0.3442999234889059,44.0,0.6363636363636364,0.2355486301266244,0.2355486301266244,0.3840067388967961,1.4616935929698247,0.7418200548120752,406,True,,False,0.1232520556516874,73.32448573324486,86.26410086264102,30.861319636507304,38.12327143421573,68.49071513235874,,60.5,2026-08-28,820024,,3,1800,49,,1800.0,0.18,0.09245535714285714,0.10859375000000002,33.91227678571429,29.0,6.0,0.2,3.2684151785714284,0.9684151785714287,0.9561383928571429,7.870089285714286,3.6684151785714283,,,,,1.1122767857142857
341051,Kyle Walker-Peters,2025-07-20,Southampton,West Ham,Defender,Right-Back,right,173.0,28.268309377138944,0.0,15000000.0,15000000,12000000.0,13000000.0,0.0,3.152970297029703,151500000.0,477675000.0,GB1,GB1,35.0,3102.0,0.0,2.0,0.058027079303675,0.0,88.62857142857143,28.0,1830.0,1.0,1.0,0.0983606557377049,43.0,0.6511627906976745,0.09624713860549,0.09624713860549,0.6028966693911162,1.0219592723777282,0.9145346953073116,404,True,,False,0.1235351317067023,54.921968787515006,62.54501800720288,30.144211774002372,39.43895693401818,82.55630185697352,,56.7,2026-08-28,734042,,2,4302,56,6.63207810320781,4302.0,0.07,0.04283124128312413,0.05716875871687588,39.00543933054393,31.0,6.0,1.1358437935843793,1.8811715481171547,0.6,2.2679218967921897,5.084937238493724,4.071687587168759,,,,,0.8679218967921897
413039,Bryan Mbeumo,2025-07-21,Brentford,Man Utd,Attack,Right Winger,left,171.0,25.95482546201232,75000000.0,55000000.0,55000000,75000000.0,80000000.0,1.3636363636363635,1.5269205680164584,498225000.0,760750000.0,GB1,GB1,39.0,3444.0,20.0,8.0,0.7317073170731708,0.5226480836236934,88.3076923076923,34.0,2670.0,12.0,3.0,0.5056179775280899,40.0,0.85,0.4791127195207551,0.4791127195207551,1.5272132992108411,1.0553215494546824,1.1379375378608587,403,True,,False,0.1236769606320821,53.346203346203346,45.43114543114543,65.48992493085737,64.13275385223233,23.627024891347293,,48.1,2026-08-28,923312,,3,6126,72,7.394782892588966,6126.0,0.4648658051689861,0.3654293176624224,0.20990368919360106,21.673702252693438,118.0,23.0,1.0526176275679258,1.1263088137839627,0.35657720344599075,0.9526176275679258,3.8405648057460007,3.670682337577538,,,,,0.7434227965540093
344069,Anton Stach,2025-07-22,Hoffenheim,Leeds,Midfield,Defensive Midfield,right,194.0,26.68309377138946,20000000.0,14000000.0,14000000,28000000.0,28000000.0,1.4285714285714286,1.2881791188508145,311525000.0,401300000.0,L1,GB1,39.0,3386.0,2.0,2.0,0.106320141760189,0.0531600708800945,86.82051282051282,34.0,2501.0,5.0,3.0,0.2878848460615754,44.0,0.7727272727272727,0.2678347608424593,0.2355486301266244,0.3969616991676694,1.222188581214913,0.7475704663614076,402,True,,False,0.1238189838436308,64.29993364299933,79.09754479097545,78.26155669695771,55.029632556301856,29.652311339391545,,57.0,2026-08-28,881735,,2,2468,30,7.347925445705024,2468.0,0.2195380875202593,0.1096353322528363,0.16562398703403566,27.11709886547812,63.0,9.0,0.8,2.5182333873581846,0.9166936790923825,2.072933549432739,10.218800648298217,4.518233387358185,,,,,1.4218800648298215
709726,Hugo Ekitiké,2025-07-23,Frankfurt,Liverpool,Attack,Centre-Forward,right,190.0,23.091033538672143,95000000.0,75000000.0,75000000,80000000.0,90000000.0,1.2666666666666666,2.3997780060694085,423435000.0,1016150000.0,L1,GB1,48.0,3644.0,22.0,12.0,0.8397365532381997,0.5433589462129528,75.91666666666667,45.0,2872.0,17.0,6.0,0.7207520891364902,57.0,0.7894736842105263,0.543236014295955,0.4791127195207551,1.545804275010219,1.504347640483102,1.142148134654494,401,True,,False,0.1239612016074935,83.52638352638353,79.08622908622908,54.587119715527464,62.0881074674042,54.22757803239826,,67.8,2026-08-28,1197030,,1,1810,28,7.079999999999999,1810.0,0.55,0.49,0.13,15.3,21.0,3.0,1.9,0.5,0.1,1.3,4.2,2.1,,,,,1.7
646750,Cristhian Mosquera,2025-07-24,Valencia,Arsenal,Defender,Centre-Back,right,191.0,21.073237508555785,15000000.0,30000000.0,30000000,40000000.0,40000000.0,0.5,9.704152884968762,136050000.0,1320250000.0,ES1,GB1,41.0,3615.0,1.0,0.0,0.0248962655601659,0.0248962655601659,88.17073170731707,34.0,1932.0,0.0,0.0,0.0,62.0,0.5483870967741935,0.0909966967446702,0.09624713860549,0.2735952671998962,0.0,0.8036329811358984,400,True,,False,0.1241036141901805,6.602641056422569,13.565426170468186,62.463453180561054,35.30620308178586,16.86092453575662,,29.5,2026-08-28,1298907,,2,1079,21,7.22,1079.0,,0.01,0.05499536607970343,53.3840593141798,5.0,,0.17506950880444858,2.9,0.7250231696014828,4.358387395736793,8.383132530120482,3.0916589434661725,,,,,1.4582947173308618
352041,Lucas Perri,2025-07-26,Lyon,Leeds,Goalkeeper,Goalkeeper,right,197.0,27.6249144421629,16000000.0,10000000.0,10000000,10000000.0,16000000.0,1.6,1.608900471083492,249425000.0,401300000.0,FR1,GB1,44.0,3990.0,0.0,0.0,0.0,0.0,90.6818181818182,20.0,1860.0,0.0,0.0,0.0,44.0,0.4545454545454545,0.0025413936551001,0.0039623389120549,0.0,0.0,0.0697719229727917,398,True,,False,0.1243890248798927,40.8955223880597,37.46268656716418,63.095614381667325,20.90280521532991,12.653101540892928,,30.5,2026-08-28,637656,,1,1440,16,,1440.0,,,,,,,,,,,,,3.0,,,,
325443,Viktor Gyökeres,2025-07-26,Sporting,Arsenal,Attack,Centre-Forward,right,189.0,27.143052703627653,66900000.0,75000000.0,75000000,65000000.0,70000000.0,0.892,2.6312904833084207,501750000.0,1320250000.0,PO1,GB1,45.0,3755.0,49.0,10.0,1.4141145139813582,1.174434087882823,83.44444444444444,54.0,3427.0,21.0,3.0,0.6302888824044354,62.0,0.8709677419354839,0.4331228916016845,0.4791127195207551,3.264926748045977,1.3155336035221483,1.5315054040600602,398,True,,False,0.1243890248798927,73.23037323037323,32.94723294723295,35.6084551560648,74.33820624259187,60.4701698933228,,56.7,2026-08-28,664500,,1,2230,36,6.82,2230.0,0.57,0.5,0.08,8.0,20.0,4.0,0.3,0.3,0.0,0.8,3.4,2.2,,,,,1.4
111455,Granit Xhaka,2025-07-30,Leverkusen,Sunderland,Midfield,Defensive Midfield,left,183.0,32.837782340862425,15000000.0,12000000.0,12000000,8000000.0,10000000.0,1.25,0.8970225782315919,454420000.0,407625000.0,L1,GB1,49.0,4185.0,2.0,7.0,0.1935483870967742,0.043010752688172,85.40816326530613,36.0,3028.0,1.0,6.0,0.2080581241743725,42.0,0.8571428571428571,0.2678347608424593,0.2355486301266244,0.722641028699854,0.883291590626217,0.8921320967147854,394,True,,False,0.1249621958522318,48.971466489714665,56.80159256801593,24.300671671276177,66.19913077834848,22.95535361517187,,39.4,2026-08-28,207236,,2,2993,35,7.244209822920148,2993.0,0.030000000000000002,0.030000000000000002,0.10939859672569328,47.594620781824254,36.0,9.0,0.32104911460073504,1.64209822920147,0.9330771800868695,2.6,11.351119278316071,5.57517540928834,,,,,0.7090210491146007
365108,Dan Ndoye,2025-07-31,Bologna,Nott'm Forest,Attack,Right Winger,right,184.0,24.763860369609855,42000000.0,35000000.0,35000000,32000000.0,40000000.0,1.2,2.0108124750968956,276070000.0,555125000.0,IT1,GB1,41.0,3022.0,9.0,6.0,0.4467240238252813,0.2680344142951688,73.70731707317073,37.0,2014.0,2.0,2.0,0.1787487586891757,56.0,0.6607142857142857,0.4985622392500374,0.4791127195207551,0.8960245856109484,0.3730828913663027,0.994982095266424,393,True,,False,0.1251059796596973,7.657657657657657,8.42985842985843,49.00237060450415,45.620308178585546,4.109047807190834,,18.7,2026-08-28,1022649,,2,1238,25,6.524458804523426,1238.0,0.08,0.08,0.12000000000000001,16.9,14.0,2.0,1.0,1.8,0.8,0.9,7.3999999999999995,3.8000000000000003,,,,,1.2
646991,Robin Roefs,2025-08-01,NEC Nijmegen,Sunderland,Goalkeeper,Goalkeeper,left,193.0,22.537987679671456,10500000.0,4000000.0,4000000,28000000.0,28000000.0,2.625,4.659370177744756,87485000.0,407625000.0,NL1,GB1,32.0,2880.0,0.0,0.0,0.0,0.0,90.0,37.0,3360.0,0.0,0.0,0.0,42.0,0.8809523809523809,0.0045540978891356,0.0039623389120549,0.0,0.0,0.0697719229727917,392,True,,False,0.1252499604312518,40.8955223880597,37.46268656716418,97.02884235480047,69.12485183721849,8.71197155274595,,54.0,2026-08-28,1125720,,2,3240,36,6.9286111111111115,3240.0,,,0.0,24.305555555555557,5.0,1.0,0.027777777777777776,,,1.0972222222222223,1.0972222222222223,9.458333333333334,10.0,3.0416666666666665,69.27222222222223,1.3194444444444444,
661427,David Møller Wolfe,2025-08-02,AZ Alkmaar,Wolves,Defender,Left-Back,left,185.0,23.277207392197127,12000000.0,9000000.0,9000000,8000000.0,12000000.0,1.3333333333333333,1.396581406787998,203300000.0,283925000.0,NL1,GB1,45.0,3734.0,3.0,7.0,0.241028387787895,0.0723085163363685,82.97777777777777,26.0,1320.0,2.0,3.0,0.3409090909090909,44.0,0.5909090909090909,0.1132639743398324,0.09624713860549,2.1280234001388965,3.5420179326728083,1.428164967280328,391,True,,False,0.1253941384367091,97.89915966386556,97.77911164465787,54.99604899249309,33.158830501777956,65.34966416436191,,64.9,2026-08-28,1049679,,1,1049,22,,1049.0,,0.01,0.09,16.6,8.0,3.0,0.4,0.9,0.6,2.7,4.3,2.3,,,,,0.9
123682,Callum Wilson,2025-08-02,Newcastle,West Ham,Attack,Centre-Forward,right,180.0,33.42915811088296,0.0,8000000.0,8000000,4000000.0,7000000.0,0.0,0.6685444366689993,714500000.0,477675000.0,GB1,GB1,20.0,446.0,1.0,0.0,0.2017937219730941,0.2017937219730941,22.3,35.0,1366.0,7.0,1.0,0.527086383601757,43.0,0.813953488372093,0.4791127195207551,0.4791127195207551,0.4211821430559045,1.1001302243217186,0.8874369030355177,391,True,,False,0.1253941384367091,57.4002574002574,68.91891891891892,22.06835242986962,60.681548794942714,84.1564598972738,,59.3,2026-08-28,184321,,2,1250,33,6.4,1250.0,0.51,0.55,0.04,7.3,9.0,1.0,0.9,0.3,0.2,0.4,3.0,2.0,,,,,0.9
904802,Jorrel Hato,2025-08-03,Ajax,Chelsea,Defender,Left-Back,left,182.0,19.408624229979463,44180000.0,35000000.0,35000000,40000000.0,40000000.0,1.2622857142857142,7.073986735445836,169625000.0,1199925000.0,NL1,GB1,48.0,4005.0,2.0,6.0,0.1797752808988764,0.0449438202247191,83.4375,35.0,2158.0,2.0,1.0,0.1251158480074142,58.0,0.603448275862069,0.1132639743398324,0.09624713860549,1.5872238454169567,1.299943560091225,1.2460351699496346,390,True,,False,0.1255385139462526,67.52701080432173,60.024009603841534,53.52232319241406,39.63650730936389,36.64559462662979,,47.8,2026-08-28,1413846,,2,1207,23,7.08,1207.0,,0.02,0.05,55.2,9.0,2.0,0.6,2.8,1.4,3.1,7.900000000000001,3.9000000000000004,,,,,1.2
475188,Kiernan Dewsbury-Hall,2025-08-06,Chelsea,Everton,Midfield,Central Midfield,left,176.0,26.915811088295687,28650000.0,20000000.0,20000000,35000000.0,35000000.0,1.4325,0.3862533074983853,1199925000.0,463475000.0,GB1,GB1,21.0,646.0,1.0,1.0,0.2786377708978328,0.1393188854489164,30.761904761904763,32.0,2683.0,8.0,6.0,0.4696235557212075,41.0,0.7804878048780488,0.2355486301266244,0.2355486301266244,1.1829309758585516,1.9937435232323404,1.09644431171508,387,True,,False,0.125972828206789,86.99402786994028,89.84737889847378,74.22362702489134,54.764915053338605,53.14105096799684,,70.3,2026-08-28,886016,,2,2724,32,7.211494126284875,2724.0,0.27,0.15,0.18,28.9,39.0,10.0,0.9,1.8,0.4,1.0,7.9,4.6,,,,,1.1
74960,Martin Dúbravka,2025-08-07,Newcastle,Burnley,Goalkeeper,Goalkeeper,right,191.0,36.558521560574945,,1000000.0,1000000,500000.0,750000.0,,0.3654303708887333,714500000.0,261100000.0,GB1,GB1,12.0,1110.0,0.0,0.0,0.0,0.0,92.5,35.0,3150.0,0.0,0.0,0.0,42.0,0.8333333333333334,0.0039623389120549,0.0039623389120549,0.0,0.0,0.0697719229727917,328,False,,False,0.134887032766851,40.8955223880597,37.46268656716418,14.09126827340972,62.6728565784275,72.02686685104702,,51.5,2026-07-01,72241,,1,3150,35,6.73,3150.0,,,0.0,20.0,,,,0.0,,1.7,1.7,8.3,4.0,3.6,64.1,2.0,
400536,Mads Hermansen,2025-08-09,Leicester,West Ham,Goalkeeper,Goalkeeper,right,187.0,25.078713210130047,20800000.0,15000000.0,15000000,15000000.0,18000000.0,1.3866666666666667,3.4150134048257375,139875000.0,477675000.0,GB1,GB1,28.0,2475.0,0.0,0.0,0.0,0.0,88.39285714285714,19.0,1740.0,0.0,1.0,0.0517241379310344,43.0,0.4418604651162791,0.0039623389120549,0.0039623389120549,0.0,1.0344827586206895,0.0697719229727917,384,True,,False,0.1264089297662919,99.70149253731344,99.70149253731344,53.05017779533781,19.798498617147377,65.64598972738048,,47.9,2026-08-28,967941,,1,1620,18,,1620.0,,,,,2.0,,,,,,,,7.0,,,,
627442,Benjamin Sesko,2025-08-09,Leipzig,Man Utd,Attack,Centre-Forward,right,195.0,22.193018480492817,76500000.0,70000000.0,70000000,75000000.0,75000000.0,1.0928571428571427,1.3022638764068986,584175000.0,760750000.0,L1,GB1,45.0,3258.0,21.0,6.0,0.7458563535911602,0.580110497237569,72.4,32.0,1817.0,12.0,1.0,0.6439185470555862,40.0,0.8,0.543236014295955,0.4791127195207551,1.3729876774790148,1.3439813238514775,1.1030075849972674,384,True,,False,0.1264089297662919,75.16087516087516,71.4929214929215,50.310154089292766,57.016989332279735,52.78546029237455,,62.4,2026-08-28,1073977,,2,1658,31,6.782937273823885,1658.0,0.61,0.51,0.02,11.6,9.0,,0.6,0.3,0.2,0.8,3.5,2.1,,,,,0.9
521964,Malick Thiaw,2025-08-12,AC Milan,Newcastle,Defender,Centre-Back,right,194.0,24.01095140314853,35000000.0,18000000.0,18000000,45000000.0,45000000.0,1.9444444444444444,1.467688262602194,486820000.0,714500000.0,IT1,GB1,31.0,2442.0,1.0,1.0,0.0737100737100737,0.0368550368550368,78.7741935483871,54.0,4641.0,5.0,1.0,0.1163542340012928,58.0,0.9310344827586208,0.0979603049171636,0.09624713860549,0.7524483899106257,1.2089110978999629,0.9649005366081228,381,True,,False,0.1268468259798908,63.74549819927971,68.7875150060024,84.08731726590281,79.57724219676017,24.120900829711577,,57.6,2026-08-28,1137407,,2,3054,36,7.009076620825148,3054.0,0.12,0.14,0.02911591355599214,45.33084479371316,6.0,1.0,0.2,1.3,0.9,5.7001964636542235,9.079764243614932,3.5528487229862473,,,,,0.7088408644400785
353032,Omar Alderete,2025-08-12,Getafe,Sunderland,Defender,Centre-Back,left,190.0,28.62696783025325,11600000.0,8000000.0,8000000,13000000.0,15000000.0,1.45,3.719206204379562,109600000.0,407625000.0,ES1,GB1,36.0,3073.0,1.0,0.0,0.0292873413602342,0.0292873413602342,85.36111111111111,34.0,2892.0,1.0,1.0,0.0622406639004149,42.0,0.8095238095238095,0.0909966967446702,0.09624713860549,0.3218505990652863,0.646675473185077,0.8198843514190853,381,True,,False,0.1268468259798908,33.85354141656663,48.019207683073226,74.65231133939155,59.46858949032003,10.904780719083366,,41.1,2026-08-28,751998,,2,2825,34,6.907950442477876,2825.0,0.030000000000000002,0.049999999999999996,0.030000000000000002,34.0,9.0,1.0,0.5,1.0,1.2,7.0,10.1,3.3000000000000003,,,,,1.1
463605,Bafodé Diakité,2025-08-13,Lille,Bournemouth,Defender,Centre-Back,right,184.0,24.59958932238193,35000000.0,28000000.0,28000000,25000000.0,35000000.0,1.25,1.8975220495590088,297625000.0,564750000.0,FR1,GB1,44.0,3922.0,4.0,1.0,0.1147373788883222,0.0917899031106578,89.13636363636364,20.0,1440.0,0.0,0.0,0.0,40.0,0.5,0.0906137250941025,0.09624713860549,1.2662251636732431,0.0,1.1379296355812452,380,True,,False,0.1269931914720592,6.602641056422569,4.3817527010804325,52.70841564598973,23.848281311734496,3.121295930462268,,19.5,2026-08-28,979752,,1,1275,18,,1275.0,,,,,3.0,,,,,,,,,,,,
306024,Dominic Calvert-Lewin,2025-08-15,Everton,Leeds,Attack,Centre-Forward,right,189.0,28.41615331964408,0.0,16000000.0,16000000,22000000.0,22000000.0,0.0,0.8658503694913425,463475000.0,401300000.0,GB1,GB1,26.0,1613.0,3.0,2.0,0.2789832610043397,0.1673899566026038,62.03846153846154,39.0,2955.0,15.0,1.0,0.4873096446700508,44.0,0.8863636363636364,0.4791127195207551,0.4791127195207551,0.5822914934994837,1.0171085525708747,0.923925924468438,378,True,,False,0.127286524232983,50.06435006435006,59.781209781209775,63.91742394310549,70.81588305017779,79.67206637692613,,63.7,2026-08-28,612150,,2,2816,36,6.838174715909091,2816.0,0.46,0.5075355113636364,0.038721590909090914,8.775355113636364,20.0,2.0,0.3,0.3,0.1,1.2,3.452059659090909,1.5159801136363635,,,,,1.5159801136363635
583199,James McAtee,2025-08-16,Man City,Nott'm Forest,Midfield,Attacking Midfield,left,180.0,22.82819986310746,25500000.0,20000000.0,20000000,18000000.0,25000000.0,1.275,0.3942719153394058,1407975000.0,555125000.0,GB1,GB1,24.0,676.0,7.0,0.0,0.9319526627218936,0.9319526627218936,28.166666666666668,26.0,1018.0,1.0,2.0,0.2652259332023575,56.0,0.4642857142857143,0.2355486301266244,0.2355486301266244,3.956519136710333,1.1259922550166368,2.327576870964398,377,True,,False,0.1274334920514314,60.98208360982083,2.12342402123424,52.84670090873173,24.992097984986167,30.225207427894112,,38.3,2026-08-28,1107648,,2,363,15,7.2700000000000005,363.0,,,,,9.0,1.0,,,,,,,,,,,
741238,Omari Hutchinson,2025-08-16,Ipswich,Nott'm Forest,Midfield,Attacking Midfield,left,174.0,21.796030116358654,43400000.0,22000000.0,22000000,30000000.0,35000000.0,1.9727272727272729,3.9908339324227176,139100000.0,555125000.0,GB1,GB1,32.0,2605.0,3.0,2.0,0.1727447216890595,0.1036468330134357,81.40625,41.0,2448.0,1.0,8.0,0.3308823529411764,56.0,0.7321428571428571,0.2355486301266244,0.2355486301266244,0.7333717950140347,1.40473053383203,0.8968952392683744,377,True,,False,0.1274334920514314,71.40013271400133,80.55739880557398,68.16870802054524,54.24535756617938,28.921374950612407,,56.7,2026-08-28,1215652,,1,1684,31,6.76,1684.0,0.05,0.1,0.21,23.9,33.0,8.0,2.2,1.2,0.6,0.4,6.9,4.6,,,,,1.2
823231,Dango Ouattara,2025-08-16,Bournemouth,Brentford,Attack,Right Winger,left,177.0,23.509924709103355,42800000.0,28000000.0,28000000,35000000.0,35000000.0,1.5285714285714285,0.8822045152722443,564750000.0,498225000.0,GB1,GB1,37.0,2285.0,9.0,4.0,0.512035010940919,0.3544857768052517,61.75675675675676,37.0,2590.0,7.0,8.0,0.5212355212355212,45.0,0.8222222222222222,0.4791127195207551,0.4791127195207551,1.0687151271064046,1.087918354071043,1.0340940949892272,377,True,,False,0.1274334920514314,56.4993564993565,56.821106821106824,59.128802844725406,62.62346898459107,22.876333465033586,,49.3,2026-08-28,1250253,,2,2346,33,6.969428815004262,2346.0,0.28,0.3,0.16,12.1,29.0,12.0,0.8999999999999999,0.8999999999999999,0.8999999999999999,2.1,7.300000000000001,3.4,,,,,1.1
503749,Jacob Ramsey,2025-08-17,Aston Villa,Newcastle,Midfield,Central Midfield,right,180.0,24.2217659137577,45150000.0,32000000.0,32000000,35000000.0,40000000.0,1.4109375,1.3853611245758604,515750000.0,714500000.0,GB1,GB1,44.0,2246.0,4.0,7.0,0.4407836153161175,0.1602849510240427,51.04545454545455,43.0,2332.0,2.0,3.0,0.192967409948542,57.0,0.7543859649122807,0.2355486301266244,0.2355486301266244,1.871306214258875,0.8192253542073588,1.4019983881773133,376,True,,False,0.127580661195627,45.719973457199735,16.19110816191108,56.86092453575662,57.24812327143421,17.483208218095612,,37.3,2026-08-28,1021929,,2,1478,29,6.781948579161028,1478.0,0.12,0.07,0.09000000000000001,39.6,22.0,2.0,0.9000000000000001,2.6,0.6,0.6,9.3,5.3,,,,,1.0
585959,Arnaud Kalimuendo,2025-08-18,Stade Rennais,Nott'm Forest,Attack,Centre-Forward,right,178.0,23.575633127994525,30000000.0,22000000.0,22000000,25000000.0,30000000.0,1.3636363636363635,1.530956977385549,362600000.0,555125000.0,FR1,GB1,33.0,2591.0,17.0,4.0,0.7294480895407179,0.5905055962948669,78.51515151515152,14.0,392.0,2.0,0.0,0.4591836734693877,55.0,0.2545454545454545,0.4766053917119471,0.4791127195207551,1.5305074223364743,0.9584042643006808,1.138683610816916,375,True,,False,0.1277280319413585,45.173745173745175,36.67953667953668,60.69340181746345,7.890161991307783,17.878308968787042,,36.4,2026-08-28,1095445,,2,90,10,,90.0,,,,,1.0,,,,,,,,,,,,
848509,Jackson Tchatchoua,2025-08-19,Hellas Verona,Wolves,Defender,Right-Back,right,180.0,23.928815879534564,12500000.0,8000000.0,8000000,12000000.0,12000000.0,1.5625,2.689575143276654,105565000.0,283925000.0,IT1,GB1,35.0,3080.0,2.0,3.0,0.1461038961038961,0.0584415584415584,88.0,36.0,2185.0,0.0,2.0,0.0823798627002288,43.0,0.8372093023255814,0.0979603049171636,0.09624713860549,1.4914602014299905,0.8559201228609806,1.2137840097578283,374,True,,False,0.1278756045647923,45.19807923169268,36.31452581032413,67.75385223231925,63.745555116554726,15.231133939154484,,42.4,2026-08-28,1210943,,1,1837,31,6.5,1837.0,,0.02,0.08,20.2,21.0,3.0,0.2,1.4,0.7,2.8,5.3,3.0,,,,,0.4
346890,Noah Okafor,2025-08-21,AC Milan,Leeds,Attack,Left Winger,right,185.0,25.242984257357975,19000000.0,13000000.0,13000000,25000000.0,25000000.0,1.4615384615384617,0.8243293208988949,486820000.0,401300000.0,IT1,GB1,17.0,561.0,0.0,2.0,0.320855614973262,0.0,33.0,33.0,1967.0,8.0,3.0,0.5033045246568378,43.0,0.7674418604651163,0.4985622392500374,0.4791127195207551,0.6435618057555047,1.050492930265515,0.9378027958663808,372,True,,False,0.1281713565513248,52.96010296010296,61.38996138996139,76.52706440142236,53.79494271039115,21.77005136309759,,51.1,2026-08-28,915797,,2,1592,29,6.94105527638191,1592.0,0.4600000000000001,0.3,0.08,14.5,21.0,4.0,2.2,1.3,0.7,0.9,6.5,3.5,,,,,1.0
532776,Amine Adli,2025-08-21,Leverkusen,Bournemouth,Attack,Left Winger,left,180.0,25.281314168377826,21000000.0,18000000.0,18000000,20000000.0,20000000.0,1.1666666666666667,1.2427930108710004,454420000.0,564750000.0,L1,GB1,28.0,1161.0,2.0,3.0,0.3875968992248062,0.1550387596899224,41.464285714285715,33.0,1243.0,3.0,2.0,0.3620273531777956,39.0,0.8461538461538461,0.543236014295955,0.4791127195207551,0.7134963239267922,0.7556204175500139,0.953641989094006,372,True,,False,0.1281713565513248,28.764478764478763,34.87773487773488,51.7186882655077,63.09363887791386,12.6037139470565,,33.5,2026-08-28,1079557,,1,1082,31,6.69,1082.0,0.25,0.22,0.13,26.5,16.0,1.0,0.7,3.0,0.6,1.4,10.2,5.1,,,,,2.4
479999,Eberechi Eze,2025-08-23,Crystal Palace,Arsenal,Midfield,Attacking Midfield,right,178.0,27.15126625598905,69300000.0,55000000.0,55000000,65000000.0,65000000.0,1.26,2.848220738455564,463535000.0,1320250000.0,GB1,GB1,41.0,3220.0,12.0,10.0,0.6149068322981366,0.3354037267080745,78.53658536585365,51.0,3087.0,10.0,6.0,0.466472303206997,60.0,0.85,0.2355486301266244,0.2355486301266244,2.6105302839909523,1.980365171116616,1.7301231017427394,370,True,,False,0.1284679193721316,86.59588586595885,71.06834771068348,55.40497826945871,71.15369419201897,57.34887396286052,,67.7,2026-08-28,818975,,2,1914,34,6.965391849529781,1914.0,0.33,0.24,0.13,26.8,16.0,4.0,1.4,0.9,0.5,0.5,5.7,3.7,,,,,0.8
866655,Tyler Dibling,2025-08-25,Southampton,Everton,Attack,Right Winger,left,178.0,19.51813826146475,40500000.0,25000000.0,25000000,17000000.0,35000000.0,1.62,3.059240924092409,151500000.0,463475000.0,GB1,GB1,34.0,2072.0,4.0,3.0,0.304054054054054,0.1737451737451737,60.94117647058823,17.0,513.0,0.0,0.0,0.0,39.0,0.4358974358974359,0.4791127195207551,0.4791127195207551,0.6346190398747752,0.0,0.9357773840886464,368,True,,False,0.1287652952501976,1.8018018018018016,3.2175032175032174,51.04109047807191,18.308968787040698,0.7309363887791387,,13.0,2026-08-28,1292833,,1,350,14,,350.0,,,,,4.0,,,,,,,,,,,,
413220,James Justin,2025-08-25,Leicester,Leeds,Defender,Right-Back,both,183.0,27.50171115674196,9300000.0,13000000.0,13000000,12000000.0,12000000.0,0.7153846153846154,2.8689901697944595,139875000.0,401300000.0,GB1,GB1,36.0,2921.0,4.0,2.0,0.1848681958233481,0.1232454638822321,81.13888888888889,34.0,2271.0,3.0,1.0,0.1585204755614266,42.0,0.8095238095238095,0.09624713860549,0.09624713860549,1.920765630042358,1.6470149435942252,1.3583649548111931,368,True,,False,0.1287652952501976,78.33133253301321,70.22809123649459,36.34729355985777,59.46858949032003,74.00237060450415,,62.6,2026-08-28,710158,,2,1986,30,7.073564954682778,1986.0,0.09,0.08,0.057734138972809664,25.02900302114804,12.0,5.0,0.1,2.8495468277945624,1.286404833836858,4.286404833836857,8.945015105740183,3.3317220543806645,,,,,0.6181268882175226
745181,Soungoutou Magassa,2025-08-29,Monaco,West Ham,Midfield,Defensive Midfield,right,190.0,21.89185489390828,17000000.0,12000000.0,12000000,17000000.0,17000000.0,1.4166666666666667,1.1676383236167638,409095000.0,477675000.0,FR1,GB1,27.0,1292.0,1.0,1.0,0.1393188854489164,0.0696594427244582,47.851851851851855,26.0,1259.0,1.0,1.0,0.1429706115965051,40.0,0.65,0.2109459846919036,0.2355486301266244,0.6604481505177645,0.606968554729646,0.8645260958080457,364,True,,False,0.1293624951005366,33.178500331785,39.68148639681486,65.11853022520742,38.03042275780324,10.944290794152508,,34.1,2026-08-28,1385894,,1,979,22,,979.0,0.09,0.04,0.03,30.1,5.0,1.0,0.5,3.7,1.5,1.3,11.8,5.0,,,,,1.6
568157,Yéremy Pino,2025-08-29,Villarreal,Crystal Palace,Attack,Right Winger,right,174.0,22.85831622176591,30000000.0,30000000.0,30000000,30000000.0,35000000.0,1.0,1.2042998181345803,384900000.0,463535000.0,ES1,GB1,34.0,2028.0,4.0,11.0,0.665680473372781,0.1775147928994083,59.64705882352941,38.0,2429.0,4.0,3.0,0.2593659942363112,54.0,0.7037037037037037,0.4599952362514491,0.4791127195207551,1.447146450466494,0.5413465008730071,1.1198035130394874,364,True,,False,0.1293624951005366,14.543114543114545,10.296010296010296,51.74041880679573,50.18964836033188,9.561438166732517,,23.4,2026-08-28,1047676,,2,2194,36,6.709530537830447,2194.0,0.09,0.1862443026435734,0.2515496809480401,26.76103008204193,50.0,15.0,0.8,1.551640838650866,0.42347310847766645,0.9,7.397174111212398,4.426754785779398,,,,,1.3610300820419328
880245,Mateus Fernandes,2025-08-29,Southampton,West Ham,Midfield,Central Midfield,right,180.0,21.136208076659823,44000000.0,15000000.0,15000000,50000000.0,50000000.0,2.933333333333333,3.152970297029703,151500000.0,477675000.0,GB1,GB1,38.0,3155.0,3.0,4.0,0.1996830427892234,0.0855784469096672,83.02631578947368,38.0,3251.0,4.0,4.0,0.2214703168255921,40.0,0.95,0.2355486301266244,0.2355486301266244,0.8477359544900746,0.94023181840003,0.947658882670607,364,True,,False,0.1293624951005366,52.48838752488387,56.934306569343065,89.53575661793758,75.1521137890162,13.749506124061636,,51.4,2026-08-28,1356312,,2,3069,37,7.230029325513198,3069.0,0.08999999999999998,0.06,0.08999999999999998,40.7,39.0,4.0,0.8,3.1,1.0,1.1,11.0,5.4,,,,,1.5
566931,Xavi Simons,2025-08-29,Leipzig,Tottenham,Midfield,Attacking Midfield,right,179.0,22.357289527720734,65000000.0,70000000.0,70000000,40000000.0,60000000.0,0.9285714285714286,1.3144177686480936,584175000.0,767850000.0,L1,GB1,33.0,2764.0,11.0,8.0,0.6186685962373372,0.3581765557163531,83.75757575757575,41.0,2569.0,5.0,6.0,0.3853639548462437,49.0,0.8367346938775511,0.2678347608424593,0.2355486301266244,2.3098891058477604,1.6360271534548203,1.59667533603354,364,True,,False,0.1293624951005366,78.83211678832117,60.053085600530856,23.03042275780324,66.14579217700513,64.20387198735678,,59.6,2026-08-28,1173787,,1,1757,28,6.92,1757.0,0.1,0.16,0.2,34.1,34.0,7.0,1.4,1.7,0.8,0.6,7.6,4.5,,,,,1.1
811779,Alejandro Garnacho,2025-08-30,Man Utd,Chelsea,Attack,Left Winger,right,180.0,21.163586584531146,46200000.0,45000000.0,45000000,28000000.0,45000000.0,1.0266666666666666,1.5772921459086429,760750000.0,1199925000.0,GB1,GB1,52.0,3306.0,7.0,6.0,0.3539019963702359,0.190562613430127,63.57692307692308,42.0,2149.0,8.0,4.0,0.5025593299208935,55.0,0.7636363636363637,0.4791127195207551,0.4791127195207551,0.7386612418143178,1.048937566140159,0.9593414921062609,363,True,,False,0.1295123067142495,52.8957528957529,59.588159588159584,33.75938364282892,57.86052943500592,31.173449229553533,,45.2,2026-08-28,1203665,,2,1272,25,6.88,1272.0,0.07,0.24,0.26,29.3,29.0,6.0,1.0,1.1,0.3,0.4,5.0,3.2,,,,,0.6
708072,Nicolò Savona,2025-08-30,Juventus,Nott'm Forest,Defender,Right-Back,right,192.0,22.45037645448323,13000000.0,12000000.0,12000000,15000000.0,18000000.0,1.0833333333333333,0.9802926088453694,566285000.0,555125000.0,IT1,GB1,38.0,2432.0,1.0,1.0,0.0740131578947368,0.0370065789473684,64.0,20.0,1500.0,2.0,2.0,0.24,54.0,0.3703703703703703,0.0979603049171636,0.09624713860549,0.7555423388822976,2.4935806246016567,0.9659425128713096,363,True,,False,0.1295123067142495,92.1968787515006,94.9579831932773,65.32793362307389,16.42828921374951,68.01659423152904,,64.7,2026-08-28,1622290,,1,1026,14,,1026.0,,,,,7.0,1.0,,,,,,,,,,,
455661,Nick Woltemade,2025-08-30,Stuttgart,Newcastle,Attack,Centre-Forward,right,198.0,23.540041067761805,75000000.0,30000000.0,30000000,55000000.0,70000000.0,2.5,1.6557557499565494,431525000.0,714500000.0,L1,GB1,34.0,2169.0,17.0,3.0,0.8298755186721992,0.7053941908713692,63.794117647058826,51.0,3026.0,11.0,5.0,0.4758757435558493,55.0,0.9272727272727272,0.543236014295955,0.4791127195207551,1.5276518802747916,0.9932438112514655,1.1380368703564494,363,True,,False,0.1295123067142495,47.87644787644788,39.703989703989706,80.20545239035954,78.38403792967208,12.01106282101936,,47.0,2026-08-28,1106563,,1,1912,33,6.66,1912.0,0.38,0.31,0.07,13.8,22.0,5.0,0.6,1.1,0.2,1.0,4.9,2.5,,,,,0.9
349066,Alexander Isak,2025-09-01,Newcastle,Liverpool,Attack,Centre-Forward,right,190.0,25.94661190965092,145000000.0,120000000.0,120000000,85000000.0,140000000.0,1.2083333333333333,1.4221833449965011,714500000.0,1016150000.0,GB1,GB1,34.0,2681.0,24.0,5.0,0.9735173442745244,0.8056695262961581,78.8529411764706,22.0,1032.0,4.0,1.0,0.436046511627907,53.0,0.4150943396226415,0.4791127195207551,0.4791127195207551,2.0319171347575793,0.9101125765646,1.2522459192293958,361,True,,False,0.1298125458868703,41.44144144144144,23.55212355212355,44.42315290399051,19.71750296325563,18.668510470169895,,31.5,2026-08-28,690107,2025/2026,1,90,1,6.679999999999999,90.0,,1.09,0.01,10.0,1.0,,,,,,1.0,,,,,,
184573,Victor Lindelöf,2025-09-01,Man Utd,Aston Villa,Defender,Centre-Back,right,187.0,31.12662559890486,0.0,8000000.0,8000000,5000000.0,6000000.0,0.0,0.6779493920473217,760750000.0,515750000.0,GB1,GB1,23.0,1090.0,0.0,0.0,0.0,0.0,47.391304347826086,27.0,1718.0,0.0,1.0,0.0523864959254947,52.0,0.5192307692307693,0.09624713860549,0.09624713860549,0.0,0.5442914634607807,0.7114919094011505,361,True,,False,0.1298125458868703,27.55102040816326,48.31932773109243,17.765705254839986,29.13868036349269,59.66021335440538,,38.5,2026-08-28,258269,2025/2026,1,90,1,3.5700000000000003,90.0,,,0.0,27.0,,,,,,3.0,3.0,1.0,,,,,
131996,Bertrand Traoré,2025-09-01,Ajax,Sunderland,Attack,Right Winger,left,181.0,29.987679671457904,2900000.0,8000000.0,8000000,4000000.0,5000000.0,0.3625,2.4030950626381724,169625000.0,407625000.0,NL1,GB1,43.0,2486.0,9.0,7.0,0.5792437650844731,0.3258246178600161,57.81395348837209,12.0,639.0,1.0,0.0,0.1408450704225352,38.0,0.3157894736842105,0.5046288705881634,0.4791127195207551,1.1478609307655014,0.2939706350593637,1.0520195159414631,303,False,,False,0.1388868804587827,6.113256113256113,5.662805662805663,11.400632161201107,9.083366258395891,19.616752271829316,,10.7,2026-07-01,303059,,1,638,12,,638.0,,,,,8.0,2.0,,,,,,,,,,,
315858,Gianluigi Donnarumma,2025-09-01,PSG,Man City,Goalkeeper,Goalkeeper,right,196.0,26.5160848733744,30000000.0,40000000.0,40000000,45000000.0,45000000.0,0.75,1.0006574037880671,1407050000.0,1407975000.0,FR1,GB1,45.0,4012.0,0.0,0.0,0.0,0.0,89.15555555555555,43.0,3870.0,0.0,0.0,0.0,56.0,0.7678571428571429,0.0025413936551001,0.0039623389120549,0.0,0.0,0.0697719229727917,361,True,,False,0.1298125458868703,40.8955223880597,37.46268656716418,52.47728170683524,58.806795732911894,33.85025681548795,,47.1,2026-08-28,618878,,2,3240,36,7.231111111111111,3240.0,,,0.0,20.866666666666667,1.0,,0.1,,0.0,1.2555555555555555,1.2555555555555555,6.85,15.0,2.283333333333333,72.55555555555557,0.9055555555555556,
388165,Yoane Wissa,2025-09-01,Brentford,Newcastle,Attack,Centre-Forward,right,176.0,28.993839835728952,57700000.0,32000000.0,32000000,25000000.0,42000000.0,1.803125,1.4340910231321191,498225000.0,714500000.0,GB1,GB1,33.0,2701.0,17.0,4.0,0.699740836727138,0.5664568678267308,81.84848484848484,28.0,904.0,3.0,2.0,0.497787610619469,55.0,0.509090909090909,0.4791127195207551,0.4791127195207551,1.4604931328624962,1.038978074131269,1.1228263505015297,361,True,,False,0.1298125458868703,51.994851994852,45.23809523809524,51.24654286843145,29.19201896483603,16.930067167127618,,39.8,2026-08-28,666857,2025/2026,1,89,1,7.58,89.0,,,,,1.0,,,,,,,,,,,,
1006411,Jaydee Canvot,2025-09-01,Toulouse,Crystal Palace,Defender,Centre-Back,right,188.0,19.09377138945927,23000000.0,4000000.0,4000000,28000000.0,28000000.0,5.75,2.664606806162336,173960000.0,463535000.0,FR1,GB1,20.0,1285.0,0.0,0.0,0.0,0.0,64.25,24.0,1604.0,0.0,0.0,0.0,53.0,0.4528301886792453,0.0906137250941025,0.09624713860549,0.0,0.0,0.7114919094011505,361,True,,False,0.1298125458868703,6.602641056422569,17.97719087635054,97.02884235480047,23.058079810351636,0.2173054128802845,,30.5,2026-08-28,1664722,,2,1514,22,5.859999999999999,1514.0,,0.0904887714663144,0.0188110964332893,46.986129458388376,3.0,,0.1,2.588110964332893,0.764332892998679,6.436327608982827,10.90766182298547,3.5286657859973585,,,,,0.8
900195,Kevin,2025-09-01,Shakhtar D.,Fulham,Attack,Left Winger,right,176.0,22.65845311430527,40000000.0,12000000.0,12000000,25000000.0,30000000.0,3.3333333333333335,1.4086056292461986,231825000.0,326550000.0,UKR1,GB1,36.0,2759.0,14.0,5.0,0.6197897789054005,0.4566872055092424,76.63888888888889,31.0,1469.0,3.0,4.0,0.4288631722260041,41.0,0.7560975609756098,0.4125853079939455,0.4791127195207551,1.5022100082014933,0.8951195715592473,1.1322746410828524,361,True,,False,0.1298125458868703,40.15444015444015,31.27413127413127,82.71631766100356,51.18530225207427,7.684709600948242,,40.1,2026-08-28,1318400,,2,1054,27,6.609193548387097,1054.0,0.09,0.1,0.13,22.5,14.0,1.0,3.8,1.8,0.8,0.7,7.5,4.2,,,,,1.2
683571,Tolu Arokodare,2025-09-01,Genk,Wolves,Attack,Centre-Forward,right,197.0,24.772073921971252,26000000.0,18000000.0,18000000,20000000.0,25000000.0,1.4444444444444444,1.7158180994107872,165475000.0,283925000.0,BE1,GB1,30.0,1978.0,14.0,6.0,0.910010111223458,0.6370070778564206,65.93333333333334,38.0,1692.0,6.0,2.0,0.425531914893617,40.0,0.95,0.4819920768254938,0.4791127195207551,1.888018818103786,0.8881665995410565,1.2196549569662825,361,True,,False,0.1298125458868703,39.897039897039896,24.38867438867439,60.68549980244963,75.1521137890162,13.769261161596209,,38.5,2026-08-28,1072864,,1,1407,33,6.59,1407.0,0.19,0.35,0.03,10.4,12.0,1.0,1.2,0.4,0.3,2.8,5.3,1.7,,,,,1.1
473169,Brian Brobbey,2025-09-01,Ajax,Sunderland,Attack,Centre-Forward,right,181.0,23.581108829568787,20000000.0,22000000.0,22000000,30000000.0,30000000.0,0.9090909090909092,2.4030950626381724,169625000.0,407625000.0,NL1,GB1,38.0,2121.0,6.0,6.0,0.5091937765205092,0.2545968882602546,55.81578947368421,32.0,1968.0,7.0,1.0,0.3658536585365854,38.0,0.8421052631578947,0.5046288705881634,0.4791127195207551,1.009046065729504,0.7636066496054206,1.020579884588221,361,True,,False,0.1298125458868703,29.407979407979408,29.794079794079792,63.676412485183725,61.94192018964836,20.584749111023314,,37.1,2026-08-28,940446,,2,1998,32,6.50484984984985,1998.0,0.33,0.28,0.03,9.2,15.0,2.0,0.1,0.4,,0.7,3.4,2.1,,,,,1.5
503883,Senne Lammens,2025-09-01,Royal Antwerp,Man Utd,Goalkeeper,Goalkeeper,right,193.0,23.15400410677618,21000000.0,9000000.0,9000000,35000000.0,35000000.0,2.3333333333333335,6.253596383066173,121650000.0,760750000.0,BE1,GB1,29.0,2597.0,0.0,0.0,0.0,0.0,89.55172413793103,33.0,2970.0,0.0,0.0,0.0,36.0,0.9166666666666666,0.003390256152687,0.0039623389120549,0.0,0.0,0.0697719229727917,361,True,,False,0.1298125458868703,40.8955223880597,37.46268656716418,91.36112208613196,69.9683919399447,9.176214934808376,,52.7,2026-08-28,1178602,,2,2970,33,7.089090909090909,2970.0,,,0.0,17.236363636363635,,,,0.0,,0.8363636363636363,0.8363636363636363,7.03030303030303,8.0,2.484848484848485,66.3878787878788,1.2242424242424241,
540664,Dilane Bakwa,2025-09-01,R. Strasbourg,Nott'm Forest,Attack,Right Winger,left,180.0,23.017111567419576,35000000.0,25000000.0,25000000,28000000.0,35000000.0,1.4,1.3319536920400696,416775000.0,555125000.0,FR1,GB1,32.0,2403.0,7.0,10.0,0.6367041198501873,0.2621722846441947,75.09375,24.0,967.0,0.0,2.0,0.1861427094105481,53.0,0.4528301886792453,0.4766053917119471,0.4791127195207551,1.3359146390752568,0.388515482529335,1.094611058730023,361,True,,False,0.1298125458868703,8.172458172458171,6.435006435006435,61.14381667325168,23.058079810351636,2.4693796918214144,,18.3,2026-08-28,1079539,,1,552,14,,552.0,,,,,11.0,2.0,,,,,,,,,,,
82873,Pascal Groß,2026-01-02,Dortmund,Brighton,Midfield,Central Midfield,right,181.0,34.55167693360712,2000000.0,3500000.0,3500000,2500000.0,2500000.0,0.5714285714285714,1.0711725550435227,537075000.0,575300000.0,L1,GB1,43.0,2944.0,1.0,11.0,0.3668478260869565,0.030570652173913,68.46511627906976,21.0,1817.0,1.0,3.0,0.1981287837094111,21.0,1.0,0.2678347608424593,0.2355486301266244,1.369679667168881,0.8411374908141158,1.1793377987563356,238,True,,False,0.1499503698556384,46.84804246848042,32.846715328467155,19.002370604504147,66.52706440142236,48.676412485183725,,42.8,2026-08-28,167008,,2,1726,20,7.238064889918888,1726.0,0.06,0.08,0.21312862108922365,51.8106604866744,43.0,6.0,0.4000000000000001,1.6730011587485518,0.6999999999999998,1.3,7.843568945538818,4.085283893395133,,,,,0.9052143684820394
817665,Pablo,2026-01-02,Gil Vicente,West Ham,Attack,Centre-Forward,right,184.0,22.001368925393567,23000000.0,5000000.0,5000000,18000000.0,18000000.0,4.6,6.3038601121742,75775000.0,477675000.0,PO1,GB1,27.0,1699.0,15.0,1.0,0.8475573866980577,0.794585050029429,62.92592592592592,17.0,1037.0,0.0,1.0,0.0867888138862102,23.0,0.7391304347826086,0.4331228916016845,0.4791127195207551,1.9568519769615456,0.1811448754126648,1.2352447076662951,238,True,,False,0.1499503698556384,4.1827541827541825,0.8365508365508365,90.65981825365468,41.29197945476096,0.0790201501382852,,23.2,2026-08-28,1227326,,1,826,14,,826.0,,,,,14.0,2.0,,,,,,,,,,,
470607,Brennan Johnson,2026-01-02,Tottenham,Crystal Palace,Attack,Right Winger,right,186.0,24.61327857631759,40000000.0,35000000.0,35000000,30000000.0,30000000.0,1.1428571428571428,0.603679103991665,767850000.0,463535000.0,GB1,GB1,44.0,2363.0,11.0,3.0,0.5332204824375794,0.4189589504866695,53.70454545454545,19.0,1162.0,0.0,1.0,0.0774526678141136,28.0,0.6785714285714286,0.4791127195207551,0.4791127195207551,1.112933263326732,0.1616585506049341,1.044108886283618,238,True,,False,0.1499503698556384,3.9897039897039894,3.861003861003861,31.264322402212564,36.58237850651916,3.694192018964836,,12.4,2026-08-28,1076756,2025/2026,1,6,1,,6.0,,,,,,,,,,,,,,,,,
522784,Taty Castellanos,2026-01-05,Lazio,West Ham,Attack,Centre-Forward,right,178.0,27.2580424366872,29000000.0,25000000.0,25000000,28000000.0,28000000.0,1.16,1.642200257842716,290875000.0,477675000.0,IT1,GB1,30.0,2173.0,7.0,6.0,0.5384261389783709,0.2899217671421997,72.43333333333334,22.0,1710.0,7.0,0.0,0.368421052631579,22.0,1.0,0.4985622392500374,0.4791127195207551,1.079957719598457,0.7689652927605464,1.036640385426589,235,True,,False,0.1504851442870751,30.11583011583012,28.893178893178895,52.15329909126827,67.08810746740419,13.611220861319635,,33.7,2026-08-28,823658,,1,1395,18,,1395.0,,,,,12.0,1.0,,,,,,,,,,,
583255,Antoine Semenyo,2026-01-09,Bournemouth,Man City,Attack,Right Winger,right,185.0,26.00684462696783,72000000.0,65000000.0,65000000,80000000.0,80000000.0,1.1076923076923078,2.4930942895086323,564750000.0,1407975000.0,GB1,GB1,43.0,3724.0,18.0,8.0,0.6283566058002149,0.435016111707841,86.6046511627907,26.0,1935.0,10.0,3.0,0.6046511627906976,29.0,0.896551724137931,0.4791127195207551,0.4791127195207551,1.311500572200932,1.2620227728362452,1.0890816130027003,231,True,,False,0.1512016017605776,69.62676962676963,66.21621621621621,57.86448044251284,63.95890952192809,46.58237850651916,,60.5,2026-08-28,933576,2025/2026,1,180,2,7.67,180.0,,0.05999999999999999,0.15,36.0,3.0,1.0,2.0,1.0,,,4.0,3.0,,,,,1.5
488362,Conor Gallagher,2026-01-14,Atlético,Tottenham,Midfield,Central Midfield,right,182.0,25.93839835728953,40000000.0,35000000.0,35000000,32000000.0,32000000.0,1.1428571428571428,1.4803354540196645,518700000.0,767850000.0,ES1,GB1,54.0,2222.0,5.0,6.0,0.4455445544554455,0.2025202520252025,41.148148148148145,18.0,1245.0,1.0,1.0,0.144578313253012,21.0,0.8571428571428571,0.2020189003735634,0.2355486301266244,2.2054597546643726,0.6137939039394572,1.550321527563408,226,True,,False,0.1521027081327128,33.842070338420704,5.242203052422031,35.934413275385225,55.55116554721454,15.90280521532991,,28.2,2026-08-28,966027,,2,1235,17,6.070000000000001,1235.0,,,,,13.0,1.0,,,,,,,,,,,
392757,Marc Guéhi,2026-01-19,Crystal Palace,Man City,Defender,Centre-Back,right,182.0,25.519507186858316,23000000.0,55000000.0,55000000,70000000.0,70000000.0,0.4181818181818181,3.0374728984866297,463535000.0,1407975000.0,GB1,GB1,45.0,3992.0,3.0,4.0,0.157815631262525,0.0676352705410821,88.71111111111111,19.0,1600.0,2.0,1.0,0.1687499999999999,26.0,0.7307692307692307,0.09624713860549,0.09624713860549,1.6396916682313,1.7532988766730395,1.2637052176634729,221,True,,False,0.1530100033979943,80.0720288115246,76.83073229291718,60.412880284472536,41.58435401027263,82.37850651916239,,69.5,2026-08-28,844425,2025/2026,1,180,2,8.29,180.0,0.5,0.45,0.18,82.0,2.0,1.0,1.0,2.0,1.5,1.5,5.0,4.0,,,,,1.0
331726,Tammy Abraham,2026-01-27,Besiktas,Aston Villa,Attack,Centre-Forward,right,194.0,28.320328542094455,21000000.0,14000000.0,14000000,18000000.0,20000000.0,1.5,2.105402812646705,244965000.0,515750000.0,TR1,GB1,24.0,1724.0,12.0,2.0,0.7308584686774942,0.6264501160092807,71.83333333333333,16.0,437.0,3.0,1.0,0.8237986270022883,23.0,0.6956521739130435,0.4740141265660224,0.4791127195207551,1.5418495519789062,1.719425499340352,1.1412524450309338,213,True,,False,0.1544746549243248,90.47619047619048,88.15958815958817,64.27103911497431,36.59818253654682,54.97826945871197,,70.9,2026-08-28,749661,,1,279,12,,279.0,,,,,4.0,1.0,,,,,,,,,,,
661207,Oscar Bobb,2026-01-30,Man City,Fulham,Attack,Right Winger,left,177.0,22.55441478439425,31200000.0,25000000.0,25000000,28000000.0,30000000.0,1.248,0.2319288339636712,1407975000.0,326550000.0,GB1,GB1,20.0,813.0,1.0,1.0,0.2214022140221402,0.1107011070110701,40.65,16.0,746.0,0.0,0.0,0.0,17.0,0.9411764705882352,0.4791127195207551,0.4791127195207551,0.4621088211634279,0.0,0.8967062249620972,210,True,,False,0.1550280477866128,1.8018018018018016,3.667953667953668,55.27064401422363,61.6910312129593,2.1928091663374163,,18.5,2026-08-28,1113790,2025/2026,1,67,1,6.86,67.0,,,,,1.0,,,,,,,,,,,,
429983,Jørgen Strand Larsen,2026-02-02,Wolves,Crystal Palace,Attack,Centre-Forward,right,193.0,25.99041752224504,49700000.0,40000000.0,40000000,40000000.0,45000000.0,1.2425,1.6325966364356783,283925000.0,463535000.0,GB1,GB1,39.0,2463.0,13.0,4.0,0.6211936662606578,0.4750304506699147,63.15384615384615,14.0,911.0,3.0,0.0,0.2963776070252469,22.0,0.6363636363636364,0.4791127195207551,0.4791127195207551,1.29655014561505,0.6185968248175634,1.0856955498436005,207,True,,False,0.1555837179825754,19.36936936936937,14.671814671814673,50.15804030027657,29.86566574476491,7.368629000395101,,22.7,2026-08-28,821100,2025/2026,1,90,2,6.26,90.0,,0.32,0.01,9.0,,,,1.0,,1.0,4.0,1.0,,,,,3.0
