player_id,transfer_date,predicted_score,surprise_delta
25823,2013-01-01,51.5,17.9
104201,2013-01-01,46.6,11.6
39280,2013-01-01,57.0,14.7
44059,2013-01-01,52.4,1.4
24654,2013-01-01,55.1,19.4
48987,2013-01-01,43.4,11.7
16529,2013-01-01,52.8,-22.0
46083,2013-01-02,51.9,28.2
57403,2013-01-02,62.3,-41.1
47082,2013-01-02,54.8,25.7
59442,2013-01-03,55.4,-43.1
40205,2013-01-04,54.1,17.7
27306,2013-01-04,42.6,4.2
3132,2013-01-05,53.9,-9.7
110668,2013-01-05,57.7,7.9
95314,2013-01-05,43.8,-2.5
42460,2013-01-06,51.5,20.7
54175,2013-01-08,52.7,-33.7
5889,2013-01-09,41.9,7.7
19438,2013-01-09,46.3,-35.7
77737,2013-01-09,40.4,1.6
29354,2013-01-10,41.0,19.3
43015,2013-01-10,40.1,35.4
37949,2013-01-11,46.4,-6.7
76028,2013-01-11,59.9,17.2
3176,2013-01-14,49.1,3.3
45121,2013-01-16,40.3,-4.9
16531,2013-01-16,48.0,14.6
18445,2013-01-16,38.9,-23.6
7841,2013-01-18,37.0,-12.8
43332,2013-01-18,43.9,1.8
146795,2013-01-18,47.4,15.3
44903,2013-01-20,51.5,28.7
46001,2013-01-21,46.4,32.6
28964,2013-01-21,43.4,-13.6
42411,2013-01-21,39.0,18.9
49024,2013-01-21,40.8,0.2
57480,2013-01-22,45.0,-9.2
58178,2013-01-22,46.3,3.9
122115,2013-01-22,52.5,-0.5
23825,2013-01-23,43.9,-3.5
60573,2013-01-23,56.0,-15.7
37783,2013-01-23,44.0,22.6
15567,2013-01-23,40.2,10.5
24977,2013-01-23,45.4,-12.6
42731,2013-01-24,49.4,0.4
29311,2013-01-24,45.9,3.7
170929,2013-01-24,43.2,3.5
49038,2013-01-25,46.5,-4.4
34370,2013-01-25,47.9,19.9
9340,2013-01-25,47.5,-7.5
19548,2013-01-25,47.0,10.0
42678,2013-01-25,52.4,-2.4
45599,2013-01-25,49.1,-29.3
88239,2013-01-25,51.5,-23.4
15045,2013-01-25,40.8,-11.1
84846,2013-01-25,45.6,-3.2
80709,2013-01-28,62.6,-6.6
17228,2013-01-28,54.2,-40.5
55508,2013-01-28,51.8,0.2
5470,2013-01-29,47.6,-10.3
161244,2013-01-29,53.0,-11.5
119169,2013-01-29,56.8,20.4
16095,2013-01-29,44.6,-2.2
45646,2013-01-30,56.9,-16.1
80444,2013-01-30,60.3,32.7
57016,2013-01-30,45.7,1.8
238890,2013-01-30,51.5,-4.9
24459,2013-01-31,51.0,-0.7
43518,2013-01-31,51.9,20.0
25441,2013-01-31,52.2,-8.4
18093,2013-01-31,37.4,15.6
16458,2013-01-31,37.9,3.7
60890,2013-01-31,43.9,15.1
34283,2013-01-31,53.8,-5.7
29152,2013-01-31,46.5,-29.4
134999,2013-01-31,60.0,26.3
95438,2013-01-31,56.7,-4.6
20232,2013-01-31,42.9,10.4
16137,2013-01-31,51.3,-18.2
40014,2013-01-31,46.3,10.4
45146,2013-01-31,58.4,21.5
61637,2013-01-31,55.7,12.8
119164,2013-01-31,52.6,-33.5
52769,2013-01-31,57.5,-6.9
42425,2013-01-31,38.3,11.2
5782,2013-02-01,55.0,6.3
16589,2013-02-01,53.0,20.1
56036,2013-02-01,57.4,-12.6
91727,2013-02-04,45.0,3.0
42621,2013-02-06,42.9,-7.9
88257,2013-02-12,45.0,-5.1
124028,2013-02-14,57.2,21.7
73912,2013-02-20,65.4,-5.3
57402,2013-02-21,48.2,20.7
45335,2013-07-01,52.1,31.2
21042,2013-07-01,57.3,-31.8
48508,2013-07-01,51.3,-16.3
48521,2013-07-01,39.5,-14.1
89591,2013-07-01,47.0,1.3
56384,2013-07-01,40.6,-19.1
38415,2013-07-01,48.9,-6.5
26267,2013-07-01,50.2,0.1
3441,2013-07-01,47.9,10.8
39106,2013-07-01,50.3,-3.5
3202,2013-07-01,41.6,-13.5
39094,2013-07-01,41.3,23.8
50651,2013-07-01,54.2,-17.5
45196,2013-07-01,54.1,-22.0
2923,2013-07-01,56.5,16.3
85258,2013-07-01,49.3,12.5
2138,2013-07-01,38.0,-1.5
1791,2013-07-01,52.4,6.3
20346,2013-07-01,39.8,10.3
85825,2013-07-01,49.1,3.0
87422,2013-07-01,41.5,-8.1
38497,2013-07-01,57.7,20.0
19063,2013-07-01,45.9,6.7
22723,2013-07-01,39.6,-9.5
38434,2013-07-01,49.3,16.1
19819,2013-07-01,46.3,21.0
49872,2013-07-01,48.1,-20.7
19940,2013-07-01,38.4,-6.7
221899,2013-07-01,60.3,-8.3
49804,2013-07-01,38.7,17.1
49734,2013-07-01,56.1,-44.1
20081,2013-07-01,40.7,10.5
1428,2013-07-01,48.0,-11.7
92701,2013-07-01,56.4,28.0
127236,2013-07-01,47.3,6.4
187105,2013-07-01,58.8,-25.7
59594,2013-07-01,48.9,33.7
56416,2013-07-01,57.4,31.4
55336,2013-07-01,51.0,15.0
99186,2013-07-01,66.5,6.2
99327,2013-07-01,47.5,-17.6
52480,2013-07-01,55.2,-30.0
50219,2013-07-01,52.7,17.9
48805,2013-07-01,47.9,0.3
48015,2013-07-01,54.4,29.4
41355,2013-07-01,46.0,-28.4
39152,2013-07-01,64.0,5.4
37838,2013-07-01,41.5,31.0
34322,2013-07-01,53.5,26.3
29364,2013-07-01,54.2,2.4
27807,2013-07-01,41.1,27.8
27706,2013-07-01,41.2,20.7
15956,2013-07-01,48.3,12.7
45464,2013-07-01,57.6,-45.0
109008,2013-07-01,40.3,-18.3
27494,2013-07-01,43.2,15.4
27583,2013-07-01,45.3,28.3
111163,2013-07-01,40.4,-29.1
27611,2013-07-01,53.3,-15.5
118309,2013-07-01,59.9,10.2
203412,2013-07-01,43.9,-25.7
38410,2013-07-01,49.5,6.9
147487,2013-07-01,50.7,36.1
139208,2013-07-01,56.5,33.6
138927,2013-07-01,61.1,13.6
138736,2013-07-01,52.2,-19.9
18759,2013-07-01,50.7,14.1
126360,2013-07-01,51.9,18.9
124628,2013-07-01,43.9,17.9
118022,2013-07-01,70.0,-13.2
110078,2013-07-01,63.3,8.2
106675,2013-07-01,45.9,12.4
21887,2013-07-01,46.3,-8.7
106405,2013-07-01,56.7,17.2
94307,2013-07-01,69.7,-22.0
92936,2013-07-01,47.9,27.3
91845,2013-07-01,57.9,14.3
88103,2013-07-01,69.7,12.8
85288,2013-07-01,70.2,14.6
96444,2013-07-01,43.8,-9.7
74842,2013-07-01,72.5,5.9
74294,2013-07-01,54.4,28.2
72772,2013-07-01,66.6,8.4
96661,2013-07-01,48.1,-1.4
45668,2013-07-01,54.8,-34.7
72047,2013-07-01,55.2,-31.0
71271,2013-07-01,45.2,23.8
3525,2013-07-01,45.1,-7.4
25856,2013-07-01,45.1,17.2
79355,2013-07-01,40.0,4.8
13743,2013-07-01,37.0,-17.4
13371,2013-07-01,38.8,-12.2
23974,2013-07-01,48.5,-3.9
59328,2013-07-01,55.7,13.5
13147,2013-07-01,45.4,-7.7
13121,2013-07-01,48.1,-7.5
16529,2013-07-01,49.0,24.3
12895,2013-07-01,39.3,-15.0
24006,2013-07-01,38.5,-21.1
60028,2013-07-01,49.6,7.1
12752,2013-07-01,34.5,33.0
54287,2013-07-01,49.5,-14.4
24032,2013-07-01,43.0,6.1
61462,2013-07-01,50.7,0.1
9836,2013-07-01,46.9,35.8
9828,2013-07-01,45.5,8.7
53299,2013-07-01,53.5,6.7
62240,2013-07-01,37.2,-8.4
13957,2013-07-01,35.8,-23.4
23966,2013-07-01,47.4,23.7
58205,2013-07-01,56.0,12.2
44588,2013-07-01,55.0,-6.5
56601,2013-07-01,49.9,32.6
15596,2013-07-01,43.0,-2.8
15796,2013-07-01,39.7,-19.9
56637,2013-07-01,53.5,-39.6
15593,2013-07-01,52.1,-9.3
15569,2013-07-01,41.4,1.2
56134,2013-07-01,46.3,18.5
15821,2013-07-01,47.5,11.5
44317,2013-07-01,42.1,-6.7
44608,2013-07-01,39.2,3.0
9502,2013-07-01,45.0,-14.1
16135,2013-07-01,49.8,7.8
57631,2013-07-01,38.9,12.2
14944,2013-07-01,49.8,-24.5
57869,2013-07-01,47.9,6.3
14940,2013-07-01,39.1,-18.9
14882,2013-07-01,48.4,-19.5
44624,2013-07-01,60.9,11.2
14735,2013-07-01,49.9,20.4
58076,2013-07-01,56.7,-3.4
14558,2013-07-01,45.7,-18.2
16375,2013-07-01,45.8,19.4
54312,2013-07-01,42.8,-20.0
52807,2013-07-01,48.4,15.1
17313,2013-07-01,47.1,-0.1
40421,2013-07-01,48.9,3.3
40417,2013-07-01,44.1,-22.9
25668,2013-07-01,48.9,30.1
51532,2013-07-01,52.9,5.6
74550,2013-07-01,54.6,18.9
74557,2013-07-01,44.8,5.3
51176,2013-07-01,47.1,1.8
5457,2013-07-01,49.1,-42.7
75062,2013-07-01,42.5,19.3
25719,2013-07-01,43.3,23.0
75647,2013-07-01,39.6,16.1
18542,2013-07-01,33.8,9.8
15743,2013-07-01,45.3,-14.6
77003,2013-07-01,61.8,-1.3
4311,2013-07-01,39.7,-11.7
51058,2013-07-01,57.0,0.8
4276,2013-07-01,57.9,9.8
39564,2013-07-01,44.3,-4.0
78953,2013-07-01,50.9,-21.1
79121,2013-07-01,53.2,6.9
40428,2013-07-01,39.8,15.2
51853,2013-07-01,46.1,-22.7
70934,2013-07-01,41.7,45.7
17491,2013-07-01,49.1,-9.2
63270,2013-07-01,47.2,-6.3
64016,2013-07-01,41.5,-29.5
31451,2013-07-01,38.8,-14.7
42622,2013-07-01,46.9,-9.1
64590,2013-07-01,55.8,3.3
64992,2013-07-01,41.3,-2.1
65255,2013-07-01,50.0,-12.5
65331,2013-07-01,51.9,-11.5
7663,2013-07-01,43.8,-5.6
62909,2013-07-01,46.5,-19.2
51972,2013-07-01,51.5,-13.3
67831,2013-07-01,55.0,2.3
67967,2013-07-01,53.4,0.4
42366,2013-07-01,45.9,5.9
51951,2013-07-01,43.2,-12.4
23102,2013-07-01,46.2,-20.8
69011,2013-07-01,39.3,-17.3
69609,2013-07-01,39.1,4.8
40888,2013-07-01,55.4,-2.9
24819,2013-07-01,43.8,18.2
78917,2013-07-01,41.0,14.1
36007,2013-07-01,41.9,-12.5
37647,2013-07-01,66.5,7.9
37635,2013-07-01,54.1,-7.8
28809,2013-07-01,50.7,-12.1
28815,2013-07-01,53.3,-20.6
185566,2013-07-01,47.9,2.4
29936,2013-07-01,42.2,17.4
129670,2013-07-01,50.4,0.0
36356,2013-07-01,47.7,-22.0
34284,2013-07-01,48.3,-1.9
36235,2013-07-01,46.2,22.1
129085,2013-07-01,45.0,3.9
179481,2013-07-01,60.0,15.9
36182,2013-07-01,56.2,24.2
128363,2013-07-01,44.9,-19.3
35564,2013-07-01,53.0,14.3
30431,2013-07-01,48.8,-3.6
35548,2013-07-01,43.4,-4.1
35531,2013-07-01,53.2,6.7
29414,2013-07-01,55.4,-4.9
34706,2013-07-01,40.7,5.2
126534,2013-07-01,41.1,41.4
30306,2013-07-01,40.2,-3.9
125693,2013-07-01,44.2,17.6
34602,2013-07-01,41.1,8.1
124873,2013-07-01,54.8,1.2
177688,2013-07-01,54.4,4.4
126014,2013-07-01,43.1,23.0
151189,2013-07-01,50.8,6.7
31173,2013-07-01,56.6,-37.2
37835,2013-07-01,36.3,-3.9
138651,2013-07-01,54.1,-33.5
122421,2013-07-01,64.2,-13.1
164500,2013-07-01,47.0,-25.2
149551,2013-07-01,47.5,-5.8
164756,2013-07-01,47.4,-28.9
171068,2013-07-01,43.1,31.6
31027,2013-07-01,47.4,0.0
31218,2013-07-01,43.9,-0.5
28005,2013-07-01,59.9,-10.7
32779,2013-07-01,43.7,-34.7
87381,2013-07-02,45.6,31.0
74861,2013-07-02,63.5,-4.8
188853,2013-07-02,50.6,23.6
31208,2013-07-02,32.0,-2.2
9422,2013-07-02,32.7,-0.4
33781,2013-07-03,44.5,10.6
71292,2013-07-03,46.6,33.2
24118,2013-07-03,34.1,13.1
18958,2013-07-03,67.2,7.4
34324,2013-07-03,45.8,-14.8
36661,2013-07-03,50.2,-7.6
56528,2013-07-04,46.5,-11.6
3966,2013-07-04,47.4,13.2
5818,2013-07-04,39.3,10.4
5336,2013-07-04,45.6,-3.3
58864,2013-07-04,56.7,37.3
38768,2013-07-05,45.9,-20.9
73185,2013-07-05,58.6,18.7
12093,2013-07-05,38.4,-16.2
111039,2013-07-05,57.6,-1.1
35536,2013-07-05,41.2,-18.8
139895,2013-07-05,52.9,-12.0
21782,2013-07-05,45.6,-10.9
48859,2013-07-05,54.4,12.7
7970,2013-07-05,38.5,-0.9
35871,2013-07-06,34.2,6.2
277,2013-07-06,43.8,-15.4
5513,2013-07-06,50.0,-17.5
7980,2013-07-08,56.2,0.6
23592,2013-07-08,55.9,-6.0
7345,2013-07-08,48.3,-4.2
193515,2013-07-08,61.3,6.7
58976,2013-07-08,39.2,-5.3
14170,2013-07-08,56.5,17.3
8552,2013-07-08,46.9,-18.0
30418,2013-07-08,55.9,35.1
22109,2013-07-08,46.4,-16.9
45331,2013-07-08,47.4,1.6
91727,2013-07-08,43.5,-3.5
50774,2013-07-08,59.4,13.3
5946,2013-07-09,41.3,-6.2
68863,2013-07-09,57.1,31.1
14259,2013-07-09,35.9,-11.9
69646,2013-07-09,58.0,4.3
33958,2013-07-09,41.6,27.2
119235,2013-07-09,54.3,28.4
20726,2013-07-09,49.1,-29.2
55735,2013-07-09,59.1,30.3
24202,2013-07-09,44.0,0.2
39378,2013-07-09,50.1,-19.7
44674,2013-07-09,60.3,13.8
44913,2013-07-10,38.9,-23.7
3560,2013-07-10,39.5,-24.2
43256,2013-07-10,44.4,2.6
37722,2013-07-10,54.7,-9.1
81808,2013-07-11,45.9,40.5
61253,2013-07-11,52.4,22.1
48002,2013-07-11,53.9,-12.4
39524,2013-07-11,44.6,-17.1
44834,2013-07-11,51.7,9.3
55595,2013-07-11,54.4,-14.7
63459,2013-07-11,56.6,2.2
23367,2013-07-11,30.7,-16.8
72237,2013-07-11,49.5,-4.4
5755,2013-07-11,43.1,6.2
77760,2013-07-11,45.3,16.6
154171,2013-07-11,58.2,9.0
8709,2013-07-12,41.2,-17.6
43264,2013-07-12,59.6,-31.9
59344,2013-07-12,58.4,1.2
46109,2013-07-12,44.8,8.6
3256,2013-07-12,48.2,-19.6
4698,2013-07-13,51.9,-16.8
45124,2013-07-13,51.4,31.1
63342,2013-07-13,38.9,18.6
7930,2013-07-13,49.0,-31.9
122582,2013-07-13,67.4,3.6
57208,2013-07-13,36.9,-4.7
7501,2013-07-14,43.5,-1.4
42393,2013-07-14,57.7,12.6
60444,2013-07-14,58.0,12.6
30436,2013-07-15,46.2,6.9
20853,2013-07-15,40.6,15.0
28643,2013-07-15,41.1,14.7
34773,2013-07-15,50.7,-26.0
30757,2013-07-15,47.2,0.5
68864,2013-07-16,57.3,14.0
6288,2013-07-16,60.4,-25.2
48280,2013-07-16,67.5,17.8
235540,2013-07-16,57.1,26.5
46040,2013-07-16,45.1,-27.9
84835,2013-07-16,45.5,8.4
8680,2013-07-16,35.9,11.4
67084,2013-07-16,35.0,18.6
69634,2013-07-16,50.1,-7.8
18644,2013-07-17,57.5,18.3
51529,2013-07-17,55.6,-39.6
46105,2013-07-17,38.2,31.5
21449,2013-07-17,46.9,-8.8
126664,2013-07-17,63.1,-7.3
29863,2013-07-17,44.0,-23.4
96452,2013-07-17,53.4,10.7
49038,2013-07-18,46.8,12.6
18301,2013-07-18,46.5,1.7
4391,2013-07-18,40.8,36.1
52117,2013-07-18,61.2,-15.0
172181,2013-07-18,44.0,21.8
54231,2013-07-18,43.7,21.7
46046,2013-07-19,48.3,-30.8
181767,2013-07-19,60.7,24.9
33447,2013-07-19,47.6,-7.4
46104,2013-07-19,56.1,3.2
96498,2013-07-19,47.4,1.2
45624,2013-07-19,57.3,-15.4
26721,2013-07-20,47.5,30.6
15452,2013-07-21,51.9,14.1
9339,2013-07-22,45.1,15.6
62941,2013-07-22,47.4,-8.3
80351,2013-07-23,61.0,18.4
52390,2013-07-23,41.7,21.6
7611,2013-07-24,60.3,16.5
51535,2013-07-24,41.1,0.6
75224,2013-07-24,31.1,-12.0
15083,2013-07-24,48.3,2.5
5880,2013-07-25,42.1,12.1
46658,2013-07-25,50.2,20.1
27389,2013-07-25,51.5,40.0
42513,2013-07-26,45.6,-6.5
7153,2013-07-26,35.8,-4.6
24877,2013-07-26,48.4,-8.8
124891,2013-07-26,54.4,-16.1
59631,2013-07-26,46.1,22.9
60591,2013-07-26,38.3,-12.8
39153,2013-07-27,60.8,32.9
43310,2013-07-27,46.3,-2.6
9813,2013-07-28,51.3,-3.5
87423,2013-07-29,51.7,-0.8
34532,2013-07-29,43.9,-0.8
66413,2013-07-29,50.4,-1.8
132647,2013-07-29,49.1,-0.3
63487,2013-07-30,48.3,43.2
30668,2013-07-30,56.7,-33.6
80339,2013-07-30,53.9,17.3
60602,2013-07-30,53.0,-23.7
39831,2013-07-30,36.1,26.9
91251,2013-07-30,51.1,11.8
121280,2013-07-31,44.1,24.2
15112,2013-07-31,47.4,-7.1
10029,2013-07-31,43.0,-25.3
16101,2013-07-31,52.7,-1.4
22598,2013-07-31,41.9,2.4
15808,2013-07-31,38.5,20.8
5495,2013-07-31,49.0,1.1
49521,2013-08-01,36.7,4.1
6803,2013-08-01,48.6,16.5
62180,2013-08-01,47.7,-10.4
98502,2013-08-01,53.5,-30.4
59508,2013-08-01,43.7,-7.1
34006,2013-08-01,54.5,8.3
20005,2013-08-02,53.0,-3.8
55854,2013-08-05,53.9,-19.8
34870,2013-08-05,54.4,2.5
93678,2013-08-05,48.0,6.8
5406,2013-08-06,37.2,-3.4
18543,2013-08-07,43.6,-2.2
5169,2013-08-07,48.6,-17.3
18416,2013-08-07,42.1,-30.8
65301,2013-08-07,48.9,-20.8
96227,2013-08-07,57.8,-1.4
120630,2013-08-07,54.3,16.5
93732,2013-08-07,57.7,-16.9
33481,2013-08-08,55.0,8.7
45305,2013-08-08,58.3,-47.6
159098,2013-08-09,52.7,21.2
69101,2013-08-09,53.1,-35.9
52920,2013-08-10,40.8,32.6
45617,2013-08-11,44.7,-28.0
60889,2013-08-11,41.5,8.8
31867,2013-08-12,44.1,22.3
21480,2013-08-12,42.9,11.3
35275,2013-08-12,53.5,-6.5
46635,2013-08-13,52.9,-7.3
4063,2013-08-13,47.4,-12.9
13465,2013-08-14,39.5,15.7
59187,2013-08-14,61.4,-2.9
59783,2013-08-14,50.3,15.1
29387,2013-08-14,45.6,4.5
63494,2013-08-15,46.6,-21.8
16760,2013-08-16,60.0,-0.4
95732,2013-08-16,52.7,2.8
10471,2013-08-16,51.9,-1.8
23996,2013-08-16,60.8,1.7
57808,2013-08-16,50.8,-22.9
29213,2013-08-16,57.3,15.8
65467,2013-08-16,54.2,9.9
37389,2013-08-18,46.6,-29.8
21354,2013-08-19,41.2,-15.9
17217,2013-08-19,43.8,-19.9
3785,2013-08-19,42.5,-18.6
83945,2013-08-19,48.7,27.4
36291,2013-08-20,56.5,-29.3
13061,2013-08-20,40.5,-8.3
86930,2013-08-20,52.1,-0.1
38539,2013-08-20,53.2,18.5
144779,2013-08-20,55.4,4.5
23914,2013-08-20,48.1,2.2
67721,2013-08-20,48.0,0.0
15018,2013-08-21,49.1,-19.7
75141,2013-08-21,53.9,-8.7
51474,2013-08-21,49.5,8.2
15052,2013-08-21,57.3,1.4
69636,2013-08-22,54.6,12.0
44735,2013-08-23,41.0,3.3
46110,2013-08-24,56.5,3.5
4075,2013-08-24,39.2,-19.1
66407,2013-08-26,53.9,-37.7
22568,2013-08-28,51.4,-39.2
96464,2013-08-28,47.3,9.2
45639,2013-08-28,61.1,-8.1
52769,2013-08-28,39.7,39.4
69374,2013-08-28,65.9,3.7
17396,2013-08-29,42.8,8.0
4257,2013-08-29,42.1,22.7
20232,2013-08-29,40.3,-21.3
13872,2013-08-29,41.2,8.1
29411,2013-08-29,47.1,-9.4
47646,2013-08-29,30.9,-15.7
24131,2013-08-29,50.2,1.2
24654,2013-08-29,55.8,-6.5
27861,2013-08-29,53.2,-5.9
16922,2013-08-30,56.4,-2.8
40660,2013-08-30,52.5,-46.3
93309,2013-08-30,56.4,6.2
60971,2013-08-30,46.5,29.2
56795,2013-08-30,50.7,-11.4
27667,2013-08-30,40.6,-19.3
111630,2013-08-30,55.1,0.8
119223,2013-08-30,45.7,-21.2
127189,2013-08-30,59.8,0.6
69633,2013-08-30,61.0,24.7
46972,2013-08-31,61.7,-0.2
7776,2013-08-31,40.7,-14.0
60603,2013-08-31,37.6,-6.1
25617,2013-08-31,58.4,11.5
39073,2013-08-31,48.0,-17.1
42714,2013-08-31,47.7,-16.8
6065,2013-09-01,34.0,-10.9
39381,2013-09-01,63.9,16.7
83946,2013-09-01,55.4,6.5
38360,2013-09-01,51.9,6.4
20623,2013-09-01,39.2,-15.1
127822,2013-09-02,50.9,14.7
21863,2013-09-02,32.6,-7.4
39679,2013-09-02,55.2,3.3
170934,2013-09-02,52.2,1.6
77826,2013-09-02,55.5,6.2
34453,2013-09-02,42.0,9.4
41384,2013-09-02,45.9,25.8
39532,2013-09-02,47.3,3.9
215652,2013-09-02,48.5,-13.1
39259,2013-09-02,39.5,-15.6
21872,2013-09-02,41.4,-9.4
38145,2013-09-02,41.8,1.0
92842,2013-09-02,57.9,-5.5
42710,2013-09-02,49.6,7.6
51166,2013-09-02,51.1,5.9
63824,2013-09-02,49.1,-17.0
12516,2013-09-02,31.2,-14.6
26407,2013-09-02,52.1,-28.1
30710,2013-09-02,63.9,-14.4
35664,2013-09-02,67.0,12.5
128931,2013-09-02,43.2,4.4
47713,2013-09-02,49.4,5.9
63209,2013-09-02,49.2,-26.0
37157,2013-09-02,51.7,-8.3
45542,2013-09-02,43.3,-10.3
45333,2013-09-02,49.6,-18.8
124769,2013-09-02,48.3,-3.2
61561,2013-09-02,48.7,1.7
3366,2013-09-02,60.3,3.3
43309,2013-09-02,48.3,12.4
139396,2013-09-03,61.0,-5.0
16402,2013-09-05,45.7,28.9
44778,2013-09-05,62.1,-1.4
37899,2013-09-06,45.6,5.9
43938,2013-09-12,40.6,6.9
5518,2013-09-13,45.1,23.0
16947,2013-09-17,28.3,3.7
3966,2014-01-01,34.3,11.8
7252,2014-01-01,52.9,4.1
33709,2014-01-01,53.7,-32.9
9707,2014-01-01,42.9,9.4
9798,2014-01-01,46.0,11.4
257851,2014-01-01,45.7,-6.5
60206,2014-01-01,41.4,9.7
59982,2014-01-01,48.9,-24.8
58008,2014-01-01,47.3,-4.3
19057,2014-01-01,52.9,-6.1
164735,2014-01-01,45.3,6.0
22995,2014-01-01,54.2,20.5
15593,2014-01-01,43.4,-7.1
105811,2014-01-01,48.2,-13.5
47217,2014-01-01,37.9,3.7
62524,2014-01-01,42.6,16.2
26082,2014-01-01,43.9,12.9
85774,2014-01-02,57.9,-1.5
66521,2014-01-03,56.3,10.5
45662,2014-01-04,44.0,-0.2
84921,2014-01-04,45.8,-22.2
58175,2014-01-06,49.6,-9.7
55839,2014-01-10,47.4,-28.3
21333,2014-01-11,36.6,-14.0
7043,2014-01-13,48.4,2.7
58988,2014-01-13,43.2,15.2
74683,2014-01-15,50.2,31.1
3458,2014-01-15,50.0,16.4
25742,2014-01-15,41.8,3.2
9602,2014-01-15,62.9,-8.6
98502,2014-01-16,52.7,-9.5
33343,2014-01-16,58.6,27.6
37304,2014-01-17,43.3,-2.4
59938,2014-01-17,49.0,-27.1
59826,2014-01-17,45.3,-25.8
164715,2014-01-17,40.5,19.1
91841,2014-01-18,47.3,25.6
102017,2014-01-18,53.3,26.8
23974,2014-01-20,44.7,23.0
90959,2014-01-20,48.6,25.6
36500,2014-01-21,60.2,-3.8
82048,2014-01-21,51.6,14.6
3417,2014-01-23,40.4,-6.3
46478,2014-01-23,52.8,18.0
44068,2014-01-24,64.3,4.3
148455,2014-01-26,44.7,5.2
56386,2014-01-27,43.9,39.4
26200,2014-01-28,51.3,-18.6
28245,2014-01-28,34.7,-12.0
12516,2014-01-28,29.5,12.5
35530,2014-01-28,41.3,17.4
29434,2014-01-29,62.0,-2.6
37920,2014-01-29,48.7,31.3
120091,2014-01-29,41.1,15.7
56976,2014-01-29,56.6,7.5
93690,2014-01-29,46.0,18.4
30638,2014-01-30,45.8,-22.7
1321,2014-01-30,53.8,-38.4
55769,2014-01-30,50.9,18.9
42913,2014-01-30,49.5,1.7
21972,2014-01-30,43.5,19.9
23307,2014-01-30,39.1,0.8
52897,2014-01-31,64.0,-2.8
90660,2014-01-31,57.1,-29.9
126656,2014-01-31,50.5,23.0
4315,2014-01-31,39.1,9.0
203412,2014-01-31,67.2,-12.2
80197,2014-01-31,58.4,22.7
66106,2014-01-31,64.2,5.9
157509,2014-01-31,50.3,7.8
4248,2014-01-31,63.0,1.4
35540,2014-01-31,45.3,-3.3
231378,2014-01-31,43.4,4.6
103433,2014-01-31,46.6,17.3
4277,2014-01-31,46.8,-7.6
34409,2014-01-31,47.7,-10.9
7881,2014-01-31,33.6,4.8
29412,2014-01-31,55.8,-11.7
3413,2014-02-01,37.3,4.0
29366,2014-02-03,40.0,41.4
88374,2014-02-03,52.5,-19.9
64118,2014-02-03,45.8,-20.8
58534,2014-02-03,41.8,25.6
127768,2014-02-03,41.8,19.7
34773,2014-02-06,47.0,-18.4
32622,2014-02-07,54.7,-28.7
14940,2014-02-13,41.8,5.8
15077,2014-02-18,50.5,-17.4
59411,2014-02-27,56.9,-6.5
42641,2014-03-21,40.6,-3.2
105362,2014-03-21,49.7,-12.8
14533,2014-07-01,46.2,-6.2
191853,2014-07-01,50.7,-1.6
183288,2014-07-01,56.5,6.4
167859,2014-07-01,54.9,-10.1
58799,2014-07-01,47.1,-3.8
189516,2014-07-01,58.7,9.3
14940,2014-07-01,50.2,7.6
36866,2014-07-01,42.8,-0.6
37171,2014-07-01,40.8,20.2
191854,2014-07-01,53.5,-1.5
13427,2014-07-01,41.4,-32.1
13501,2014-07-01,42.4,26.6
44045,2014-07-01,47.8,-14.7
179184,2014-07-01,59.8,29.8
14124,2014-07-01,43.4,2.6
185566,2014-07-01,53.2,-33.1
36881,2014-07-01,52.0,-4.9
16791,2014-07-01,64.7,-1.0
44073,2014-07-01,48.6,1.4
51030,2014-07-01,40.0,-24.4
107116,2014-07-01,50.1,9.8
19312,2014-07-01,49.9,-15.0
111039,2014-07-01,53.2,-35.1
19726,2014-07-01,49.1,-33.5
34193,2014-07-01,55.6,10.8
252755,2014-07-01,60.6,9.3
49730,2014-07-01,54.5,-13.0
27612,2014-07-01,50.3,-13.0
49655,2014-07-01,48.5,-8.3
113872,2014-07-01,46.3,30.5
116636,2014-07-01,53.7,-19.6
33442,2014-07-01,45.8,-10.7
33130,2014-07-01,43.4,9.3
22614,2014-07-01,39.5,18.2
47893,2014-07-01,54.1,-7.3
121404,2014-07-01,59.4,16.0
45509,2014-07-01,52.8,-6.7
22388,2014-07-01,42.6,9.3
21972,2014-07-01,41.5,20.2
104201,2014-07-01,51.2,4.0
31111,2014-07-01,51.6,-19.7
46007,2014-07-01,45.0,-19.1
46741,2014-07-01,60.0,3.6
47065,2014-07-01,52.3,-2.9
30942,2014-07-01,46.1,-7.1
47285,2014-07-01,49.3,9.5
47659,2014-07-01,43.7,21.8
31041,2014-07-01,48.2,-9.2
18100,2014-07-01,55.1,-21.1
102744,2014-07-01,51.0,5.6
35491,2014-07-01,46.4,-28.9
127610,2014-07-01,47.8,22.3
23492,2014-07-01,43.3,-7.7
15773,2014-07-01,40.3,-1.6
204453,2014-07-01,43.6,-5.0
15647,2014-07-01,51.3,4.4
55282,2014-07-01,39.8,2.9
56611,2014-07-01,42.2,24.0
128488,2014-07-01,48.7,9.8
35939,2014-07-01,58.4,13.5
15420,2014-07-01,46.0,-10.6
29316,2014-07-01,46.9,14.9
36233,2014-07-01,44.0,7.9
16375,2014-07-01,46.4,-21.6
98334,2014-07-01,53.9,-2.1
125745,2014-07-01,48.1,9.7
17880,2014-07-01,55.7,-13.8
17592,2014-07-01,46.3,4.0
229263,2014-07-01,47.2,8.9
52428,2014-07-01,49.6,25.0
23201,2014-07-01,44.2,15.2
213265,2014-07-01,52.3,-34.3
16993,2014-07-01,50.9,19.5
53359,2014-07-01,66.0,-29.3
44779,2014-07-01,59.0,19.6
29414,2014-07-01,54.9,19.6
98351,2014-07-01,47.6,-13.6
34753,2014-07-01,54.6,-33.3
167165,2014-07-01,53.5,-2.0
13061,2014-07-01,36.1,2.8
66934,2014-07-01,44.1,4.9
8184,2014-07-01,43.1,3.1
933,2014-07-01,43.9,-15.4
79121,2014-07-01,50.5,-28.6
44466,2014-07-01,55.2,20.1
3900,2014-07-01,41.6,1.3
64506,2014-07-01,50.6,15.9
64484,2014-07-01,46.2,5.8
64355,2014-07-01,40.3,10.9
84435,2014-07-01,49.0,25.1
45671,2014-07-01,59.2,33.9
3876,2014-07-01,49.5,4.0
86931,2014-07-01,52.5,-9.4
63606,2014-07-01,51.8,22.9
8806,2014-07-01,55.3,19.7
5336,2014-07-01,47.3,-0.9
93081,2014-07-01,60.4,-6.6
79501,2014-07-01,52.8,-9.9
93128,2014-07-01,51.4,30.9
43530,2014-07-01,63.8,11.4
42300,2014-07-01,34.7,-5.4
62800,2014-07-01,49.9,-18.4
1423,2014-07-01,36.6,23.8
99343,2014-07-01,52.8,20.0
49723,2014-07-01,48.9,-4.4
90583,2014-07-01,52.8,29.5
71904,2014-07-01,43.5,-6.4
71548,2014-07-01,47.0,7.9
71099,2014-07-01,46.8,9.7
26065,2014-07-01,48.5,-10.7
41818,2014-07-01,61.0,-12.5
69412,2014-07-01,54.7,6.6
4315,2014-07-01,38.5,-16.7
6853,2014-07-01,42.7,0.6
54781,2014-07-01,45.7,39.7
88490,2014-07-01,50.0,19.1
13222,2014-07-01,47.3,-5.1
51174,2014-07-01,46.2,-14.7
162672,2014-07-01,49.9,3.3
26764,2014-07-01,50.1,-18.0
55089,2014-07-01,53.1,16.3
140579,2014-07-01,57.3,-6.4
6403,2014-07-01,44.4,5.3
63489,2014-07-01,50.6,6.7
67064,2014-07-01,31.9,0.4
4634,2014-07-01,45.8,0.8
73782,2014-07-01,54.4,17.8
65343,2014-07-01,43.6,-14.4
4687,2014-07-01,61.1,3.1
74857,2014-07-01,58.7,3.4
82863,2014-07-01,38.7,30.9
4241,2014-07-01,39.3,4.8
84301,2014-07-01,50.0,24.6
89592,2014-07-01,45.9,1.1
84545,2014-07-01,50.6,6.5
24118,2014-07-01,35.8,28.2
95438,2014-07-01,62.0,-39.4
5521,2014-07-01,31.1,3.8
12386,2014-07-01,42.7,-10.6
5486,2014-07-01,45.7,-11.1
42735,2014-07-01,52.1,30.7
24008,2014-07-01,45.4,-23.0
130142,2014-07-01,52.6,12.3
60588,2014-07-01,43.3,-7.3
39259,2014-07-01,42.4,2.1
12703,2014-07-01,45.7,-16.2
48870,2014-07-01,38.2,40.2
25668,2014-07-01,49.6,-3.7
60317,2014-07-01,48.5,-12.0
93393,2014-07-01,50.9,-11.8
1986,2014-07-01,42.1,-21.6
139336,2014-07-01,58.9,4.8
39102,2014-07-01,48.3,-35.3
93726,2014-07-01,46.0,4.5
13038,2014-07-01,37.8,-1.1
159622,2014-07-01,51.7,17.6
75214,2014-07-01,40.1,-9.3
160380,2014-07-01,52.1,0.8
43332,2014-07-01,46.9,7.2
85605,2014-07-01,42.8,-16.4
13078,2014-07-01,40.0,2.4
160736,2014-07-01,48.2,16.2
129679,2014-07-01,46.6,-10.8
40423,2014-07-01,56.8,4.8
38253,2014-07-01,63.9,23.6
61644,2014-07-01,49.0,5.0
42783,2014-07-01,51.7,-14.8
24081,2014-07-01,53.1,-10.7
119296,2014-07-01,56.9,26.8
32467,2014-07-01,62.0,7.9
37850,2014-07-01,45.7,20.6
81163,2014-07-01,55.0,-17.1
112648,2014-07-01,52.6,5.6
25520,2014-07-01,52.3,-28.1
62049,2014-07-01,42.9,-9.2
103565,2014-07-01,46.3,33.1
26263,2014-07-01,37.4,-20.9
25734,2014-07-01,44.2,3.6
34283,2014-07-01,53.1,14.9
51676,2014-07-01,48.2,-7.9
92180,2014-07-01,54.8,25.5
74295,2014-07-01,47.7,-13.5
38003,2014-07-01,58.4,-15.9
28328,2014-07-01,37.3,22.9
128011,2014-07-01,63.0,18.5
124884,2014-07-01,53.1,-9.0
105521,2014-07-02,58.4,-7.0
28936,2014-07-02,38.7,-4.3
54984,2014-07-02,48.8,-12.4
90024,2014-07-02,55.0,-24.0
77974,2014-07-02,42.8,10.2
3975,2014-07-02,45.2,-2.0
21763,2014-07-03,46.6,-12.3
111026,2014-07-03,40.3,24.6
44069,2014-07-03,48.0,0.9
50303,2014-07-04,45.4,-26.3
16529,2014-07-04,52.7,-29.0
14282,2014-07-04,43.4,-3.5
67066,2014-07-04,44.6,-10.7
8491,2014-07-04,56.7,-21.4
85783,2014-07-04,48.6,17.2
68778,2014-07-04,56.7,20.8
126414,2014-07-04,57.7,24.2
39106,2014-07-04,52.2,-10.4
34239,2014-07-05,45.1,-11.8
5283,2014-07-05,51.0,-16.4
55879,2014-07-05,44.5,23.1
124025,2014-07-05,47.9,-21.4
45660,2014-07-05,48.6,5.0
45343,2014-07-06,40.9,-7.3
60164,2014-07-06,53.1,-1.5
58946,2014-07-07,56.6,-10.5
23966,2014-07-07,56.1,-22.1
20750,2014-07-07,46.8,-12.0
126719,2014-07-07,59.8,6.6
52059,2014-07-07,54.6,20.5
67245,2014-07-07,48.4,-17.9
77828,2014-07-07,51.0,0.1
3182,2014-07-07,46.9,-39.6
19948,2014-07-08,42.9,-16.3
52006,2014-07-08,40.7,2.0
36139,2014-07-08,44.8,16.0
27924,2014-07-08,49.7,-10.7
49500,2014-07-09,38.0,27.3
130108,2014-07-09,64.3,7.3
40433,2014-07-10,57.9,30.3
51510,2014-07-10,42.8,-25.2
130149,2014-07-10,41.3,3.4
74996,2014-07-10,44.0,-11.6
69132,2014-07-10,54.6,17.4
4248,2014-07-10,64.5,-2.8
24032,2014-07-10,41.6,4.4
3548,2014-07-11,43.9,-15.8
106675,2014-07-11,52.5,15.6
26014,2014-07-11,38.9,-11.5
45340,2014-07-11,45.3,0.8
25427,2014-07-11,39.6,-15.9
44352,2014-07-11,67.6,18.2
21370,2014-07-11,47.6,7.0
261927,2014-07-12,40.5,-8.7
29594,2014-07-12,44.2,21.1
72522,2014-07-12,59.9,26.6
17804,2014-07-12,37.6,-20.3
113707,2014-07-13,56.4,-25.1
40417,2014-07-14,39.9,4.1
55839,2014-07-14,46.0,-8.8
6949,2014-07-14,37.7,-20.2
21480,2014-07-14,39.2,17.5
125693,2014-07-14,45.5,-1.5
144303,2014-07-15,48.1,-21.0
102134,2014-07-15,56.2,-34.9
112052,2014-07-15,61.7,-13.8
55046,2014-07-15,37.4,-0.5
7043,2014-07-16,48.3,15.3
60517,2014-07-16,61.6,20.6
28817,2014-07-16,31.7,-3.2
61637,2014-07-16,48.6,-27.9
34324,2014-07-16,39.7,15.3
63223,2014-07-16,49.6,7.8
15894,2014-07-16,39.3,-3.8
121483,2014-07-16,53.2,15.7
21725,2014-07-16,52.1,-7.3
53299,2014-07-16,56.4,-1.3
3235,2014-07-17,31.1,-16.7
31909,2014-07-17,62.1,17.3
60744,2014-07-17,44.3,36.7
20913,2014-07-17,37.4,6.9
27306,2014-07-17,49.9,-11.1
6012,2014-07-17,30.5,5.0
124502,2014-07-17,58.9,1.1
45511,2014-07-17,45.4,11.8
7041,2014-07-18,36.2,15.0
69382,2014-07-18,43.1,15.1
48550,2014-07-18,49.7,-18.0
40205,2014-07-18,61.1,10.5
22328,2014-07-18,47.2,-0.8
64308,2014-07-18,42.6,-1.3
128223,2014-07-19,60.9,24.1
61764,2014-07-19,48.7,33.4
15083,2014-07-20,46.9,-16.0
29855,2014-07-21,33.4,-16.7
5285,2014-07-21,50.5,-15.3
88103,2014-07-22,71.3,12.9
42539,2014-07-22,42.8,-12.1
181380,2014-07-22,55.6,24.9
22140,2014-07-22,41.0,13.4
121280,2014-07-22,45.0,-5.4
12515,2014-07-22,42.0,-1.6
76061,2014-07-22,51.5,27.5
59950,2014-07-22,44.6,12.3
45184,2014-07-23,47.9,25.2
26276,2014-07-23,44.5,-26.7
192765,2014-07-23,53.5,4.6
21488,2014-07-23,39.8,-16.2
23379,2014-07-23,39.4,-10.8
5404,2014-07-23,58.3,-6.9
28335,2014-07-23,47.4,1.0
90466,2014-07-23,53.3,24.5
188853,2014-07-24,59.7,-24.4
93105,2014-07-24,45.1,-16.8
132647,2014-07-24,46.6,6.3
14192,2014-07-24,53.6,-2.9
37216,2014-07-24,36.9,-10.4
104376,2014-07-24,43.7,21.5
85585,2014-07-24,39.5,13.0
42411,2014-07-25,46.8,-22.9
22210,2014-07-25,39.7,26.3
45717,2014-07-25,43.0,-32.6
86175,2014-07-25,53.4,22.5
3924,2014-07-25,43.2,9.3
64511,2014-07-26,50.0,5.4
73396,2014-07-27,44.9,0.3
37838,2014-07-27,50.3,14.7
137174,2014-07-27,51.7,-21.6
125781,2014-07-28,69.6,16.0
108354,2014-07-28,52.7,26.5
42731,2014-07-28,51.2,4.2
182618,2014-07-28,56.7,20.3
215118,2014-07-28,59.2,-1.1
209781,2014-07-28,58.8,26.9
19083,2014-07-28,55.8,-19.2
235745,2014-07-29,50.2,23.9
234803,2014-07-29,44.5,16.6
148368,2014-07-29,56.4,-2.2
29411,2014-07-29,40.6,-13.0
111196,2014-07-30,49.1,24.4
125783,2014-07-30,51.0,-5.7
3321,2014-07-31,46.5,-15.1
175722,2014-07-31,45.7,7.3
14948,2014-07-31,42.1,-20.2
75942,2014-07-31,44.7,33.1
64399,2014-07-31,47.6,16.6
46056,2014-07-31,39.8,11.4
29559,2014-07-31,37.7,-5.6
40022,2014-07-31,51.9,-19.1
30853,2014-07-31,36.8,-0.6
224256,2014-07-31,60.5,10.4
6087,2014-07-31,39.7,0.3
109256,2014-08-01,55.2,-19.4
25553,2014-08-01,39.7,-14.1
52328,2014-08-01,43.1,-18.5
40687,2014-08-02,65.3,6.5
9340,2014-08-02,46.9,14.0
79422,2014-08-03,55.1,1.7
21905,2014-08-03,44.3,-26.3
20081,2014-08-04,50.8,-5.4
12503,2014-08-05,40.9,-15.1
57207,2014-08-05,43.0,-9.1
63209,2014-08-05,46.5,-24.8
39426,2014-08-06,55.0,-1.9
29055,2014-08-06,50.2,-29.2
45865,2014-08-06,55.4,1.8
68523,2014-08-06,52.7,-12.0
88590,2014-08-06,49.3,35.8
6160,2014-08-07,47.1,-3.5
5578,2014-08-07,43.6,5.6
60604,2014-08-08,48.5,-23.9
182381,2014-08-08,60.0,27.2
73691,2014-08-08,53.4,3.8
43760,2014-08-08,52.7,-13.0
80599,2014-08-08,48.4,-17.4
108601,2014-08-08,53.3,6.4
83275,2014-08-08,54.1,-42.1
31867,2014-08-08,51.5,10.1
161011,2014-08-09,58.8,17.9
56976,2014-08-09,52.0,29.1
15904,2014-08-09,54.8,-38.7
52570,2014-08-09,42.1,-7.2
110309,2014-08-10,47.8,3.7
68203,2014-08-11,50.6,33.0
56518,2014-08-11,52.6,-5.1
90681,2014-08-11,50.7,-4.1
44903,2014-08-11,47.5,-15.0
39717,2014-08-11,47.6,7.1
72779,2014-08-11,42.6,-13.0
57723,2014-08-11,50.9,23.6
53669,2014-08-12,50.7,-6.7
7152,2014-08-12,46.0,10.0
30666,2014-08-12,38.5,-4.2
61743,2014-08-12,39.7,-15.6
60889,2014-08-13,50.7,3.8
207917,2014-08-13,54.5,-2.3
19061,2014-08-13,43.1,12.6
16137,2014-08-13,38.8,35.6
34370,2014-08-13,51.5,-35.4
33866,2014-08-13,54.3,22.3
37304,2014-08-14,46.5,-8.4
68033,2014-08-14,42.3,7.3
36350,2014-08-14,59.7,-4.2
45305,2014-08-14,31.4,-1.5
13073,2014-08-14,55.1,3.8
34557,2014-08-15,51.8,-11.4
51226,2014-08-15,44.7,5.6
55484,2014-08-17,56.5,-31.5
217111,2014-08-18,60.9,28.9
12249,2014-08-18,48.9,28.8
44573,2014-08-18,55.4,5.8
7345,2014-08-20,41.2,-3.1
93176,2014-08-20,46.1,28.3
85475,2014-08-20,42.7,-4.4
7682,2014-08-20,50.2,-6.6
62460,2014-08-20,43.2,-25.3
63342,2014-08-20,40.9,17.3
16402,2014-08-20,45.4,21.3
96661,2014-08-21,46.6,-5.1
10029,2014-08-21,42.0,-18.3
83943,2014-08-22,48.3,-26.2
18909,2014-08-22,41.0,6.1
140032,2014-08-22,57.3,17.3
9643,2014-08-22,45.5,-20.7
43264,2014-08-23,42.7,10.3
147487,2014-08-24,66.8,8.2
45146,2014-08-25,55.5,-44.5
44367,2014-08-25,60.7,14.4
134999,2014-08-25,66.8,7.8
80205,2014-08-25,59.6,6.7
4257,2014-08-26,48.0,-5.4
82389,2014-08-26,50.9,-10.6
9988,2014-08-26,38.5,-10.0
45314,2014-08-26,48.5,-9.7
104752,2014-08-26,51.9,16.3
45320,2014-08-26,55.9,15.4
45124,2014-08-27,54.4,-15.7
34336,2014-08-27,44.6,-20.1
138476,2014-08-27,33.9,30.5
7520,2014-08-28,37.6,6.6
171167,2014-08-29,50.3,-3.6
7476,2014-08-29,50.2,23.6
63252,2014-08-29,48.3,-3.6
84085,2014-08-29,49.8,12.6
9836,2014-08-29,50.2,23.7
60979,2014-08-29,50.9,13.0
41112,2014-08-30,45.3,-5.3
30698,2014-08-30,39.3,10.4
22832,2014-08-30,63.1,-35.1
140803,2014-08-30,51.7,8.1
75446,2014-08-31,50.8,4.9
7288,2014-08-31,44.7,-23.9
16315,2014-08-31,38.5,-20.1
81785,2014-08-31,61.7,10.1
33894,2014-08-31,47.0,-6.5
7971,2014-08-31,43.5,3.4
9967,2014-08-31,57.7,-41.9
48164,2014-08-31,49.1,-33.0
40633,2014-08-31,50.6,27.7
129444,2014-08-31,52.9,15.4
138812,2014-09-01,66.7,-18.9
74590,2014-09-01,39.3,-18.2
76386,2014-09-01,55.4,-21.4
21748,2014-09-01,55.7,-4.1
96818,2014-09-01,42.5,5.7
76598,2014-09-01,57.2,4.5
5169,2014-09-01,39.7,-8.4
59491,2014-09-01,49.0,13.6
74776,2014-09-01,54.9,-20.0
70950,2014-09-01,42.0,11.6
147265,2014-09-01,53.5,-40.1
6234,2014-09-01,42.4,-25.6
129129,2014-09-01,47.1,14.1
127160,2014-09-01,46.2,-11.0
12979,2014-09-01,46.7,-29.2
127048,2014-09-01,49.4,37.8
67063,2014-09-01,55.5,-8.7
57280,2014-09-01,54.1,24.2
7611,2014-09-01,45.2,7.6
35536,2014-09-01,36.9,-1.4
34289,2014-09-01,54.4,-7.6
35865,2014-09-01,48.6,-2.2
20005,2014-09-01,46.1,39.2
12282,2014-09-01,48.3,32.2
29324,2014-09-01,50.9,13.0
69609,2014-09-01,45.7,-13.5
60990,2014-09-01,37.6,-7.5
25523,2014-09-01,58.3,5.4
141655,2014-09-01,47.0,-5.2
30290,2014-09-01,50.6,-9.6
45623,2014-09-01,43.3,-7.0
57016,2014-09-04,46.3,-14.7
59645,2014-09-05,44.5,-25.3
33942,2014-09-09,37.4,10.2
89556,2014-09-10,51.0,9.9
31348,2014-09-10,45.3,-0.5
16444,2014-09-12,43.1,1.3
33031,2014-09-12,45.5,20.8
50143,2014-09-12,62.3,23.1
5461,2014-09-17,45.6,-8.5
23538,2015-01-01,50.5,21.8
3201,2015-01-01,44.0,2.3
36227,2015-01-01,38.0,-14.5
53418,2015-01-01,49.9,-1.2
103327,2015-01-01,49.5,3.1
50577,2015-01-01,43.7,2.0
56066,2015-01-02,46.8,15.8
182923,2015-01-04,53.9,10.1
39799,2015-01-05,44.4,6.1
112343,2015-01-05,57.8,5.0
68275,2015-01-06,47.4,12.7
16375,2015-01-08,40.1,18.2
44608,2015-01-08,40.2,-9.0
6160,2015-01-08,47.3,11.8
45858,2015-01-09,49.7,5.8
41653,2015-01-09,55.7,-21.7
280701,2015-01-09,48.2,-4.6
58660,2015-01-10,40.1,-4.2
18947,2015-01-12,45.1,8.2
129990,2015-01-12,48.4,33.8
56640,2015-01-13,59.5,-45.7
26263,2015-01-13,41.6,1.2
127987,2015-01-13,57.7,-14.8
111837,2015-01-14,49.8,-29.8
44977,2015-01-14,51.1,7.6
81808,2015-01-14,56.8,8.5
46580,2015-01-16,41.8,-5.9
13862,2015-01-18,38.3,3.7
88374,2015-01-19,50.1,-7.5
17123,2015-01-19,41.5,5.6
153582,2015-01-20,54.2,-3.0
16529,2015-01-21,44.7,17.1
108880,2015-01-21,50.4,15.1
201311,2015-01-22,49.8,-1.8
132671,2015-01-23,44.5,-8.1
4257,2015-01-27,44.0,-17.3
99331,2015-01-27,51.7,22.4
162571,2015-01-27,57.6,25.2
164470,2015-01-27,42.3,6.9
53536,2015-01-27,57.6,6.9
47513,2015-01-28,30.8,16.9
149498,2015-01-28,52.8,11.6
9824,2015-01-28,45.4,-3.6
69913,2015-01-29,49.0,-14.5
62515,2015-01-29,59.5,-29.4
57207,2015-01-29,46.4,-21.5
40613,2015-01-30,39.9,18.3
7427,2015-01-30,46.3,-22.0
215099,2015-01-31,61.0,-0.7
75287,2015-01-31,52.1,-39.5
43458,2015-01-31,42.0,14.7
34299,2015-02-01,47.2,7.3
44699,2015-02-01,56.5,-2.3
125868,2015-02-01,45.1,4.5
96817,2015-02-01,55.9,-36.6
27613,2015-02-01,45.3,-0.9
60004,2015-02-02,47.8,29.0
44855,2015-02-02,32.9,11.3
48052,2015-02-02,61.0,4.1
7096,2015-02-02,43.4,-5.3
118841,2015-02-02,43.9,0.9
38195,2015-02-02,43.1,-34.4
248219,2015-02-02,45.6,26.7
30767,2015-02-02,46.7,1.4
193885,2015-02-02,54.9,-20.0
172142,2015-02-02,59.5,12.4
159908,2015-02-02,52.5,-22.4
3458,2015-02-02,49.5,-24.1
3547,2015-02-02,37.5,0.3
126600,2015-02-02,57.8,7.3
91970,2015-02-02,61.4,-32.3
78961,2015-02-02,61.8,7.5
34556,2015-02-02,42.1,-14.7
58205,2015-02-02,53.4,10.2
130765,2015-02-02,60.2,19.9
48486,2015-02-11,43.5,-0.5
58295,2015-02-13,55.2,-9.2
86931,2015-02-15,51.7,15.7
58252,2015-02-25,47.9,5.7
36233,2015-02-26,40.6,-10.2
34773,2015-02-27,47.6,13.8
24043,2015-02-27,52.1,-25.0
59414,2015-03-02,45.4,-16.5
30757,2015-07-01,44.9,-10.0
31068,2015-07-01,47.8,-31.6
125769,2015-07-01,42.5,18.2
3333,2015-07-01,49.7,18.8
69838,2015-07-01,58.0,-7.1
64793,2015-07-01,48.6,30.6
126737,2015-07-01,45.4,-16.1
127189,2015-07-01,56.1,7.3
63837,2015-07-01,58.1,11.1
18006,2015-07-01,49.9,0.9
130756,2015-07-01,65.6,-18.7
137576,2015-07-01,68.4,18.7
140554,2015-07-01,44.7,29.5
25734,2015-07-01,45.9,12.5
142920,2015-07-01,39.6,-1.2
63463,2015-07-01,48.5,17.0
154351,2015-07-01,52.0,6.9
59594,2015-07-01,55.7,-20.0
26936,2015-07-01,42.4,-12.0
73700,2015-07-01,51.9,14.6
74294,2015-07-01,55.0,5.3
75890,2015-07-01,36.2,-25.1
81999,2015-07-01,45.0,-0.1
97541,2015-07-01,52.8,-25.1
102134,2015-07-01,53.9,18.6
95950,2015-07-01,54.2,22.0
91469,2015-07-01,59.7,6.5
102572,2015-07-01,39.1,21.1
85969,2015-07-01,41.7,-25.0
22542,2015-07-01,51.8,-32.6
25289,2015-07-01,41.9,-10.1
101213,2015-07-01,48.3,-6.9
27470,2015-07-01,55.5,-9.0
112465,2015-07-01,57.1,29.2
112988,2015-07-01,41.9,2.4
119211,2015-07-01,55.1,18.9
119228,2015-07-01,47.6,27.7
85177,2015-07-01,52.5,13.3
82863,2015-07-01,48.4,34.9
82410,2015-07-01,51.7,5.2
104376,2015-07-01,48.4,-23.1
167850,2015-07-01,54.3,-19.0
236202,2015-07-01,42.6,-24.0
178459,2015-07-01,59.4,8.0
40680,2015-07-01,53.1,2.1
3356,2015-07-01,36.5,-8.0
8184,2015-07-01,44.5,-24.7
4257,2015-07-01,47.9,32.7
45403,2015-07-01,42.9,30.0
29246,2015-07-01,38.0,-15.9
27178,2015-07-01,49.1,-0.4
12674,2015-07-01,47.1,-2.5
26014,2015-07-01,37.2,-16.6
7593,2015-07-01,36.2,3.2
48067,2015-07-01,54.5,32.8
48859,2015-07-01,57.4,16.6
29073,2015-07-01,44.7,6.3
29056,2015-07-01,39.5,8.5
15083,2015-07-01,48.1,-18.8
15072,2015-07-01,39.2,-3.7
15039,2015-07-01,53.0,19.5
23960,2015-07-01,47.0,5.0
14735,2015-07-01,48.5,-30.1
28947,2015-07-01,54.2,9.5
16120,2015-07-01,41.5,-9.4
7444,2015-07-01,61.0,5.3
29390,2015-07-01,53.2,-3.8
58855,2015-07-01,41.6,-10.1
189441,2015-07-01,55.1,9.1
17232,2015-07-01,37.3,-6.1
195171,2015-07-01,54.1,1.1
205562,2015-07-01,64.0,15.6
206050,2015-07-01,64.8,22.9
215977,2015-07-01,56.5,-8.1
232093,2015-07-01,47.2,-33.1
13292,2015-07-01,46.6,-0.2
238223,2015-07-01,57.3,14.2
253765,2015-07-01,48.2,20.6
257482,2015-07-01,54.0,-6.8
29434,2015-07-01,41.2,13.7
5588,2015-07-01,47.0,-8.9
5658,2015-07-01,46.0,13.8
17184,2015-07-01,51.8,-2.7
131789,2015-07-01,56.8,22.2
6636,2015-07-01,39.4,23.5
5017,2015-07-01,37.3,-9.9
28020,2015-07-01,33.8,5.2
6931,2015-07-01,46.0,-19.1
29401,2015-07-01,50.7,14.9
28252,2015-07-01,55.2,11.1
169873,2015-07-01,55.0,-20.4
4010,2015-07-01,48.7,25.4
59027,2015-07-01,54.9,-1.4
56375,2015-07-01,50.8,-4.8
102258,2015-07-01,42.9,11.5
62026,2015-07-01,50.6,-30.5
39913,2015-07-01,47.3,0.4
59434,2015-07-01,46.3,2.0
107218,2015-07-01,42.5,-19.5
37647,2015-07-01,56.8,28.8
111184,2015-07-01,45.7,-1.0
112088,2015-07-01,51.2,8.6
117802,2015-07-01,41.3,3.8
122675,2015-07-01,52.0,-2.5
123513,2015-07-01,48.9,-17.5
123521,2015-07-01,39.8,-15.0
126145,2015-07-01,36.5,1.0
55421,2015-07-01,49.1,-25.9
126699,2015-07-01,45.3,-0.7
130452,2015-07-01,48.0,6.4
131102,2015-07-01,51.7,17.6
75615,2015-07-01,52.0,23.8
75296,2015-07-01,55.6,-31.0
36608,2015-07-01,39.5,-6.7
131574,2015-07-01,53.7,6.0
131753,2015-07-01,39.1,1.3
36293,2015-07-01,42.5,-4.2
133794,2015-07-01,43.5,-31.0
64997,2015-07-01,42.9,-6.9
137174,2015-07-01,41.9,2.9
59389,2015-07-01,48.4,17.5
46006,2015-07-01,49.3,-1.6
61867,2015-07-01,55.6,-21.8
58988,2015-07-01,42.9,-29.2
84907,2015-07-01,45.9,7.7
58818,2015-07-01,54.5,-9.0
84903,2015-07-01,48.3,-21.0
84481,2015-07-01,40.7,-30.3
84281,2015-07-01,42.6,-3.5
60128,2015-07-01,46.4,13.4
82939,2015-07-01,46.6,-3.6
88490,2015-07-01,55.0,-5.3
39372,2015-07-01,44.3,13.5
89313,2015-07-01,49.9,17.9
38340,2015-07-01,59.8,3.1
89591,2015-07-01,43.6,4.0
89650,2015-07-01,49.4,19.8
90222,2015-07-01,39.0,6.9
57249,2015-07-01,43.4,-4.4
81778,2015-07-01,47.9,-12.5
45832,2015-07-01,54.1,11.6
38270,2015-07-01,51.9,-36.4
91915,2015-07-01,51.1,2.0
80671,2015-07-01,55.9,-10.3
60923,2015-07-01,45.8,19.3
60951,2015-07-01,44.6,0.8
37981,2015-07-01,38.8,-9.6
95949,2015-07-01,48.5,-12.1
95986,2015-07-01,49.9,-5.5
51118,2015-07-01,46.0,6.5
140579,2015-07-01,53.5,-19.8
36182,2015-07-01,56.0,0.2
142281,2015-07-01,53.9,2.5
184935,2015-07-01,51.3,32.8
34284,2015-07-01,48.7,10.7
71082,2015-07-01,44.9,-11.1
187283,2015-07-01,50.3,9.5
187957,2015-07-01,55.0,-14.6
208890,2015-07-01,50.0,-7.4
211740,2015-07-01,36.6,-7.9
215679,2015-07-01,52.9,16.3
33707,2015-07-01,43.0,-11.3
49802,2015-07-01,53.0,4.7
52209,2015-07-01,44.3,15.9
140748,2015-07-01,50.3,-11.5
50142,2015-07-01,37.6,6.4
52192,2015-07-01,45.4,18.5
229263,2015-07-01,52.9,9.4
42737,2015-07-01,57.2,6.8
231172,2015-07-01,50.5,-17.5
70285,2015-07-01,65.2,-8.8
51984,2015-07-01,47.9,-8.3
51166,2015-07-01,54.0,23.0
242279,2015-07-01,47.4,16.7
50512,2015-07-01,51.6,12.2
261611,2015-07-01,46.0,21.3
32380,2015-07-01,44.5,-15.8
42714,2015-07-01,53.9,18.9
49501,2015-07-01,43.0,-23.5
178614,2015-07-01,48.4,37.2
75118,2015-07-01,45.9,27.7
149237,2015-07-01,53.0,27.2
44594,2015-07-01,45.9,-8.9
154059,2015-07-01,39.9,-5.3
155334,2015-07-01,39.7,1.1
47647,2015-07-01,46.0,-0.3
157588,2015-07-01,46.8,-12.3
157961,2015-07-01,49.3,-25.6
55114,2015-07-01,45.0,-16.5
72873,2015-07-01,38.6,-4.2
65966,2015-07-01,50.1,11.4
34602,2015-07-01,40.6,3.1
178540,2015-07-01,38.5,-10.7
52746,2015-07-01,41.4,-3.2
52915,2015-07-01,51.5,27.9
174285,2015-07-01,48.1,-0.5
165711,2015-07-01,47.6,-31.4
48974,2015-07-01,56.2,-17.5
66058,2015-07-01,60.8,-18.7
54816,2015-07-01,55.5,-4.9
34570,2015-07-01,44.0,-14.0
48298,2015-07-01,58.3,18.7
85771,2015-07-01,44.2,11.2
41112,2015-07-02,36.7,18.6
141050,2015-07-02,60.6,18.5
39665,2015-07-02,46.5,1.5
112935,2015-07-02,52.6,20.4
221316,2015-07-02,58.2,17.4
7401,2015-07-02,46.6,6.7
52246,2015-07-02,49.0,-38.7
21859,2015-07-02,37.0,4.4
56005,2015-07-02,48.3,9.6
58178,2015-07-02,46.4,8.8
45581,2015-07-02,50.3,4.9
164230,2015-07-03,38.6,19.1
93935,2015-07-03,51.2,19.1
134371,2015-07-03,46.6,-17.7
190685,2015-07-03,52.6,15.4
29387,2015-07-03,42.3,-23.4
22141,2015-07-03,44.7,5.2
149551,2015-07-03,39.2,2.3
111819,2015-07-03,53.7,-31.0
19136,2015-07-03,35.3,6.2
72567,2015-07-03,59.4,13.2
255653,2015-07-04,57.6,2.0
31182,2015-07-04,57.7,3.6
160285,2015-07-05,49.5,3.6
87097,2015-07-05,43.3,-8.2
105456,2015-07-06,43.0,22.6
72857,2015-07-06,49.3,-8.7
103310,2015-07-06,47.9,-7.3
16058,2015-07-06,46.0,13.5
38000,2015-07-06,45.6,7.9
240958,2015-07-06,55.4,-29.2
34643,2015-07-06,36.3,6.5
63494,2015-07-06,39.9,19.1
40022,2015-07-06,50.1,14.5
25106,2015-07-07,44.6,4.5
134602,2015-07-07,60.2,17.7
102045,2015-07-07,43.3,-9.6
96828,2015-07-07,59.4,10.7
91251,2015-07-07,37.8,19.8
59423,2015-07-07,43.2,0.3
77826,2015-07-07,56.9,33.2
9824,2015-07-08,41.5,12.9
76746,2015-07-08,49.5,9.7
94939,2015-07-08,38.9,8.7
45672,2015-07-08,58.3,10.5
15185,2015-07-08,61.8,6.8
52345,2015-07-08,43.2,-36.9
31027,2015-07-09,42.8,-21.8
5782,2015-07-09,48.0,14.9
73734,2015-07-09,52.3,25.0
39893,2015-07-09,33.5,10.8
66638,2015-07-09,44.4,14.4
58949,2015-07-09,56.1,17.7
77964,2015-07-09,61.2,-20.4
262608,2015-07-10,72.2,-9.9
173859,2015-07-10,56.3,1.1
140776,2015-07-10,56.2,18.0
134883,2015-07-10,51.4,10.0
147028,2015-07-10,41.1,26.6
106536,2015-07-10,39.6,22.5
25668,2015-07-10,48.7,4.2
126665,2015-07-10,45.6,11.2
48002,2015-07-10,46.2,-16.2
73627,2015-07-10,46.3,-2.1
21905,2015-07-11,35.7,-4.6
133179,2015-07-11,45.7,27.6
55366,2015-07-11,47.5,13.2
49499,2015-07-11,48.7,32.5
54906,2015-07-11,49.6,-6.2
185570,2015-07-11,41.4,-25.1
67220,2015-07-12,54.0,22.6
19447,2015-07-12,43.8,-16.4
3881,2015-07-12,40.8,6.2
79027,2015-07-13,59.0,28.8
56818,2015-07-13,49.7,-11.1
33873,2015-07-13,48.7,-19.2
158810,2015-07-13,38.5,24.5
55978,2015-07-13,44.4,-2.6
102043,2015-07-13,50.4,2.9
24000,2015-07-13,41.7,-4.8
86804,2015-07-13,46.8,15.9
77287,2015-07-13,44.8,-8.9
90937,2015-07-13,41.6,-6.9
44177,2015-07-13,40.5,7.8
65236,2015-07-13,43.2,-24.6
93844,2015-07-14,58.0,7.9
134425,2015-07-14,58.4,29.3
72578,2015-07-14,44.7,-17.3
91359,2015-07-14,45.8,-3.3
59491,2015-07-14,47.4,-3.9
4380,2015-07-15,60.1,2.4
124495,2015-07-15,46.0,31.3
57834,2015-07-15,57.3,-6.3
38497,2015-07-15,43.6,3.6
104223,2015-07-15,41.7,-7.7
44059,2015-07-16,41.9,11.0
27114,2015-07-16,42.2,-15.9
179350,2015-07-16,43.8,-18.4
34289,2015-07-16,46.3,7.9
4063,2015-07-16,39.8,0.8
85295,2015-07-17,48.0,-3.6
25618,2015-07-17,39.3,-9.9
27486,2015-07-17,55.9,-33.9
58035,2015-07-17,39.1,6.1
38360,2015-07-17,41.4,-20.4
96498,2015-07-17,44.8,-14.8
224736,2015-07-17,42.4,-10.1
297070,2015-07-17,45.6,26.4
49030,2015-07-17,41.1,1.6
50362,2015-07-17,53.3,9.9
25891,2015-07-17,43.5,-5.2
83943,2015-07-17,41.8,21.1
126542,2015-07-17,57.3,-45.5
241229,2015-07-18,49.6,0.2
264567,2015-07-18,56.6,-37.9
179643,2015-07-18,47.5,8.5
75127,2015-07-18,44.6,1.2
46236,2015-07-19,45.4,-19.4
236785,2015-07-19,47.3,20.3
36637,2015-07-20,40.1,-8.2
164451,2015-07-20,54.4,-20.3
54155,2015-07-20,44.1,23.4
8487,2015-07-20,42.2,-1.4
107010,2015-07-20,55.2,3.4
5868,2015-07-20,38.4,-13.4
190780,2015-07-20,47.9,14.1
183494,2015-07-20,42.8,-20.4
66280,2015-07-20,45.4,18.0
26066,2015-07-20,38.1,10.2
96444,2015-07-20,36.8,2.8
34336,2015-07-21,39.5,5.7
51152,2015-07-21,53.5,15.1
55240,2015-07-21,43.1,8.2
128969,2015-07-21,50.3,-32.0
126422,2015-07-21,55.2,19.7
127160,2015-07-21,56.7,-13.5
81460,2015-07-21,50.5,-15.2
40428,2015-07-22,43.4,-28.2
76799,2015-07-22,38.1,9.7
28261,2015-07-22,41.1,-10.9
50201,2015-07-22,57.6,6.1
166725,2015-07-23,40.8,-8.8
5687,2015-07-23,43.3,16.9
52530,2015-07-24,51.0,-34.8
44069,2015-07-24,44.7,-0.8
16137,2015-07-24,47.3,22.7
16589,2015-07-24,42.4,12.2
32622,2015-07-25,36.4,-24.7
59783,2015-07-25,49.5,-26.3
31025,2015-07-25,44.9,2.4
45538,2015-07-26,55.3,2.8
30690,2015-07-27,39.9,-3.0
108354,2015-07-27,50.1,-15.5
58345,2015-07-27,57.3,-1.6
129554,2015-07-27,39.9,13.4
28004,2015-07-27,39.8,-18.0
21725,2015-07-27,51.5,32.9
243541,2015-07-27,48.0,8.6
35249,2015-07-27,58.6,11.6
49928,2015-07-28,41.6,0.5
159026,2015-07-28,52.3,-0.9
216662,2015-07-28,47.1,19.9
37666,2015-07-28,57.1,13.5
217728,2015-07-29,38.0,17.7
57482,2015-07-29,44.7,2.1
77832,2015-07-29,46.8,-1.8
73482,2015-07-29,43.4,-0.3
128229,2015-07-29,50.4,7.4
35383,2015-07-29,38.6,-21.2
45858,2015-07-29,48.6,10.9
123261,2015-07-30,48.1,-9.1
203348,2015-07-30,46.3,1.1
143155,2015-07-30,66.1,-30.6
164771,2015-07-31,50.3,4.3
49655,2015-07-31,37.6,-6.4
193116,2015-07-31,57.4,14.1
73070,2015-08-01,51.0,16.8
200056,2015-08-02,54.8,18.0
61892,2015-08-03,53.0,9.3
95435,2015-08-03,52.9,0.7
225083,2015-08-03,41.4,29.3
4691,2015-08-03,34.4,11.3
18909,2015-08-03,45.0,1.4
16873,2015-08-04,31.3,4.9
28140,2015-08-04,45.9,-4.4
170895,2015-08-04,56.6,21.9
59957,2015-08-05,49.8,14.0
5957,2015-08-05,55.4,1.8
119169,2015-08-05,47.3,16.4
163222,2015-08-05,53.3,13.2
5470,2015-08-05,40.6,21.6
27172,2015-08-05,40.9,-13.6
71099,2015-08-05,43.9,-23.7
1726,2015-08-06,44.0,-7.1
128502,2015-08-06,52.7,-30.2
45320,2015-08-06,61.3,25.2
27805,2015-08-06,55.6,17.2
266302,2015-08-06,52.4,32.4
146805,2015-08-06,50.4,-0.3
22810,2015-08-06,38.0,-12.7
124895,2015-08-06,46.4,8.3
120705,2015-08-06,44.2,1.8
9410,2015-08-07,39.4,-3.3
48015,2015-08-07,45.4,7.9
79127,2015-08-07,54.3,-5.1
56523,2015-08-07,57.8,18.8
176285,2015-08-07,47.9,-30.2
59826,2015-08-07,43.2,10.0
7520,2015-08-07,52.4,-10.0
129386,2015-08-07,44.6,16.5
141828,2015-08-07,54.6,12.2
59323,2015-08-07,42.3,-11.5
39743,2015-08-08,38.4,40.1
80197,2015-08-10,40.7,-2.3
63723,2015-08-10,44.1,-19.4
34285,2015-08-10,47.2,-1.1
34161,2015-08-10,41.3,3.3
90959,2015-08-10,49.0,30.7
44855,2015-08-10,55.1,-4.7
63293,2015-08-10,42.2,29.1
37837,2015-08-10,43.4,1.9
62481,2015-08-11,44.5,-2.8
73725,2015-08-11,43.9,-17.5
17249,2015-08-11,32.8,9.8
40687,2015-08-11,56.2,5.7
86792,2015-08-11,51.7,13.1
59328,2015-08-12,44.0,16.8
30584,2015-08-12,44.7,4.1
89461,2015-08-12,44.9,3.3
56601,2015-08-13,53.6,16.0
50657,2015-08-13,41.9,4.9
236471,2015-08-13,59.4,-1.5
56386,2015-08-14,53.5,-7.4
59333,2015-08-14,45.1,-2.8
34870,2015-08-14,51.9,16.3
44073,2015-08-14,44.5,1.5
64511,2015-08-14,43.1,3.9
95759,2015-08-14,47.6,3.1
36371,2015-08-14,50.2,12.3
57480,2015-08-14,52.3,-13.3
56611,2015-08-14,47.5,1.2
51046,2015-08-15,60.6,18.3
241119,2015-08-15,47.6,-21.6
25758,2015-08-16,41.7,-12.2
224884,2015-08-16,53.7,-13.1
43299,2015-08-17,40.7,-17.3
27471,2015-08-18,41.6,-30.5
190804,2015-08-18,36.9,18.0
35004,2015-08-18,52.6,6.1
85867,2015-08-18,49.9,-8.0
152176,2015-08-18,60.6,-2.8
51471,2015-08-18,62.0,3.3
167727,2015-08-18,51.4,21.1
37398,2015-08-18,53.5,-18.8
31773,2015-08-19,46.8,18.8
184892,2015-08-19,50.0,-24.0
85585,2015-08-19,44.2,13.3
127048,2015-08-19,51.5,17.6
14940,2015-08-20,37.8,-22.2
54781,2015-08-20,51.3,22.5
24819,2015-08-20,39.7,-10.2
65278,2015-08-20,49.9,23.6
88683,2015-08-20,53.3,-18.5
52396,2015-08-21,56.8,-43.5
65343,2015-08-21,44.6,-11.0
36119,2015-08-21,49.7,9.1
111036,2015-08-21,58.2,-8.9
27581,2015-08-26,41.1,-3.1
19057,2015-08-26,44.9,-11.5
67544,2015-08-26,47.2,30.7
46056,2015-08-26,44.2,7.9
111422,2015-08-26,57.2,-11.0
184816,2015-08-26,59.1,-16.2
37917,2015-08-26,39.6,7.4
59344,2015-08-26,50.0,24.8
98249,2015-08-26,41.8,9.2
159142,2015-08-27,44.4,-24.3
158516,2015-08-27,46.5,-7.4
126710,2015-08-27,60.6,6.7
60790,2015-08-27,40.9,-6.7
64506,2015-08-27,56.0,-16.3
42393,2015-08-27,48.7,-38.5
14882,2015-08-27,46.8,-18.6
91845,2015-08-28,55.6,26.9
28594,2015-08-28,43.0,-21.4
74943,2015-08-28,48.8,8.2
53418,2015-08-28,52.4,12.7
57110,2015-08-29,48.0,-22.7
111900,2015-08-29,48.3,-15.1
108830,2015-08-29,49.8,-23.4
142021,2015-08-29,57.8,-17.8
42412,2015-08-29,41.8,16.7
127177,2015-08-30,47.8,-1.8
42460,2015-08-30,56.3,16.2
88755,2015-08-30,68.9,18.6
16136,2015-08-30,47.4,-19.4
12149,2015-08-31,39.3,-14.8
4687,2015-08-31,56.7,-6.1
47893,2015-08-31,42.9,-15.6
85148,2015-08-31,52.3,5.2
64308,2015-08-31,61.6,10.2
91841,2015-08-31,49.3,-7.4
96754,2015-08-31,46.5,-14.8
35537,2015-08-31,45.1,-24.6
39907,2015-08-31,43.0,1.1
187847,2015-08-31,61.9,2.2
157500,2015-08-31,51.2,-44.9
64590,2015-08-31,47.9,-25.5
17313,2015-08-31,41.4,-11.6
5856,2015-08-31,38.4,-2.5
57943,2015-08-31,54.8,-34.6
5893,2015-08-31,32.3,-14.9
123305,2015-08-31,42.3,-2.1
52897,2015-08-31,61.2,-34.9
34372,2015-08-31,39.3,15.9
209574,2015-08-31,42.3,-10.8
26443,2015-08-31,42.4,-1.7
103428,2015-08-31,51.2,9.1
187460,2015-08-31,46.6,-5.2
127236,2015-08-31,45.3,-2.0
188853,2015-08-31,64.8,21.8
125165,2015-08-31,57.8,19.7
45693,2015-09-01,47.0,-6.3
4241,2015-09-01,44.2,-8.4
25742,2015-09-01,45.4,9.1
58175,2015-09-01,56.8,-23.6
139208,2015-09-01,46.6,30.6
182877,2015-09-01,58.0,14.1
59038,2015-09-01,41.1,-6.4
188077,2015-09-01,67.2,13.1
164498,2015-09-02,41.8,19.5
54793,2015-09-03,47.7,-25.1
532,2015-09-07,40.3,19.4
9836,2015-09-08,45.7,-15.8
110074,2015-11-13,54.4,8.7
30698,2015-12-16,37.2,18.7
7161,2016-01-01,60.5,17.7
91425,2016-01-01,49.8,1.2
36227,2016-01-01,37.1,-17.1
55978,2016-01-01,43.9,-22.4
132091,2016-01-01,60.2,-35.8
93670,2016-01-01,52.4,3.9
67855,2016-01-01,40.0,11.6
93315,2016-01-01,43.9,16.3
66020,2016-01-01,45.3,-15.2
207528,2016-01-01,58.1,-12.3
31952,2016-01-01,43.0,11.8
86100,2016-01-01,40.1,26.1
12029,2016-01-01,49.9,15.0
61857,2016-01-01,49.3,-28.4
92899,2016-01-01,56.0,12.6
321417,2016-01-02,59.7,-11.0
39151,2016-01-04,53.0,-26.6
22210,2016-01-04,44.1,-8.1
87479,2016-01-04,43.3,-3.0
38414,2016-01-05,53.9,4.9
24661,2016-01-06,38.1,-8.7
28171,2016-01-06,40.9,-16.3
933,2016-01-07,39.6,5.3
149237,2016-01-07,44.2,8.0
65521,2016-01-07,54.7,-19.9
106405,2016-01-09,46.8,8.2
30638,2016-01-11,41.9,-18.6
71292,2016-01-12,51.2,1.3
63487,2016-01-12,59.9,9.4
235540,2016-01-12,58.9,-8.5
55270,2016-01-12,49.6,-5.6
127768,2016-01-12,42.8,-7.5
123543,2016-01-12,51.5,1.0
29387,2016-01-12,40.7,-19.5
137582,2016-01-13,50.7,6.1
129990,2016-01-14,60.6,-12.5
296781,2016-01-14,46.6,15.8
83895,2016-01-15,44.0,-9.9
48634,2016-01-15,45.1,20.9
58818,2016-01-16,46.8,-25.0
129627,2016-01-16,46.1,-10.5
23076,2016-01-16,40.1,-4.8
53286,2016-01-17,48.2,8.9
48907,2016-01-17,56.1,-2.3
55619,2016-01-18,35.9,2.8
65255,2016-01-18,41.2,-4.1
46062,2016-01-18,55.8,6.6
164735,2016-01-18,49.7,-15.2
12763,2016-01-19,50.0,-22.3
51232,2016-01-20,53.8,9.3
80188,2016-01-20,49.7,19.9
26456,2016-01-21,49.2,23.5
60971,2016-01-21,55.3,-3.5
27583,2016-01-21,50.0,-30.7
9836,2016-01-21,43.4,-4.7
86880,2016-01-22,43.7,-11.2
164498,2016-01-22,42.9,-30.0
185691,2016-01-22,50.1,-13.5
214056,2016-01-22,41.8,3.6
83560,2016-01-22,56.1,-23.4
56005,2016-01-25,50.7,-7.5
88684,2016-01-25,47.3,3.0
157396,2016-01-25,55.6,-4.2
283130,2016-01-25,65.7,6.5
12674,2016-01-26,43.6,-5.1
94807,2016-01-26,31.3,1.6
102045,2016-01-26,45.8,-8.7
126767,2016-01-26,50.7,-7.6
7781,2016-01-26,54.1,-24.1
175323,2016-01-26,44.2,-24.5
57420,2016-01-27,42.8,6.5
45219,2016-01-27,55.5,0.4
277137,2016-01-27,56.3,11.9
5574,2016-01-27,46.1,10.3
61842,2016-01-27,48.0,4.2
67570,2016-01-27,42.9,6.1
61809,2016-01-28,43.4,-5.1
5825,2016-01-28,52.0,14.4
175961,2016-01-29,42.4,11.1
68306,2016-01-29,43.5,-16.8
52281,2016-01-29,53.0,-31.3
85291,2016-01-29,46.4,29.6
22673,2016-01-30,47.6,-8.8
37337,2016-01-30,39.2,-12.1
103565,2016-01-30,46.2,-2.1
206912,2016-01-30,57.1,-1.3
89086,2016-01-31,55.8,16.2
16760,2016-01-31,58.6,9.7
48864,2016-02-01,52.1,1.7
209781,2016-02-01,46.0,-1.5
208505,2016-02-01,54.7,-41.5
127187,2016-02-01,43.5,14.0
43518,2016-02-01,53.6,-9.9
34753,2016-02-01,46.0,9.8
130756,2016-02-01,39.7,-3.5
36802,2016-02-01,52.7,-10.6
235767,2016-02-01,53.9,21.7
9819,2016-02-01,32.5,-8.3
176285,2016-02-01,40.3,-4.5
244165,2016-02-01,51.0,-19.9
8060,2016-02-03,41.0,-5.7
82599,2016-02-04,52.1,-12.0
84483,2016-02-04,57.5,12.5
127822,2016-02-08,51.2,-6.0
121026,2016-02-09,46.8,-13.6
51897,2016-02-10,48.7,-2.5
289282,2016-02-13,47.8,-11.0
166745,2016-02-13,48.9,-24.4
273663,2016-02-18,45.7,2.3
59908,2016-02-25,51.0,-24.2
75458,2016-07-01,57.0,1.3
38297,2016-07-01,44.9,3.8
88721,2016-07-01,49.3,-21.4
84711,2016-07-01,51.9,-15.3
27581,2016-07-01,40.5,10.2
95673,2016-07-01,53.0,-11.6
82009,2016-07-01,67.4,4.5
80293,2016-07-01,49.5,-0.2
82097,2016-07-01,52.0,4.0
82105,2016-07-01,49.8,27.8
27487,2016-07-01,42.5,-12.0
82863,2016-07-01,53.6,-13.9
89200,2016-07-01,57.5,17.7
38270,2016-07-01,45.7,-17.4
91727,2016-07-01,43.3,1.6
95755,2016-07-01,39.2,10.6
89589,2016-07-01,50.9,-32.1
81512,2016-07-01,39.1,-3.7
92469,2016-07-01,57.6,-13.0
27494,2016-07-01,39.7,-8.2
93177,2016-07-01,49.3,5.5
83002,2016-07-01,51.8,15.0
92180,2016-07-01,56.9,19.9
84435,2016-07-01,48.7,-6.5
85864,2016-07-01,50.8,-2.7
50657,2016-07-01,45.8,-18.6
73700,2016-07-01,47.0,5.9
187598,2016-07-01,42.3,-20.3
180271,2016-07-01,47.5,-16.2
175597,2016-07-01,50.6,-34.3
171209,2016-07-01,59.2,-35.4
171068,2016-07-01,39.5,8.5
169934,2016-07-01,47.1,9.5
162819,2016-07-01,48.2,0.2
29627,2016-07-01,39.8,-7.7
34787,2016-07-01,49.2,3.8
155334,2016-07-01,38.5,-9.5
149446,2016-07-01,49.4,-8.4
142929,2016-07-01,45.9,5.5
35884,2016-07-01,62.3,12.0
137704,2016-07-01,42.9,-11.2
195910,2016-07-01,62.4,-0.8
135208,2016-07-01,47.4,-4.1
201497,2016-07-01,52.5,-9.9
33793,2016-07-01,51.9,18.5
290561,2016-07-01,43.2,4.5
285242,2016-07-01,44.3,-27.6
278702,2016-07-01,53.0,-24.7
264576,2016-07-01,59.1,-22.1
31131,2016-07-01,41.7,28.3
241706,2016-07-01,53.9,-14.6
237000,2016-07-01,47.9,-18.2
236748,2016-07-01,43.6,-18.5
235745,2016-07-01,50.6,-16.1
235639,2016-07-01,49.4,-0.9
234910,2016-07-01,43.8,-15.7
32213,2016-07-01,40.7,27.8
228761,2016-07-01,45.3,4.1
222972,2016-07-01,50.5,-25.0
208890,2016-07-01,56.4,-46.5
133480,2016-07-01,48.3,-24.4
129551,2016-07-01,49.8,-3.0
128295,2016-07-01,43.0,-9.2
48870,2016-07-01,44.3,-7.3
52480,2016-07-01,52.7,19.2
53622,2016-07-01,53.1,27.7
57162,2016-07-01,53.6,8.8
59597,2016-07-01,46.6,13.4
60577,2016-07-01,51.4,-18.4
61336,2016-07-01,46.8,30.8
61842,2016-07-01,49.4,7.9
37850,2016-07-01,43.7,12.3
100399,2016-07-01,57.8,7.4
100163,2016-07-01,43.7,0.9
64598,2016-07-01,36.2,-0.3
45601,2016-07-01,36.2,-8.3
44996,2016-07-01,52.8,-8.7
44466,2016-07-01,53.7,-21.8
44162,2016-07-01,57.2,26.1
126683,2016-07-01,42.6,-9.2
5336,2016-07-01,45.6,2.4
124180,2016-07-01,49.4,3.2
122088,2016-07-01,51.2,5.9
21327,2016-07-01,43.3,-17.9
25732,2016-07-01,46.8,3.5
33210,2016-07-01,42.6,-30.4
74230,2016-07-01,59.7,18.5
117966,2016-07-01,52.9,20.6
117802,2016-07-01,45.8,3.9
117586,2016-07-01,46.3,20.3
113358,2016-07-01,65.8,24.8
39728,2016-07-01,57.3,22.8
37403,2016-07-01,41.5,-25.9
119223,2016-07-01,37.0,-23.4
134631,2016-07-01,48.1,-23.9
111455,2016-07-01,53.9,12.2
98547,2016-07-01,52.8,-9.0
248658,2016-07-01,53.7,14.4
257324,2016-07-01,48.3,28.7
258027,2016-07-01,56.0,-3.4
273341,2016-07-01,47.0,-22.1
286384,2016-07-01,54.1,22.5
7717,2016-07-01,43.9,23.2
243302,2016-07-01,48.9,-7.5
44573,2016-07-01,48.5,8.5
23284,2016-07-01,37.5,2.7
64507,2016-07-01,39.6,11.9
288230,2016-07-01,58.1,20.5
62700,2016-07-01,52.8,5.3
295331,2016-07-01,49.6,-20.2
22917,2016-07-01,47.8,12.0
61846,2016-07-01,51.0,-1.2
8184,2016-07-01,37.3,-18.3
329145,2016-07-01,47.7,8.7
7215,2016-07-01,30.6,11.3
239802,2016-07-01,49.8,20.1
200512,2016-07-01,54.5,27.8
42393,2016-07-01,41.0,5.3
72836,2016-07-01,50.0,-23.0
202788,2016-07-01,47.0,7.3
72457,2016-07-01,54.7,-12.8
72164,2016-07-01,44.1,-20.0
68306,2016-07-01,52.1,-38.4
203655,2016-07-01,50.8,-0.9
207573,2016-07-01,44.1,-2.5
70934,2016-07-01,50.0,14.2
234888,2016-07-01,49.4,3.2
6803,2016-07-01,44.6,-25.0
69435,2016-07-01,43.7,-2.6
235780,2016-07-01,49.9,21.9
71420,2016-07-01,44.8,5.3
329722,2016-07-01,54.7,2.2
12101,2016-07-01,40.9,-14.1
15568,2016-07-01,35.7,-8.4
15593,2016-07-01,35.6,-15.0
15666,2016-07-01,48.3,-17.1
15676,2016-07-01,38.7,25.8
56381,2016-07-01,44.4,5.6
15951,2016-07-01,51.1,14.4
47172,2016-07-01,38.3,16.9
57358,2016-07-01,40.2,-3.5
54306,2016-07-01,50.0,4.9
53270,2016-07-01,59.2,-53.9
48987,2016-07-01,42.9,-8.4
52348,2016-07-01,47.4,21.5
49488,2016-07-01,61.6,-12.0
19312,2016-07-01,42.0,1.7
51191,2016-07-01,51.6,5.0
18900,2016-07-01,65.1,1.9
16597,2016-07-01,38.1,4.7
61612,2016-07-01,61.1,-2.7
21891,2016-07-01,32.4,12.2
57825,2016-07-01,42.3,14.9
60795,2016-07-01,39.7,0.3
12508,2016-07-01,50.1,-4.4
12518,2016-07-01,46.9,-14.7
12864,2016-07-01,36.9,-18.2
59931,2016-07-01,51.0,-8.3
22474,2016-07-01,46.9,11.2
22378,2016-07-01,51.1,22.5
15072,2016-07-01,37.3,-8.2
13121,2016-07-01,41.8,-3.2
58970,2016-07-01,55.8,21.8
45613,2016-07-01,35.8,-18.1
22176,2016-07-01,43.9,-10.2
58494,2016-07-01,48.1,9.5
45668,2016-07-01,47.6,-0.8
57995,2016-07-01,62.6,-7.2
57845,2016-07-01,46.9,-5.4
45593,2016-07-01,49.0,14.0
197157,2016-07-01,46.7,18.7
283223,2016-07-01,51.5,-5.1
73504,2016-07-01,48.1,7.0
79286,2016-07-01,45.9,18.6
79132,2016-07-01,52.1,5.1
128223,2016-07-01,59.9,25.4
75442,2016-07-01,60.1,-19.8
129078,2016-07-01,44.9,13.3
139393,2016-07-01,52.5,-14.2
157495,2016-07-01,57.6,15.1
177821,2016-07-01,42.8,0.9
170986,2016-07-01,51.2,32.3
160380,2016-07-01,48.9,-1.6
78082,2016-07-01,48.0,-14.0
77974,2016-07-01,40.4,-7.9
39743,2016-07-01,51.1,6.7
162571,2016-07-01,65.1,11.8
166277,2016-07-01,54.3,10.6
77760,2016-07-01,49.3,31.0
77707,2016-07-01,47.5,14.5
167105,2016-07-01,48.9,30.0
79948,2016-07-01,46.8,-24.6
75296,2016-07-01,56.6,-41.6
127142,2016-07-01,47.2,-21.0
126737,2016-07-01,49.4,1.5
5513,2016-07-01,40.7,15.0
98888,2016-07-01,51.8,-16.7
196522,2016-07-01,50.5,-14.5
99331,2016-07-01,54.2,10.4
38434,2016-07-01,58.7,5.6
99922,2016-07-01,51.6,28.6
38801,2016-07-01,49.7,4.8
74295,2016-07-01,46.8,-10.4
111038,2016-07-01,56.4,-5.3
26591,2016-07-01,38.1,-8.5
3569,2016-07-01,31.3,-0.4
196095,2016-07-01,54.0,-15.6
82361,2016-07-01,50.0,-26.1
81588,2016-07-01,50.5,23.8
42234,2016-07-01,49.5,-4.1
178219,2016-07-01,49.7,-7.8
113039,2016-07-01,51.5,-2.6
3455,2016-07-01,51.7,16.8
119277,2016-07-01,56.3,-3.7
182323,2016-07-01,48.1,16.6
170527,2016-07-01,60.4,21.1
45237,2016-07-02,47.7,-0.3
132671,2016-07-02,47.9,13.1
100986,2016-07-03,56.3,22.5
53533,2016-07-03,56.1,-35.8
45184,2016-07-03,60.1,-43.4
179184,2016-07-03,57.4,5.4
111051,2016-07-03,42.8,-12.5
45548,2016-07-04,56.5,-25.0
46552,2016-07-04,52.6,-1.3
133179,2016-07-04,42.3,1.1
165007,2016-07-04,69.7,-10.6
203853,2016-07-04,47.0,20.9
139895,2016-07-04,58.8,-30.9
56703,2016-07-04,41.8,-16.9
73480,2016-07-04,61.7,6.0
51587,2016-07-05,40.0,13.2
28261,2016-07-05,55.5,-4.7
62913,2016-07-05,35.4,-5.1
61592,2016-07-05,45.8,-3.2
76061,2016-07-05,55.6,2.9
33706,2016-07-05,48.7,12.0
133089,2016-07-06,48.8,-4.3
187105,2016-07-06,34.5,10.1
228645,2016-07-06,58.3,21.7
12249,2016-07-06,54.7,32.9
40478,2016-07-06,55.9,-8.6
55735,2016-07-06,58.8,8.8
96444,2016-07-06,39.3,-16.8
77737,2016-07-06,53.1,-9.2
7797,2016-07-06,29.6,-1.0
63252,2016-07-07,43.6,-23.3
5878,2016-07-07,40.0,-18.2
199369,2016-07-07,46.7,34.5
78514,2016-07-08,54.7,-14.0
84467,2016-07-08,37.9,3.4
5348,2016-07-08,33.1,5.4
168337,2016-07-08,42.9,-13.5
4042,2016-07-08,46.9,32.9
161869,2016-07-08,58.1,11.0
5017,2016-07-09,43.1,-1.5
227081,2016-07-10,56.9,-1.5
175841,2016-07-11,49.1,-4.6
69609,2016-07-11,51.2,-3.1
50487,2016-07-12,47.3,-7.2
91949,2016-07-12,44.0,-14.0
207015,2016-07-12,56.0,-9.6
61546,2016-07-12,47.0,-0.6
39373,2016-07-12,43.2,16.8
74641,2016-07-13,54.6,-11.7
94304,2016-07-13,43.7,-16.3
59641,2016-07-14,37.6,0.2
126540,2016-07-14,58.3,11.0
69246,2016-07-14,47.8,-24.1
113938,2016-07-14,37.8,-1.5
195652,2016-07-14,49.9,-10.9
57328,2016-07-15,39.7,13.7
24180,2016-07-15,54.7,-11.9
87282,2016-07-15,36.7,-22.4
85771,2016-07-15,46.6,17.3
32522,2016-07-15,39.8,14.7
133794,2016-07-16,40.1,-4.5
129386,2016-07-16,49.1,9.6
37216,2016-07-16,41.5,11.8
76163,2016-07-16,61.2,3.0
225083,2016-07-16,50.8,25.8
105456,2016-07-17,58.4,7.3
31159,2016-07-18,36.5,14.0
30782,2016-07-18,43.3,-23.4
45812,2016-07-19,43.6,12.3
56795,2016-07-20,45.5,-7.4
26669,2016-07-20,46.9,2.4
14521,2016-07-20,42.5,-13.3
255901,2016-07-20,52.9,29.2
67548,2016-07-20,59.8,-19.7
124883,2016-07-20,52.4,-6.8
74842,2016-07-21,64.5,1.3
189047,2016-07-21,47.8,8.8
169927,2016-07-21,48.0,-8.9
69905,2016-07-21,46.5,24.8
221025,2016-07-21,60.9,-23.1
147028,2016-07-21,42.6,2.1
58205,2016-07-22,55.9,-8.8
140804,2016-07-22,49.4,-9.0
67836,2016-07-22,47.1,0.0
46662,2016-07-22,45.3,9.3
49499,2016-07-22,54.7,3.0
224736,2016-07-22,43.5,-7.4
140803,2016-07-23,58.0,0.6
3202,2016-07-24,51.8,-34.0
8060,2016-07-25,38.9,-19.1
288854,2016-07-25,46.3,6.4
4698,2016-07-25,43.4,24.2
161011,2016-07-25,60.1,-5.3
56790,2016-07-25,45.6,-2.5
51452,2016-07-25,43.0,15.3
39153,2016-07-26,60.4,13.6
164715,2016-07-26,45.3,-5.9
105521,2016-07-27,52.6,29.7
333802,2016-07-27,45.6,16.4
58000,2016-07-27,35.1,-11.4
112930,2016-07-27,53.7,-14.2
50413,2016-07-28,49.7,3.1
78819,2016-07-28,50.3,-16.1
7781,2016-07-29,37.7,-8.2
30710,2016-07-29,53.7,-28.5
198473,2016-07-29,52.4,-12.7
58345,2016-07-29,58.9,15.8
34495,2016-07-29,53.7,9.0
39471,2016-07-29,38.8,-22.4
55854,2016-07-30,49.2,-21.1
43848,2016-07-30,44.3,-2.2
27389,2016-07-30,59.2,-1.9
146854,2016-07-30,54.9,27.8
45372,2016-07-31,42.0,-7.5
252641,2016-07-31,48.4,10.3
69014,2016-08-01,40.6,-22.3
77383,2016-08-01,39.2,-13.4
191891,2016-08-01,58.5,6.3
16993,2016-08-01,48.0,-23.1
16922,2016-08-01,49.3,8.2
273054,2016-08-02,52.3,1.1
192565,2016-08-02,56.5,27.7
63186,2016-08-02,61.1,-10.5
148550,2016-08-02,44.5,-31.0
126665,2016-08-02,47.1,31.4
28827,2016-08-02,33.9,3.6
36182,2016-08-02,54.4,25.1
128488,2016-08-03,40.0,1.1
98240,2016-08-03,47.9,-17.0
52390,2016-08-03,44.8,11.9
5825,2016-08-03,43.6,14.4
71905,2016-08-03,45.7,-13.0
45832,2016-08-03,43.9,1.1
231378,2016-08-03,46.8,-25.0
25488,2016-08-03,60.0,9.9
93759,2016-08-04,37.9,9.0
131709,2016-08-04,56.0,-19.6
93758,2016-08-04,40.4,-5.4
45256,2016-08-04,37.9,-15.0
27471,2016-08-04,48.6,14.5
35564,2016-08-05,40.7,23.0
47543,2016-08-05,57.4,1.4
31552,2016-08-07,56.8,23.9
82048,2016-08-07,52.1,-3.5
170767,2016-08-08,43.6,6.6
181380,2016-08-08,46.9,10.0
134936,2016-08-08,62.4,-40.4
94199,2016-08-08,55.8,4.5
90583,2016-08-08,60.5,-35.7
45403,2016-08-08,50.8,-2.3
122153,2016-08-09,56.6,25.3
186590,2016-08-09,54.8,9.2
67355,2016-08-10,42.8,3.6
15432,2016-08-11,41.9,-3.6
126252,2016-08-11,45.3,-11.6
92567,2016-08-12,45.3,22.0
136212,2016-08-12,43.8,0.9
56134,2016-08-13,43.3,-7.2
75471,2016-08-15,49.8,-10.8
60312,2016-08-15,39.8,-7.6
18310,2016-08-16,41.7,-2.6
33866,2016-08-16,43.0,-1.7
106634,2016-08-16,43.2,-13.7
60128,2016-08-16,44.6,-1.5
225462,2016-08-16,38.8,10.6
57404,2016-08-16,48.1,-2.4
65301,2016-08-16,33.8,-15.6
20137,2016-08-17,49.2,-10.7
195810,2016-08-17,42.1,24.9
114143,2016-08-18,39.6,-15.2
9410,2016-08-18,34.0,9.2
86536,2016-08-18,46.3,-9.6
326701,2016-08-18,71.2,-16.2
116611,2016-08-18,47.5,-5.7
33571,2016-08-18,45.5,-9.6
27114,2016-08-19,36.9,14.0
22139,2016-08-19,44.0,-13.5
12773,2016-08-19,44.1,19.7
112302,2016-08-19,42.8,0.5
80205,2016-08-20,51.0,-11.3
50201,2016-08-20,52.9,-5.1
17249,2016-08-22,29.0,0.1
59032,2016-08-23,49.0,-13.9
179634,2016-08-23,48.0,-10.5
38780,2016-08-23,43.0,11.2
60744,2016-08-23,43.7,-4.1
16136,2016-08-23,49.4,9.2
77569,2016-08-24,45.4,-18.4
24661,2016-08-24,41.8,-16.3
129588,2016-08-24,48.2,12.7
146227,2016-08-25,51.1,-5.3
40423,2016-08-25,47.2,-17.2
62008,2016-08-26,41.8,-1.2
45662,2016-08-26,42.0,-11.7
148666,2016-08-26,52.6,-4.5
111422,2016-08-26,42.1,-11.7
70285,2016-08-26,59.2,-14.1
355501,2016-08-26,55.9,0.3
129444,2016-08-26,47.1,12.7
127160,2016-08-26,41.8,7.8
148355,2016-08-26,45.6,1.4
56331,2016-08-28,61.8,12.7
149729,2016-08-28,54.8,10.8
91915,2016-08-28,63.2,-57.7
191854,2016-08-28,42.9,24.9
59631,2016-08-29,42.3,6.0
232271,2016-08-29,54.7,-13.0
35249,2016-08-29,40.8,-4.7
217111,2016-08-30,62.5,31.1
204198,2016-08-30,43.4,24.2
203517,2016-08-30,50.2,-17.2
73185,2016-08-30,54.9,3.6
353366,2016-08-30,52.7,-1.3
126716,2016-08-30,62.9,8.8
61344,2016-08-30,38.2,-2.6
41242,2016-08-30,50.4,12.5
88590,2016-08-30,53.5,21.3
61834,2016-08-30,41.9,-10.6
4796,2016-08-30,41.2,-4.1
228572,2016-08-30,48.9,20.6
18829,2016-08-31,50.2,28.0
245027,2016-08-31,49.5,-6.0
60539,2016-08-31,49.8,15.4
61809,2016-08-31,44.6,-15.9
42714,2016-08-31,41.6,-0.1
238055,2016-08-31,67.1,19.5
35939,2016-08-31,41.2,-2.0
24977,2016-08-31,43.4,-15.1
84903,2016-08-31,42.3,8.2
40014,2016-08-31,48.5,-4.8
174915,2016-08-31,48.4,8.2
46001,2016-08-31,52.9,-10.2
149716,2016-08-31,44.8,27.6
52477,2016-08-31,41.8,-6.7
112515,2016-08-31,49.1,27.0
111036,2016-08-31,41.6,11.3
154414,2016-08-31,49.1,-4.6
126796,2016-08-31,44.0,11.3
160431,2016-08-31,66.9,-5.1
31068,2016-08-31,43.5,-2.5
141835,2016-08-31,52.1,-29.5
92569,2016-08-31,50.7,1.5
196240,2016-08-31,45.6,27.9
210081,2016-08-31,47.1,-4.5
215679,2016-08-31,50.7,-2.2
110309,2016-08-31,46.2,-18.3
183647,2016-08-31,51.5,-7.8
46741,2016-08-31,45.1,9.2
111508,2016-08-31,40.4,3.9
45865,2016-08-31,56.7,-22.3
10143,2016-08-31,46.2,-22.1
45004,2016-08-31,51.7,15.9
34299,2016-09-02,42.0,14.4
44689,2016-09-04,42.2,-9.8
71981,2016-09-07,38.5,8.6
24654,2016-09-08,49.8,-18.2
60551,2016-09-08,43.6,-9.4
95870,2016-09-08,47.7,-2.0
259849,2016-09-15,41.3,1.1
265153,2017-01-01,52.6,-2.9
185024,2017-01-01,52.7,6.5
157543,2017-01-01,50.7,15.2
38267,2017-01-01,46.3,-11.4
216443,2017-01-01,49.3,-35.3
91849,2017-01-01,48.6,19.1
36364,2017-01-01,49.0,-1.1
46504,2017-01-01,50.1,3.5
112541,2017-01-01,49.0,24.1
139393,2017-01-01,50.4,-7.2
156384,2017-01-01,44.6,-24.5
15076,2017-01-01,48.5,-20.0
235745,2017-01-01,49.9,15.0
44713,2017-01-01,46.3,-11.6
26591,2017-01-01,37.2,11.8
16135,2017-01-01,50.5,15.5
30003,2017-01-01,48.0,-35.5
96464,2017-01-02,46.4,-21.7
295696,2017-01-02,47.6,-10.7
75942,2017-01-03,49.6,-10.2
274839,2017-01-03,46.7,20.8
64793,2017-01-03,54.3,-31.6
85148,2017-01-03,64.0,6.0
5946,2017-01-04,28.9,-6.3
182904,2017-01-04,45.0,10.1
13217,2017-01-04,46.5,12.4
164470,2017-01-04,41.0,6.7
39908,2017-01-04,42.7,-21.7
216603,2017-01-04,51.7,18.3
292356,2017-01-04,50.2,15.7
85352,2017-01-05,63.0,-7.7
27292,2017-01-05,44.2,-20.4
148955,2017-01-09,48.9,-14.6
240497,2017-01-10,48.8,8.3
170895,2017-01-10,53.8,10.3
52281,2017-01-10,45.2,24.4
90983,2017-01-10,44.5,-8.0
85771,2017-01-10,49.8,-3.9
168536,2017-01-10,46.3,-21.3
111026,2017-01-11,47.1,1.0
8060,2017-01-11,43.0,-12.7
59024,2017-01-11,41.5,2.0
72462,2017-01-12,40.4,29.3
314137,2017-01-12,56.6,-41.9
56818,2017-01-12,46.0,-17.7
201497,2017-01-12,63.2,-29.7
36200,2017-01-12,49.5,-7.4
182395,2017-01-13,57.1,-36.6
217169,2017-01-13,49.3,-13.2
133838,2017-01-13,54.7,30.4
157506,2017-01-13,53.3,-9.1
131951,2017-01-14,54.4,-15.3
181006,2017-01-15,58.5,17.9
159622,2017-01-15,58.6,7.1
231907,2017-01-16,51.1,28.0
177818,2017-01-16,43.2,-16.9
157626,2017-01-17,49.0,-3.8
86804,2017-01-17,52.4,-22.0
234193,2017-01-17,49.5,5.4
112062,2017-01-17,53.8,13.2
174094,2017-01-17,57.1,10.6
110822,2017-01-17,46.8,-4.7
38073,2017-01-17,37.7,-13.2
121279,2017-01-17,44.3,-1.7
148365,2017-01-18,53.0,0.5
46658,2017-01-18,46.5,-17.7
30638,2017-01-19,33.6,-9.2
137648,2017-01-19,41.7,5.8
61832,2017-01-20,40.2,-9.4
33829,2017-01-20,42.2,-2.9
89278,2017-01-20,37.8,12.4
167850,2017-01-20,57.9,34.5
31316,2017-01-20,41.8,8.0
128897,2017-01-20,44.6,-23.5
42942,2017-01-21,48.0,13.1
68983,2017-01-23,56.1,-0.3
27305,2017-01-23,34.3,-6.4
103381,2017-01-23,60.7,9.9
111667,2017-01-23,44.7,-9.8
76176,2017-01-24,43.3,7.2
37934,2017-01-24,51.4,2.5
237641,2017-01-24,54.2,-8.4
48974,2017-01-25,50.6,14.4
5285,2017-01-25,45.2,-4.7
38410,2017-01-25,40.8,26.9
190811,2017-01-27,42.4,-13.8
234811,2017-01-27,40.9,4.7
236468,2017-01-27,46.7,-2.9
276896,2017-01-27,50.9,34.5
22614,2017-01-27,44.8,-1.4
260806,2017-01-30,43.3,0.4
248934,2017-01-30,55.0,-16.2
153637,2017-01-30,40.8,-11.7
52119,2017-01-30,48.9,-0.6
56375,2017-01-30,42.1,-7.6
81386,2017-01-30,47.8,-28.2
12883,2017-01-30,44.4,3.4
55409,2017-01-30,46.3,8.6
124983,2017-01-30,44.1,-23.1
37647,2017-01-30,70.3,5.5
103284,2017-01-30,47.8,-27.9
91317,2017-01-31,42.4,6.6
74300,2017-01-31,44.1,13.3
167798,2017-01-31,55.8,11.0
73097,2017-01-31,57.2,-8.2
128229,2017-01-31,51.0,3.5
213368,2017-01-31,52.4,10.7
108354,2017-01-31,44.3,-7.5
37920,2017-01-31,39.6,6.1
275303,2017-01-31,58.2,5.2
387626,2017-01-31,55.6,20.4
112343,2017-01-31,43.3,-14.8
39883,2017-01-31,52.2,-23.8
50657,2017-01-31,43.6,1.8
186557,2017-01-31,39.8,-16.7
37917,2017-01-31,38.0,1.6
14195,2017-01-31,46.1,-24.7
242279,2017-01-31,46.2,-12.9
58175,2017-01-31,53.7,-33.7
158516,2017-01-31,44.0,8.1
28855,2017-01-31,37.6,-16.7
35872,2017-01-31,49.7,14.2
183720,2017-01-31,50.1,-8.8
206542,2017-01-31,45.4,2.1
36827,2017-02-01,57.1,1.6
78514,2017-02-01,56.9,20.3
145919,2017-02-03,38.0,30.6
113235,2017-02-04,41.8,17.9
143558,2017-02-08,52.4,-11.4
222972,2017-02-16,50.2,-7.6
202840,2017-02-20,41.7,-1.8
247248,2017-07-01,39.5,-11.8
290561,2017-07-01,39.4,-9.7
208542,2017-07-01,46.0,-15.6
1667,2017-07-01,46.0,-24.6
126516,2017-07-01,52.9,-7.4
127181,2017-07-01,43.5,22.4
129476,2017-07-01,59.2,-1.8
130164,2017-07-01,58.8,3.3
137648,2017-07-01,51.9,24.7
139395,2017-07-01,50.9,17.4
139396,2017-07-01,54.0,1.8
143852,2017-07-01,46.9,20.4
143891,2017-07-01,65.8,-6.2
144583,2017-07-01,52.3,-42.1
148455,2017-07-01,61.9,25.7
126214,2017-07-01,41.5,-0.9
155025,2017-07-01,55.1,-34.1
157036,2017-07-01,51.7,26.7
159471,2017-07-01,62.6,24.3
164705,2017-07-01,53.8,29.2
165825,2017-07-01,55.7,5.1
166237,2017-07-01,73.9,7.0
166601,2017-07-01,61.8,8.7
167105,2017-07-01,48.2,-3.3
170646,2017-07-01,47.6,-3.0
172202,2017-07-01,58.0,-14.9
177907,2017-07-01,55.8,20.6
178459,2017-07-01,49.5,-8.5
155806,2017-07-01,50.2,-1.5
181375,2017-07-01,53.2,21.6
124884,2017-07-01,55.8,13.9
124410,2017-07-01,41.2,0.2
22628,2017-07-01,44.9,-6.4
22860,2017-07-01,48.5,11.9
30321,2017-07-01,59.8,3.1
36364,2017-07-01,38.7,20.8
40687,2017-07-01,63.9,10.7
43512,2017-07-01,46.1,-8.9
45858,2017-07-01,49.8,3.4
52380,2017-07-01,64.8,-24.4
58429,2017-07-01,42.9,23.4
60793,2017-07-01,54.7,11.1
124732,2017-07-01,50.4,2.4
61989,2017-07-01,34.8,3.6
82873,2017-07-01,47.3,23.4
84483,2017-07-01,60.5,21.1
86784,2017-07-01,52.0,1.3
87854,2017-07-01,52.7,4.1
89297,2017-07-01,54.2,-8.9
90583,2017-07-01,31.0,-4.9
92738,2017-07-01,40.2,8.2
94005,2017-07-01,63.5,-18.0
102572,2017-07-01,43.8,24.1
110688,2017-07-01,45.0,10.9
118847,2017-07-01,57.2,-5.3
76467,2017-07-01,40.4,26.8
448854,2017-07-01,57.2,14.2
182722,2017-07-01,55.9,-11.6
183383,2017-07-01,63.7,-20.8
253316,2017-07-01,41.2,-14.8
261988,2017-07-01,65.3,-26.7
262182,2017-07-01,47.9,-10.5
273132,2017-07-01,55.4,30.2
279570,2017-07-01,53.3,24.6
286297,2017-07-01,67.2,10.6
287579,2017-07-01,58.6,-14.1
290256,2017-07-01,53.3,-6.7
295755,2017-07-01,44.3,15.3
249565,2017-07-01,61.2,-0.8
310782,2017-07-01,49.0,10.0
320247,2017-07-01,49.6,3.8
322305,2017-07-01,53.7,-25.4
324344,2017-07-01,54.1,5.2
336697,2017-07-01,50.3,-1.9
336960,2017-07-01,49.9,-20.3
343052,2017-07-01,57.7,20.3
357072,2017-07-01,59.4,-14.9
366278,2017-07-01,51.2,-6.5
369674,2017-07-01,51.9,13.4
377393,2017-07-01,51.5,10.3
311489,2017-07-01,52.8,-37.9
182932,2017-07-01,50.3,-27.4
241641,2017-07-01,69.3,12.5
184573,2017-07-01,48.8,-8.6
185077,2017-07-01,65.8,-8.4
185245,2017-07-01,49.6,-9.5
187329,2017-07-01,51.6,-17.7
187530,2017-07-01,53.1,12.2
190393,2017-07-01,67.0,4.0
191422,2017-07-01,65.2,-0.6
193303,2017-07-01,51.7,28.1
195736,2017-07-01,46.2,26.1
197126,2017-07-01,43.9,-17.6
198008,2017-07-01,59.3,-22.2
205006,2017-07-01,52.7,2.8
210689,2017-07-01,45.8,14.3
216489,2017-07-01,46.2,-21.0
225020,2017-07-01,66.7,-1.8
227039,2017-07-01,46.4,27.3
230457,2017-07-01,46.4,3.0
231586,2017-07-01,53.2,-28.2
234850,2017-07-01,57.0,-17.5
238223,2017-07-01,51.6,8.8
238407,2017-07-01,61.4,25.9
239802,2017-07-01,48.8,6.2
203412,2017-07-01,53.0,-6.9
324882,2017-07-01,54.8,3.4
191854,2017-07-01,47.3,-5.8
43942,2017-07-01,38.3,-25.7
45486,2017-07-01,46.8,-10.0
45653,2017-07-01,47.6,-9.2
46810,2017-07-01,53.1,6.8
48491,2017-07-01,32.2,1.0
49804,2017-07-01,41.5,-4.6
52746,2017-07-01,46.5,3.5
53669,2017-07-01,41.1,-4.7
55237,2017-07-01,29.9,-8.3
56643,2017-07-01,48.5,-5.1
57016,2017-07-01,39.9,6.5
57051,2017-07-01,60.5,10.3
58035,2017-07-01,40.2,1.7
58295,2017-07-01,46.6,16.9
58923,2017-07-01,52.8,-23.6
60540,2017-07-01,53.9,-9.9
60865,2017-07-01,55.1,3.6
79286,2017-07-01,48.7,17.6
79128,2017-07-01,47.2,-4.1
78798,2017-07-01,45.5,-2.5
77809,2017-07-01,42.4,-16.5
77314,2017-07-01,42.7,11.6
77108,2017-07-01,47.9,-4.1
45353,2017-07-01,42.5,-2.1
73854,2017-07-01,54.9,-6.5
70484,2017-07-01,44.8,1.9
68976,2017-07-01,51.4,-18.5
67341,2017-07-01,50.6,-9.9
67221,2017-07-01,42.1,-26.8
67064,2017-07-01,29.3,-0.4
71701,2017-07-01,45.3,21.6
44834,2017-07-01,44.8,-4.9
44073,2017-07-01,31.4,-5.2
3547,2017-07-01,31.8,-2.1
3875,2017-07-01,33.8,-6.9
4357,2017-07-01,49.6,22.5
7797,2017-07-01,25.6,5.7
7874,2017-07-01,39.1,-17.8
9707,2017-07-01,42.1,-6.9
12752,2017-07-01,30.3,8.0
13121,2017-07-01,44.2,-16.9
14533,2017-07-01,33.8,33.2
19948,2017-07-01,39.2,-22.7
20007,2017-07-01,47.2,-12.7
20081,2017-07-01,41.5,-14.6
20587,2017-07-01,40.9,-3.8
23160,2017-07-01,43.6,-7.9
25721,2017-07-01,41.2,-1.6
43256,2017-07-01,45.1,-4.6
42941,2017-07-01,61.0,-19.4
42783,2017-07-01,39.6,-24.3
42694,2017-07-01,47.1,-5.0
42267,2017-07-01,52.4,-13.6
42234,2017-07-01,50.0,-7.0
44588,2017-07-01,48.8,-10.0
39724,2017-07-01,62.3,-11.7
37947,2017-07-01,42.5,-4.4
36586,2017-07-01,40.4,-6.1
32207,2017-07-01,39.0,-7.8
31348,2017-07-01,44.8,-12.1
27805,2017-07-01,49.3,-5.4
27305,2017-07-01,30.4,-7.4
39372,2017-07-01,42.0,8.2
83951,2017-07-01,43.7,-20.4
50691,2017-07-01,61.5,2.7
109256,2017-07-01,53.9,26.7
111200,2017-07-01,41.5,-7.7
171399,2017-07-01,44.0,-2.2
111828,2017-07-01,54.3,6.5
111893,2017-07-01,42.8,-7.9
121009,2017-07-01,49.6,-16.3
171068,2017-07-01,53.8,3.0
130635,2017-07-01,46.0,-8.3
131753,2017-07-01,39.7,-7.3
139434,2017-07-01,41.3,9.4
145769,2017-07-01,37.5,4.8
169555,2017-07-01,22.5,8.5
155617,2017-07-01,56.4,-14.6
156896,2017-07-01,42.4,-13.5
158427,2017-07-01,41.1,19.0
160510,2017-07-01,42.0,-11.9
182579,2017-07-01,40.7,-2.5
163086,2017-07-01,58.0,12.5
91527,2017-07-01,47.0,-4.3
91948,2017-07-01,46.2,15.0
89461,2017-07-01,49.5,6.2
98539,2017-07-01,55.2,5.8
94923,2017-07-01,47.6,-25.4
95755,2017-07-01,48.3,-13.7
94295,2017-07-01,48.4,4.6
148364,2017-07-02,52.2,-4.6
240306,2017-07-02,64.3,29.0
166683,2017-07-02,57.6,-19.8
53360,2017-07-02,36.1,-3.8
154171,2017-07-03,50.0,-2.8
60542,2017-07-03,62.2,-42.4
12249,2017-07-03,58.0,21.4
199369,2017-07-03,53.4,-43.2
58181,2017-07-03,40.1,6.0
94305,2017-07-03,49.4,-7.1
126414,2017-07-03,58.0,20.1
118534,2017-07-03,48.2,-1.4
69576,2017-07-03,56.6,8.8
112648,2017-07-03,51.8,3.6
171557,2017-07-03,34.1,-6.9
17127,2017-07-03,35.1,11.7
82410,2017-07-03,46.9,13.1
161368,2017-07-03,50.0,-4.8
7025,2017-07-04,41.4,1.7
154059,2017-07-04,26.2,26.6
170478,2017-07-04,60.2,0.3
14132,2017-07-04,50.3,0.0
400485,2017-07-04,55.0,8.5
10471,2017-07-04,51.3,11.4
127108,2017-07-04,48.7,3.3
58330,2017-07-04,41.3,4.4
120205,2017-07-04,50.8,-6.9
124502,2017-07-04,54.4,2.3
188838,2017-07-05,42.8,-15.3
191987,2017-07-05,47.9,-2.1
80351,2017-07-05,60.7,24.4
157396,2017-07-05,53.2,25.1
386552,2017-07-05,46.8,-7.8
238639,2017-07-05,40.4,-7.8
22995,2017-07-05,46.7,-11.5
27493,2017-07-05,28.5,9.1
7914,2017-07-05,43.5,-35.0
120630,2017-07-05,56.8,3.4
93720,2017-07-05,62.8,7.3
59076,2017-07-06,39.4,-6.2
264956,2017-07-06,61.6,-6.8
183494,2017-07-06,34.1,10.7
133078,2017-07-06,40.5,20.3
202984,2017-07-06,39.9,-27.1
448868,2017-07-06,48.5,23.2
23379,2017-07-06,41.7,-15.2
65467,2017-07-06,43.9,2.8
448867,2017-07-06,46.7,-15.7
126552,2017-07-07,49.7,-16.9
61812,2017-07-07,68.4,-0.7
74943,2017-07-07,54.8,1.9
262226,2017-07-07,52.8,11.6
204069,2017-07-07,55.5,10.4
64598,2017-07-07,46.9,-9.9
111227,2017-07-07,63.4,-4.0
31696,2017-07-07,41.1,-5.2
111819,2017-07-07,45.6,15.5
52059,2017-07-07,31.3,39.5
44065,2017-07-07,53.8,2.8
20506,2017-07-07,44.1,-1.6
5404,2017-07-07,52.4,5.5
182916,2017-07-07,42.3,7.6
85867,2017-07-08,50.8,11.4
126711,2017-07-08,62.3,5.6
58874,2017-07-08,51.5,-21.4
225161,2017-07-08,43.8,27.8
58267,2017-07-08,52.1,-1.0
3332,2017-07-09,55.6,-6.9
154199,2017-07-09,41.1,-1.3
48989,2017-07-09,36.9,-13.5
51186,2017-07-09,29.3,10.9
72943,2017-07-09,52.0,0.2
86202,2017-07-09,53.2,8.6
96341,2017-07-10,62.6,6.5
98131,2017-07-10,47.6,-24.0
40372,2017-07-10,56.0,-28.0
241457,2017-07-10,61.4,-18.9
55250,2017-07-10,46.2,6.1
372711,2017-07-10,56.4,4.5
206746,2017-07-10,51.1,5.2
292343,2017-07-11,45.7,-21.0
62501,2017-07-11,40.6,-0.6
94304,2017-07-11,46.4,8.7
7449,2017-07-11,63.3,14.6
250844,2017-07-11,43.7,12.6
119228,2017-07-11,55.6,-9.4
40613,2017-07-11,45.8,-9.0
21327,2017-07-11,48.3,4.0
55240,2017-07-11,40.0,-23.6
273663,2017-07-12,48.7,20.4
269878,2017-07-12,59.8,-23.3
34324,2017-07-12,42.7,36.6
207573,2017-07-12,46.0,16.5
64341,2017-07-12,42.7,23.3
34336,2017-07-12,31.5,0.2
236468,2017-07-12,45.4,9.2
67082,2017-07-12,68.3,-10.3
15951,2017-07-12,62.2,13.4
111048,2017-07-12,38.9,-14.1
45227,2017-07-12,45.3,-9.5
130824,2017-07-13,46.1,5.4
51118,2017-07-13,47.2,8.5
52920,2017-07-13,49.9,17.6
66099,2017-07-13,47.7,-13.6
102744,2017-07-13,50.2,-10.9
128900,2017-07-13,43.3,4.5
46894,2017-07-13,55.7,-23.4
7152,2017-07-13,40.2,-5.7
31514,2017-07-13,49.1,-13.6
19041,2017-07-14,45.1,-18.4
180337,2017-07-14,57.9,15.6
95424,2017-07-14,64.2,3.8
59209,2017-07-14,45.3,-4.4
319745,2017-07-14,72.9,-0.5
78507,2017-07-14,42.6,-29.2
231572,2017-07-14,57.7,4.9
59931,2017-07-15,49.0,-27.2
59551,2017-07-15,37.0,10.4
182618,2017-07-15,60.9,-7.8
192735,2017-07-15,47.1,5.3
53437,2017-07-15,51.8,5.4
77855,2017-07-16,41.8,11.1
70934,2017-07-16,55.7,1.2
341647,2017-07-16,54.2,8.8
26721,2017-07-16,59.3,5.9
91251,2017-07-17,40.9,7.3
139336,2017-07-17,39.6,3.3
8487,2017-07-17,40.8,1.0
58961,2017-07-17,47.1,-3.1
54155,2017-07-17,64.0,-3.5
27178,2017-07-17,44.7,-12.0
338425,2017-07-17,59.0,-0.7
45639,2017-07-17,42.8,-4.8
37839,2017-07-17,42.5,5.5
228444,2017-07-18,60.5,8.8
288253,2017-07-18,57.2,20.8
72857,2017-07-18,37.3,9.9
204453,2017-07-18,41.4,1.3
28335,2017-07-18,44.3,-4.5
41414,2017-07-18,46.7,22.0
76293,2017-07-18,49.2,-7.3
56794,2017-07-18,40.0,1.4
59597,2017-07-19,58.5,0.7
7237,2017-07-19,45.9,4.9
66333,2017-07-19,42.8,-13.1
286779,2017-07-20,48.1,-12.4
190874,2017-07-20,41.4,-28.9
174344,2017-07-20,41.5,14.0
37398,2017-07-20,46.1,-16.2
234803,2017-07-21,55.8,20.4
39983,2017-07-21,53.4,-4.6
43722,2017-07-21,54.0,3.9
59323,2017-07-21,45.2,23.4
192985,2017-07-21,59.3,-7.2
128223,2017-07-21,61.3,-4.2
146258,2017-07-21,47.8,-10.7
41384,2017-07-22,60.6,11.1
46156,2017-07-22,62.2,15.5
145707,2017-07-23,53.4,11.0
197300,2017-07-24,66.4,-6.0
37091,2017-07-24,42.4,-8.8
188588,2017-07-24,45.1,2.5
156814,2017-07-24,41.1,24.0
129386,2017-07-24,48.5,18.0
241481,2017-07-24,45.7,-19.1
221150,2017-07-24,41.9,42.2
50935,2017-07-24,49.9,6.9
157495,2017-07-24,63.7,-16.1
357885,2017-07-24,63.8,5.3
44686,2017-07-25,38.0,-10.4
321528,2017-07-25,63.5,11.8
15773,2017-07-25,37.9,-7.4
127142,2017-07-25,43.9,15.3
410225,2017-07-26,58.9,2.0
139279,2017-07-27,49.4,9.4
55282,2017-07-27,40.7,10.9
96844,2017-07-27,39.3,-16.8
44787,2017-07-28,56.6,-1.7
104597,2017-07-29,46.7,-1.8
242940,2017-07-29,40.8,-12.2
275512,2017-07-31,58.3,-22.5
74683,2017-07-31,59.2,9.9
48859,2017-07-31,48.3,-7.1
250686,2017-07-31,48.7,16.5
58000,2017-08-01,45.7,-11.2
221766,2017-08-01,50.8,-20.3
287635,2017-08-01,51.2,-19.7
197471,2017-08-01,54.0,3.4
15956,2017-08-01,47.8,5.1
143812,2017-08-02,60.4,-7.3
37834,2017-08-02,39.8,23.8
139393,2017-08-02,50.6,9.1
127236,2017-08-02,45.9,0.4
453594,2017-08-02,67.3,-17.5
354340,2017-08-03,49.6,-24.4
211325,2017-08-03,55.3,11.1
68290,2017-08-03,81.7,2.8
295330,2017-08-03,54.0,6.4
132014,2017-08-04,48.7,2.6
123742,2017-08-04,59.7,5.4
129679,2017-08-04,39.9,-5.0
93831,2017-08-04,30.2,7.3
51174,2017-08-04,49.9,-3.0
18021,2017-08-06,41.8,-16.0
31952,2017-08-07,55.2,-16.5
88348,2017-08-07,46.6,23.3
118287,2017-08-07,58.1,3.2
79027,2017-08-07,46.5,-6.1
45660,2017-08-07,45.5,4.5
75127,2017-08-08,39.1,0.0
170934,2017-08-08,45.2,2.6
34561,2017-08-08,45.0,-19.0
98512,2017-08-09,43.4,32.5
201040,2017-08-09,50.6,-2.3
120565,2017-08-09,31.9,6.3
19354,2017-08-09,39.7,-7.0
312862,2017-08-09,65.6,-20.7
77826,2017-08-09,66.7,-21.3
126687,2017-08-09,62.0,-7.1
54528,2017-08-10,42.0,-34.6
148666,2017-08-10,39.5,-16.2
34870,2017-08-10,57.3,0.4
133179,2017-08-10,49.1,23.0
58855,2017-08-10,37.6,17.8
49030,2017-08-11,44.0,20.3
67869,2017-08-11,58.0,-28.4
60889,2017-08-12,54.0,-5.0
45161,2017-08-13,45.8,15.0
36350,2017-08-14,41.1,-9.7
57162,2017-08-14,61.3,1.1
54375,2017-08-14,62.8,11.2
77449,2017-08-15,44.9,17.4
3291,2017-08-15,35.3,-12.6
282388,2017-08-16,49.6,-9.3
221958,2017-08-16,53.5,17.2
44357,2017-08-16,43.5,4.3
170927,2017-08-16,47.6,-1.7
90466,2017-08-16,60.7,-4.0
21905,2017-08-16,36.4,-2.4
332612,2017-08-16,50.5,-10.1
182446,2017-08-16,55.3,-2.8
151197,2017-08-17,45.8,-37.9
50657,2017-08-17,38.1,-9.1
51356,2017-08-17,45.9,-23.4
39099,2017-08-17,42.4,8.1
137438,2017-08-17,41.2,-34.6
33923,2017-08-18,56.9,-8.9
16922,2017-08-18,50.1,0.0
265513,2017-08-18,49.6,23.8
149498,2017-08-18,54.8,3.4
60128,2017-08-18,37.5,-13.9
184935,2017-08-18,52.4,-12.4
127984,2017-08-18,46.9,-14.0
5825,2017-08-19,34.9,-17.0
73504,2017-08-19,47.0,-20.3
147094,2017-08-20,45.2,-8.1
159668,2017-08-21,66.8,8.8
226155,2017-08-22,61.6,-25.4
253765,2017-08-22,47.4,11.1
58345,2017-08-22,40.6,4.7
122223,2017-08-23,46.3,-15.5
358956,2017-08-23,41.4,-18.2
341429,2017-08-23,50.5,-0.1
56790,2017-08-23,54.7,-3.2
135209,2017-08-23,47.1,-27.7
73097,2017-08-24,63.3,-11.4
208890,2017-08-24,34.9,-10.8
8060,2017-08-25,40.5,-8.2
341317,2017-08-25,47.1,-2.3
260827,2017-08-25,40.4,18.2
288230,2017-08-25,78.4,1.7
273004,2017-08-25,49.1,3.2
48052,2017-08-26,54.5,-33.1
212415,2017-08-26,46.3,-5.1
214631,2017-08-28,46.9,-16.2
131161,2017-08-28,57.1,5.2
69015,2017-08-28,54.8,3.2
238752,2017-08-29,70.3,-11.2
336828,2017-08-29,65.2,-42.6
283223,2017-08-29,54.7,-13.7
187598,2017-08-30,43.4,-20.6
129674,2017-08-30,52.5,-11.8
64793,2017-08-30,41.9,11.1
33362,2017-08-30,38.3,7.4
67220,2017-08-30,52.1,-18.3
44792,2017-08-30,39.4,-11.2
67090,2017-08-30,42.3,-0.5
35247,2017-08-31,51.8,-3.5
56810,2017-08-31,36.9,-6.5
34944,2017-08-31,56.0,-19.0
35564,2017-08-31,45.7,12.4
100160,2017-08-31,52.4,-10.3
232593,2017-08-31,45.3,-10.9
240892,2017-08-31,37.7,-9.4
29316,2017-08-31,51.2,8.2
29056,2017-08-31,38.0,-1.0
291981,2017-08-31,43.1,9.9
26263,2017-08-31,31.6,-1.3
12518,2017-08-31,45.4,2.3
3417,2017-08-31,30.9,6.6
31182,2017-08-31,43.8,-16.0
127032,2017-08-31,46.9,18.0
53286,2017-08-31,46.5,6.0
139341,2017-08-31,53.1,-30.1
73491,2017-08-31,61.2,-30.0
324351,2017-08-31,53.5,0.5
39799,2017-08-31,42.2,8.8
193469,2017-08-31,57.3,-26.2
173859,2017-08-31,59.5,-14.8
122116,2017-08-31,56.7,-10.8
143424,2017-08-31,59.4,-0.7
45465,2017-08-31,39.6,5.2
92899,2017-08-31,36.1,-1.0
119164,2017-08-31,40.5,-0.8
158795,2017-09-01,44.1,-13.1
51984,2017-09-04,42.7,-19.8
190909,2017-09-04,37.1,5.5
89708,2017-09-05,42.4,21.6
47172,2017-09-07,48.2,-19.4
191391,2017-09-08,46.6,-12.1
54148,2017-09-08,48.6,-10.1
60164,2017-09-11,48.9,-23.5
54793,2017-09-11,43.3,-10.4
178987,2017-09-11,49.7,8.5
210141,2018-01-01,46.5,-24.4
6288,2018-01-01,49.8,-10.8
103680,2018-01-01,42.1,-13.9
26574,2018-01-01,55.8,6.4
70114,2018-01-01,51.4,-5.0
139208,2018-01-01,57.8,13.1
171167,2018-01-01,43.5,-28.0
36284,2018-01-01,48.1,-13.0
292366,2018-01-01,56.3,2.7
36119,2018-01-01,46.5,-14.4
34299,2018-01-01,43.8,4.4
39743,2018-01-01,51.6,1.0
464259,2018-01-01,49.8,25.1
33031,2018-01-01,47.6,-23.9
44779,2018-01-01,61.1,-9.3
39907,2018-01-01,31.0,4.7
67542,2018-01-02,50.2,-17.4
49841,2018-01-03,45.6,16.3
102679,2018-01-03,46.6,-5.7
37216,2018-01-04,38.7,13.1
188180,2018-01-04,58.0,13.8
94781,2018-01-04,41.3,5.0
7152,2018-01-04,31.8,0.4
46083,2018-01-04,52.6,14.0
210941,2018-01-05,48.5,-31.3
59908,2018-01-05,42.6,-5.6
131978,2018-01-05,58.7,1.6
45671,2018-01-05,50.4,-16.4
236468,2018-01-06,52.4,5.8
55501,2018-01-07,46.3,-31.6
54935,2018-01-08,42.8,-6.7
80444,2018-01-08,80.2,-6.4
76386,2018-01-08,45.9,-2.5
166725,2018-01-09,43.8,5.7
159692,2018-01-09,34.0,7.0
43256,2018-01-10,40.9,-9.3
74869,2018-01-11,55.1,-1.9
49030,2018-01-11,43.3,-8.6
52480,2018-01-11,60.6,3.8
256267,2018-01-11,52.7,26.2
247248,2018-01-11,38.3,14.1
27494,2018-01-12,35.2,2.8
79510,2018-01-13,30.2,22.3
20137,2018-01-15,52.4,27.1
58494,2018-01-15,44.9,-5.9
170767,2018-01-16,48.2,10.2
35871,2018-01-16,40.8,-15.7
70212,2018-01-16,42.2,-13.9
120144,2018-01-16,44.6,-30.0
58405,2018-01-16,51.5,-10.4
290551,2018-01-16,48.0,-28.4
57643,2018-01-16,39.7,-11.9
33713,2018-01-17,52.5,-20.6
241391,2018-01-17,55.8,31.2
209933,2018-01-17,51.5,-16.5
112552,2018-01-18,43.3,-16.9
166737,2018-01-18,49.3,7.8
121257,2018-01-18,42.8,-13.1
75076,2018-01-19,28.5,-16.4
166240,2018-01-19,50.0,-25.3
45668,2018-01-19,56.4,6.7
270393,2018-01-19,66.2,20.6
107665,2018-01-19,49.8,1.3
126600,2018-01-22,40.3,-11.0
40433,2018-01-22,66.7,-17.4
55735,2018-01-22,61.0,1.1
4380,2018-01-22,53.1,20.1
14221,2018-01-23,35.1,-15.1
369684,2018-01-23,60.5,-9.9
227618,2018-01-25,57.2,1.0
135215,2018-01-25,49.5,-29.1
184672,2018-01-25,39.2,-15.0
150482,2018-01-25,50.2,-7.8
173192,2018-01-26,48.7,-6.9
125918,2018-01-26,57.9,-0.5
83485,2018-01-26,41.7,3.7
412095,2018-01-27,54.2,-18.3
18006,2018-01-29,33.5,-24.4
18829,2018-01-29,56.3,11.3
120610,2018-01-29,49.5,-40.3
140310,2018-01-30,62.3,-0.8
98536,2018-01-30,50.9,-7.4
56134,2018-01-30,39.7,-11.7
149446,2018-01-30,44.3,3.6
181778,2018-01-30,62.0,-15.2
158863,2018-01-30,55.7,5.0
58692,2018-01-30,44.0,6.2
99922,2018-01-30,63.1,-3.9
176553,2018-01-30,59.8,5.5
45403,2018-01-31,45.2,-31.2
383372,2018-01-31,45.5,-2.5
22140,2018-01-31,34.6,6.1
58864,2018-01-31,54.8,16.2
96454,2018-01-31,35.8,-2.2
74081,2018-01-31,43.1,10.1
9850,2018-01-31,37.5,8.2
77100,2018-01-31,59.3,3.9
4257,2018-01-31,47.9,24.2
363223,2018-01-31,58.7,-15.1
343537,2018-01-31,66.0,-44.5
66058,2018-01-31,55.0,-4.3
291739,2018-01-31,55.5,4.9
238407,2018-01-31,58.9,-26.8
211325,2018-01-31,38.9,4.0
113039,2018-01-31,51.0,-4.2
102134,2018-01-31,50.8,16.3
39094,2018-01-31,43.7,-10.4
82442,2018-01-31,53.6,-8.6
95755,2018-01-31,62.8,11.7
48003,2018-01-31,28.9,2.3
113358,2018-01-31,67.5,-1.0
82713,2018-01-31,43.9,-10.7
315237,2018-02-01,44.5,30.5
315236,2018-02-01,47.5,12.9
428380,2018-02-05,48.4,-9.6
222977,2018-02-07,51.1,22.0
216463,2018-02-09,42.0,-29.5
51349,2018-02-12,54.7,20.1
137206,2018-02-15,50.2,20.4
176618,2018-02-15,48.5,-13.5
214257,2018-02-15,54.0,-25.3
189044,2018-03-02,54.1,3.0
243841,2018-03-05,50.2,-36.3
348026,2018-07-01,67.0,3.5
346289,2018-07-01,51.4,-8.0
348863,2018-07-01,38.6,-6.1
357565,2018-07-01,66.4,15.6
336104,2018-07-01,43.3,14.3
325429,2018-07-01,51.9,0.1
236400,2018-07-01,61.5,8.9
249157,2018-07-01,46.9,0.2
258519,2018-07-01,43.4,3.9
261905,2018-07-01,44.8,2.1
264423,2018-07-01,52.0,14.7
265040,2018-07-01,60.6,-36.9
267383,2018-07-01,60.5,7.3
330659,2018-07-01,64.2,-6.8
272622,2018-07-01,46.6,-4.4
275159,2018-07-01,40.1,18.1
276896,2018-07-01,57.2,17.2
289510,2018-07-01,44.8,0.8
302215,2018-07-01,69.2,-12.5
315211,2018-07-01,55.4,-13.5
321528,2018-07-01,74.1,9.6
323954,2018-07-01,40.4,5.7
273663,2018-07-01,48.5,2.9
397090,2018-07-01,56.0,9.2
185077,2018-07-01,60.1,1.8
411295,2018-07-01,70.1,3.9
57087,2018-07-01,49.7,-11.1
56777,2018-07-01,38.2,18.9
56761,2018-07-01,40.1,8.2
56183,2018-07-01,34.8,3.2
55215,2018-07-01,65.1,-5.8
55541,2018-07-01,47.5,-14.3
273438,2018-07-01,56.0,-16.1
29366,2018-07-01,25.8,2.1
282577,2018-07-01,39.9,-10.0
28947,2018-07-01,49.8,2.1
292615,2018-07-01,47.1,12.8
295696,2018-07-01,45.2,-10.4
315110,2018-07-01,59.7,-2.0
316137,2018-07-01,37.1,6.1
404839,2018-07-01,56.8,9.4
27494,2018-07-01,35.4,6.4
18429,2018-07-01,42.8,8.5
14942,2018-07-01,35.3,18.3
13946,2018-07-01,44.5,-20.2
4377,2018-07-01,35.6,18.8
229005,2018-07-01,59.0,-4.8
81796,2018-07-01,39.2,-20.4
230457,2018-07-01,60.3,-23.2
468260,2018-07-01,51.6,17.9
432772,2018-07-01,54.3,-39.6
428563,2018-07-01,54.0,21.4
422850,2018-07-01,49.8,13.3
419723,2018-07-01,59.9,-4.3
27581,2018-07-01,39.8,-11.6
228940,2018-07-01,51.2,-3.6
225693,2018-07-01,62.4,3.3
226802,2018-07-01,52.3,-29.2
85969,2018-07-01,42.5,-5.7
91727,2018-07-01,40.0,11.1
91849,2018-07-01,56.1,-2.2
92164,2018-07-01,55.0,-3.7
93081,2018-07-01,54.8,1.0
93844,2018-07-01,59.7,-14.1
98249,2018-07-01,47.6,-17.8
85627,2018-07-01,48.3,-2.1
105892,2018-07-01,61.4,-7.8
108650,2018-07-01,50.8,-10.6
110036,2018-07-01,51.9,-12.7
110923,2018-07-01,52.0,-5.3
111196,2018-07-01,58.4,6.5
112935,2018-07-01,54.1,-16.4
119211,2018-07-01,69.1,-11.4
119296,2018-07-01,72.3,6.0
107775,2018-07-01,46.3,-18.0
85291,2018-07-01,52.9,2.1
7825,2018-07-01,49.1,-2.9
22141,2018-07-01,44.2,-6.2
79522,2018-07-01,51.2,-14.1
79377,2018-07-01,43.5,-1.2
72476,2018-07-01,50.2,6.9
70074,2018-07-01,40.8,-3.5
69004,2018-07-01,53.7,-41.8
64399,2018-07-01,42.3,5.0
59238,2018-07-01,43.3,8.0
58429,2018-07-01,44.5,-13.6
57723,2018-07-01,51.2,-21.4
57482,2018-07-01,35.4,-0.8
56809,2018-07-01,41.3,27.2
56100,2018-07-01,36.1,-4.4
55291,2018-07-01,52.7,1.5
53696,2018-07-01,47.9,-4.3
49016,2018-07-01,41.9,25.8
48015,2018-07-01,45.6,21.9
45026,2018-07-01,48.3,-5.7
42412,2018-07-01,44.0,4.4
29692,2018-07-01,36.4,13.3
120070,2018-07-01,46.0,23.8
228645,2018-07-01,54.2,17.7
124419,2018-07-01,54.7,20.2
182573,2018-07-01,69.6,1.2
182582,2018-07-01,46.4,6.5
183397,2018-07-01,47.2,-15.1
187245,2018-07-01,42.8,-6.3
191614,2018-07-01,50.0,10.6
196095,2018-07-01,46.1,4.4
205657,2018-07-01,38.2,-9.2
207006,2018-07-01,60.0,-20.6
208552,2018-07-01,58.2,11.7
213429,2018-07-01,52.0,-20.5
215876,2018-07-01,56.4,23.5
215977,2018-07-01,58.9,3.7
216579,2018-07-01,46.1,15.1
57631,2018-07-01,35.8,1.5
205562,2018-07-01,71.8,-9.3
180017,2018-07-01,40.0,6.8
179895,2018-07-01,34.1,-6.9
124700,2018-07-01,48.5,4.1
124902,2018-07-01,41.9,-9.4
129476,2018-07-01,46.6,14.2
130360,2018-07-01,65.9,-1.9
130765,2018-07-01,41.3,11.4
131758,2018-07-01,50.6,7.1
137313,2018-07-01,47.1,-5.0
137616,2018-07-01,48.2,4.9
140676,2018-07-01,58.3,17.7
143029,2018-07-01,46.7,-19.0
153084,2018-07-01,59.9,19.3
160938,2018-07-01,49.9,9.8
167794,2018-07-01,57.5,-24.4
169687,2018-07-01,46.1,19.4
170544,2018-07-01,42.3,9.9
170953,2018-07-01,40.2,-1.3
174733,2018-07-01,45.5,4.2
177467,2018-07-01,66.4,16.3
178425,2018-07-01,49.2,-11.1
123349,2018-07-01,68.8,-0.1
2865,2018-07-01,38.0,-5.7
52915,2018-07-01,55.3,29.9
93393,2018-07-01,41.1,-11.6
93077,2018-07-01,49.0,-6.9
91991,2018-07-01,44.9,-15.0
183945,2018-07-01,48.9,-1.3
184885,2018-07-01,55.4,-8.8
185026,2018-07-01,45.0,-10.7
89591,2018-07-01,48.3,-13.3
187301,2018-07-01,44.2,-14.1
84491,2018-07-01,48.0,-13.0
84344,2018-07-01,48.5,-2.3
190786,2018-07-01,47.1,-7.3
81588,2018-07-01,53.4,17.4
81460,2018-07-01,40.2,-14.2
79501,2018-07-01,42.6,1.6
46473,2018-07-01,42.7,-14.5
197545,2018-07-01,51.1,-2.4
67570,2018-07-01,51.3,6.2
68441,2018-07-01,49.4,-23.6
48989,2018-07-01,34.9,10.8
34186,2018-07-01,42.0,-4.5
48703,2018-07-01,37.4,-9.0
94807,2018-07-01,50.4,-21.2
206744,2018-07-01,52.1,-18.4
203939,2018-07-01,48.5,-15.6
73662,2018-07-01,48.8,-0.4
73783,2018-07-01,45.7,8.2
199633,2018-07-01,36.7,-8.9
46972,2018-07-01,31.4,9.7
77108,2018-07-01,41.4,-10.9
205503,2018-07-01,48.1,-7.2
95736,2018-07-01,46.5,-11.8
182420,2018-07-01,43.8,13.6
96167,2018-07-01,46.4,24.6
160831,2018-07-01,45.5,1.9
125760,2018-07-01,40.0,-3.5
41982,2018-07-01,62.4,-13.8
126534,2018-07-01,52.0,22.1
126683,2018-07-01,43.6,-6.8
126699,2018-07-01,41.0,-16.9
164055,2018-07-01,47.0,2.4
160222,2018-07-01,55.2,1.7
37850,2018-07-01,38.7,9.0
154414,2018-07-01,49.5,-3.3
151567,2018-07-01,48.1,-19.8
130635,2018-07-01,37.9,-11.8
135208,2018-07-01,48.9,-21.5
137704,2018-07-01,50.5,20.4
127769,2018-07-01,42.2,6.5
164487,2018-07-01,33.0,17.4
164937,2018-07-01,49.9,10.7
96455,2018-07-01,50.0,-13.5
177065,2018-07-01,34.8,-10.0
99180,2018-07-01,43.3,-3.4
175912,2018-07-01,45.9,14.5
100163,2018-07-01,42.7,-6.0
44136,2018-07-01,40.4,33.6
36235,2018-07-01,34.9,19.3
43404,2018-07-01,41.1,3.2
166959,2018-07-01,44.2,-12.2
166575,2018-07-01,50.1,-17.3
42783,2018-07-01,36.0,0.8
37293,2018-07-01,37.2,-7.6
119557,2018-07-01,41.8,5.1
173040,2018-07-01,55.0,3.8
67235,2018-07-01,49.9,-2.0
111200,2018-07-01,38.1,6.1
84711,2018-07-01,43.9,8.1
52200,2018-07-01,50.2,10.2
237426,2018-07-01,41.2,-10.6
51191,2018-07-01,42.8,7.1
51984,2018-07-01,42.0,8.3
60539,2018-07-01,53.4,-17.3
231172,2018-07-01,45.9,20.0
60594,2018-07-01,42.6,12.2
63531,2018-07-01,57.6,-26.4
224256,2018-07-01,51.8,-15.4
64507,2018-07-01,53.0,-3.7
52322,2018-07-01,43.1,-8.2
228572,2018-07-01,56.2,9.9
31159,2018-07-01,39.8,5.3
58295,2018-07-01,46.7,7.8
182446,2018-07-02,57.2,-26.0
34322,2018-07-02,53.2,-17.6
44855,2018-07-02,56.4,13.6
52281,2018-07-02,42.5,9.6
193900,2018-07-02,57.9,-16.9
357117,2018-07-02,52.6,-15.3
286949,2018-07-02,46.1,-16.4
61812,2018-07-02,54.9,12.6
292818,2018-07-02,61.2,6.7
74590,2018-07-03,37.6,0.2
52530,2018-07-03,26.8,1.7
231792,2018-07-03,45.6,-15.8
45832,2018-07-03,45.2,8.5
66106,2018-07-03,62.6,20.7
36139,2018-07-03,67.7,21.3
204047,2018-07-03,50.9,7.8
316945,2018-07-03,54.9,-36.6
359210,2018-07-03,54.7,-12.9
197126,2018-07-03,64.6,-24.1
127031,2018-07-03,43.7,-16.4
286415,2018-07-04,54.9,-1.3
38607,2018-07-04,49.3,-14.9
32113,2018-07-04,53.7,16.8
197613,2018-07-04,40.7,-5.4
119115,2018-07-04,51.8,-40.8
198070,2018-07-04,44.6,10.2
392810,2018-07-04,34.9,1.3
114530,2018-07-04,47.8,-17.2
130824,2018-07-04,44.3,1.6
364258,2018-07-05,55.3,-4.5
350219,2018-07-05,72.5,3.6
8184,2018-07-05,29.6,-13.1
13572,2018-07-05,35.2,3.0
16922,2018-07-05,52.2,15.2
280730,2018-07-05,59.2,-27.2
260301,2018-07-06,52.3,-39.7
5023,2018-07-06,45.9,-21.7
45004,2018-07-06,47.4,-18.6
241902,2018-07-06,42.7,6.7
28481,2018-07-06,38.8,-10.5
56381,2018-07-06,46.5,-2.4
184767,2018-07-06,49.0,2.9
291200,2018-07-07,47.3,3.1
256977,2018-07-09,56.7,14.0
88242,2018-07-09,40.7,10.8
265648,2018-07-09,53.6,-0.8
59823,2018-07-09,40.4,-0.7
8487,2018-07-09,41.3,11.5
74223,2018-07-09,54.7,-11.2
8198,2018-07-10,63.2,15.1
160285,2018-07-10,52.7,-38.2
178957,2018-07-10,47.4,-14.2
318077,2018-07-10,60.3,-15.1
171424,2018-07-10,63.8,18.5
63463,2018-07-10,49.7,-3.9
121756,2018-07-11,47.2,-2.1
131075,2018-07-11,54.9,13.4
160837,2018-07-11,45.3,-14.6
222859,2018-07-11,54.5,0.6
58576,2018-07-11,44.1,-7.4
69015,2018-07-11,53.2,-15.1
65781,2018-07-11,55.4,-27.4
73504,2018-07-11,37.5,15.3
54933,2018-07-12,42.8,6.3
44977,2018-07-12,45.3,-5.1
7152,2018-07-12,35.0,-6.5
163639,2018-07-12,46.5,-0.2
133668,2018-07-12,45.3,-11.2
181547,2018-07-12,44.7,8.9
182904,2018-07-12,61.0,-4.6
60558,2018-07-12,48.5,-7.6
178614,2018-07-12,54.9,-22.0
338424,2018-07-12,63.6,15.2
13121,2018-07-12,34.0,-1.9
21972,2018-07-12,39.4,21.0
86792,2018-07-13,59.2,1.4
99331,2018-07-13,49.5,5.4
100131,2018-07-13,57.2,3.6
45121,2018-07-13,50.6,-7.3
137179,2018-07-13,43.2,-0.7
167329,2018-07-13,56.0,14.2
226012,2018-07-13,46.9,17.8
312493,2018-07-13,53.3,-6.4
172802,2018-07-13,40.1,18.7
292570,2018-07-13,47.6,-19.6
250464,2018-07-13,58.5,-6.8
55734,2018-07-14,37.0,0.4
102017,2018-07-14,59.5,14.0
28020,2018-07-14,30.8,-4.6
159372,2018-07-15,62.3,-0.9
226169,2018-07-15,47.2,-1.4
273152,2018-07-16,51.2,-8.6
303219,2018-07-16,60.7,2.4
45513,2018-07-16,42.8,2.1
58076,2018-07-16,50.4,-17.5
111074,2018-07-16,44.3,17.7
410425,2018-07-17,53.4,-1.8
131731,2018-07-17,48.0,-6.0
12282,2018-07-17,71.4,9.9
190874,2018-07-17,39.0,-6.6
83946,2018-07-17,55.1,-5.8
50580,2018-07-18,45.8,5.4
39373,2018-07-18,38.4,-20.8
22210,2018-07-18,31.9,-5.1
105470,2018-07-19,62.8,8.0
50413,2018-07-20,48.2,-19.2
453594,2018-07-20,40.9,-12.4
38388,2018-07-21,49.2,24.1
40014,2018-07-23,35.9,7.1
163086,2018-07-23,51.9,-6.1
203348,2018-07-23,57.7,4.4
63170,2018-07-23,42.4,-21.8
62481,2018-07-23,45.3,-21.1
36364,2018-07-24,42.4,-7.9
378710,2018-07-24,55.5,4.6
323704,2018-07-24,67.1,-21.0
249513,2018-07-24,56.2,-7.7
178313,2018-07-24,59.5,-18.1
29364,2018-07-24,50.3,3.8
75458,2018-07-24,44.4,-12.5
72479,2018-07-24,53.0,12.6
276255,2018-07-24,41.7,-24.2
31867,2018-07-24,45.9,14.3
92947,2018-07-25,46.9,-10.6
123521,2018-07-25,36.6,1.7
96454,2018-07-25,50.7,5.6
257448,2018-07-25,65.9,-45.2
213268,2018-07-25,60.5,-32.8
94928,2018-07-25,47.7,0.9
58402,2018-07-25,40.8,13.8
378954,2018-07-25,53.7,-44.4
135343,2018-07-26,43.2,20.9
402004,2018-07-26,48.4,-8.6
57370,2018-07-26,46.5,-0.6
47637,2018-07-26,47.3,-9.5
64341,2018-07-26,42.7,12.3
250686,2018-07-27,53.7,-14.3
263918,2018-07-27,62.8,12.0
182932,2018-07-27,48.1,16.0
100303,2018-07-28,46.2,-28.0
24977,2018-07-28,42.9,1.8
532,2018-07-29,36.9,18.2
128295,2018-07-29,32.7,-9.5
155025,2018-07-30,49.9,-8.6
56628,2018-07-31,36.7,-10.2
462772,2018-07-31,45.5,2.0
120443,2018-07-31,60.8,-1.2
151505,2018-07-31,45.5,0.9
40633,2018-08-01,57.8,-5.3
106644,2018-08-01,30.6,32.0
227081,2018-08-01,65.3,3.3
126664,2018-08-01,47.4,23.0
125783,2018-08-01,47.9,-22.6
25035,2018-08-01,33.3,19.5
287431,2018-08-02,44.5,-21.8
146164,2018-08-02,57.3,-23.0
39983,2018-08-02,50.4,3.5
310782,2018-08-02,46.0,2.1
66934,2018-08-02,40.8,-12.1
103444,2018-08-02,42.6,35.2
230541,2018-08-02,41.2,-21.3
27374,2018-08-02,48.3,7.1
77828,2018-08-03,52.5,-9.6
174344,2018-08-03,45.7,12.8
88490,2018-08-04,48.4,-11.9
70245,2018-08-04,40.1,-2.7
118287,2018-08-05,46.4,-0.3
20003,2018-08-06,28.4,-4.9
67815,2018-08-06,44.8,7.1
84318,2018-08-06,54.2,-8.5
102040,2018-08-06,39.3,-4.9
424051,2018-08-06,47.7,-3.2
127076,2018-08-06,51.7,-4.1
56976,2018-08-06,51.3,10.5
274862,2018-08-06,47.4,-4.6
37666,2018-08-06,65.0,-4.8
55250,2018-08-06,46.5,-13.1
262980,2018-08-07,59.2,-4.0
193116,2018-08-08,47.4,17.7
192279,2018-08-08,51.6,-6.3
126711,2018-08-08,61.5,9.3
129670,2018-08-09,36.7,3.4
129990,2018-08-09,34.9,1.2
151470,2018-08-09,47.0,-28.1
50355,2018-08-09,55.8,1.3
51226,2018-08-09,37.1,-15.9
68645,2018-08-09,52.8,-21.2
320141,2018-08-09,47.8,13.0
175169,2018-08-09,46.6,-1.1
354361,2018-08-09,58.9,-11.7
44588,2018-08-09,45.4,-3.8
36371,2018-08-09,47.5,-20.7
85475,2018-08-09,37.7,-10.4
108390,2018-08-09,63.0,7.1
18909,2018-08-10,36.7,0.2
203357,2018-08-10,75.5,-9.7
216463,2018-08-10,46.3,-8.3
45581,2018-08-11,44.6,-18.6
45565,2018-08-11,39.6,-9.1
27389,2018-08-12,44.3,-1.7
16597,2018-08-13,36.7,-13.7
371142,2018-08-13,54.5,-15.7
188905,2018-08-14,38.5,-19.3
73734,2018-08-14,53.4,3.2
305947,2018-08-14,70.2,-9.9
49275,2018-08-14,38.3,20.7
60096,2018-08-15,40.1,17.7
81532,2018-08-15,51.4,-18.3
228948,2018-08-16,67.7,-15.8
36688,2018-08-16,48.5,-36.2
84903,2018-08-16,34.2,2.3
181378,2018-08-16,48.1,24.6
26669,2018-08-17,44.3,-20.1
164091,2018-08-17,40.6,-9.6
35747,2018-08-17,39.2,0.4
157849,2018-08-17,48.7,-24.2
67639,2018-08-17,32.0,14.6
145581,2018-08-17,35.4,-2.4
433049,2018-08-17,44.8,10.3
98512,2018-08-17,38.0,-14.6
115382,2018-08-17,57.5,11.5
447221,2018-08-17,45.4,0.4
195171,2018-08-17,56.6,-8.3
230552,2018-08-17,51.6,-11.8
192875,2018-08-17,36.6,-6.3
21748,2018-08-18,40.1,16.5
278654,2018-08-18,62.3,-0.5
148396,2018-08-21,57.7,-19.1
123286,2018-08-21,44.2,6.6
60317,2018-08-22,41.9,9.5
132553,2018-08-22,59.1,-19.0
36884,2018-08-22,53.2,7.1
140803,2018-08-23,51.9,-16.5
287579,2018-08-24,55.1,-9.7
9593,2018-08-25,35.4,3.3
44624,2018-08-25,53.0,16.4
167291,2018-08-27,69.6,-5.8
131090,2018-08-27,50.7,-42.6
57051,2018-08-27,41.5,-8.2
182574,2018-08-27,57.0,4.5
419999,2018-08-28,35.5,-20.1
68864,2018-08-28,58.3,-15.9
202591,2018-08-28,58.6,-9.0
256567,2018-08-28,29.4,3.0
75287,2018-08-28,41.7,-18.3
47172,2018-08-28,37.7,14.5
95673,2018-08-29,48.0,9.8
45161,2018-08-29,42.2,-13.5
225020,2018-08-29,56.5,-18.4
77383,2018-08-29,31.9,-0.8
427161,2018-08-30,45.2,-4.1
143155,2018-08-30,49.1,-29.0
85213,2018-08-30,48.4,-4.5
75446,2018-08-30,46.9,-6.9
31095,2018-08-31,52.4,5.1
394906,2018-08-31,48.0,3.2
150948,2018-08-31,42.7,-15.5
292366,2018-08-31,48.4,-5.4
108587,2018-08-31,49.8,-14.0
111058,2018-08-31,59.8,-12.7
264576,2018-08-31,43.8,-20.6
226896,2018-08-31,39.8,9.5
117586,2018-08-31,51.1,17.7
94199,2018-08-31,51.5,-14.6
126719,2018-08-31,57.7,-0.6
153427,2018-08-31,46.3,3.2
45660,2018-08-31,62.5,-24.5
215114,2018-08-31,46.7,4.3
182381,2018-08-31,48.0,1.0
229004,2018-08-31,58.0,10.9
320265,2018-08-31,65.6,-5.1
348425,2018-08-31,56.2,-28.9
393239,2018-08-31,54.1,0.0
419845,2018-08-31,55.2,25.8
44716,2018-09-03,51.5,-9.6
55879,2018-09-05,42.8,-15.6
72490,2018-09-07,43.9,-2.9
35871,2018-09-28,34.7,-8.2
240578,2019-01-01,44.7,14.6
329517,2019-01-01,54.0,22.6
315779,2019-01-02,61.5,1.0
329714,2019-01-04,44.4,-21.8
292806,2019-01-04,57.1,-26.6
236537,2019-01-04,53.5,18.1
56790,2019-01-04,49.6,2.4
258889,2019-01-04,57.8,-4.2
34987,2019-01-04,52.9,18.0
176354,2019-01-05,51.5,-29.9
15511,2019-01-05,46.5,-7.0
147846,2019-01-06,46.2,-36.4
65467,2019-01-07,46.8,-3.2
181554,2019-01-07,54.3,20.8
77757,2019-01-07,42.7,3.6
260672,2019-01-09,51.7,-34.5
26105,2019-01-09,48.9,-17.1
29962,2019-01-10,29.0,1.1
255340,2019-01-10,48.6,-24.4
124422,2019-01-10,47.0,23.5
127837,2019-01-10,52.8,-15.4
296422,2019-01-10,52.3,-15.8
112343,2019-01-11,34.4,21.4
223725,2019-01-11,61.3,-7.6
8806,2019-01-11,62.0,-16.4
570423,2019-01-13,46.6,21.0
236886,2019-01-14,46.6,-15.6
23553,2019-01-14,48.1,-4.2
97541,2019-01-14,47.8,-1.4
100303,2019-01-15,39.9,-11.8
74943,2019-01-15,43.0,18.0
178987,2019-01-15,48.1,-27.1
16135,2019-01-15,37.5,32.8
430579,2019-01-15,52.1,-17.0
439022,2019-01-15,55.7,16.7
139434,2019-01-15,45.5,7.4
164292,2019-01-16,51.9,-1.7
364567,2019-01-17,44.0,11.3
361260,2019-01-17,46.9,14.9
73480,2019-01-18,53.7,5.4
106270,2019-01-18,55.2,16.2
209993,2019-01-19,44.3,14.3
257388,2019-01-21,60.0,2.7
114940,2019-01-22,46.1,-8.5
46658,2019-01-22,42.7,16.6
327757,2019-01-23,58.5,-7.8
45146,2019-01-23,57.9,15.5
38340,2019-01-24,52.3,12.5
27292,2019-01-24,41.8,29.2
97567,2019-01-25,59.1,10.9
58076,2019-01-25,45.9,8.6
222876,2019-01-26,56.6,-9.5
89222,2019-01-28,56.2,10.2
281919,2019-01-29,47.3,-14.5
166237,2019-01-29,53.9,-5.6
274802,2019-01-29,46.6,-9.3
149829,2019-01-31,52.5,14.8
354352,2019-01-31,45.3,-9.5
290336,2019-01-31,46.4,20.5
271966,2019-01-31,62.2,-10.1
242632,2019-01-31,53.1,12.6
197126,2019-01-31,41.3,10.0
216181,2019-01-31,51.5,-8.5
137648,2019-01-31,51.6,8.7
45004,2019-01-31,47.6,18.3
46105,2019-01-31,41.0,-10.8
95142,2019-01-31,52.2,-15.7
85383,2019-01-31,52.7,-12.2
53536,2019-01-31,53.8,-23.6
44996,2019-01-31,51.7,3.9
104200,2019-01-31,43.9,9.3
98195,2019-01-31,39.4,1.7
38195,2019-01-31,38.2,5.1
180337,2019-02-01,58.6,22.2
128931,2019-02-02,46.9,14.2
34193,2019-02-04,46.3,-19.1
25721,2019-02-08,42.3,-21.2
281917,2019-02-19,53.0,-10.2
27178,2019-07-01,34.1,-0.2
58970,2019-07-01,42.0,19.8
5336,2019-07-01,44.8,-0.8
39728,2019-07-01,61.3,10.0
40687,2019-07-01,60.1,18.0
51161,2019-07-01,48.6,-6.0
52477,2019-07-01,46.8,4.1
54928,2019-07-01,50.2,-19.6
59180,2019-07-01,31.8,11.9
228917,2019-07-01,49.5,2.1
56036,2019-07-01,47.9,8.8
59322,2019-07-01,57.0,18.6
72522,2019-07-01,61.0,-15.1
54148,2019-07-01,53.7,2.2
248903,2019-07-01,48.4,-10.5
58568,2019-07-01,47.0,-0.2
55336,2019-07-01,41.5,-11.8
249256,2019-07-01,53.2,-6.2
171069,2019-07-01,40.0,-5.3
227532,2019-07-01,53.3,-17.4
44686,2019-07-01,32.6,-7.3
73185,2019-07-01,48.8,12.7
113996,2019-07-01,36.5,-5.5
42948,2019-07-01,31.0,8.7
121958,2019-07-01,47.6,-19.7
122421,2019-07-01,65.6,9.0
124866,2019-07-01,40.0,-4.6
41369,2019-07-01,46.4,-19.0
127610,2019-07-01,43.2,-10.0
152963,2019-07-01,40.7,12.0
147112,2019-07-01,46.0,-10.0
38782,2019-07-01,42.8,-14.8
135553,2019-07-01,45.4,1.8
38801,2019-07-01,43.8,13.3
145769,2019-07-01,35.8,-5.9
140446,2019-07-01,46.5,-9.4
142281,2019-07-01,38.5,-1.6
98536,2019-07-01,36.8,35.6
36025,2019-07-01,50.0,-2.2
186279,2019-07-01,40.7,-23.7
225015,2019-07-01,38.0,23.6
66980,2019-07-01,40.8,-19.6
67071,2019-07-01,42.9,8.7
50057,2019-07-01,59.5,-1.3
213265,2019-07-01,42.0,-22.3
70285,2019-07-01,58.1,-12.0
209574,2019-07-01,35.7,0.1
73417,2019-07-01,46.4,-20.4
73480,2019-07-01,49.8,-15.2
203764,2019-07-01,50.1,-19.4
75116,2019-07-01,44.3,1.6
195308,2019-07-01,38.5,-18.9
193130,2019-07-01,46.2,-8.8
84491,2019-07-01,40.3,-13.4
188660,2019-07-01,44.3,-6.1
85771,2019-07-01,42.8,7.4
85867,2019-07-01,59.7,-9.6
182816,2019-07-01,56.6,-1.9
75489,2019-07-01,48.7,22.3
50202,2019-07-01,71.7,-27.3
88262,2019-07-01,37.3,6.6
280701,2019-07-01,66.7,6.9
281963,2019-07-01,65.0,6.3
282411,2019-07-01,59.7,16.8
187624,2019-07-01,47.6,5.4
187492,2019-07-01,71.9,9.0
186368,2019-07-01,63.2,-12.9
184440,2019-07-01,49.1,24.5
288241,2019-07-01,53.1,2.8
182913,2019-07-01,61.9,8.9
182581,2019-07-01,63.5,-15.2
288429,2019-07-01,42.6,0.5
23974,2019-07-01,40.4,-8.2
182381,2019-07-01,69.1,5.4
228660,2019-07-01,44.9,25.1
178335,2019-07-01,50.1,3.1
25942,2019-07-01,33.4,6.2
290774,2019-07-01,47.9,-7.2
176139,2019-07-01,42.0,4.9
291417,2019-07-01,67.2,2.4
295183,2019-07-01,64.1,-18.6
169880,2019-07-01,54.6,21.7
303219,2019-07-01,49.6,-4.9
326330,2019-07-01,74.0,-0.8
167105,2019-07-01,45.2,-12.8
164265,2019-07-01,45.7,-32.3
188888,2019-07-01,43.8,19.1
16135,2019-07-01,54.5,-2.1
275159,2019-07-01,40.5,-7.7
227039,2019-07-01,67.0,-38.4
234888,2019-07-01,48.8,10.4
237164,2019-07-01,61.7,-6.0
237662,2019-07-01,48.5,13.4
77715,2019-07-01,51.0,-12.3
238084,2019-07-01,62.5,-9.7
240497,2019-07-01,46.8,-6.7
240692,2019-07-01,47.4,16.3
243302,2019-07-01,47.6,8.3
244262,2019-07-01,48.0,18.6
9594,2019-07-01,49.5,11.8
250478,2019-07-01,52.4,-2.7
9819,2019-07-01,25.1,-1.1
329145,2019-07-01,47.2,12.7
253210,2019-07-01,53.9,5.1
257448,2019-07-01,51.4,-1.3
257851,2019-07-01,46.4,-3.4
257937,2019-07-01,52.9,-12.3
226524,2019-07-01,43.1,0.8
259350,2019-07-01,49.8,-5.7
260655,2019-07-01,41.5,-14.8
260829,2019-07-01,56.0,-6.6
263727,2019-07-01,56.9,1.4
263860,2019-07-01,48.6,-29.0
215099,2019-07-01,44.4,8.1
207573,2019-07-01,43.8,5.7
272812,2019-07-01,48.5,-9.6
201737,2019-07-01,53.2,-5.6
253817,2019-07-01,52.0,17.6
388236,2019-07-01,58.8,-14.1
289835,2019-07-01,60.2,3.5
234193,2019-07-01,46.0,-20.3
401530,2019-07-01,66.8,8.1
336697,2019-07-01,46.5,-18.6
340166,2019-07-01,53.5,18.5
144028,2019-07-01,60.4,0.5
156501,2019-07-01,54.9,1.9
111819,2019-07-01,52.3,-16.0
118689,2019-07-01,61.5,6.1
119228,2019-07-01,49.2,32.1
125858,2019-07-01,68.4,-1.1
395516,2019-07-01,58.7,22.2
332802,2019-07-01,51.9,-1.9
377219,2019-07-01,62.3,7.1
126737,2019-07-01,44.7,12.1
369678,2019-07-01,45.3,-12.7
146227,2019-07-01,48.5,-9.2
361260,2019-07-01,46.1,10.3
357885,2019-07-01,61.1,-12.0
355501,2019-07-01,49.9,9.7
139396,2019-07-01,72.7,-7.1
308256,2019-07-01,49.9,-24.5
381362,2019-07-01,50.4,-27.2
353366,2019-07-01,56.2,15.7
291981,2019-07-01,45.1,4.7
334557,2019-07-01,67.5,-3.1
162571,2019-07-01,58.6,20.3
99353,2019-07-01,46.4,-1.2
291947,2019-07-01,63.5,-11.4
523363,2019-07-01,54.6,4.8
477758,2019-07-01,64.1,6.0
102226,2019-07-01,67.2,6.3
485424,2019-07-01,49.7,-19.1
107544,2019-07-01,49.1,1.2
336125,2019-07-01,59.4,2.1
441170,2019-07-01,59.8,-44.2
448920,2019-07-01,51.9,-11.7
104752,2019-07-01,51.5,-12.3
111038,2019-07-01,41.9,6.0
80205,2019-07-02,52.4,-19.2
169873,2019-07-02,48.0,-14.4
5782,2019-07-02,49.3,21.0
172142,2019-07-02,48.5,-3.2
257462,2019-07-02,62.8,-12.4
143852,2019-07-02,48.7,-2.2
450936,2019-07-02,60.8,-10.1
34344,2019-07-02,39.7,6.0
74230,2019-07-02,69.1,-17.9
182688,2019-07-02,45.3,8.1
411975,2019-07-03,53.7,15.6
462250,2019-07-03,71.1,-7.6
135617,2019-07-03,60.3,-3.5
24912,2019-07-03,42.7,6.4
274484,2019-07-03,60.5,-4.1
122043,2019-07-03,59.4,-15.4
189441,2019-07-03,58.8,8.4
118847,2019-07-03,54.2,-6.0
36182,2019-07-03,68.5,4.4
162056,2019-07-03,45.8,8.1
93922,2019-07-03,42.0,3.8
182578,2019-07-03,40.8,-8.7
5023,2019-07-04,36.2,-5.6
201427,2019-07-04,50.5,-13.2
342702,2019-07-04,62.9,-9.6
246968,2019-07-04,50.7,-3.4
15452,2019-07-04,45.3,-7.8
357565,2019-07-04,62.4,19.3
239962,2019-07-04,44.8,-12.3
238868,2019-07-04,56.0,-2.5
148365,2019-07-04,46.4,26.5
242497,2019-07-04,42.4,-14.7
40995,2019-07-04,37.7,-17.5
99343,2019-07-04,62.2,-6.6
31182,2019-07-04,41.3,-12.6
250844,2019-07-05,51.1,12.4
283127,2019-07-05,38.6,10.5
340879,2019-07-05,50.5,11.4
118732,2019-07-05,33.0,-16.5
422951,2019-07-05,63.3,-2.9
471582,2019-07-05,48.2,-8.5
134602,2019-07-05,57.7,-5.4
347900,2019-07-05,51.1,19.6
112930,2019-07-05,49.4,-19.7
19112,2019-07-05,41.2,-2.4
57328,2019-07-06,41.2,11.9
182923,2019-07-06,50.6,-20.6
193724,2019-07-06,51.9,25.0
256267,2019-07-07,60.1,13.4
249565,2019-07-08,51.8,21.5
157993,2019-07-08,34.1,13.6
76176,2019-07-08,33.3,2.3
259953,2019-07-08,52.8,7.3
214257,2019-07-08,47.9,-25.0
94936,2019-07-08,41.4,-2.5
93690,2019-07-09,37.3,-1.8
331560,2019-07-09,48.3,12.1
288228,2019-07-09,47.7,-13.9
236045,2019-07-09,48.3,11.6
202278,2019-07-09,54.2,10.8
286415,2019-07-10,54.7,-13.0
57402,2019-07-10,47.4,-22.4
80188,2019-07-10,50.0,-8.6
336077,2019-07-10,53.9,27.0
312799,2019-07-11,46.8,5.1
429086,2019-07-11,43.6,-10.7
131758,2019-07-11,36.1,2.1
57723,2019-07-11,52.6,9.4
170838,2019-07-11,53.3,14.3
191391,2019-07-11,47.3,10.1
203330,2019-07-11,47.3,-16.1
358250,2019-07-11,49.2,-0.6
51174,2019-07-12,40.8,21.0
167798,2019-07-12,61.2,1.1
260827,2019-07-12,54.2,-23.0
288415,2019-07-12,52.2,-15.2
331401,2019-07-12,59.6,2.4
198067,2019-07-13,50.0,6.4
84765,2019-07-13,43.4,20.1
396894,2019-07-14,52.1,-9.6
255653,2019-07-14,50.0,-4.2
125781,2019-07-14,81.4,-14.3
127181,2019-07-15,54.8,-16.6
81999,2019-07-15,42.7,25.6
214775,2019-07-15,54.5,0.2
34870,2019-07-15,37.1,16.8
50362,2019-07-15,55.1,-38.6
353365,2019-07-16,55.3,-11.8
57404,2019-07-16,39.2,-11.8
193469,2019-07-16,38.6,0.5
23960,2019-07-16,37.2,24.3
207877,2019-07-16,63.8,24.9
84301,2019-07-17,57.2,19.2
318508,2019-07-17,61.0,24.0
181375,2019-07-17,59.5,-26.4
157373,2019-07-17,54.8,33.2
333355,2019-07-17,48.3,4.2
95810,2019-07-17,63.5,5.8
60990,2019-07-18,40.4,-5.3
344381,2019-07-18,57.5,32.0
326031,2019-07-18,64.0,-5.9
281769,2019-07-18,53.0,15.8
204189,2019-07-18,46.8,-11.9
159908,2019-07-19,51.2,7.8
456535,2019-07-19,45.1,-7.7
450218,2019-07-20,48.4,-12.1
43848,2019-07-20,35.7,17.4
291422,2019-07-21,45.0,1.4
111036,2019-07-22,45.5,-0.4
266414,2019-07-22,42.6,-13.8
318528,2019-07-22,54.3,21.6
56046,2019-07-22,43.0,5.2
333241,2019-07-23,53.4,0.6
195359,2019-07-23,37.9,1.3
90583,2019-07-23,41.6,16.7
215213,2019-07-23,53.4,-30.2
160361,2019-07-23,41.4,-7.1
28335,2019-07-23,32.5,8.2
5245,2019-07-23,38.2,-7.1
290593,2019-07-23,50.1,-12.9
203496,2019-07-23,70.1,-4.0
76386,2019-07-24,42.7,11.5
101213,2019-07-24,46.8,-11.6
170495,2019-07-24,40.9,-14.0
9593,2019-07-24,32.0,8.1
81663,2019-07-24,42.1,-12.2
98249,2019-07-24,38.0,-10.3
222320,2019-07-24,44.1,0.4
95604,2019-07-24,46.6,25.4
98131,2019-07-24,40.2,25.0
234189,2019-07-24,50.3,-15.0
400489,2019-07-24,57.3,8.6
432982,2019-07-24,52.7,-14.7
406040,2019-07-25,73.5,-45.9
241119,2019-07-25,57.6,-25.2
381273,2019-07-25,46.6,-16.2
245027,2019-07-25,50.4,-18.0
495666,2019-07-25,44.9,22.9
171159,2019-07-26,39.8,-3.9
113707,2019-07-26,69.4,12.9
127031,2019-07-26,43.9,0.8
187491,2019-07-26,61.7,-20.9
77826,2019-07-27,56.1,3.3
211251,2019-07-28,45.0,15.3
320411,2019-07-29,54.6,-0.1
290587,2019-07-29,54.7,16.1
291110,2019-07-29,42.8,-0.5
270393,2019-07-29,57.3,1.6
56762,2019-07-29,35.2,9.4
126665,2019-07-30,62.8,10.5
232454,2019-07-30,51.9,8.3
214238,2019-07-30,46.9,-1.1
58602,2019-07-30,47.5,-4.0
265078,2019-07-30,41.9,-2.2
45383,2019-07-30,43.4,-20.0
16922,2019-07-31,54.0,-30.8
401923,2019-08-01,62.0,2.7
324882,2019-08-01,40.6,-10.6
343052,2019-08-01,63.0,2.3
357164,2019-08-01,47.7,32.9
355861,2019-08-01,52.7,-27.3
175323,2019-08-01,38.3,-3.5
85789,2019-08-01,51.7,15.4
124883,2019-08-01,43.0,-13.9
34130,2019-08-01,40.2,-14.6
137326,2019-08-01,57.8,8.0
174344,2019-08-01,42.4,-5.9
272642,2019-08-02,53.3,11.9
323704,2019-08-02,66.0,15.3
182916,2019-08-03,49.6,-17.4
216662,2019-08-03,61.0,-14.2
364135,2019-08-04,53.4,-26.3
374139,2019-08-04,64.6,-18.5
351816,2019-08-04,61.8,14.8
372267,2019-08-05,67.9,-28.1
177907,2019-08-05,55.9,4.3
45858,2019-08-05,40.8,41.8
205116,2019-08-05,43.2,-11.2
37934,2019-08-06,38.3,3.3
70411,2019-08-06,45.9,13.9
442531,2019-08-06,54.0,20.6
111058,2019-08-06,45.4,2.6
386726,2019-08-06,66.1,15.4
338629,2019-08-06,41.2,-4.1
203746,2019-08-06,60.1,7.8
146714,2019-08-06,40.6,-18.5
76277,2019-08-06,41.0,-6.3
62920,2019-08-07,53.5,-4.8
67063,2019-08-07,39.8,-24.4
182712,2019-08-07,60.9,20.2
180843,2019-08-07,51.2,-6.6
160736,2019-08-07,44.5,27.8
145707,2019-08-07,51.0,23.6
288253,2019-08-07,58.1,-9.0
64506,2019-08-07,46.9,-28.6
392810,2019-08-08,46.4,-18.3
61546,2019-08-08,42.1,-7.0
410225,2019-08-08,48.9,-9.8
392775,2019-08-08,60.1,1.0
96341,2019-08-08,55.1,30.9
300716,2019-08-08,49.4,-4.8
129588,2019-08-08,49.7,-15.5
199633,2019-08-08,45.5,-19.7
70114,2019-08-08,46.6,33.4
184528,2019-08-08,36.5,7.2
242631,2019-08-08,56.5,-1.5
48066,2019-08-08,43.7,-10.4
281252,2019-08-08,54.9,-12.0
55143,2019-08-09,46.2,-5.4
46741,2019-08-09,48.0,-24.4
29605,2019-08-09,27.6,10.5
68211,2019-08-09,38.2,3.5
215616,2019-08-09,59.0,5.6
357884,2019-08-09,47.0,-12.6
236537,2019-08-09,48.0,-3.1
143891,2019-08-09,63.8,-9.1
34784,2019-08-09,48.5,-5.7
40478,2019-08-09,45.2,5.4
74297,2019-08-09,49.4,4.5
52059,2019-08-10,53.5,-32.6
242532,2019-08-12,44.2,-24.2
323954,2019-08-12,49.9,11.5
348601,2019-08-12,46.9,-6.4
93726,2019-08-13,41.6,-10.6
174694,2019-08-14,55.7,-48.9
326300,2019-08-14,61.1,0.1
278359,2019-08-14,52.2,-2.9
284732,2019-08-14,52.9,24.5
146854,2019-08-14,64.2,20.1
598629,2019-08-15,58.6,-4.5
36200,2019-08-15,41.1,-15.7
226450,2019-08-16,59.6,5.3
344600,2019-08-18,58.8,5.8
45146,2019-08-18,38.3,-14.0
163568,2019-08-19,37.4,42.2
56976,2019-08-19,46.7,-3.3
2865,2019-08-19,39.1,-22.0
126557,2019-08-20,43.1,27.7
47082,2019-08-21,58.8,10.6
193098,2019-08-21,51.8,16.0
22068,2019-08-21,52.2,0.8
57372,2019-08-22,37.3,-1.4
272855,2019-08-22,57.0,23.3
145581,2019-08-23,40.0,-0.9
258027,2019-08-23,58.8,8.1
203773,2019-08-23,44.0,-8.9
166959,2019-08-23,48.2,-6.1
316889,2019-08-23,61.7,2.7
249730,2019-08-24,55.0,-5.4
44402,2019-08-26,44.0,15.2
56331,2019-08-26,44.7,8.4
230336,2019-08-27,50.8,5.8
39106,2019-08-27,40.0,-23.2
41818,2019-08-27,34.7,-3.5
4188,2019-08-29,45.5,9.1
60889,2019-08-29,40.7,3.8
12773,2019-08-29,43.8,7.8
159079,2019-08-29,39.4,0.6
283196,2019-08-29,50.2,-2.4
344575,2019-08-29,42.2,5.1
111432,2019-08-30,49.5,-1.3
358504,2019-08-30,64.3,-7.2
255748,2019-08-30,40.0,-7.8
242668,2019-08-31,45.9,9.2
371141,2019-08-31,55.1,-4.8
288721,2019-09-01,54.7,-9.3
16791,2019-09-02,54.5,-4.0
35564,2019-09-02,47.9,11.9
288225,2019-09-02,57.0,18.6
96806,2019-09-02,40.6,-24.5
45596,2019-09-02,56.1,3.3
43518,2019-09-02,53.5,-23.2
50935,2019-09-02,51.4,-22.5
10471,2019-09-02,52.2,5.3
58949,2019-09-02,61.5,-1.1
79422,2019-09-02,54.9,9.1
110292,2019-09-02,54.6,13.5
125783,2019-09-02,47.8,-0.7
39152,2019-09-02,49.5,4.0
91948,2019-09-02,46.8,-35.8
137179,2019-09-02,41.1,-17.8
146889,2019-09-02,50.8,-13.5
170620,2019-09-02,60.6,-3.7
185077,2019-09-02,49.3,30.2
204176,2019-09-02,52.1,2.2
411295,2019-09-02,63.7,-5.3
127142,2019-09-02,54.8,-8.5
332889,2019-09-03,63.0,-3.7
75118,2019-09-13,45.3,3.6
423436,2020-01-01,40.9,14.3
318426,2020-01-01,56.6,-33.3
196792,2020-01-01,60.5,4.4
177866,2020-01-01,46.3,25.6
236886,2020-01-01,38.3,4.6
450417,2020-01-03,39.4,2.6
48634,2020-01-06,36.2,-1.4
99863,2020-01-06,46.4,23.3
149716,2020-01-07,50.5,-19.3
281917,2020-01-07,52.0,9.8
220650,2020-01-07,46.5,6.2
162038,2020-01-09,46.7,18.2
399543,2020-01-09,52.9,-5.4
293829,2020-01-09,44.0,39.6
168471,2020-01-09,39.1,-17.7
166460,2020-01-11,42.3,19.2
197622,2020-01-11,46.1,21.3
87299,2020-01-11,44.9,-11.4
82070,2020-01-11,53.5,7.0
232577,2020-01-13,46.4,-5.8
82863,2020-01-13,32.5,7.1
92567,2020-01-13,44.5,11.0
31867,2020-01-14,44.0,-5.3
58602,2020-01-14,45.1,16.5
96754,2020-01-14,46.2,-17.4
192735,2020-01-15,48.0,21.7
433049,2020-01-16,52.1,11.3
274058,2020-01-17,55.8,-29.0
88374,2020-01-17,43.0,26.0
14086,2020-01-17,53.4,-15.0
102423,2020-01-20,50.7,-10.3
182201,2020-01-20,47.5,-38.7
257732,2020-01-20,50.2,19.1
394346,2020-01-20,48.9,0.2
296366,2020-01-21,45.6,15.5
78590,2020-01-22,48.3,-21.4
182573,2020-01-22,58.6,-51.1
52262,2020-01-23,41.2,-1.1
288318,2020-01-23,52.5,-2.3
333098,2020-01-23,48.1,-11.0
179860,2020-01-23,58.5,-16.2
25942,2020-01-23,35.2,-8.6
98536,2020-01-24,47.3,-8.6
186186,2020-01-24,42.5,0.3
132207,2020-01-24,50.2,-12.4
68275,2020-01-25,43.3,-4.1
187860,2020-01-25,44.1,-13.7
293385,2020-01-25,61.0,21.8
353948,2020-01-27,43.9,5.4
398675,2020-01-27,43.8,3.0
164580,2020-01-27,43.4,3.0
345584,2020-01-28,51.9,-14.3
142924,2020-01-28,42.6,-2.4
69633,2020-01-28,69.7,-11.3
44726,2020-01-28,41.6,16.8
413112,2020-01-29,49.0,36.2
85969,2020-01-29,39.2,8.1
569598,2020-01-29,54.9,13.3
284165,2020-01-29,58.0,-14.6
240306,2020-01-29,70.7,13.3
126716,2020-01-30,52.3,3.2
81460,2020-01-30,27.0,-8.8
127031,2020-01-30,45.4,1.3
327757,2020-01-30,45.8,-18.2
292808,2020-01-30,40.2,17.7
199258,2020-01-30,49.9,-0.7
256977,2020-01-30,43.8,7.6
333014,2020-01-30,45.8,-5.4
264116,2020-01-31,58.3,-12.2
293281,2020-01-31,55.6,-17.5
302991,2020-01-31,39.9,-6.8
40074,2020-01-31,40.3,-0.4
517894,2020-01-31,49.9,24.7
545332,2020-01-31,68.7,-32.6
564545,2020-01-31,53.1,21.7
287579,2020-01-31,50.0,-3.2
95732,2020-02-20,48.0,1.0
70934,2020-06-18,44.0,10.5
288449,2020-07-01,52.1,9.3
44352,2020-07-01,57.8,8.8
340177,2020-07-01,42.9,-0.6
416380,2020-07-01,42.2,-1.3
257729,2020-07-01,49.0,-8.3
196860,2020-07-01,55.4,-33.9
23553,2020-07-01,42.9,0.3
255748,2020-07-01,41.7,-8.1
464259,2020-07-01,55.9,18.9
473201,2020-07-01,53.6,-0.9
290017,2020-07-01,59.7,10.3
57845,2020-07-01,36.3,-13.4
326997,2020-07-01,42.4,-3.6
108587,2020-07-01,47.1,-17.5
110660,2020-07-01,43.2,-16.1
168787,2020-07-01,38.5,-5.0
23960,2020-07-01,40.2,-12.6
125746,2020-07-01,43.7,-6.4
129580,2020-07-01,43.1,-16.8
150711,2020-07-01,33.0,-6.0
38410,2020-07-01,54.0,-2.7
319452,2020-07-01,42.2,-28.5
56818,2020-07-01,44.7,4.7
52380,2020-07-01,52.2,5.2
78339,2020-07-01,44.1,20.9
282076,2020-07-01,68.2,2.2
250450,2020-07-01,45.0,9.7
235274,2020-07-01,43.4,-7.4
229006,2020-07-01,46.6,20.2
290261,2020-07-01,54.0,2.9
217111,2020-07-01,65.6,-0.3
216270,2020-07-01,48.7,4.8
196829,2020-07-01,40.2,6.5
185164,2020-07-01,30.9,10.3
138171,2020-07-01,44.3,-8.8
187507,2020-07-01,67.8,-8.8
182875,2020-07-01,43.9,5.7
317806,2020-07-01,52.9,5.2
170527,2020-07-01,63.3,-5.8
168158,2020-07-01,43.8,5.0
112988,2020-07-01,42.0,-9.2
190786,2020-07-01,37.6,2.9
323740,2020-07-01,59.2,20.7
100986,2020-07-01,55.2,6.0
290537,2020-07-01,54.9,17.1
412671,2020-07-02,56.5,-13.1
82410,2020-07-06,53.9,3.9
442891,2020-07-06,55.2,21.2
208542,2020-07-07,46.9,21.9
147078,2020-07-07,48.2,19.4
531949,2020-07-10,48.1,-0.2
225393,2020-07-10,50.9,-12.6
238468,2020-07-10,55.3,-10.7
34556,2020-07-13,30.0,-5.1
285951,2020-07-15,27.7,11.8
72792,2020-07-15,40.0,-8.8
60890,2020-07-20,44.7,6.3
347625,2020-07-20,46.1,-15.3
111961,2020-07-21,60.8,7.6
192985,2020-07-27,43.6,-26.5
295624,2020-07-27,45.2,-1.7
43530,2020-07-27,52.9,-17.2
325993,2020-07-27,57.3,5.0
167316,2020-07-27,50.2,29.9
390664,2020-07-27,37.5,-8.5
132203,2020-07-28,46.6,-0.3
111195,2020-07-29,50.4,5.1
248658,2020-07-30,57.7,-24.4
543499,2020-07-31,73.4,13.0
277772,2020-07-31,33.5,10.7
101031,2020-08-01,47.0,13.9
381187,2020-08-01,55.0,3.0
34987,2020-08-01,44.6,21.3
59187,2020-08-01,54.8,-17.0
37838,2020-08-01,51.2,6.2
46635,2020-08-01,43.8,-5.9
315291,2020-08-02,48.1,7.9
412669,2020-08-03,66.2,-13.1
294730,2020-08-03,52.4,0.8
25035,2020-08-03,28.6,19.1
118413,2020-08-03,43.0,8.9
400713,2020-08-03,52.2,17.1
41323,2020-08-03,39.6,16.1
377641,2020-08-03,49.9,29.1
49788,2020-08-03,25.4,1.9
371245,2020-08-03,50.3,-19.6
238288,2020-08-04,49.7,3.7
58267,2020-08-04,47.8,3.2
215864,2020-08-04,56.0,-17.6
213670,2020-08-04,41.5,18.0
141350,2020-08-04,55.4,20.6
94201,2020-08-04,46.2,17.2
93763,2020-08-04,46.5,-13.7
68033,2020-08-04,52.6,-5.8
277137,2020-08-04,43.9,17.6
398184,2020-08-04,58.2,2.6
59823,2020-08-05,34.5,-2.8
169757,2020-08-05,32.7,0.8
177476,2020-08-05,47.4,13.9
204347,2020-08-05,47.2,-8.2
33793,2020-08-06,54.0,13.1
437566,2020-08-06,39.9,17.8
295755,2020-08-06,42.4,-4.2
126337,2020-08-06,35.6,-2.8
167042,2020-08-06,53.3,19.5
106675,2020-08-06,37.6,21.6
36182,2020-08-06,54.0,18.8
39333,2020-08-06,58.8,17.6
114935,2020-08-06,42.2,-15.3
78590,2020-08-06,54.7,-2.1
457728,2020-08-07,59.1,-43.6
386047,2020-08-07,52.8,16.2
175383,2020-08-08,47.5,-9.3
55605,2020-08-08,47.7,-14.3
289095,2020-08-09,47.6,25.4
338070,2020-08-10,45.8,13.5
103621,2020-08-10,37.2,-21.1
91479,2020-08-10,43.0,1.8
167799,2020-08-11,54.4,22.6
248219,2020-08-11,54.2,-4.1
73783,2020-08-11,43.2,7.2
170544,2020-08-11,40.0,3.2
533738,2020-08-11,72.3,6.8
234850,2020-08-11,43.8,30.5
306462,2020-08-11,64.6,6.1
208848,2020-08-12,55.4,-11.9
563963,2020-08-12,42.7,23.5
177276,2020-08-12,44.7,-9.1
74869,2020-08-12,48.6,-6.5
59561,2020-08-12,60.6,5.9
86930,2020-08-12,55.8,8.5
186337,2020-08-13,49.3,-3.5
107665,2020-08-13,50.9,-3.0
226006,2020-08-13,47.9,-10.7
195906,2020-08-13,63.7,-8.3
361914,2020-08-14,52.4,17.5
117802,2020-08-14,39.4,0.4
52769,2020-08-14,59.5,-15.9
155396,2020-08-14,49.6,-21.9
43250,2020-08-14,62.0,1.2
151494,2020-08-14,38.5,-0.6
397090,2020-08-14,45.7,24.5
196095,2020-08-14,59.4,9.0
209574,2020-08-15,41.4,-16.7
187809,2020-08-15,49.7,14.4
451801,2020-08-15,46.3,-5.4
52480,2020-08-16,50.6,3.1
28140,2020-08-16,47.8,21.4
333802,2020-08-17,48.6,-4.7
121404,2020-08-17,52.0,-29.3
35518,2020-08-17,65.8,2.7
124422,2020-08-17,48.8,18.7
129386,2020-08-18,56.3,6.8
182893,2020-08-18,53.5,22.5
163053,2020-08-18,54.7,10.6
207528,2020-08-18,51.9,-2.3
41112,2020-08-18,48.8,-15.3
225119,2020-08-18,36.7,-14.9
426620,2020-08-18,59.9,31.0
27805,2020-08-19,47.9,-12.8
42920,2020-08-19,46.0,-18.2
135217,2020-08-19,56.2,-2.7
31095,2020-08-19,49.6,-6.0
427568,2020-08-19,48.2,6.6
45511,2020-08-20,35.0,-7.6
95152,2020-08-20,52.7,24.4
59333,2020-08-20,41.6,5.1
290391,2020-08-21,69.2,14.8
20137,2020-08-21,64.0,-4.4
82599,2020-08-21,43.2,8.7
64308,2020-08-21,46.8,-18.9
269467,2020-08-21,42.5,-1.4
98539,2020-08-23,45.4,29.8
38340,2020-08-23,56.9,-3.7
132014,2020-08-24,39.8,-3.7
148262,2020-08-24,36.7,-10.9
64016,2020-08-24,39.4,-12.5
112648,2020-08-25,41.0,-10.1
344299,2020-08-25,52.0,27.0
57825,2020-08-25,32.8,30.0
85357,2020-08-25,56.6,20.5
68645,2020-08-25,45.6,-16.1
148355,2020-08-25,35.6,6.3
316125,2020-08-26,58.5,3.5
127182,2020-08-26,38.3,6.7
90959,2020-08-27,49.1,-10.4
344596,2020-08-27,43.1,-20.0
33862,2020-08-27,47.4,1.2
270541,2020-08-27,51.6,6.7
29241,2020-08-28,41.3,22.0
500067,2020-08-28,68.9,-6.0
45121,2020-08-28,39.8,-3.4
131505,2020-08-29,50.2,-1.5
328784,2020-08-29,43.9,-12.8
171679,2020-08-30,54.3,8.6
544784,2020-08-30,57.8,10.1
40423,2020-08-30,38.9,4.4
19638,2020-08-31,38.3,6.9
190513,2020-08-31,45.8,-5.6
79522,2020-08-31,41.3,-13.8
62920,2020-08-31,44.4,-4.9
307058,2020-08-31,58.9,31.0
44162,2020-09-01,65.3,-19.0
184894,2020-09-01,49.7,-7.4
56761,2020-09-01,39.0,-4.0
119031,2020-09-01,40.5,-5.0
127074,2020-09-01,36.2,3.4
225873,2020-09-01,49.1,-20.1
237923,2020-09-01,42.4,-4.5
32467,2020-09-01,46.3,18.3
64506,2020-09-01,34.5,2.6
98888,2020-09-01,31.0,0.8
61892,2020-09-01,45.5,-16.0
266795,2020-09-01,40.6,-5.1
336125,2020-09-01,58.1,7.1
338637,2020-09-01,35.9,-9.3
65278,2020-09-01,47.7,15.0
46552,2020-09-01,29.9,-2.7
362842,2020-09-01,60.2,-12.6
134983,2020-09-01,42.7,11.4
381950,2020-09-01,51.4,22.4
401923,2020-09-01,54.2,20.7
435338,2020-09-01,49.7,16.2
540941,2020-09-01,58.9,-5.1
137745,2020-09-01,38.6,-6.1
82009,2020-09-02,64.0,-0.4
288255,2020-09-02,54.6,-12.4
111275,2020-09-02,58.2,10.0
14221,2020-09-03,38.9,-4.5
149928,2020-09-03,30.6,23.3
262226,2020-09-03,43.9,9.5
174488,2020-09-03,54.4,-39.4
332144,2020-09-03,46.2,-18.9
309400,2020-09-04,70.6,-17.1
255450,2020-09-04,66.4,0.6
91945,2020-09-04,40.5,14.6
38360,2020-09-04,37.6,1.8
132214,2020-09-04,59.3,-18.0
34937,2020-09-04,37.9,3.2
124223,2020-09-04,49.2,7.9
505653,2020-09-05,50.7,-22.0
393451,2020-09-05,39.0,9.4
126422,2020-09-05,46.9,-12.9
96806,2020-09-05,33.7,-2.4
252641,2020-09-05,66.9,-11.4
84511,2020-09-06,42.5,-18.8
315252,2020-09-07,55.9,-1.4
35530,2020-09-07,31.2,21.9
4188,2020-09-07,46.7,13.5
123682,2020-09-07,38.8,22.6
146795,2020-09-07,48.1,-20.7
258018,2020-09-07,58.2,-10.7
98131,2020-09-07,47.7,19.4
97541,2020-09-07,47.5,17.4
88103,2020-09-07,57.9,21.7
346018,2020-09-08,47.9,-6.5
176298,2020-09-08,43.0,-6.1
79045,2020-09-08,35.3,-18.3
186862,2020-09-08,43.6,26.6
46156,2020-09-08,53.5,-37.7
127187,2020-09-08,48.1,8.2
33218,2020-09-08,34.6,2.5
446529,2020-09-09,38.7,7.7
54148,2020-09-09,41.4,21.5
157175,2020-09-09,39.7,-1.4
57280,2020-09-10,45.5,17.6
206746,2020-09-10,45.6,21.6
369267,2020-09-11,44.4,9.8
26721,2020-09-14,39.8,34.8
60573,2020-09-14,46.7,13.4
486477,2020-09-14,51.4,3.5
60410,2020-09-14,53.4,16.0
124548,2020-09-14,43.7,17.8
185245,2020-09-15,43.9,10.5
147573,2020-09-15,43.6,-24.7
170463,2020-09-15,54.0,-20.2
256267,2020-09-15,60.0,-36.7
36827,2020-09-15,25.9,-3.4
111873,2020-09-16,46.9,22.1
40372,2020-09-16,40.8,-25.2
216579,2020-09-17,43.9,-23.9
285323,2020-09-17,50.6,7.4
52403,2020-09-17,39.1,-0.4
33571,2020-09-17,33.4,3.0
315865,2020-09-18,48.8,-9.4
82130,2020-09-18,49.9,-6.7
37091,2020-09-18,37.4,7.9
60444,2020-09-18,58.7,2.7
53536,2020-09-18,37.8,12.2
131996,2020-09-19,50.0,11.8
58970,2020-09-19,53.0,-5.6
324344,2020-09-21,44.5,-21.4
178838,2020-09-22,49.5,1.2
37666,2020-09-22,51.2,-2.1
255220,2020-09-22,27.2,10.7
237623,2020-09-22,51.4,7.0
157113,2020-09-23,52.7,-1.2
255906,2020-09-23,45.2,-20.0
290768,2020-09-23,54.6,-8.8
239733,2020-09-23,50.4,3.5
640686,2020-09-23,48.3,-16.6
231572,2020-09-23,52.4,-1.4
49755,2020-09-24,40.2,-20.4
442531,2020-09-24,52.7,2.6
246291,2020-09-24,41.6,7.9
54928,2020-09-24,42.5,-25.5
591949,2020-09-24,50.0,9.0
148666,2020-09-25,42.7,9.9
444725,2020-09-25,45.4,-29.0
438202,2020-09-28,56.1,17.3
375885,2020-09-28,63.0,28.1
265625,2020-09-28,44.9,-1.0
112302,2020-09-28,40.0,30.6
54781,2020-09-29,53.1,22.5
163568,2020-09-29,59.4,-18.9
258004,2020-09-29,52.9,8.8
265589,2020-09-30,41.7,18.6
444523,2020-09-30,64.1,22.1
361104,2020-10-01,58.2,3.9
358166,2020-10-01,44.1,6.8
218067,2020-10-01,35.1,-25.1
327251,2020-10-01,55.6,8.6
268113,2020-10-01,64.0,8.1
105506,2020-10-01,44.1,-33.3
55336,2020-10-01,32.8,33.6
33952,2020-10-01,47.1,18.2
352126,2020-10-02,48.1,0.2
475411,2020-10-02,43.1,25.0
338425,2020-10-02,58.2,5.3
336869,2020-10-04,50.9,-24.6
32522,2020-10-04,44.1,-10.1
413032,2020-10-04,41.0,6.7
302371,2020-10-04,51.9,8.7
77828,2020-10-05,38.7,6.1
212832,2020-10-05,60.9,7.0
190685,2020-10-05,53.6,-27.4
144863,2020-10-05,52.5,9.8
121481,2020-10-05,37.8,-6.6
61253,2020-10-05,44.1,-10.5
48280,2020-10-05,38.6,17.7
33639,2020-10-05,43.2,10.5
124883,2020-10-05,40.1,-8.6
182932,2020-10-05,60.5,11.6
230784,2020-10-05,58.7,18.0
241391,2020-10-05,59.5,-20.7
36200,2020-10-05,35.4,-21.5
16791,2020-10-05,47.6,-6.8
232271,2020-10-05,55.0,23.5
570817,2020-10-05,52.2,-16.9
486049,2020-10-05,63.4,1.2
411295,2020-10-05,56.5,23.2
399258,2020-10-05,51.6,12.4
343475,2020-10-05,41.8,-10.7
282544,2020-10-05,40.3,-1.0
182579,2020-10-05,45.9,-13.4
274694,2020-10-05,47.5,-10.9
255755,2020-10-05,53.0,7.2
384280,2020-10-05,48.1,21.5
344888,2020-10-05,54.4,26.3
499721,2020-10-06,64.2,16.5
74842,2020-10-06,69.2,13.7
134602,2020-10-06,53.5,-14.7
187024,2020-10-06,49.0,-9.2
124550,2020-10-06,46.0,-9.0
106675,2020-10-11,42.9,7.2
53286,2020-10-11,46.2,1.0
55356,2020-10-15,49.3,3.0
176618,2020-10-16,32.6,25.9
230166,2020-10-17,44.1,-6.5
67063,2020-10-18,38.5,19.2
127189,2020-11-03,56.5,13.4
461512,2021-01-01,52.1,13.9
102132,2021-01-01,47.8,21.9
56331,2021-01-04,56.8,9.5
369674,2021-01-04,49.9,10.1
63494,2021-01-04,46.0,17.1
483063,2021-01-05,49.6,15.6
237641,2021-01-05,47.6,-4.4
56183,2021-01-07,29.3,-9.9
96227,2021-01-08,43.8,1.3
181375,2021-01-08,58.9,24.0
482072,2021-01-10,47.6,29.0
258519,2021-01-13,51.8,7.4
170495,2021-01-14,37.9,6.0
73480,2021-01-14,43.8,32.6
44977,2021-01-15,37.8,10.0
149577,2021-01-15,50.0,-11.4
208552,2021-01-15,53.8,7.7
205004,2021-01-16,53.7,-40.1
269371,2021-01-16,46.7,-4.1
91948,2021-01-18,44.2,-19.6
224256,2021-01-18,44.6,-27.1
155597,2021-01-19,48.5,-14.5
182079,2021-01-19,41.8,3.0
110822,2021-01-19,41.5,16.9
282560,2021-01-20,56.6,5.0
490426,2021-01-21,65.0,-7.8
16756,2021-01-21,39.3,19.6
91419,2021-01-25,42.3,12.0
110695,2021-01-26,50.2,2.1
174094,2021-01-26,46.7,-32.8
20005,2021-01-26,58.2,-7.1
99232,2021-01-27,35.1,-22.0
89086,2021-01-27,42.3,-38.4
484547,2021-01-27,54.4,14.4
375668,2021-01-29,45.6,13.2
162571,2021-01-30,63.6,20.0
211072,2021-01-31,61.4,11.4
234523,2021-01-31,47.5,-1.4
292417,2021-01-31,56.2,-10.1
216603,2021-01-31,68.5,8.0
88590,2021-02-01,40.2,-15.7
98536,2021-02-01,41.0,-1.0
63487,2021-02-01,44.5,23.6
174196,2021-02-01,57.3,-38.4
255916,2021-02-01,55.0,-18.4
275159,2021-02-01,39.5,-8.0
276914,2021-02-01,50.3,-1.4
356099,2021-02-01,51.4,14.4
379634,2021-02-01,33.3,18.5
674612,2021-02-01,56.8,18.5
94199,2021-02-01,43.1,35.1
245228,2021-02-01,52.3,31.4
59076,2021-02-02,37.4,14.6
59047,2021-02-05,52.6,7.4
297752,2021-02-06,42.8,4.2
350828,2021-02-08,55.3,-18.3
230929,2021-02-24,33.0,28.1
182381,2021-02-24,62.2,20.0
485658,2021-02-25,46.8,11.1
57370,2021-07-01,45.9,1.6
95673,2021-07-01,41.4,34.5
155025,2021-07-01,49.0,-10.2
159844,2021-07-01,53.7,2.4
95604,2021-07-01,58.9,-19.6
94924,2021-07-01,44.5,24.1
93936,2021-07-01,42.0,3.2
80293,2021-07-01,46.6,-7.4
79110,2021-07-01,55.8,-18.8
70114,2021-07-01,49.9,11.7
64352,2021-07-01,53.0,8.8
59016,2021-07-01,63.5,-7.6
58995,2021-07-01,41.8,10.8
159908,2021-07-01,54.6,-45.6
151213,2021-07-01,45.5,-7.9
98131,2021-07-01,46.6,21.7
143891,2021-07-01,52.5,-17.5
154051,2021-07-01,43.2,-24.5
127573,2021-07-01,56.9,12.3
126414,2021-07-01,60.3,16.5
124410,2021-07-01,36.2,15.6
138736,2021-07-01,48.6,-3.0
116088,2021-07-01,36.4,18.4
135492,2021-07-01,47.8,10.5
112935,2021-07-01,47.5,8.5
110686,2021-07-01,44.2,17.4
107544,2021-07-01,46.0,-4.1
257456,2021-07-01,50.7,7.0
139336,2021-07-01,48.0,11.5
102572,2021-07-01,39.7,-0.6
98512,2021-07-01,43.6,31.9
111072,2021-07-01,45.0,-29.8
132209,2021-07-01,46.4,-3.5
224256,2021-07-01,45.9,-9.6
54906,2021-07-01,41.1,10.0
195704,2021-07-01,48.7,-33.8
192985,2021-07-01,45.4,-1.5
34870,2021-07-01,32.8,13.5
184299,2021-07-01,44.4,-25.1
146844,2021-07-01,43.8,11.3
58606,2021-07-01,43.8,8.7
288426,2021-07-01,43.8,-0.7
52811,2021-07-01,35.4,-7.3
148376,2021-07-01,49.5,-20.2
148550,2021-07-01,43.2,-10.4
148751,2021-07-01,53.6,21.1
174285,2021-07-01,42.0,-1.4
56518,2021-07-01,41.4,-11.3
168543,2021-07-01,49.5,-8.3
39025,2021-07-01,36.4,-13.0
94771,2021-07-01,40.6,-0.7
56046,2021-07-01,47.6,7.4
33481,2021-07-01,43.8,7.7
49499,2021-07-01,58.2,-16.3
42942,2021-07-01,49.4,-4.0
34784,2021-07-01,41.5,2.2
25520,2021-07-01,49.0,14.2
25488,2021-07-01,45.5,17.8
23523,2021-07-01,39.3,-18.3
22860,2021-07-01,56.9,15.4
14086,2021-07-01,32.8,13.0
110906,2021-07-01,43.5,-13.1
112008,2021-07-01,53.0,-27.0
51897,2021-07-01,42.9,-13.4
124223,2021-07-01,49.9,4.2
587335,2021-07-01,54.9,22.0
160929,2021-07-01,46.6,12.4
210988,2021-07-01,42.7,-12.3
163724,2021-07-01,49.4,-15.0
129592,2021-07-01,54.2,29.1
167850,2021-07-01,64.1,8.4
387928,2021-07-01,50.7,-1.2
554393,2021-07-01,47.3,7.7
382535,2021-07-01,52.1,-3.2
620566,2021-07-01,48.4,-22.5
623274,2021-07-01,51.5,-13.8
376860,2021-07-01,43.1,9.3
357119,2021-07-01,47.9,16.8
551695,2021-07-01,68.3,13.7
340921,2021-07-01,51.9,-12.6
335380,2021-07-01,46.8,-7.5
420884,2021-07-01,54.2,12.7
333098,2021-07-01,41.8,20.4
322077,2021-07-01,47.0,-8.1
666234,2021-07-01,54.3,20.2
320247,2021-07-01,45.0,-17.1
315237,2021-07-01,45.7,13.3
339829,2021-07-01,56.2,-7.4
71701,2021-07-01,53.0,7.4
523318,2021-07-01,58.9,14.1
515208,2021-07-01,57.2,8.4
422377,2021-07-01,52.1,17.9
436916,2021-07-01,48.4,28.9
446491,2021-07-01,48.0,9.5
167798,2021-07-01,60.6,-6.4
448854,2021-07-01,40.6,25.1
451311,2021-07-01,42.5,24.2
457743,2021-07-01,38.3,21.1
460378,2021-07-01,56.5,19.1
466794,2021-07-01,56.1,15.3
468244,2021-07-01,46.9,-1.9
485729,2021-07-01,57.8,27.6
486031,2021-07-01,54.3,13.9
486083,2021-07-01,47.4,7.9
503881,2021-07-01,43.7,-3.2
510782,2021-07-01,41.4,42.7
315211,2021-07-01,47.8,2.0
333640,2021-07-01,59.1,-16.6
295630,2021-07-01,35.9,3.8
234811,2021-07-01,52.8,-4.2
233264,2021-07-01,45.0,-1.0
24484,2021-07-01,57.1,16.0
240274,2021-07-01,41.5,-6.4
230985,2021-07-01,49.6,-25.3
229817,2021-07-01,50.2,-14.4
79286,2021-07-01,43.4,-4.9
220650,2021-07-01,43.9,-12.4
60960,2021-07-01,37.9,-12.2
216579,2021-07-01,42.9,20.1
50580,2021-07-01,41.3,2.0
212430,2021-07-01,43.5,-6.8
202788,2021-07-01,49.5,22.2
200056,2021-07-01,56.2,-4.0
193033,2021-07-01,45.6,15.4
190941,2021-07-01,54.8,-4.5
182906,2021-07-01,55.9,24.5
177031,2021-07-01,50.6,11.5
169873,2021-07-01,43.3,-20.4
214346,2021-07-01,55.7,17.4
311489,2021-07-01,45.5,-23.0
244256,2021-07-01,50.3,-1.6
257987,2021-07-01,50.2,21.8
291739,2021-07-01,40.2,-15.9
286392,2021-07-01,42.8,-5.9
280080,2021-07-01,43.1,7.5
248454,2021-07-01,37.9,42.4
248934,2021-07-01,48.1,-11.5
273236,2021-07-01,58.4,-13.3
251029,2021-07-01,44.6,14.6
268119,2021-07-01,47.7,9.3
265513,2021-07-01,48.7,-15.7
261905,2021-07-01,44.6,6.3
257814,2021-07-01,54.0,25.0
684519,2021-07-01,52.6,4.4
51510,2021-07-02,33.7,6.4
597087,2021-07-02,40.1,-6.5
358032,2021-07-02,53.5,-8.8
318523,2021-07-02,46.4,-13.8
267396,2021-07-02,50.1,-8.4
242359,2021-07-02,55.1,-16.1
198008,2021-07-02,62.9,-3.7
432958,2021-07-02,49.4,-18.6
231873,2021-07-02,36.5,-6.4
178314,2021-07-03,48.6,-5.2
323589,2021-07-03,45.2,11.1
289487,2021-07-03,46.9,3.3
58965,2021-07-03,46.0,10.5
139395,2021-07-03,61.5,-2.2
59022,2021-07-04,43.4,-6.9
432658,2021-07-04,49.5,9.7
502239,2021-07-04,62.2,1.9
170838,2021-07-04,61.0,11.4
94308,2021-07-04,46.5,-13.8
336104,2021-07-05,43.7,-14.6
87469,2021-07-05,39.2,14.2
156941,2021-07-05,54.7,13.0
182682,2021-07-05,41.3,-6.9
192557,2021-07-05,38.0,9.3
291750,2021-07-05,42.2,7.5
293661,2021-07-05,33.2,-8.7
341110,2021-07-05,50.0,3.2
344695,2021-07-05,66.2,14.0
730581,2021-07-05,65.3,4.4
143029,2021-07-06,32.8,-9.5
165825,2021-07-06,55.7,10.9
448867,2021-07-06,47.8,-27.3
398073,2021-07-06,69.5,12.6
374139,2021-07-06,49.2,-8.7
214257,2021-07-06,34.7,-1.9
99186,2021-07-07,49.4,-19.2
396342,2021-07-07,50.8,2.2
381963,2021-07-07,62.5,22.4
169260,2021-07-07,44.1,-0.1
65318,2021-07-07,39.0,0.3
57534,2021-07-07,50.4,7.2
381430,2021-07-07,43.2,-21.2
203043,2021-07-07,32.7,5.8
291760,2021-07-08,37.9,-6.1
251302,2021-07-08,51.1,6.3
70074,2021-07-08,39.1,9.2
25557,2021-07-08,56.1,-23.3
72768,2021-07-09,52.8,-4.3
24912,2021-07-09,39.7,15.4
157387,2021-07-09,50.1,0.4
324503,2021-07-09,66.5,17.6
285548,2021-07-09,48.6,22.2
91059,2021-07-09,35.7,6.7
59950,2021-07-09,38.7,3.5
183397,2021-07-10,41.7,-13.4
535955,2021-07-10,49.1,3.1
136184,2021-07-10,50.5,16.9
513245,2021-07-11,60.3,6.0
44402,2021-07-12,46.7,4.4
255901,2021-07-12,63.9,5.7
375137,2021-07-12,50.4,1.2
55994,2021-07-12,36.8,-4.1
361065,2021-07-12,63.6,-2.8
182936,2021-07-12,37.7,-6.9
45026,2021-07-13,46.3,-0.7
119235,2021-07-13,32.8,14.1
168163,2021-07-13,56.4,-21.5
377393,2021-07-13,41.0,-2.5
626913,2021-07-13,52.4,7.8
39247,2021-07-14,39.1,-12.1
409344,2021-07-14,67.0,-31.9
105653,2021-07-14,53.8,-8.7
315858,2021-07-14,71.9,7.5
249994,2021-07-15,40.8,23.5
213984,2021-07-15,45.3,28.4
271335,2021-07-15,47.4,27.6
112930,2021-07-15,49.2,11.3
746695,2021-07-16,57.2,6.6
532775,2021-07-16,52.8,25.3
376226,2021-07-16,45.6,-1.7
338629,2021-07-16,46.5,-10.4
191829,2021-07-16,43.1,26.4
182079,2021-07-16,42.3,6.4
33793,2021-07-16,48.3,11.2
149579,2021-07-16,36.6,16.0
129554,2021-07-16,68.0,8.0
226958,2021-07-16,43.6,-27.3
260741,2021-07-16,40.5,0.4
213268,2021-07-17,60.6,8.1
432960,2021-07-17,49.9,-9.9
82442,2021-07-17,48.2,21.5
88680,2021-07-17,31.8,-5.2
296422,2021-07-18,46.4,-24.8
170471,2021-07-18,44.8,6.6
27389,2021-07-18,39.0,16.0
381967,2021-07-19,55.4,-26.5
419119,2021-07-19,51.3,3.7
149446,2021-07-19,45.4,4.0
118397,2021-07-19,38.7,6.2
100160,2021-07-19,38.5,-28.0
421637,2021-07-20,47.8,-8.8
282250,2021-07-20,49.5,1.2
131827,2021-07-20,44.4,-12.7
85528,2021-07-20,47.6,-7.4
61842,2021-07-20,47.9,3.7
56523,2021-07-20,36.1,9.9
258987,2021-07-21,46.5,26.0
193592,2021-07-21,54.8,-1.3
74641,2021-07-21,45.9,-17.0
328658,2021-07-21,57.9,-18.0
644771,2021-07-22,55.6,9.6
292417,2021-07-22,46.7,10.2
138803,2021-07-22,38.0,12.3
374889,2021-07-22,42.8,17.7
46635,2021-07-23,38.4,0.7
524929,2021-07-23,49.1,-12.4
50617,2021-07-23,34.3,-8.2
185245,2021-07-23,53.9,25.0
126687,2021-07-23,57.0,20.0
401173,2021-07-23,69.3,-18.8
381714,2021-07-23,45.9,-4.7
164913,2021-07-23,54.5,-20.1
261504,2021-07-23,49.5,30.3
265763,2021-07-24,48.2,1.2
371141,2021-07-24,58.0,4.1
239044,2021-07-24,42.3,-18.5
100399,2021-07-24,49.0,-29.2
127160,2021-07-26,40.6,27.3
111630,2021-07-26,52.6,9.5
68275,2021-07-27,36.7,10.0
59908,2021-07-27,41.1,-20.3
46104,2021-07-27,42.6,6.6
370791,2021-07-27,54.5,0.7
326416,2021-07-27,34.3,-9.9
326029,2021-07-27,62.3,10.9
319165,2021-07-27,39.0,12.8
52119,2021-07-28,55.6,9.9
92947,2021-07-28,41.1,-12.2
204049,2021-07-29,57.6,6.1
275935,2021-07-29,52.8,2.1
469787,2021-07-29,58.6,-7.0
375856,2021-07-30,46.5,17.7
129236,2021-07-30,41.4,-16.1
44834,2021-07-30,41.4,-6.5
95755,2021-07-30,55.7,8.8
335721,2021-07-30,52.7,8.3
740732,2021-07-30,54.2,20.0
325223,2021-07-31,39.7,9.6
221958,2021-07-31,64.4,-6.0
448628,2021-07-31,54.9,24.0
386552,2021-07-31,36.4,12.1
358166,2021-08-02,50.6,3.0
45184,2021-08-02,57.3,6.0
40204,2021-08-03,51.3,8.5
45333,2021-08-03,50.8,-33.4
25508,2021-08-03,35.2,7.9
461701,2021-08-04,50.1,11.5
412932,2021-08-04,58.0,-21.3
387745,2021-08-04,58.8,9.0
387626,2021-08-04,60.0,-1.9
250464,2021-08-04,56.8,13.5
224672,2021-08-04,66.2,0.1
207571,2021-08-04,40.5,11.6
134294,2021-08-04,46.5,1.3
124884,2021-08-04,50.4,9.8
237436,2021-08-04,55.9,-10.7
203460,2021-08-05,65.6,0.1
11530,2021-08-05,45.4,6.2
318520,2021-08-05,52.8,-13.7
599203,2021-08-06,62.0,-0.7
524285,2021-08-06,47.8,0.1
294767,2021-08-06,43.2,11.6
236997,2021-08-07,57.3,24.6
393325,2021-08-09,48.7,-11.7
476701,2021-08-09,66.4,10.9
435228,2021-08-09,41.5,14.7
279009,2021-08-09,45.3,13.6
199953,2021-08-10,60.1,-26.9
28003,2021-08-10,70.5,11.4
388165,2021-08-10,52.7,17.5
203412,2021-08-10,50.4,16.9
225744,2021-08-11,48.9,-4.5
329630,2021-08-11,53.2,7.2
422951,2021-08-11,49.0,9.1
58602,2021-08-11,47.2,-7.1
96341,2021-08-12,63.6,-12.3
451677,2021-08-12,44.2,-18.3
432852,2021-08-12,46.9,-12.9
99331,2021-08-13,46.8,-32.6
182711,2021-08-13,54.7,-0.7
340329,2021-08-13,53.8,3.4
321528,2021-08-14,72.6,0.5
28396,2021-08-14,48.9,25.0
164770,2021-08-14,51.0,-9.6
270411,2021-08-14,47.0,14.8
296366,2021-08-15,47.3,14.3
170646,2021-08-15,49.5,-19.5
51894,2021-08-15,45.2,13.7
395421,2021-08-16,60.5,-24.3
159088,2021-08-16,52.6,17.1
290951,2021-08-17,56.0,6.9
331726,2021-08-17,55.3,4.1
240497,2021-08-17,42.5,5.2
285323,2021-08-17,54.5,2.0
88490,2021-08-18,42.9,0.5
190284,2021-08-18,50.5,0.6
182688,2021-08-18,48.0,19.5
121985,2021-08-18,42.5,15.9
113133,2021-08-19,38.4,12.3
228433,2021-08-19,62.2,12.7
65278,2021-08-19,49.6,15.1
319160,2021-08-20,48.8,-10.1
427568,2021-08-20,54.3,-1.9
67548,2021-08-21,43.8,10.5
196095,2021-08-22,54.8,-17.1
298975,2021-08-23,55.7,-12.1
142031,2021-08-23,39.4,12.6
111039,2021-08-23,38.5,0.9
38414,2021-08-24,44.0,15.4
63342,2021-08-24,42.7,2.9
412513,2021-08-24,46.3,-2.9
51118,2021-08-24,21.6,11.0
111828,2021-08-25,38.3,-18.7
14221,2021-08-25,30.7,-8.8
91849,2021-08-25,49.7,-12.4
379807,2021-08-25,41.9,7.8
334835,2021-08-25,48.5,-4.6
517894,2021-08-25,68.8,-9.8
203961,2021-08-25,55.5,10.8
163053,2021-08-25,51.7,14.8
481084,2021-08-25,45.6,-8.8
471936,2021-08-26,40.2,-5.0
496745,2021-08-26,56.2,-0.8
362667,2021-08-26,52.5,30.5
111347,2021-08-27,34.8,-20.0
46001,2021-08-27,37.0,3.4
182424,2021-08-27,51.0,-9.1
568693,2021-08-27,52.3,3.2
576033,2021-08-27,60.2,-31.5
361068,2021-08-27,41.2,3.5
393239,2021-08-27,46.8,-16.3
342389,2021-08-28,59.1,-6.0
574385,2021-08-28,66.1,4.1
122797,2021-08-28,56.9,1.4
369267,2021-08-29,49.7,-12.6
234781,2021-08-29,53.8,-4.6
106987,2021-08-30,62.2,-24.1
557149,2021-08-30,56.8,18.8
94137,2021-08-30,42.7,-25.4
410285,2021-08-30,50.1,3.0
395236,2021-08-30,55.7,14.1
53437,2021-08-30,37.0,15.3
122116,2021-08-30,44.9,-1.4
378953,2021-08-30,47.5,4.8
360518,2021-08-30,65.9,9.3
170472,2021-08-30,41.7,0.6
85953,2021-08-30,32.2,10.3
37834,2021-08-31,42.8,18.8
73185,2021-08-31,44.1,-16.5
60540,2021-08-31,37.8,-3.2
93081,2021-08-31,29.8,-2.1
124715,2021-08-31,41.9,-31.3
153555,2021-08-31,29.9,-2.6
181378,2021-08-31,60.1,9.9
118317,2021-08-31,40.3,26.8
145769,2021-08-31,28.5,19.4
8198,2021-08-31,54.1,14.0
188077,2021-08-31,63.1,-4.1
362108,2021-08-31,57.5,-9.8
357003,2021-08-31,42.3,-0.2
371142,2021-08-31,45.3,-33.1
403673,2021-08-31,59.2,7.3
353399,2021-08-31,53.0,27.2
640428,2021-08-31,63.8,5.7
344152,2021-08-31,52.4,-11.7
331560,2021-08-31,52.0,6.3
240786,2021-08-31,40.2,-16.1
363223,2021-08-31,53.4,5.3
234124,2021-08-31,43.2,-9.6
93935,2021-08-31,39.0,1.4
234850,2021-08-31,59.5,17.3
258513,2021-08-31,49.9,-2.4
284857,2021-08-31,48.7,31.4
293200,2021-08-31,57.6,-22.8
315145,2021-08-31,46.3,27.0
319301,2021-08-31,41.5,-14.0
268112,2021-09-01,57.3,-14.8
26485,2021-09-01,51.2,-9.8
535974,2021-09-02,55.8,-24.8
146164,2021-09-02,58.7,-25.5
359796,2021-09-03,46.6,13.0
39152,2021-09-04,40.6,0.2
22068,2021-09-06,35.5,-20.9
303939,2021-09-07,47.6,-28.1
39333,2021-09-07,54.1,9.2
178400,2021-09-07,34.1,-16.0
332554,2021-09-07,42.6,31.8
203510,2021-09-07,48.7,13.0
35249,2021-09-08,42.1,7.8
333355,2021-09-17,53.1,-4.3
157501,2021-09-24,42.3,-12.1
104752,2022-01-01,49.0,-22.3
621436,2022-01-01,53.3,16.2
292837,2022-01-01,46.7,-32.2
404842,2022-01-01,49.8,1.8
398184,2022-01-01,61.4,16.4
263860,2022-01-03,41.3,-16.4
324690,2022-01-03,50.1,-9.7
237666,2022-01-03,54.0,-12.8
424015,2022-01-04,48.4,5.2
408574,2022-01-04,73.8,15.7
290017,2022-01-04,41.7,31.5
306668,2022-01-05,38.3,-2.9
255744,2022-01-06,36.6,-2.5
354666,2022-01-07,56.4,-5.3
95810,2022-01-07,53.6,15.1
244904,2022-01-10,59.0,-43.4
81785,2022-01-10,49.8,-5.3
108710,2022-01-10,58.8,-3.7
395659,2022-01-10,54.3,34.3
468066,2022-01-10,48.1,2.4
196231,2022-01-11,53.8,-27.4
399383,2022-01-11,50.0,-15.0
66058,2022-01-12,53.7,-25.3
50355,2022-01-12,50.3,21.5
109217,2022-01-12,55.9,13.9
99227,2022-01-12,49.6,-4.3
517376,2022-01-12,48.6,11.5
337798,2022-01-12,42.6,-12.8
168471,2022-01-13,39.1,-23.9
126664,2022-01-13,51.9,-13.5
108725,2022-01-13,42.6,-13.4
98512,2022-01-13,45.8,8.2
125165,2022-01-14,54.0,-8.9
191391,2022-01-14,53.0,-37.3
396411,2022-01-15,50.3,-13.7
695454,2022-01-17,36.8,33.2
132764,2022-01-17,52.8,-16.9
333383,2022-01-18,42.4,-8.2
381714,2022-01-21,51.9,11.1
227676,2022-01-21,44.7,-23.9
344565,2022-01-21,50.1,13.6
68321,2022-01-24,37.0,31.6
412954,2022-01-24,43.0,1.7
455016,2022-01-25,57.5,-1.9
353252,2022-01-25,47.2,8.4
160938,2022-01-25,50.8,-6.6
520530,2022-01-26,47.8,-11.5
124700,2022-01-26,40.2,16.7
357163,2022-01-27,59.4,-12.4
215118,2022-01-27,47.9,-18.5
59931,2022-01-27,40.6,1.5
252922,2022-01-28,45.1,-8.3
52920,2022-01-28,38.7,-14.9
326843,2022-01-28,49.6,4.9
432982,2022-01-28,62.8,23.9
357498,2022-01-28,59.2,7.5
276896,2022-01-29,51.8,9.2
503871,2022-01-30,48.7,8.3
480692,2022-01-30,60.7,18.7
339314,2022-01-30,55.4,15.4
180337,2022-01-30,48.5,-7.8
36182,2022-01-30,52.8,-13.2
520624,2022-01-30,57.3,25.3
54935,2022-01-30,27.8,6.3
207929,2022-01-31,57.5,-52.3
174915,2022-01-31,54.0,2.2
228645,2022-01-31,51.4,-26.9
73185,2022-01-31,40.7,22.2
58864,2022-01-31,53.1,19.7
46105,2022-01-31,25.4,15.0
134270,2022-01-31,48.6,34.2
240692,2022-01-31,59.5,14.7
281252,2022-01-31,57.4,-20.4
454121,2022-01-31,59.4,26.4
569632,2022-01-31,61.4,-18.4
620598,2022-01-31,49.5,15.8
391004,2022-01-31,57.9,-0.7
354362,2022-01-31,58.9,-3.6
305947,2022-01-31,56.3,17.6
334526,2022-01-31,53.5,-20.9
555076,2022-01-31,72.2,-13.0
315289,2022-01-31,40.9,5.7
314367,2022-01-31,58.9,21.6
167316,2022-02-02,46.9,-16.0
85969,2022-02-02,38.2,20.3
39247,2022-02-04,38.9,12.3
148118,2022-02-05,46.1,14.0
468244,2022-02-08,45.6,-23.2
308541,2022-02-17,43.1,14.7
94925,2022-02-18,47.7,4.5
214238,2022-02-22,46.7,-2.4
116598,2022-03-30,61.3,-4.0
223979,2022-07-01,59.6,3.1
222859,2022-07-01,42.4,-4.0
222686,2022-07-01,36.3,14.4
232144,2022-07-01,51.4,0.3
361093,2022-07-01,52.8,5.6
378710,2022-07-01,58.9,4.7
220650,2022-07-01,38.2,0.4
351738,2022-07-01,64.5,8.3
234509,2022-07-01,58.8,19.5
341466,2022-07-01,55.3,14.6
369552,2022-07-01,66.0,-24.6
235767,2022-07-01,59.1,11.3
235780,2022-07-01,37.7,12.2
388198,2022-07-01,71.5,15.0
237658,2022-07-01,51.4,-10.6
234029,2022-07-01,49.6,7.5
216569,2022-07-01,53.0,5.4
212243,2022-07-01,47.0,16.3
193782,2022-07-01,49.5,-14.6
423197,2022-07-01,61.4,13.9
238468,2022-07-01,46.6,3.6
192080,2022-07-01,50.5,16.2
190393,2022-07-01,54.3,16.1
198006,2022-07-01,54.2,-2.1
190269,2022-07-01,41.6,-1.9
361914,2022-07-01,50.5,-18.8
216489,2022-07-01,39.4,6.1
387047,2022-07-01,47.0,5.3
200512,2022-07-01,65.7,-1.3
26721,2022-07-01,50.4,19.4
379168,2022-07-01,45.1,5.0
200616,2022-07-01,46.1,7.5
204198,2022-07-01,59.6,9.1
205116,2022-07-01,39.5,7.4
206912,2022-07-01,61.0,-4.5
211325,2022-07-01,40.6,32.5
211845,2022-07-01,51.3,-13.5
199316,2022-07-01,56.4,27.2
362667,2022-07-01,57.1,20.8
263962,2022-07-01,61.4,-2.6
241486,2022-07-01,42.0,0.4
324811,2022-07-01,43.1,22.3
323710,2022-07-01,50.1,9.9
271455,2022-07-01,54.1,-4.9
321135,2022-07-01,47.3,12.1
300309,2022-07-01,51.9,8.4
387143,2022-07-01,56.2,8.2
179635,2022-07-01,47.9,13.7
375719,2022-07-01,45.0,-24.1
315254,2022-07-01,64.7,9.2
388363,2022-07-01,39.2,-11.1
314942,2022-07-01,44.7,7.8
276764,2022-07-01,53.9,-1.3
276853,2022-07-01,49.6,-7.5
296802,2022-07-01,60.9,-1.1
296783,2022-07-01,39.5,-3.1
279242,2022-07-01,58.8,-2.3
288067,2022-07-01,51.6,21.4
289835,2022-07-01,48.3,23.1
291758,2022-07-01,51.3,25.9
295313,2022-07-01,50.4,3.7
308371,2022-07-01,47.5,4.6
238868,2022-07-01,42.2,1.6
325924,2022-07-01,54.7,-1.0
260330,2022-07-01,45.2,-0.8
242661,2022-07-01,38.8,14.0
340456,2022-07-01,64.2,12.3
336869,2022-07-01,44.2,-6.1
243770,2022-07-01,59.7,11.1
334221,2022-07-01,48.6,0.6
393238,2022-07-01,45.1,16.4
334207,2022-07-01,52.9,6.3
246204,2022-07-01,33.8,-1.4
248054,2022-07-01,46.7,8.9
262117,2022-07-01,47.9,-7.2
249360,2022-07-01,45.5,-7.2
250478,2022-07-01,49.2,-4.5
376514,2022-07-01,60.0,11.9
329629,2022-07-01,44.7,22.4
251303,2022-07-01,46.1,-13.9
251587,2022-07-01,59.1,19.1
252677,2022-07-01,50.3,16.3
258039,2022-07-01,43.3,4.7
258883,2022-07-01,45.3,-6.2
329145,2022-07-01,46.9,-27.4
250153,2022-07-01,38.1,21.0
177779,2022-07-01,38.8,3.3
244940,2022-07-01,53.4,6.9
166601,2022-07-01,60.7,2.2
81173,2022-07-01,40.5,16.0
34987,2022-07-01,44.2,8.5
81999,2022-07-01,51.5,19.4
85906,2022-07-01,51.2,-3.3
85941,2022-07-01,51.3,-7.2
187460,2022-07-01,43.9,-12.3
86202,2022-07-01,63.2,-14.9
88683,2022-07-01,34.6,-13.9
90959,2022-07-01,44.8,-25.4
93081,2022-07-01,44.7,6.0
93720,2022-07-01,54.4,21.4
80442,2022-07-01,40.7,-7.0
98547,2022-07-01,41.2,-20.1
103565,2022-07-01,44.7,-8.0
697149,2022-07-01,56.2,-10.5
688707,2022-07-01,48.3,-4.6
683895,2022-07-01,52.1,31.9
670847,2022-07-01,52.5,-6.9
658536,2022-07-01,59.3,-2.4
630032,2022-07-01,43.8,0.5
622410,2022-07-01,51.3,-31.2
616894,2022-07-01,56.7,11.9
610570,2022-07-01,56.8,14.9
594227,2022-07-01,60.3,-0.3
101531,2022-07-01,42.8,21.2
546543,2022-07-01,57.6,10.0
183780,2022-07-01,44.3,12.7
182685,2022-07-01,42.9,-22.0
52791,2022-07-01,47.9,-23.2
58606,2022-07-01,42.2,-3.1
59973,2022-07-01,41.1,-9.1
60781,2022-07-01,45.9,-3.6
98349,2022-07-01,35.4,-0.6
9335,2022-07-01,41.2,-20.6
131574,2022-07-01,44.7,-31.8
385635,2022-07-01,42.1,0.2
16756,2022-07-01,45.6,3.9
23553,2022-07-01,45.7,-0.7
33862,2022-07-01,46.8,1.3
74842,2022-07-01,62.7,0.0
42460,2022-07-01,55.7,-0.3
52570,2022-07-01,38.0,-6.4
16058,2022-07-01,34.9,14.5
55735,2022-07-01,54.8,8.4
56331,2022-07-01,50.2,10.1
59597,2022-07-01,49.4,5.2
59896,2022-07-01,51.2,-3.0
60542,2022-07-01,37.7,7.0
60957,2022-07-01,33.1,9.3
67556,2022-07-01,39.8,10.1
69646,2022-07-01,41.8,-8.7
74683,2022-07-01,52.7,16.1
46001,2022-07-01,45.8,-18.6
170961,2022-07-01,46.5,-8.2
537598,2022-07-01,68.3,-5.7
104414,2022-07-01,58.3,-11.3
124502,2022-07-01,50.5,5.3
424072,2022-07-01,43.9,5.3
420884,2022-07-01,63.6,9.7
418560,2022-07-01,64.9,18.1
413112,2022-07-01,69.9,7.7
410897,2022-07-01,53.7,0.9
410425,2022-07-01,58.4,-14.2
406806,2022-07-01,38.8,3.1
406091,2022-07-01,45.8,-5.8
403834,2022-07-01,40.3,-11.9
120070,2022-07-01,51.7,9.2
125769,2022-07-01,45.6,3.7
395069,2022-07-01,39.7,1.2
394327,2022-07-01,53.6,-0.1
126360,2022-07-01,45.9,-17.9
393864,2022-07-01,56.2,-9.3
127142,2022-07-01,43.3,1.7
136514,2022-07-01,45.1,-4.7
140191,2022-07-01,42.1,-10.6
148118,2022-07-01,51.0,24.7
155395,2022-07-01,42.5,1.9
162434,2022-07-01,41.6,-5.5
165793,2022-07-01,55.7,9.1
402887,2022-07-01,45.5,6.0
533295,2022-07-01,58.9,6.1
113052,2022-07-01,38.5,10.9
451311,2022-07-01,44.4,-3.0
106872,2022-07-01,53.3,31.6
524315,2022-07-01,58.1,15.9
519731,2022-07-01,60.2,9.6
518505,2022-07-01,43.5,5.4
107525,2022-07-01,52.9,-12.1
512913,2022-07-01,57.6,11.1
511534,2022-07-01,59.7,21.8
502245,2022-07-01,52.5,-9.6
491616,2022-07-01,48.4,-11.5
491298,2022-07-01,44.8,-1.1
488784,2022-07-01,39.1,7.7
426280,2022-07-01,46.0,16.1
487969,2022-07-01,54.8,33.8
481834,2022-07-01,42.9,-8.2
478573,2022-07-01,64.1,-11.9
469976,2022-07-01,43.6,33.2
469211,2022-07-01,43.5,2.3
468301,2022-07-01,50.6,-2.2
468244,2022-07-01,37.1,-7.1
467992,2022-07-01,49.7,10.5
467563,2022-07-01,43.0,13.0
463133,2022-07-01,39.3,18.7
453016,2022-07-01,52.2,19.0
107544,2022-07-01,42.1,-2.9
487469,2022-07-01,69.4,13.3
382895,2022-07-01,46.6,-11.3
173504,2022-07-02,45.3,13.0
387110,2022-07-02,58.6,17.5
283223,2022-07-02,63.2,0.0
118997,2022-07-02,37.4,29.7
54716,2022-07-04,29.2,4.4
83560,2022-07-04,47.8,-2.3
91419,2022-07-04,42.0,5.7
196948,2022-07-04,63.0,-2.7
257455,2022-07-04,47.5,20.7
286005,2022-07-04,44.9,-19.7
294808,2022-07-04,65.3,-15.6
331739,2022-07-04,49.5,24.0
343463,2022-07-04,63.5,-12.3
351749,2022-07-04,53.3,-7.5
363205,2022-07-04,64.9,13.3
433805,2022-07-04,38.0,-7.5
457931,2022-07-04,50.5,2.6
81789,2022-07-05,32.8,11.7
148368,2022-07-05,52.6,-33.9
211121,2022-07-05,41.8,-2.1
237499,2022-07-05,38.9,-8.3
149446,2022-07-05,48.2,-2.2
290336,2022-07-05,58.6,-7.1
339340,2022-07-05,55.6,0.7
51730,2022-07-05,45.3,-0.8
498237,2022-07-05,58.2,-20.5
251075,2022-07-05,58.1,-5.1
358504,2022-07-05,57.0,12.8
607854,2022-07-06,50.3,17.0
442552,2022-07-06,40.2,-6.6
377468,2022-07-06,37.6,-1.2
342389,2022-07-06,56.8,14.1
332705,2022-07-06,47.2,15.5
309110,2022-07-06,63.9,10.1
291200,2022-07-06,51.1,-15.8
181375,2022-07-06,61.9,1.9
148355,2022-07-06,47.4,9.3
23951,2022-07-06,35.9,25.5
35047,2022-07-06,48.1,6.2
147038,2022-07-07,41.5,1.1
549966,2022-07-07,50.3,3.0
512385,2022-07-07,61.4,-4.3
510782,2022-07-07,57.6,19.4
334440,2022-07-07,61.3,11.0
239733,2022-07-07,49.4,-12.8
59084,2022-07-07,38.2,2.6
284165,2022-07-08,64.1,8.4
257462,2022-07-08,53.7,-8.7
7825,2022-07-08,35.9,10.1
315762,2022-07-08,47.3,-4.8
120205,2022-07-08,49.2,14.3
159079,2022-07-08,41.9,25.9
123261,2022-07-08,35.7,-1.0
45320,2022-07-08,54.5,11.1
335457,2022-07-08,44.9,24.5
212229,2022-07-08,52.3,-0.5
439022,2022-07-08,52.8,-32.8
268697,2022-07-08,40.0,-26.8
260672,2022-07-08,34.2,-1.1
694928,2022-07-08,60.9,12.6
517376,2022-07-08,47.3,21.4
496767,2022-07-08,50.2,-27.8
389837,2022-07-08,52.0,1.5
112465,2022-07-09,58.5,10.9
591949,2022-07-09,50.9,-11.8
468198,2022-07-09,53.9,-16.7
190188,2022-07-10,42.3,-21.5
58072,2022-07-10,45.0,0.0
325429,2022-07-11,50.5,31.5
257376,2022-07-11,37.0,-1.8
197135,2022-07-11,35.2,-9.3
169260,2022-07-11,43.7,17.3
59290,2022-07-11,39.3,23.3
165345,2022-07-11,45.5,1.0
122153,2022-07-11,63.1,-8.4
543387,2022-07-11,53.7,2.7
106536,2022-07-12,39.0,-17.8
469050,2022-07-12,53.3,-8.8
428563,2022-07-12,54.5,7.9
376484,2022-07-12,41.3,8.8
339328,2022-07-12,67.8,-8.2
250013,2022-07-12,57.6,-7.5
242606,2022-07-12,46.2,13.0
237923,2022-07-12,40.1,8.4
197747,2022-07-12,46.4,10.3
61887,2022-07-12,42.9,-13.8
564785,2022-07-12,65.6,-7.6
49275,2022-07-13,32.4,14.7
620313,2022-07-13,55.6,9.4
411295,2022-07-13,70.3,22.9
260829,2022-07-13,45.1,2.6
190513,2022-07-13,44.5,10.4
134425,2022-07-13,60.6,3.7
91059,2022-07-13,55.9,7.7
594991,2022-07-13,55.4,0.0
567129,2022-07-13,44.3,8.4
459658,2022-07-14,54.9,13.5
371851,2022-07-14,45.6,12.5
57534,2022-07-14,47.9,0.5
263963,2022-07-14,46.4,-25.1
203348,2022-07-15,49.4,14.3
69633,2022-07-15,55.9,3.4
170953,2022-07-15,39.5,-6.4
237662,2022-07-15,60.7,4.9
357796,2022-07-15,44.5,-2.1
422838,2022-07-15,53.9,-13.3
565232,2022-07-15,59.9,-1.7
567023,2022-07-15,49.5,-13.4
487421,2022-07-15,45.4,0.6
412513,2022-07-16,39.1,-7.6
342405,2022-07-16,47.4,12.8
93128,2022-07-16,52.9,10.6
46635,2022-07-16,35.6,14.8
33481,2022-07-16,46.6,-12.3
345748,2022-07-18,43.1,-17.9
496706,2022-07-18,37.4,16.2
286949,2022-07-18,47.1,-14.2
148365,2022-07-18,59.2,-4.5
483573,2022-07-18,49.2,-13.6
271966,2022-07-18,45.3,30.6
326031,2022-07-19,60.2,3.1
226524,2022-07-19,41.8,-16.5
99100,2022-07-19,48.3,13.5
297784,2022-07-19,36.3,-5.8
38253,2022-07-19,63.4,15.2
290346,2022-07-20,47.7,-16.5
225744,2022-07-20,52.5,32.4
206050,2022-07-20,69.8,6.1
175639,2022-07-20,71.2,4.4
461883,2022-07-20,66.5,-0.4
424784,2022-07-20,55.2,-1.8
516716,2022-07-20,60.4,18.4
57216,2022-07-21,37.8,-7.4
129129,2022-07-21,56.3,-26.1
141660,2022-07-21,53.8,-31.5
318426,2022-07-21,48.6,20.2
487474,2022-07-21,64.6,3.0
236400,2022-07-21,60.9,-8.3
210988,2022-07-22,38.0,-10.9
243879,2022-07-22,36.3,-2.6
31067,2022-07-22,39.9,-0.6
607814,2022-07-22,50.2,6.1
473169,2022-07-22,67.4,3.0
401529,2022-07-22,51.1,18.3
336104,2022-07-22,39.4,-0.6
256267,2022-07-22,41.8,25.5
190263,2022-07-22,52.5,11.8
203853,2022-07-22,56.9,11.4
377393,2022-07-23,47.4,32.4
185164,2022-07-23,46.3,-14.4
131225,2022-07-23,54.5,4.1
169511,2022-07-24,31.8,23.0
61253,2022-07-25,30.1,7.7
129444,2022-07-25,40.1,16.1
281989,2022-07-25,53.9,9.8
477930,2022-07-25,61.0,-30.4
390379,2022-07-25,59.1,8.5
94807,2022-07-25,40.7,-19.9
557612,2022-07-25,41.2,8.0
348026,2022-07-26,66.4,-21.5
315867,2022-07-26,51.3,-16.5
307053,2022-07-27,41.2,31.3
480762,2022-07-27,60.1,9.3
136834,2022-07-27,45.4,3.1
99499,2022-07-27,32.5,4.9
503482,2022-07-27,56.5,24.8
411975,2022-07-28,66.4,10.0
584769,2022-07-28,61.0,4.8
524043,2022-07-28,42.4,0.0
468249,2022-07-28,39.6,-1.0
424042,2022-07-28,56.8,14.1
420213,2022-07-28,63.4,7.1
175449,2022-07-28,50.1,6.4
137206,2022-07-28,45.9,13.5
76467,2022-07-28,47.0,-6.0
344399,2022-07-29,44.9,-14.7
347913,2022-07-29,60.2,-38.5
348791,2022-07-29,54.4,7.3
368891,2022-07-29,61.2,0.0
241119,2022-07-29,38.8,2.5
342877,2022-07-29,42.2,-8.1
122088,2022-07-29,41.8,20.1
110668,2022-07-30,48.7,-1.7
264796,2022-07-30,54.5,8.3
331505,2022-07-30,57.0,14.6
318204,2022-07-31,64.8,12.7
46083,2022-07-31,49.7,19.4
289592,2022-07-31,45.6,-9.5
539065,2022-08-01,50.9,-13.8
216443,2022-08-01,61.4,-17.1
143812,2022-08-01,42.2,17.1
94307,2022-08-01,40.7,-8.6
73269,2022-08-02,40.1,-20.6
136180,2022-08-02,61.9,3.9
435772,2022-08-02,71.3,-22.5
16911,2022-08-03,48.6,18.8
98131,2022-08-03,52.5,13.3
371141,2022-08-03,50.7,-3.0
659459,2022-08-04,54.8,12.4
471582,2022-08-04,56.4,10.2
448470,2022-08-04,70.3,-14.3
258027,2022-08-04,62.6,-21.0
212391,2022-08-04,39.8,-11.2
124028,2022-08-04,43.0,20.6
164771,2022-08-05,57.9,-0.2
284857,2022-08-05,61.8,-4.7
297693,2022-08-05,43.7,0.6
234781,2022-08-05,46.6,-1.4
181547,2022-08-06,49.1,-24.0
448344,2022-08-06,50.1,-25.4
361068,2022-08-07,47.3,5.4
85288,2022-08-07,58.0,13.0
197929,2022-08-08,53.1,20.0
168041,2022-08-08,40.9,6.2
225122,2022-08-08,52.5,-20.0
56416,2022-08-08,59.8,17.9
146227,2022-08-08,52.4,5.5
469781,2022-08-08,55.3,15.8
50512,2022-08-08,45.5,-24.1
182574,2022-08-08,49.2,-26.6
743091,2022-08-08,53.1,0.6
485706,2022-08-09,52.0,3.2
170527,2022-08-09,52.2,5.3
540941,2022-08-10,51.1,16.9
272622,2022-08-10,48.1,2.4
40433,2022-08-10,54.1,18.7
245014,2022-08-11,62.3,4.0
450417,2022-08-12,36.8,2.8
285322,2022-08-12,51.4,-0.4
161011,2022-08-12,66.3,-11.7
481513,2022-08-12,51.3,11.6
448854,2022-08-13,52.2,-16.2
66934,2022-08-13,39.6,-5.7
148252,2022-08-14,53.0,-37.6
214257,2022-08-15,38.4,-6.8
257482,2022-08-15,42.6,16.7
204987,2022-08-15,44.0,-3.9
99922,2022-08-15,56.7,17.3
74641,2022-08-16,41.9,10.0
157501,2022-08-16,36.1,-6.2
349599,2022-08-16,52.4,18.6
396402,2022-08-16,49.0,-20.5
366930,2022-08-16,59.1,-3.8
556385,2022-08-16,58.0,0.5
538996,2022-08-17,57.7,-21.6
329630,2022-08-17,55.4,-5.9
228948,2022-08-17,42.2,-10.1
159957,2022-08-17,38.0,3.5
413565,2022-08-18,54.9,17.0
272636,2022-08-18,50.2,22.2
601883,2022-08-18,59.0,-8.1
291222,2022-08-18,47.9,-0.6
662131,2022-08-19,59.4,5.3
658533,2022-08-19,49.7,9.5
546880,2022-08-19,42.2,5.9
183397,2022-08-19,43.0,-24.3
53270,2022-08-19,47.4,-27.3
396429,2022-08-19,48.2,-9.8
290017,2022-08-22,57.7,-0.6
16306,2022-08-22,61.1,7.8
88262,2022-08-22,42.6,-24.4
72195,2022-08-23,43.2,-29.2
588649,2022-08-23,53.4,-13.4
558727,2022-08-23,61.6,-50.6
134999,2022-08-23,57.6,0.9
129386,2022-08-24,35.4,-15.8
127610,2022-08-24,44.0,-29.1
288318,2022-08-24,48.5,3.1
223367,2022-08-24,64.7,14.1
113235,2022-08-24,40.6,-4.0
174915,2022-08-25,41.6,-9.5
375382,2022-08-25,47.1,17.9
349066,2022-08-26,53.0,23.7
280701,2022-08-26,45.1,5.7
238752,2022-08-26,48.7,-8.7
217115,2022-08-26,41.2,-22.8
699783,2022-08-28,62.7,0.0
167727,2022-08-28,44.6,-4.6
337243,2022-08-28,51.0,-21.8
221958,2022-08-29,52.1,-9.3
140032,2022-08-29,37.8,4.7
48280,2022-08-29,40.2,8.1
272812,2022-08-29,46.3,0.1
407885,2022-08-29,50.7,3.6
444523,2022-08-29,68.1,-0.3
322655,2022-08-29,44.4,3.4
481688,2022-08-29,61.5,-36.0
569389,2022-08-29,65.0,-4.7
317740,2022-08-30,39.4,-2.6
610400,2022-08-30,57.8,-6.5
602105,2022-08-30,61.8,-10.3
595012,2022-08-30,46.2,-11.3
491296,2022-08-30,41.0,19.4
412829,2022-08-30,38.7,-0.1
350219,2022-08-30,69.4,0.1
59950,2022-08-30,37.6,-10.2
303939,2022-08-30,39.2,-3.0
102134,2022-08-31,53.3,-1.8
104918,2022-08-31,63.8,-1.1
90024,2022-08-31,54.5,14.2
94199,2022-08-31,52.1,16.2
177847,2022-08-31,56.9,-18.4
566571,2022-08-31,59.6,2.7
210689,2022-08-31,49.4,2.7
223725,2022-08-31,43.8,2.9
308439,2022-08-31,48.0,27.1
369567,2022-08-31,52.7,11.5
524081,2022-08-31,66.7,6.9
62049,2022-08-31,40.7,11.5
203412,2022-08-31,59.6,-21.9
579930,2022-08-31,53.2,17.2
263804,2022-09-01,70.6,-8.5
262939,2022-09-01,54.7,-9.4
238266,2022-09-01,40.3,-16.6
189744,2022-09-01,40.3,15.0
168157,2022-09-01,40.8,-26.5
112515,2022-09-01,63.6,-4.2
126665,2022-09-01,45.7,9.2
77966,2022-09-01,46.2,-0.4
66100,2022-09-01,54.9,1.6
58864,2022-09-01,46.7,-26.3
284730,2022-09-01,53.6,2.9
44501,2022-09-01,56.0,-24.7
142310,2022-09-01,36.7,19.1
292808,2022-09-01,43.1,-2.9
518472,2022-09-01,55.8,27.8
372246,2022-09-01,63.0,-16.7
656441,2022-09-01,58.1,-17.9
655899,2022-09-01,55.7,-0.3
649016,2022-09-01,45.6,23.0
629567,2022-09-01,54.5,-12.9
536475,2022-09-01,47.5,-20.5
531949,2022-09-01,41.5,-5.0
569385,2022-09-01,57.5,-50.9
572326,2022-09-01,51.5,-10.1
451801,2022-09-01,41.7,9.3
443338,2022-09-01,49.0,22.4
429983,2022-09-01,47.7,7.0
418659,2022-09-01,65.6,-5.4
400485,2022-09-01,52.0,8.0
396894,2022-09-01,50.0,-2.2
359247,2022-09-01,54.9,13.5
168337,2022-09-02,43.7,-27.4
98067,2022-09-02,46.8,10.7
43250,2022-09-02,52.3,12.2
152962,2022-09-04,43.0,-1.4
401534,2022-09-05,60.2,5.3
251345,2022-09-05,37.4,3.7
95673,2022-09-07,50.7,6.1
163847,2022-09-07,49.7,3.4
166086,2022-09-07,57.2,-16.9
462772,2022-09-08,49.8,-10.7
341646,2022-09-08,46.0,-3.5
160380,2022-09-08,45.7,3.8
129078,2022-09-08,60.1,11.3
110708,2022-09-08,43.7,30.6
44068,2022-09-08,57.5,10.5
126711,2022-09-08,46.3,25.1
161869,2022-09-09,52.0,-13.6
162038,2022-09-13,54.9,-30.6
284876,2022-09-15,51.8,6.9
127048,2022-09-15,59.8,9.8
430190,2022-09-22,54.2,0.4
384859,2022-09-22,53.9,-25.3
357917,2022-09-22,56.2,-18.9
58970,2022-09-22,41.9,27.1
187809,2023-01-01,54.9,23.1
164729,2023-01-01,41.3,14.4
174196,2023-01-01,38.7,27.5
179643,2023-01-01,51.4,20.6
230946,2023-01-01,46.0,15.2
166737,2023-01-01,40.8,20.8
434675,2023-01-01,64.1,7.3
448981,2023-01-01,58.6,28.8
516751,2023-01-01,60.4,6.2
332530,2023-01-01,57.9,7.4
178459,2023-01-02,34.2,5.5
104597,2023-01-02,32.3,-1.1
37838,2023-01-02,40.4,-17.7
315237,2023-01-04,41.8,7.4
401822,2023-01-05,49.4,-10.1
258015,2023-01-05,45.1,27.0
463603,2023-01-05,59.3,-24.9
844373,2023-01-06,51.9,22.5
355761,2023-01-06,56.4,-5.8
229604,2023-01-06,63.8,-9.1
467236,2023-01-09,55.5,-15.3
128969,2023-01-09,51.0,6.2
404847,2023-01-11,51.9,-33.1
193098,2023-01-11,54.7,-11.5
670103,2023-01-12,62.9,17.9
295024,2023-01-12,58.6,-14.4
215977,2023-01-12,64.7,12.5
212229,2023-01-12,42.5,12.1
190269,2023-01-12,40.8,-11.3
104700,2023-01-12,33.0,9.6
620598,2023-01-13,36.4,19.8
370683,2023-01-13,43.9,12.3
170934,2023-01-13,45.6,10.7
538977,2023-01-14,54.6,-17.2
484873,2023-01-14,52.2,4.0
342389,2023-01-15,59.1,21.2
395695,2023-01-16,42.6,4.9
242668,2023-01-16,41.5,7.8
191391,2023-01-16,42.6,1.3
394688,2023-01-17,64.2,8.3
370789,2023-01-17,53.4,18.6
264372,2023-01-17,49.2,12.0
222859,2023-01-17,51.0,3.9
102132,2023-01-17,53.6,-7.6
74230,2023-01-17,45.7,9.7
486039,2023-01-18,59.5,-0.7
342226,2023-01-18,40.9,-4.4
45340,2023-01-19,37.4,7.5
823231,2023-01-19,54.9,2.2
358032,2023-01-19,36.3,29.6
247915,2023-01-19,54.5,-12.7
42205,2023-01-19,49.8,0.5
564529,2023-01-20,46.6,-12.7
503987,2023-01-20,61.6,4.4
230746,2023-01-20,41.3,-6.1
211637,2023-01-20,48.7,3.1
167850,2023-01-20,60.1,-0.3
144028,2023-01-20,56.1,18.3
134294,2023-01-20,42.1,-4.5
121477,2023-01-22,34.5,1.2
362977,2023-01-22,54.3,-1.5
206717,2023-01-23,52.5,-20.6
521997,2023-01-23,51.4,-9.4
425918,2023-01-23,46.2,-1.1
283994,2023-01-24,52.6,-22.9
485965,2023-01-25,44.8,-32.7
467623,2023-01-25,47.1,-12.3
674612,2023-01-25,60.8,4.3
566615,2023-01-26,43.4,15.3
381348,2023-01-26,51.9,12.8
822458,2023-01-27,55.3,7.3
233782,2023-01-27,39.9,10.0
285868,2023-01-27,42.9,4.5
503733,2023-01-29,57.6,19.4
593482,2023-01-29,53.8,-10.5
620322,2023-01-29,62.9,-4.5
88721,2023-01-30,40.7,-1.4
322305,2023-01-30,50.5,-1.3
748382,2023-01-30,57.4,-32.7
79377,2023-01-30,50.9,-19.6
542842,2023-01-30,51.4,7.5
586853,2023-01-31,60.9,-13.0
578804,2023-01-31,71.6,3.7
538971,2023-01-31,46.2,-11.9
422763,2023-01-31,60.6,18.4
173079,2023-01-31,43.7,8.0
377219,2023-01-31,50.9,-3.4
301037,2023-01-31,39.8,-7.1
659089,2023-01-31,49.0,1.0
272855,2023-01-31,43.3,-18.7
174915,2023-01-31,46.3,23.6
648195,2023-01-31,59.4,12.8
746695,2023-01-31,52.9,-19.0
220878,2023-01-31,42.7,18.1
156501,2023-01-31,39.1,-11.7
245056,2023-01-31,50.7,-12.0
102017,2023-01-31,57.6,-18.5
94199,2023-01-31,42.8,-1.5
928323,2023-01-31,57.0,7.7
155806,2023-02-01,41.0,-3.2
293213,2023-02-02,66.6,-14.7
152733,2023-02-08,59.5,-25.5
392085,2023-02-08,63.2,-12.3
174733,2023-02-09,55.9,6.7
539135,2023-02-09,43.0,-12.8
597880,2023-02-10,57.3,18.5
439343,2023-02-17,48.2,4.0
291760,2023-02-17,38.4,7.1
463845,2023-02-21,45.1,23.8
263963,2023-02-21,43.2,-22.4
168041,2023-02-23,41.7,-16.3
404845,2023-02-24,44.0,-11.1
501417,2023-02-28,50.0,-10.8
189151,2023-03-05,46.0,6.7
104597,2023-07-01,43.3,-9.1
294057,2023-07-01,63.0,18.0
286047,2023-07-01,52.9,5.0
284769,2023-07-01,48.2,-25.2
284732,2023-07-01,61.0,7.6
295414,2023-07-01,56.1,3.9
282660,2023-07-01,52.1,37.9
262980,2023-07-01,47.3,0.2
257468,2023-07-01,45.5,13.1
257324,2023-07-01,55.0,31.2
256429,2023-07-01,39.6,-11.2
251299,2023-07-01,45.2,34.5
250013,2023-07-01,60.7,-13.5
249565,2023-07-01,55.4,18.2
245021,2023-07-01,50.4,22.1
242063,2023-07-01,58.8,-11.3
270055,2023-07-01,46.2,-14.3
297070,2023-07-01,51.8,3.8
308552,2023-07-01,58.9,12.7
308541,2023-07-01,43.3,1.1
358507,2023-07-01,43.5,24.0
345105,2023-07-01,40.6,-13.4
344381,2023-07-01,66.8,-26.4
341264,2023-07-01,60.5,11.6
340343,2023-07-01,43.6,9.7
326329,2023-07-01,46.4,11.0
325386,2023-07-01,44.9,-7.2
324278,2023-07-01,63.6,12.6
322293,2023-07-01,67.9,7.9
320271,2023-07-01,42.1,-1.3
318528,2023-07-01,60.6,22.7
318426,2023-07-01,49.2,-12.9
315236,2023-07-01,51.6,3.5
315233,2023-07-01,51.0,21.6
312819,2023-07-01,49.0,-0.8
309400,2023-07-01,60.8,6.9
238856,2023-07-01,44.0,2.3
297693,2023-07-01,47.7,8.7
232418,2023-07-01,52.8,8.7
212430,2023-07-01,37.7,9.9
221321,2023-07-01,46.1,-29.2
126751,2023-07-01,50.6,11.3
125714,2023-07-01,60.4,6.4
119574,2023-07-01,37.4,-5.9
358956,2023-07-01,38.6,-1.7
119031,2023-07-01,41.3,24.7
3333,2023-07-01,36.8,-0.2
19619,2023-07-01,37.0,-19.9
28396,2023-07-01,54.2,26.7
51471,2023-07-01,56.0,5.7
53622,2023-07-01,61.9,16.0
55356,2023-07-01,40.6,-23.6
56836,2023-07-01,36.8,17.8
58402,2023-07-01,42.7,-10.1
111275,2023-07-01,49.8,-15.4
84765,2023-07-01,27.6,-3.8
86097,2023-07-01,46.5,-34.5
94307,2023-07-01,53.3,13.0
127189,2023-07-01,58.5,3.3
132207,2023-07-01,44.1,-15.7
142031,2023-07-01,41.5,-0.3
108725,2023-07-01,32.0,24.6
204047,2023-07-01,36.0,18.2
203938,2023-07-01,65.7,-26.5
202886,2023-07-01,58.9,0.8
199976,2023-07-01,44.6,-20.8
195736,2023-07-01,36.8,33.7
193082,2023-07-01,61.9,16.4
191422,2023-07-01,51.7,-1.7
223967,2023-07-01,66.9,11.3
190188,2023-07-01,39.2,5.8
186988,2023-07-01,44.9,-12.7
183383,2023-07-01,53.9,-7.9
177475,2023-07-01,44.9,2.7
170986,2023-07-01,65.8,1.7
164729,2023-07-01,42.1,-8.1
155964,2023-07-01,46.2,11.8
148215,2023-07-01,48.8,-10.1
142924,2023-07-01,39.9,16.5
187809,2023-07-01,59.3,-20.3
361070,2023-07-01,57.1,-18.1
279457,2023-07-01,66.7,-10.3
370846,2023-07-01,54.0,0.9
524687,2023-07-01,46.9,13.7
533318,2023-07-01,48.1,21.5
787907,2023-07-01,59.9,-6.8
538874,2023-07-01,55.4,5.1
541134,2023-07-01,55.5,20.1
546926,2023-07-01,38.6,9.4
551505,2023-07-01,52.3,10.5
553062,2023-07-01,57.9,6.3
553875,2023-07-01,56.4,19.2
561217,2023-07-01,51.6,-12.9
569845,2023-07-01,52.6,24.0
572879,2023-07-01,49.7,16.7
575693,2023-07-01,47.1,9.3
524010,2023-07-01,39.5,-12.0
581678,2023-07-01,77.5,11.3
982267,2023-07-01,42.9,-7.2
593415,2023-07-01,65.4,14.4
598791,2023-07-01,55.0,19.2
601852,2023-07-01,41.4,-10.1
980576,2023-07-01,46.1,-21.3
633530,2023-07-01,48.5,-9.8
661171,2023-07-01,60.3,19.0
892054,2023-07-01,63.4,2.3
746397,2023-07-01,47.0,-19.0
746891,2023-07-01,65.0,-6.0
749552,2023-07-01,65.5,-5.5
776890,2023-07-01,55.9,11.8
582131,2023-07-01,53.8,-17.9
365195,2023-07-01,46.8,-15.4
534033,2023-07-01,61.7,15.5
783396,2023-07-01,54.3,-3.9
395693,2023-07-01,54.1,6.6
418652,2023-07-01,49.2,-4.6
393864,2023-07-01,52.8,-6.6
424676,2023-07-01,40.4,36.1
391907,2023-07-01,48.9,-8.6
424784,2023-07-01,45.0,8.4
445939,2023-07-01,55.5,32.4
390177,2023-07-01,52.6,-9.1
449796,2023-07-01,46.6,0.2
454567,2023-07-01,74.5,-2.2
399258,2023-07-01,49.7,-29.3
385416,2023-07-01,42.8,-5.3
381206,2023-07-01,49.4,-1.7
380598,2023-07-01,60.4,5.1
463845,2023-07-01,47.4,4.5
470794,2023-07-01,54.1,3.9
473050,2023-07-01,46.9,6.5
372808,2023-07-01,51.4,-0.3
504503,2023-07-01,53.7,4.3
509837,2023-07-01,52.0,1.2
371149,2023-07-01,58.5,21.2
515506,2023-07-01,45.6,-26.5
517894,2023-07-01,46.2,30.8
382423,2023-07-01,33.9,14.2
416660,2023-07-01,64.6,5.3
451276,2023-07-02,65.0,16.7
125769,2023-07-03,40.4,19.0
565093,2023-07-03,46.2,11.7
433984,2023-07-03,54.2,5.4
406640,2023-07-03,59.8,4.6
397033,2023-07-03,57.5,5.8
343492,2023-07-03,50.9,29.2
251878,2023-07-03,53.8,1.8
244262,2023-07-03,47.2,18.7
213980,2023-07-03,46.3,12.0
178335,2023-07-03,43.6,-19.8
448628,2023-07-03,60.5,0.4
351843,2023-07-04,40.6,-2.6
469050,2023-07-04,49.7,2.0
314944,2023-07-04,45.5,2.4
251345,2023-07-04,44.1,23.0
324803,2023-07-04,43.1,19.6
522714,2023-07-04,38.2,-25.4
82503,2023-07-05,39.4,0.5
7161,2023-07-05,64.1,10.7
45320,2023-07-05,60.4,20.4
804661,2023-07-05,42.5,-12.9
496652,2023-07-05,56.8,-7.0
404845,2023-07-05,48.0,5.3
346483,2023-07-05,62.7,-17.6
816580,2023-07-05,56.7,10.6
290587,2023-07-05,60.2,7.0
341424,2023-07-05,50.7,-14.6
48634,2023-07-05,35.7,-7.1
158863,2023-07-05,53.1,7.5
91945,2023-07-05,38.9,27.9
177031,2023-07-05,47.3,3.3
284883,2023-07-05,55.0,-23.4
288225,2023-07-05,66.4,6.7
861410,2023-07-06,75.8,8.7
321146,2023-07-06,47.7,1.9
317806,2023-07-06,48.0,23.9
296622,2023-07-06,71.0,-0.2
295624,2023-07-06,46.4,-3.8
216579,2023-07-06,44.4,19.5
204069,2023-07-06,56.3,-10.1
187718,2023-07-06,52.7,3.8
678783,2023-07-06,48.5,16.0
116088,2023-07-06,47.8,3.5
94005,2023-07-06,53.1,13.7
57500,2023-07-06,49.8,-4.2
111455,2023-07-06,56.4,12.8
137648,2023-07-07,52.7,1.9
197471,2023-07-07,37.1,10.2
269878,2023-07-07,62.7,-7.1
299400,2023-07-07,34.8,-11.7
476701,2023-07-07,68.1,7.8
396411,2023-07-07,49.6,-23.9
409153,2023-07-07,59.9,12.6
598399,2023-07-07,39.8,17.3
633992,2023-07-07,66.4,0.7
361065,2023-07-07,61.8,-36.4
502247,2023-07-08,64.4,-5.3
339332,2023-07-08,70.0,13.1
242854,2023-07-08,48.5,15.4
557149,2023-07-08,70.7,14.5
465967,2023-07-09,44.9,-1.1
281963,2023-07-09,66.1,-0.3
564305,2023-07-10,45.2,6.8
353037,2023-07-10,65.5,0.8
288857,2023-07-10,45.9,-4.1
250844,2023-07-10,58.4,15.9
245048,2023-07-10,49.0,-10.4
226450,2023-07-10,55.0,-1.8
63489,2023-07-10,44.6,7.1
297583,2023-07-11,53.9,-0.8
94199,2023-07-11,39.2,36.8
186848,2023-07-11,42.6,-8.6
543311,2023-07-11,53.7,13.0
250464,2023-07-11,48.4,-2.0
229006,2023-07-11,51.8,17.1
215099,2023-07-11,47.3,-35.1
280701,2023-07-12,56.4,8.7
399776,2023-07-12,57.1,-21.2
369093,2023-07-12,43.6,-14.4
575594,2023-07-12,54.9,4.5
441986,2023-07-12,52.7,17.2
279570,2023-07-12,50.5,-9.2
546712,2023-07-13,45.0,-24.8
81649,2023-07-13,44.6,-11.3
14086,2023-07-13,33.2,9.3
395069,2023-07-13,40.6,-15.0
364370,2023-07-13,47.6,-8.5
315779,2023-07-13,51.2,35.2
663424,2023-07-13,53.2,22.1
448471,2023-07-13,46.8,5.3
416386,2023-07-13,43.9,24.4
327402,2023-07-14,50.8,17.0
158946,2023-07-14,55.8,7.4
547985,2023-07-14,58.6,6.1
448177,2023-07-14,45.3,-9.8
606752,2023-07-14,70.1,14.6
240219,2023-07-14,35.9,-9.7
166581,2023-07-14,44.7,2.7
368887,2023-07-14,54.0,17.7
420243,2023-07-14,61.7,4.6
144304,2023-07-14,34.5,25.5
357662,2023-07-15,64.1,18.0
962555,2023-07-15,65.8,-19.4
36139,2023-07-16,60.0,16.4
181783,2023-07-17,49.2,14.9
189485,2023-07-17,54.9,-24.7
311044,2023-07-17,46.0,-5.1
88721,2023-07-17,38.7,-14.2
42412,2023-07-18,35.0,11.0
33829,2023-07-18,43.1,2.7
187211,2023-07-18,42.6,-13.2
322073,2023-07-18,49.0,2.3
400131,2023-07-18,50.1,-36.4
284595,2023-07-18,44.2,10.2
400536,2023-07-18,44.7,3.6
503482,2023-07-18,61.6,9.5
586855,2023-07-18,45.1,13.2
787912,2023-07-18,52.3,-4.9
137326,2023-07-18,56.7,-32.4
191217,2023-07-18,46.2,-3.3
292818,2023-07-18,57.0,1.2
91970,2023-07-19,58.6,3.8
127142,2023-07-19,37.3,4.2
295059,2023-07-19,39.9,0.1
353948,2023-07-19,47.9,-1.0
460939,2023-07-19,63.5,9.1
66100,2023-07-19,51.2,-5.8
396428,2023-07-20,34.1,-10.9
821535,2023-07-20,44.8,22.0
730861,2023-07-20,55.2,-0.9
95152,2023-07-20,42.5,8.2
531065,2023-07-20,42.9,-10.6
410158,2023-07-20,55.4,-15.9
234509,2023-07-20,61.0,0.7
125314,2023-07-20,44.0,17.3
124422,2023-07-20,45.8,4.5
656441,2023-07-21,60.5,-33.5
962090,2023-07-21,54.2,13.1
395083,2023-07-21,40.0,14.7
88909,2023-07-21,45.5,-13.0
91315,2023-07-21,43.3,-3.2
129078,2023-07-21,47.8,-18.0
214056,2023-07-21,52.3,-20.4
227039,2023-07-21,51.0,15.1
241076,2023-07-21,39.5,-8.2
419828,2023-07-21,55.9,-1.5
649490,2023-07-21,50.1,-11.0
58864,2023-07-21,47.3,36.8
656681,2023-07-22,56.7,20.1
236490,2023-07-22,46.2,15.1
395516,2023-07-22,58.4,3.0
404260,2023-07-23,61.9,-3.2
398065,2023-07-23,52.0,5.2
157507,2023-07-23,45.4,-6.5
479643,2023-07-24,55.8,-1.8
645589,2023-07-24,71.5,-8.4
319674,2023-07-24,45.7,2.6
145988,2023-07-24,64.4,2.7
106987,2023-07-24,50.3,2.7
99922,2023-07-24,53.0,3.4
583189,2023-07-25,48.5,18.8
334477,2023-07-25,41.4,24.5
28140,2023-07-25,49.6,1.3
216569,2023-07-25,53.3,12.2
123261,2023-07-25,34.5,-15.6
206040,2023-07-25,42.7,10.8
153678,2023-07-26,48.5,-14.1
380350,2023-07-26,49.5,1.5
727089,2023-07-27,53.9,3.1
805908,2023-07-27,47.0,24.2
401922,2023-07-27,63.5,-4.0
268670,2023-07-27,44.6,-7.3
186644,2023-07-27,63.4,8.9
461883,2023-07-28,53.3,-1.6
519731,2023-07-28,59.5,14.2
649016,2023-07-29,54.6,-15.0
223725,2023-07-30,44.8,-8.5
697716,2023-07-31,54.8,21.7
187587,2023-07-31,51.1,8.9
340328,2023-07-31,38.6,11.6
315211,2023-08-01,44.4,-4.6
501709,2023-08-01,50.1,30.3
114422,2023-08-01,48.3,-34.2
168158,2023-08-01,52.5,-6.5
563963,2023-08-01,64.1,-38.1
711999,2023-08-01,48.1,-22.2
412952,2023-08-02,53.7,0.8
282199,2023-08-02,46.6,-3.5
55769,2023-08-02,34.1,13.2
495920,2023-08-02,50.6,23.5
315283,2023-08-02,49.8,12.1
589128,2023-08-03,54.1,12.9
343463,2023-08-03,42.4,-13.7
193612,2023-08-03,43.5,-23.7
125858,2023-08-03,61.1,15.1
94924,2023-08-03,45.5,-29.5
212723,2023-08-04,54.3,-7.8
253290,2023-08-04,45.2,11.4
275249,2023-08-04,55.3,-3.2
356141,2023-08-04,66.7,-15.1
386047,2023-08-04,56.5,-12.1
442703,2023-08-04,43.9,13.2
503991,2023-08-04,51.4,-7.9
649033,2023-08-05,45.5,0.9
610442,2023-08-05,52.2,-13.7
475959,2023-08-05,63.4,12.5
403151,2023-08-05,50.8,22.2
401527,2023-08-05,47.3,-8.1
296783,2023-08-05,50.8,19.6
343537,2023-08-06,53.5,32.2
216240,2023-08-06,45.1,27.6
315867,2023-08-07,56.2,18.5
461512,2023-08-07,52.2,-7.9
42205,2023-08-07,56.2,18.9
64804,2023-08-07,34.7,-1.0
137206,2023-08-07,51.1,11.1
238809,2023-08-07,41.9,18.1
728924,2023-08-07,60.3,-1.7
338668,2023-08-08,52.6,13.2
379168,2023-08-08,51.6,-5.7
462823,2023-08-08,52.5,-0.5
557459,2023-08-08,55.1,-1.4
590926,2023-08-08,40.4,-7.6
131978,2023-08-09,38.0,38.8
74081,2023-08-09,36.8,-3.3
657387,2023-08-09,56.6,8.0
226802,2023-08-09,47.5,3.4
157501,2023-08-09,38.0,23.2
354814,2023-08-10,48.5,-18.3
657430,2023-08-10,50.7,27.6
521956,2023-08-10,41.1,6.3
468066,2023-08-10,52.5,-12.2
401356,2023-08-10,56.6,-17.6
390638,2023-08-10,60.0,-10.3
287635,2023-08-10,39.4,1.3
258987,2023-08-10,50.8,-3.5
257987,2023-08-10,60.3,-16.0
537844,2023-08-10,62.2,21.3
14881,2023-08-10,45.5,16.4
142021,2023-08-11,53.1,5.5
289255,2023-08-11,45.3,3.9
618472,2023-08-11,61.7,9.8
670688,2023-08-11,45.4,-9.0
255688,2023-08-11,42.7,-3.3
795280,2023-08-12,50.4,19.7
288230,2023-08-12,71.7,22.3
743498,2023-08-12,46.0,5.0
204103,2023-08-12,41.9,20.3
369674,2023-08-12,53.4,4.5
132098,2023-08-12,66.3,22.5
143424,2023-08-12,55.6,-7.9
395242,2023-08-12,68.2,-40.1
393621,2023-08-12,51.7,-1.8
461496,2023-08-13,66.4,13.8
341647,2023-08-13,64.1,2.2
93936,2023-08-13,37.6,11.4
191614,2023-08-13,62.5,10.9
282250,2023-08-14,55.7,-0.9
196793,2023-08-14,54.1,-5.9
181579,2023-08-14,54.2,7.2
177866,2023-08-14,44.0,2.9
74683,2023-08-14,54.8,-11.0
687626,2023-08-14,62.1,10.0
288121,2023-08-15,36.7,-10.4
273132,2023-08-15,55.5,2.1
92164,2023-08-15,45.5,-6.8
225593,2023-08-15,48.4,0.7
387106,2023-08-16,64.3,2.5
347900,2023-08-16,64.5,14.1
701055,2023-08-17,64.0,-11.3
648779,2023-08-17,56.1,28.6
355689,2023-08-17,37.4,-16.5
210747,2023-08-17,57.0,7.8
204049,2023-08-17,47.7,3.6
170895,2023-08-17,36.3,22.3
82009,2023-08-17,58.2,-24.2
146310,2023-08-18,55.8,-3.8
190222,2023-08-18,53.9,-3.6
282897,2023-08-18,37.5,-20.7
394872,2023-08-18,50.3,-15.4
90024,2023-08-18,41.1,-11.9
628451,2023-08-18,54.4,10.5
517300,2023-08-18,54.3,8.4
555143,2023-08-19,66.0,-23.9
332705,2023-08-20,52.0,1.4
659542,2023-08-20,53.8,1.5
116900,2023-08-20,45.9,-4.4
344299,2023-08-21,52.1,-10.2
222805,2023-08-21,50.9,13.4
415912,2023-08-22,59.5,-10.2
279009,2023-08-22,55.9,-27.8
338635,2023-08-22,38.7,4.2
127573,2023-08-23,44.1,-4.1
316709,2023-08-23,47.5,9.1
367992,2023-08-23,56.7,-35.1
207048,2023-08-24,44.3,15.3
303259,2023-08-24,57.1,11.6
486049,2023-08-24,61.8,18.2
443710,2023-08-25,59.2,23.0
80059,2023-08-25,40.2,-11.7
29364,2023-08-25,49.8,7.3
293998,2023-08-25,43.0,-0.5
566271,2023-08-26,47.3,17.5
40433,2023-08-26,51.8,13.4
354145,2023-08-27,65.7,11.9
543499,2023-08-27,63.8,4.3
245537,2023-08-28,60.4,3.5
523318,2023-08-28,54.9,4.5
308133,2023-08-28,37.6,13.9
672803,2023-08-29,55.6,-21.3
595809,2023-08-29,47.2,-4.2
585339,2023-08-29,46.0,13.3
973085,2023-08-29,51.1,1.7
513245,2023-08-29,61.4,-20.3
481084,2023-08-29,41.9,-12.7
262226,2023-08-29,48.3,-5.6
134602,2023-08-29,44.4,3.8
208172,2023-08-29,44.4,-0.2
539043,2023-08-30,63.1,15.7
353366,2023-08-30,68.9,-4.3
307924,2023-08-30,52.3,-18.9
946883,2023-08-30,64.2,-6.0
344864,2023-08-30,47.3,-9.7
855015,2023-08-30,57.8,6.7
567873,2023-08-30,51.9,23.3
334222,2023-08-30,52.5,-12.9
354482,2023-08-30,54.5,19.6
438001,2023-08-31,44.1,-12.0
708265,2023-08-31,72.6,11.6
655456,2023-08-31,43.4,-22.1
393239,2023-08-31,52.9,-16.0
381753,2023-08-31,42.1,-10.8
610335,2023-08-31,70.3,-7.3
621802,2023-08-31,65.2,-9.3
75489,2023-08-31,54.3,14.5
242631,2023-09-01,57.2,3.2
481675,2023-09-01,53.0,19.5
293194,2023-09-01,69.3,-38.2
478573,2023-09-01,57.4,13.1
476836,2023-09-01,60.7,2.0
225020,2023-09-01,41.4,-19.6
470607,2023-09-01,46.5,13.8
450050,2023-09-01,53.2,-9.1
387687,2023-09-01,44.1,-26.1
375885,2023-09-01,58.2,-15.2
487969,2023-09-01,72.1,-13.8
344069,2023-09-01,56.0,17.7
316889,2023-09-01,62.6,4.9
315128,2023-09-01,57.4,-1.6
39983,2023-09-01,36.5,4.0
52480,2023-09-01,46.5,-4.8
64399,2023-09-01,43.7,-1.6
99353,2023-09-01,41.0,6.4
131731,2023-09-01,37.6,-24.5
144244,2023-09-01,49.9,-33.1
336077,2023-09-01,47.0,-37.0
497291,2023-09-01,53.2,-10.4
203746,2023-09-01,44.6,16.0
257462,2023-09-01,45.0,11.6
268113,2023-09-01,68.2,7.5
182932,2023-09-01,43.5,-21.3
568177,2023-09-01,64.8,13.6
601883,2023-09-01,56.2,22.6
698259,2023-09-01,58.0,-6.1
340166,2023-09-02,68.8,-6.1
341516,2023-09-04,42.1,-5.8
480705,2023-09-04,54.9,-6.8
450241,2023-09-04,56.5,5.0
341429,2023-09-04,54.1,27.6
25557,2023-09-04,41.7,25.5
46104,2023-09-04,51.4,23.7
72768,2023-09-04,37.7,-14.8
124182,2023-09-05,48.6,-17.9
485424,2023-09-05,52.3,-19.3
16911,2023-09-05,55.8,22.5
102226,2023-09-06,62.6,11.5
202278,2023-09-06,51.5,-5.5
326300,2023-09-06,54.7,-7.0
387143,2023-09-06,47.4,23.9
395234,2023-09-07,52.0,3.0
136180,2023-09-07,45.1,-13.2
107525,2023-09-09,43.2,19.7
487421,2023-09-10,50.2,20.5
60577,2023-09-11,35.8,2.7
252641,2023-09-14,41.8,2.3
239733,2023-09-14,39.5,-6.3
126687,2023-09-15,57.9,14.8
199470,2023-09-15,39.6,-19.4
134277,2023-09-15,36.1,-0.3
422203,2023-09-15,49.3,-22.6
158799,2024-01-01,51.4,-27.8
400489,2024-01-01,61.9,-35.1
654117,2024-01-01,51.5,6.0
550550,2024-01-01,62.7,8.4
524791,2024-01-01,53.2,12.7
503075,2024-01-02,50.1,17.3
250153,2024-01-05,49.0,-8.6
638793,2024-01-05,49.8,-14.1
697728,2024-01-07,54.5,-27.7
463613,2024-01-08,53.0,16.9
443338,2024-01-08,43.6,-6.9
670847,2024-01-08,61.6,-4.1
631007,2024-01-08,50.7,-9.7
334440,2024-01-09,61.9,-34.3
24202,2024-01-09,32.0,10.4
758845,2024-01-10,61.4,24.8
743386,2024-01-10,60.3,5.5
562484,2024-01-10,46.2,-10.2
1141628,2024-01-11,41.4,-7.5
568559,2024-01-11,45.4,-2.4
136184,2024-01-11,53.1,10.0
163053,2024-01-12,45.8,27.5
398808,2024-01-12,37.3,-22.6
449151,2024-01-13,47.8,1.4
187809,2024-01-13,50.8,-5.6
157373,2024-01-17,55.5,-1.3
86097,2024-01-17,45.8,-19.3
58267,2024-01-17,39.2,22.5
916920,2024-01-18,44.9,-5.6
188888,2024-01-18,47.7,-15.3
1018259,2024-01-18,55.5,-31.9
750903,2024-01-19,55.4,20.9
358032,2024-01-19,53.4,-4.2
567129,2024-01-20,48.4,-16.2
334557,2024-01-20,66.3,7.4
315145,2024-01-22,58.4,1.8
193158,2024-01-22,43.3,5.3
162571,2024-01-22,72.8,2.0
457736,2024-01-23,49.6,14.6
72768,2024-01-24,43.4,-11.3
344072,2024-01-25,44.0,-14.0
372445,2024-01-25,48.1,-16.5
939964,2024-01-25,48.8,12.8
67556,2024-01-26,36.6,6.3
332132,2024-01-26,51.7,6.5
557613,2024-01-26,60.0,-11.9
74683,2024-01-27,43.2,3.8
541601,2024-01-27,54.3,6.1
475413,2024-01-28,65.6,-34.0
242940,2024-01-28,43.7,-6.7
235275,2024-01-29,61.3,16.1
645173,2024-01-29,61.8,4.2
798404,2024-01-29,57.0,0.1
929876,2024-01-29,58.2,-14.6
493003,2024-01-30,54.7,18.9
243725,2024-01-30,48.0,16.1
627939,2024-01-30,62.3,-8.7
387191,2024-01-30,38.9,-8.0
445126,2024-01-31,48.6,19.7
818495,2024-01-31,59.9,4.5
232454,2024-01-31,46.5,41.2
207877,2024-01-31,53.9,5.8
157501,2024-01-31,38.7,22.3
117432,2024-01-31,47.4,1.5
394688,2024-01-31,53.1,14.4
540333,2024-01-31,54.2,-4.1
226450,2024-02-01,43.3,-29.5
658530,2024-02-01,54.1,-6.1
127048,2024-02-01,46.7,-12.9
489929,2024-02-01,73.1,-15.7
112930,2024-02-01,41.8,-9.3
524925,2024-02-01,40.7,0.6
418559,2024-02-01,44.6,10.8
131996,2024-02-01,49.5,-30.7
641537,2024-02-01,57.3,-11.4
409517,2024-02-01,54.0,-2.8
95641,2024-02-01,29.1,3.7
143029,2024-02-01,35.5,-3.3
69646,2024-02-01,38.2,2.7
127202,2024-02-01,37.5,33.8
378953,2024-02-01,53.5,6.1
378316,2024-02-01,57.2,13.6
357885,2024-02-01,55.1,13.7
728864,2024-02-01,55.7,-15.9
167721,2024-02-01,48.6,-0.8
685145,2024-02-01,60.8,-10.5
211325,2024-02-05,45.4,-14.3
353775,2024-02-07,45.1,-1.0
203510,2024-02-07,47.4,7.2
100986,2024-02-07,50.4,17.6
294525,2024-02-08,39.4,-9.8
494954,2024-02-09,51.2,-4.9
416108,2024-02-09,47.1,4.2
606967,2024-02-09,56.5,-15.0
524356,2024-02-20,45.1,-12.7
498015,2024-02-21,42.9,38.9
395069,2024-02-22,37.4,4.3
55356,2024-02-22,33.9,0.4
325386,2024-02-23,42.2,0.9
222876,2024-03-21,42.6,11.2
59352,2024-06-28,30.0,4.0
370287,2024-07-01,51.3,33.2
131745,2024-07-01,33.6,-2.5
372535,2024-07-01,50.1,15.8
379637,2024-07-01,43.6,0.1
374212,2024-07-01,62.8,-1.4
372712,2024-07-01,37.9,24.7
167727,2024-07-01,40.4,-9.5
166581,2024-07-01,45.4,9.2
377641,2024-07-01,59.7,-41.3
371686,2024-07-01,48.2,-1.7
393699,2024-07-01,47.2,3.8
165467,2024-07-01,47.2,-5.0
468002,2024-07-01,41.2,-10.2
146227,2024-07-01,31.7,20.3
457736,2024-07-01,49.4,0.0
457673,2024-07-01,49.6,11.3
455661,2024-07-01,58.2,19.5
448983,2024-07-01,52.0,-9.6
448981,2024-07-01,67.5,19.9
447661,2024-07-01,63.9,-13.5
445126,2024-07-01,50.4,11.2
443331,2024-07-01,48.2,-7.4
430797,2024-07-01,46.4,4.4
416802,2024-07-01,46.9,-11.6
146889,2024-07-01,46.7,16.0
415645,2024-07-01,46.9,-11.6
156941,2024-07-01,59.0,-18.9
396428,2024-07-01,34.5,2.4
396400,2024-07-01,52.1,-2.6
157113,2024-07-01,44.4,7.9
395522,2024-07-01,41.5,-3.6
363227,2024-07-01,45.4,23.3
388820,2024-07-01,61.3,11.2
387197,2024-07-01,55.9,14.6
164729,2024-07-01,38.7,-14.2
385394,2024-07-01,54.9,-1.5
384060,2024-07-01,45.3,-3.6
382096,2024-07-01,35.6,4.8
122155,2024-07-01,55.7,-17.8
258878,2024-07-01,49.5,-5.9
362572,2024-07-01,49.6,1.8
295744,2024-07-01,45.4,11.0
238029,2024-07-01,42.5,-11.4
238055,2024-07-01,66.4,11.2
39125,2024-07-01,56.4,-22.5
291968,2024-07-01,38.2,2.5
76326,2024-07-01,47.8,24.3
291939,2024-07-01,64.7,4.3
291758,2024-07-01,50.4,16.8
290532,2024-07-01,58.5,-4.9
289255,2024-07-01,47.7,2.7
286596,2024-07-01,51.7,13.5
251587,2024-07-01,58.6,12.3
286533,2024-07-01,36.2,-2.6
43530,2024-07-01,32.3,7.9
70114,2024-07-01,44.1,2.3
283497,2024-07-01,39.6,1.6
275935,2024-07-01,40.4,-21.0
59641,2024-07-01,44.4,8.1
273152,2024-07-01,54.0,-2.2
268427,2024-07-01,47.0,-3.3
61397,2024-07-01,37.4,13.4
70074,2024-07-01,42.4,-24.8
257986,2024-07-01,40.2,-5.9
261504,2024-07-01,59.6,9.4
259849,2024-07-01,34.5,4.7
296366,2024-07-01,51.1,27.7
296513,2024-07-01,41.3,32.9
298642,2024-07-01,37.9,3.2
301037,2024-07-01,41.7,-10.0
356141,2024-07-01,54.2,-22.8
353892,2024-07-01,62.4,-3.3
179184,2024-07-01,55.7,15.4
181136,2024-07-01,54.4,10.5
346551,2024-07-01,52.2,16.5
345590,2024-07-01,52.4,2.6
94928,2024-07-01,47.7,-14.6
187188,2024-07-01,51.9,-3.1
342229,2024-07-01,69.6,21.9
342039,2024-07-01,44.0,-28.0
193033,2024-07-01,53.8,16.4
341549,2024-07-01,41.5,14.5
208772,2024-07-01,47.7,-25.2
106872,2024-07-01,63.0,8.2
94922,2024-07-01,42.4,9.4
222079,2024-07-01,49.4,-9.8
228584,2024-07-01,35.9,10.2
93315,2024-07-01,51.0,3.6
340376,2024-07-01,47.2,-23.8
228948,2024-07-01,47.8,21.5
340308,2024-07-01,38.9,5.1
332340,2024-07-01,56.8,-14.4
324503,2024-07-01,70.7,16.7
318470,2024-07-01,65.1,-44.0
314915,2024-07-01,56.9,10.0
312891,2024-07-01,50.2,2.7
231471,2024-07-01,40.5,-4.8
303219,2024-07-01,59.1,9.3
220650,2024-07-01,38.0,-7.5
294780,2024-07-01,57.8,12.4
131978,2024-07-01,53.4,15.1
621397,2024-07-01,51.8,-22.2
586853,2024-07-01,54.9,-19.8
842341,2024-07-01,40.8,-10.2
582074,2024-07-01,53.3,-2.7
919515,2024-07-01,50.5,-20.1
836441,2024-07-01,42.2,18.6
136109,2024-07-01,38.2,-11.2
567151,2024-07-01,57.0,7.4
1045187,2024-07-01,54.5,-0.6
553328,2024-07-01,52.4,-1.4
549354,2024-07-01,63.0,-3.7
545332,2024-07-01,42.6,-13.4
534677,2024-07-01,44.5,-7.6
1019174,2024-07-01,54.1,15.0
523907,2024-07-01,53.0,-20.5
755174,2024-07-01,49.1,-10.3
616340,2024-07-01,51.5,-14.6
729638,2024-07-01,50.6,-11.2
720287,2024-07-01,65.5,-16.4
707159,2024-07-01,62.8,15.2
696589,2024-07-01,50.2,-8.7
695310,2024-07-01,55.3,-15.8
671649,2024-07-01,58.6,-47.4
607226,2024-07-01,45.7,-7.5
658531,2024-07-01,63.8,4.4
739438,2024-07-01,50.3,-0.3
646733,2024-07-01,45.1,-10.5
641426,2024-07-01,45.1,-1.6
739443,2024-07-01,54.5,13.0
743376,2024-07-01,57.5,-16.7
751977,2024-07-01,61.6,-37.2
650350,2024-07-01,49.8,1.5
512496,2024-07-01,40.4,3.8
567576,2024-07-01,55.1,16.0
486046,2024-07-01,59.6,-15.2
470240,2024-07-01,47.9,-7.0
480116,2024-07-01,45.2,-7.5
485585,2024-07-01,49.0,-6.3
481680,2024-07-01,49.4,-24.5
481173,2024-07-01,51.0,20.2
289592,2024-07-02,47.0,-24.9
689637,2024-07-02,51.0,-36.9
490967,2024-07-02,50.5,-23.8
146799,2024-07-02,57.0,-43.3
357233,2024-07-02,62.0,6.4
278654,2024-07-02,58.6,9.4
623570,2024-07-03,50.7,17.1
494679,2024-07-03,33.4,10.7
341227,2024-07-03,54.3,18.6
131553,2024-07-03,51.4,3.6
666943,2024-07-03,57.2,-8.9
340459,2024-07-03,45.9,-13.6
291200,2024-07-04,51.2,3.1
913115,2024-07-04,47.5,-15.3
211727,2024-07-04,46.0,0.8
144304,2024-07-04,40.7,-14.1
548193,2024-07-04,64.9,5.2
441170,2024-07-05,47.9,11.1
357826,2024-07-05,49.7,-21.3
252677,2024-07-05,34.5,11.6
241420,2024-07-05,38.2,-10.3
882717,2024-07-05,50.9,-25.9
485963,2024-07-05,44.5,24.0
646402,2024-07-05,51.5,3.6
54265,2024-07-05,36.3,-5.4
419828,2024-07-05,42.9,-2.3
228940,2024-07-05,46.4,-17.6
199704,2024-07-05,45.5,10.3
178425,2024-07-05,49.0,-7.3
238639,2024-07-05,40.8,-9.5
415381,2024-07-05,62.7,0.7
245744,2024-07-06,37.4,-13.5
169511,2024-07-06,41.8,6.8
291750,2024-07-06,42.3,-1.8
525247,2024-07-06,53.4,6.2
186186,2024-07-06,40.6,0.3
236468,2024-07-07,45.8,5.0
566723,2024-07-07,72.1,23.3
212243,2024-07-07,44.0,-0.2
237623,2024-07-07,47.8,16.1
593837,2024-07-07,64.9,12.8
112091,2024-07-08,34.8,9.5
557410,2024-07-08,45.9,-6.6
244262,2024-07-08,48.3,10.0
278531,2024-07-08,42.9,3.9
586429,2024-07-08,63.6,6.1
193004,2024-07-08,59.9,19.1
223053,2024-07-09,44.8,12.6
247589,2024-07-09,39.6,-8.1
416386,2024-07-09,48.3,-3.7
267383,2024-07-09,53.4,-11.5
808971,2024-07-09,50.9,7.8
388516,2024-07-09,60.4,-10.0
319623,2024-07-09,47.1,-6.7
364135,2024-07-09,45.7,23.0
539252,2024-07-09,65.8,9.8
689628,2024-07-10,48.4,22.8
234193,2024-07-10,38.4,0.6
846310,2024-07-10,42.2,-3.7
118689,2024-07-10,52.2,15.4
273663,2024-07-10,47.1,-14.7
463618,2024-07-10,59.9,15.5
488785,2024-07-10,46.0,3.3
33829,2024-07-10,33.5,4.2
633992,2024-07-10,63.3,-35.9
1016015,2024-07-11,54.5,-9.9
257455,2024-07-11,57.4,-25.7
342967,2024-07-11,72.9,-31.3
105521,2024-07-12,49.4,24.8
678778,2024-07-12,52.6,24.3
112302,2024-07-12,51.7,-15.7
366930,2024-07-12,54.3,18.0
320440,2024-07-12,59.0,5.1
270055,2024-07-13,38.8,21.7
307058,2024-07-13,53.6,-2.6
563749,2024-07-13,57.9,2.4
485586,2024-07-13,52.6,9.8
486039,2024-07-13,65.3,-0.7
365779,2024-07-13,46.8,-11.3
386446,2024-07-13,59.8,12.2
211345,2024-07-13,40.5,6.1
422377,2024-07-13,67.2,-3.9
167555,2024-07-13,43.3,-8.2
639246,2024-07-14,55.3,16.9
435648,2024-07-14,59.5,-27.9
405385,2024-07-14,48.4,-23.1
131996,2024-07-15,53.2,18.3
371245,2024-07-15,35.9,19.2
137648,2024-07-15,48.7,12.4
432298,2024-07-15,52.1,10.3
780630,2024-07-15,54.4,-35.1
802726,2024-07-15,51.8,33.3
335457,2024-07-16,57.8,8.6
340323,2024-07-16,50.3,2.4
501709,2024-07-16,52.6,-20.6
45671,2024-07-16,48.6,1.7
256000,2024-07-16,39.0,6.4
982267,2024-07-17,43.6,-9.3
598629,2024-07-17,54.6,2.4
588426,2024-07-17,43.8,10.4
371021,2024-07-17,45.3,-4.0
413507,2024-07-18,45.7,-1.3
7825,2024-07-18,41.6,-14.5
16911,2024-07-18,60.2,9.8
163738,2024-07-18,50.3,1.0
270541,2024-07-18,62.4,19.1
288259,2024-07-18,37.2,9.8
678406,2024-07-18,62.9,11.9
686965,2024-07-18,52.7,-0.8
694509,2024-07-18,44.4,-18.3
729814,2024-07-18,59.6,22.3
923831,2024-07-18,51.9,-12.6
442891,2024-07-18,54.4,-4.6
100986,2024-07-19,46.9,17.7
128223,2024-07-19,53.4,-29.3
282144,2024-07-19,51.2,1.6
207917,2024-07-19,43.0,-7.7
612758,2024-07-19,46.4,-10.7
358021,2024-07-19,49.5,-6.6
487834,2024-07-20,54.2,17.8
465717,2024-07-20,55.4,-4.3
381968,2024-07-20,61.4,-22.0
455758,2024-07-21,42.1,-4.2
111630,2024-07-21,53.3,13.4
568158,2024-07-21,52.2,-15.2
461670,2024-07-22,46.4,-8.7
485706,2024-07-22,53.3,0.5
293603,2024-07-22,42.6,-18.7
448868,2024-07-22,45.9,24.8
829434,2024-07-23,41.2,-4.5
818252,2024-07-23,57.6,20.9
252641,2024-07-23,50.0,-12.0
538964,2024-07-23,51.1,-11.2
176412,2024-07-24,47.1,-16.0
80059,2024-07-24,44.3,-18.9
272539,2024-07-24,47.4,5.3
929494,2024-07-24,43.6,-13.8
433049,2024-07-24,58.5,14.9
723487,2024-07-24,65.6,-8.3
175639,2024-07-25,68.2,7.1
450173,2024-07-25,46.4,-11.0
231650,2024-07-25,50.9,-9.8
298477,2024-07-25,48.2,-1.5
371256,2024-07-25,61.9,11.1
596067,2024-07-25,40.3,-17.2
1004834,2024-07-25,48.7,-2.4
817700,2024-07-26,53.5,1.1
711980,2024-07-26,61.0,17.5
386914,2024-07-26,51.3,13.9
107010,2024-07-26,49.4,6.1
351809,2024-07-27,52.4,-3.7
245228,2024-07-28,61.4,-7.1
502821,2024-07-29,64.2,0.6
234124,2024-07-30,38.8,15.6
367284,2024-07-30,51.1,-9.6
918969,2024-07-30,61.4,13.2
426192,2024-07-30,40.9,-25.0
585323,2024-07-30,59.8,-37.3
711544,2024-07-30,46.8,-12.5
952943,2024-07-31,51.3,-12.5
383014,2024-07-31,51.7,-2.5
80293,2024-08-01,43.3,10.5
580657,2024-08-01,58.3,9.4
202788,2024-08-01,55.1,-1.4
287183,2024-08-01,61.5,-11.6
663244,2024-08-01,49.9,-3.1
410225,2024-08-01,45.4,16.7
82873,2024-08-01,57.0,0.2
147846,2024-08-02,35.9,-5.5
343316,2024-08-02,41.4,-10.7
267473,2024-08-02,34.4,11.7
213974,2024-08-02,49.9,-16.6
161869,2024-08-02,40.7,12.7
343537,2024-08-02,57.8,-9.2
357003,2024-08-02,41.9,0.4
392765,2024-08-02,54.2,-2.7
531332,2024-08-02,63.1,12.2
215114,2024-08-03,45.2,-14.5
494880,2024-08-03,48.8,-15.1
238407,2024-08-03,61.0,7.9
343052,2024-08-04,47.8,29.4
86784,2024-08-05,44.0,-15.4
371627,2024-08-05,53.1,15.6
75489,2024-08-05,47.7,-15.2
795280,2024-08-05,53.5,-41.0
930106,2024-08-05,53.3,11.2
670681,2024-08-05,74.0,9.5
58993,2024-08-06,50.0,17.6
275303,2024-08-06,52.1,-21.8
342385,2024-08-06,47.6,-18.3
665048,2024-08-06,55.5,13.5
361068,2024-08-06,42.2,18.2
742095,2024-08-07,58.1,18.3
609556,2024-08-08,41.9,21.8
554903,2024-08-08,51.8,29.4
526578,2024-08-08,46.3,-31.7
193900,2024-08-08,43.6,-2.1
293385,2024-08-09,72.7,7.9
1038054,2024-08-09,45.6,6.0
661171,2024-08-09,71.8,0.5
423606,2024-08-09,59.9,-1.7
329630,2024-08-09,45.0,14.6
204201,2024-08-10,41.5,13.0
258889,2024-08-10,53.0,-8.4
40433,2024-08-10,43.9,-35.8
523965,2024-08-10,52.6,8.3
487465,2024-08-11,57.0,8.2
1005240,2024-08-11,60.6,-2.0
94308,2024-08-12,44.6,11.8
476344,2024-08-12,59.0,-35.8
576024,2024-08-12,67.5,18.4
893675,2024-08-12,50.8,-15.6
578392,2024-08-12,62.6,8.3
894914,2024-08-13,61.2,4.2
659542,2024-08-13,53.5,-6.1
527896,2024-08-13,47.7,32.5
477758,2024-08-13,55.6,11.6
371856,2024-08-13,44.8,-4.5
340456,2024-08-13,58.7,3.0
326031,2024-08-13,51.6,-17.4
246968,2024-08-13,57.8,17.8
241481,2024-08-13,53.5,-23.4
189439,2024-08-13,41.2,7.6
208690,2024-08-14,41.2,12.6
386552,2024-08-14,35.8,2.3
700106,2024-08-14,62.4,5.2
749552,2024-08-14,55.6,-14.7
476219,2024-08-15,46.2,-19.8
277137,2024-08-15,42.7,9.7
52059,2024-08-15,48.2,-5.4
174694,2024-08-16,49.2,-7.9
840836,2024-08-16,59.5,-32.9
811544,2024-08-16,43.6,-14.5
743498,2024-08-16,55.6,-11.3
711337,2024-08-16,53.1,-0.7
429259,2024-08-16,52.3,-4.6
258005,2024-08-16,50.3,29.6
339699,2024-08-17,56.2,2.8
552057,2024-08-17,60.7,-6.5
569598,2024-08-17,63.8,-10.6
679050,2024-08-17,53.8,25.3
914562,2024-08-17,71.5,16.5
656132,2024-08-19,47.6,-6.4
406638,2024-08-19,35.0,-13.5
712107,2024-08-20,62.1,-8.3
396530,2024-08-20,60.4,-12.8
364245,2024-08-20,62.8,-10.0
320421,2024-08-21,53.8,-26.1
108710,2024-08-21,53.3,-0.7
488362,2024-08-21,70.3,-17.1
469822,2024-08-21,57.6,13.3
567023,2024-08-21,35.7,19.2
676318,2024-08-21,55.0,-8.1
498529,2024-08-22,53.5,12.4
484988,2024-08-22,55.0,-4.7
357992,2024-08-22,60.0,-2.8
353403,2024-08-22,45.0,-2.0
333014,2024-08-22,46.4,-4.9
278837,2024-08-22,50.9,2.0
218085,2024-08-22,51.2,4.0
53622,2024-08-23,56.7,7.2
85370,2024-08-23,45.8,-3.3
108354,2024-08-23,47.7,-15.0
99863,2024-08-23,45.7,24.5
260827,2024-08-23,50.2,-2.2
547499,2024-08-23,54.6,23.3
481628,2024-08-24,50.7,-2.0
422281,2024-08-24,66.7,2.9
369316,2024-08-24,46.3,11.7
353559,2024-08-24,43.1,-6.2
401320,2024-08-25,40.3,-8.0
419062,2024-08-25,44.7,-3.7
464530,2024-08-26,46.7,2.2
315211,2024-08-26,44.4,2.0
187587,2024-08-26,43.8,-14.3
91970,2024-08-26,49.6,13.5
406634,2024-08-26,52.4,11.3
354352,2024-08-27,51.1,-2.0
338424,2024-08-27,61.5,-6.0
302371,2024-08-27,31.9,34.2
569387,2024-08-27,49.6,-16.7
620598,2024-08-27,49.4,-37.8
502676,2024-08-27,58.3,-46.1
734799,2024-08-28,56.3,-13.9
607224,2024-08-28,57.0,-5.1
360518,2024-08-28,58.0,-9.5
91059,2024-08-29,47.9,1.5
192409,2024-08-29,49.9,8.3
249730,2024-08-29,40.0,12.7
341092,2024-08-29,47.9,6.8
654982,2024-08-29,59.9,-9.7
562948,2024-08-29,63.4,-26.0
384593,2024-08-30,50.4,25.3
315969,2024-08-30,49.3,26.6
348795,2024-08-30,66.8,9.3
345458,2024-08-30,40.1,-1.2
340324,2024-08-30,50.1,-4.7
325223,2024-08-30,47.8,-8.2
272930,2024-08-30,48.3,1.7
105695,2024-08-30,41.9,-11.5
237436,2024-08-30,49.5,6.9
191422,2024-08-30,49.2,-2.8
170929,2024-08-30,37.8,-0.1
137669,2024-08-30,44.7,7.5
110864,2024-08-30,34.9,-11.7
389253,2024-08-30,52.3,16.0
251302,2024-08-30,40.5,4.6
390177,2024-08-30,57.6,-0.3
655012,2024-08-30,50.4,17.6
423744,2024-08-30,49.6,3.5
793099,2024-08-30,56.0,19.4
724129,2024-08-30,54.3,8.0
707844,2024-08-30,54.5,3.0
420210,2024-08-30,62.4,-27.0
669380,2024-08-30,46.4,7.6
660438,2024-08-30,53.7,-8.8
673492,2024-08-30,53.0,-23.8
624690,2024-08-30,55.9,8.6
565435,2024-08-30,60.0,18.1
476701,2024-08-30,58.5,-7.9
468264,2024-08-30,64.6,1.2
464259,2024-08-30,48.9,16.7
434224,2024-08-30,49.6,14.4
581106,2024-08-31,46.3,18.8
205006,2024-08-31,58.7,-11.7
174733,2024-08-31,56.2,-41.9
29559,2024-09-02,33.8,7.3
313094,2024-09-02,53.6,-23.1
198006,2024-09-02,49.8,2.5
293279,2024-09-02,53.2,-8.3
52769,2024-09-02,59.6,-27.1
649035,2024-09-02,53.6,18.4
478365,2024-09-02,58.9,8.3
800976,2024-09-02,60.8,-35.8
807386,2024-09-02,64.9,7.5
382528,2024-09-03,71.0,11.7
308265,2024-09-03,38.7,-10.8
259953,2024-09-03,47.9,-18.3
164771,2024-09-04,52.7,-20.2
211325,2024-09-04,42.9,9.1
126625,2024-09-04,41.5,-19.7
112465,2024-09-04,52.3,-18.0
502842,2024-09-04,60.1,4.8
395659,2024-09-05,48.9,1.4
1052374,2024-09-06,48.4,20.4
678503,2024-09-06,51.2,18.1
189740,2024-09-06,33.9,-16.9
147487,2024-09-09,36.4,12.1
314944,2024-09-10,51.7,-12.4
453864,2024-09-11,51.0,-35.1
387687,2024-09-12,46.6,14.6
48067,2024-09-12,37.5,32.4
170895,2024-09-13,38.8,-3.2
332798,2024-09-13,63.8,7.8
118287,2024-09-13,51.7,-16.6
37838,2024-09-16,41.4,13.1
541628,2025-01-01,42.5,11.3
60561,2025-01-01,49.1,10.5
1018259,2025-01-02,47.3,-17.9
456523,2025-01-02,46.6,0.8
119234,2025-01-02,41.4,4.0
725912,2025-01-05,41.7,8.9
428603,2025-01-05,45.7,-22.7
1061282,2025-01-07,53.6,-12.5
923838,2025-01-07,53.5,-4.5
290537,2025-01-07,52.3,29.8
191056,2025-01-08,63.1,-1.7
293281,2025-01-08,48.8,-13.2
683895,2025-01-09,53.6,5.7
365261,2025-01-10,40.9,-0.8
345886,2025-01-10,49.8,16.3
327251,2025-01-10,51.9,22.2
395237,2025-01-12,62.1,5.3
517376,2025-01-13,48.9,18.0
469976,2025-01-13,59.3,11.3
326029,2025-01-14,54.9,9.2
813229,2025-01-15,41.2,-3.9
665390,2025-01-15,44.4,5.6
877139,2025-01-15,63.4,-10.4
890385,2025-01-16,46.4,-29.4
447221,2025-01-16,42.5,-9.9
267473,2025-01-16,39.7,-16.0
207074,2025-01-16,49.8,22.4
502670,2025-01-17,75.8,14.7
432982,2025-01-17,61.1,-22.1
215122,2025-01-18,50.2,10.7
342609,2025-01-18,47.1,-21.6
384461,2025-01-20,58.2,-2.2
699592,2025-01-20,59.3,-7.3
748939,2025-01-20,54.0,-26.4
763079,2025-01-20,47.0,19.0
1045187,2025-01-20,54.6,-5.5
728924,2025-01-21,56.5,-9.9
392710,2025-01-21,38.3,-8.4
119150,2025-01-22,36.8,13.1
417228,2025-01-22,60.0,-5.4
67556,2025-01-22,35.8,-9.3
245014,2025-01-23,55.0,6.7
663237,2025-01-23,52.8,-20.4
306668,2025-01-23,33.8,-5.5
159142,2025-01-23,42.0,0.2
445939,2025-01-23,65.0,2.3
742506,2025-01-23,48.3,-9.5
557407,2025-01-23,56.3,-9.8
452084,2025-01-23,59.1,-6.6
919262,2025-01-23,48.5,24.6
212832,2025-01-24,59.1,22.2
659542,2025-01-24,47.7,-10.2
623319,2025-01-24,51.3,-4.4
559324,2025-01-24,59.7,-11.7
889438,2025-01-25,58.7,12.7
701325,2025-01-27,55.3,-0.5
607034,2025-01-27,42.4,12.8
210178,2025-01-28,42.1,-11.8
1112449,2025-01-28,40.6,11.6
728485,2025-01-28,44.2,11.6
586984,2025-01-28,41.5,1.0
342151,2025-01-28,42.2,5.1
324811,2025-01-28,49.8,-34.5
250591,2025-01-28,57.6,-12.6
125918,2025-01-29,47.5,1.9
603891,2025-01-29,54.3,-26.1
527698,2025-01-29,41.4,-5.7
294746,2025-01-30,49.4,-0.1
566615,2025-01-30,50.2,-19.3
418659,2025-01-31,61.3,22.1
374326,2025-01-31,59.4,-3.1
342967,2025-01-31,48.2,-1.3
567497,2025-01-31,47.7,1.8
494237,2025-02-01,33.3,4.6
59970,2025-02-01,42.2,-26.6
539134,2025-02-01,62.2,4.1
926952,2025-02-02,43.8,27.9
649490,2025-02-02,44.6,-12.3
622380,2025-02-02,54.0,2.2
368891,2025-02-02,52.4,1.0
338673,2025-02-03,48.9,-4.7
372445,2025-02-03,60.6,-1.0
409517,2025-02-03,63.5,-4.2
410281,2025-02-03,36.4,-9.3
414908,2025-02-03,41.7,8.8
466805,2025-02-03,58.0,-8.4
519184,2025-02-03,55.4,-16.0
523318,2025-02-03,50.2,10.7
565406,2025-02-03,55.9,6.0
551505,2025-02-03,50.6,17.9
552955,2025-02-03,57.8,-14.2
336125,2025-02-03,52.5,11.6
666539,2025-02-03,56.4,-13.3
690799,2025-02-03,55.3,-6.9
717585,2025-02-03,46.4,1.6
787907,2025-02-03,61.7,-20.9
955357,2025-02-03,45.4,22.5
982855,2025-02-03,49.2,-10.9
535959,2025-02-03,40.7,-0.3
644408,2025-02-03,42.3,-5.2
289075,2025-02-03,55.8,17.0
203895,2025-02-03,46.1,-4.6
179184,2025-02-03,46.0,-8.7
139396,2025-02-03,64.5,-26.6
126719,2025-02-03,41.2,4.2
259025,2025-02-03,48.2,2.4
667965,2025-02-04,53.7,27.6
513963,2025-02-04,47.3,-15.9
468309,2025-02-04,54.9,16.9
170934,2025-02-05,60.4,-10.6
390379,2025-02-07,63.9,20.7
354587,2025-02-07,64.0,-7.3
908621,2025-02-08,50.7,-27.3
179860,2025-02-11,40.7,-16.3
265542,2025-02-11,47.1,10.2
616894,2025-02-11,57.9,14.9
422203,2025-02-11,48.0,-8.9
570423,2025-02-20,47.6,-11.6
171072,2025-02-20,48.3,-18.5
890290,2025-06-01,70.1,-1.4
314353,2025-06-01,71.0,-46.0
610849,2025-06-04,49.3,-18.4
691316,2025-06-07,66.8,-17.5
85791,2025-06-08,50.8,11.0
822959,2025-06-09,78.3,-1.5
578391,2025-06-09,60.1,5.3
283233,2025-06-09,57.2,-2.4
196357,2025-06-09,57.6,8.2
607223,2025-06-10,70.3,21.1
460939,2025-06-10,56.8,9.6
113707,2025-07-01,63.3,-5.6
1072017,2025-07-01,57.0,16.4
338637,2025-07-01,56.5,2.6
338629,2025-07-01,38.7,3.4
335993,2025-07-01,49.4,-3.9
335209,2025-07-01,47.3,11.5
330876,2025-07-01,50.8,-22.5
318468,2025-07-01,42.9,6.1
340459,2025-07-01,53.3,6.5
314288,2025-07-01,41.9,11.1
306166,2025-07-01,49.4,9.5
303657,2025-07-01,43.1,23.3
301037,2025-07-01,35.8,4.2
300716,2025-07-01,60.0,15.2
300538,2025-07-01,50.5,31.1
293829,2025-07-01,54.7,14.1
311178,2025-07-01,64.5,-3.3
340918,2025-07-01,46.6,26.7
341317,2025-07-01,45.8,-2.1
342046,2025-07-01,32.3,-12.4
412945,2025-07-01,58.6,-21.8
396847,2025-07-01,52.9,-28.0
387579,2025-07-01,42.6,-4.7
383325,2025-07-01,48.4,13.2
379168,2025-07-01,49.6,-11.6
375376,2025-07-01,44.3,-5.9
373374,2025-07-01,56.7,8.9
371851,2025-07-01,43.6,14.8
364258,2025-07-01,49.5,6.2
88755,2025-07-01,60.8,14.7
362562,2025-07-01,62.3,-14.7
357628,2025-07-01,40.6,-13.2
344107,2025-07-01,60.5,14.5
343337,2025-07-01,58.3,22.5
343151,2025-07-01,54.1,3.8
292357,2025-07-01,43.9,8.8
413262,2025-07-01,57.3,11.8
288067,2025-07-01,58.9,10.7
272855,2025-07-01,46.0,28.1
175722,2025-07-01,54.7,13.0
152733,2025-07-01,38.7,-0.7
149928,2025-07-01,51.2,16.4
136643,2025-07-01,39.8,15.4
134999,2025-07-01,46.5,-19.3
42913,2025-07-01,44.5,6.3
177547,2025-07-01,52.5,-24.8
58939,2025-07-01,45.4,18.3
126737,2025-07-01,42.4,6.9
70114,2025-07-01,45.5,-3.6
76326,2025-07-01,54.1,16.1
125714,2025-07-01,59.0,-1.6
94308,2025-07-01,49.0,15.1
76467,2025-07-01,41.9,4.0
58995,2025-07-01,39.7,-8.4
190188,2025-07-01,42.7,13.7
192565,2025-07-01,71.2,-1.9
202228,2025-07-01,47.5,-24.2
265282,2025-07-01,42.1,22.2
263236,2025-07-01,47.5,-2.9
254003,2025-07-01,39.3,-13.3
242668,2025-07-01,34.3,2.5
242273,2025-07-01,51.4,0.7
239962,2025-07-01,41.9,7.6
238468,2025-07-01,51.1,-4.7
237623,2025-07-01,48.9,22.8
236468,2025-07-01,46.3,8.2
234811,2025-07-01,64.9,6.4
234733,2025-07-01,47.4,-1.2
227110,2025-07-01,46.6,-0.6
212430,2025-07-01,38.4,11.8
211121,2025-07-01,37.2,-2.1
274862,2025-07-01,51.1,-1.5
418661,2025-07-01,47.4,19.3
363740,2025-07-01,44.8,10.9
432090,2025-07-01,50.3,5.7
723621,2025-07-01,60.7,11.1
720518,2025-07-01,47.1,3.2
719652,2025-07-01,55.0,-26.4
711969,2025-07-01,54.0,-8.2
702561,2025-07-01,53.2,4.6
700031,2025-07-01,51.5,4.6
730861,2025-07-01,54.9,-6.2
697277,2025-07-01,52.0,8.5
691482,2025-07-01,50.8,-17.1
674809,2025-07-01,57.2,1.0
669956,2025-07-01,65.5,7.7
668606,2025-07-01,64.8,-12.9
654539,2025-07-01,48.7,27.8
633992,2025-07-01,40.7,28.8
424072,2025-07-01,41.8,-4.2
733576,2025-07-01,59.4,14.5
763182,2025-07-01,49.9,-15.6
771914,2025-07-01,50.0,25.5
1064471,2025-07-01,61.6,-8.4
1060087,2025-07-01,55.2,-6.3
955281,2025-07-01,46.5,-12.9
939065,2025-07-01,46.9,-6.0
911400,2025-07-01,49.3,16.3
904662,2025-07-01,54.9,-12.8
895905,2025-07-01,59.4,-1.9
876631,2025-07-01,54.9,-18.3
867082,2025-07-01,52.1,-33.0
865682,2025-07-01,52.3,-0.4
860701,2025-07-01,55.1,22.8
830890,2025-07-01,50.6,-0.8
801734,2025-07-01,58.9,-17.2
789583,2025-07-01,58.5,-39.0
785353,2025-07-01,39.6,3.1
633850,2025-07-01,49.4,2.1
93936,2025-07-01,38.3,15.5
613781,2025-07-01,53.4,13.1
563137,2025-07-01,58.2,4.0
480116,2025-07-01,48.8,24.7
482141,2025-07-01,58.5,-2.6
484547,2025-07-01,55.9,-24.9
561613,2025-07-01,68.3,13.9
567497,2025-07-01,49.8,20.9
549012,2025-07-01,52.6,2.6
537841,2025-07-01,50.0,-16.0
526790,2025-07-01,40.4,7.5
521997,2025-07-01,48.2,21.4
517894,2025-07-01,65.0,8.9
486053,2025-07-01,49.4,-11.7
616631,2025-07-01,66.8,3.5
501612,2025-07-01,48.3,26.3
475949,2025-07-01,65.9,22.5
461701,2025-07-01,46.9,-4.9
609518,2025-07-01,47.7,26.4
599231,2025-07-01,54.4,7.6
598577,2025-07-01,74.4,-5.8
593519,2025-07-01,68.7,-6.6
441170,2025-07-01,48.9,13.6
592534,2025-07-01,38.3,18.1
446491,2025-07-01,65.0,10.9
468036,2025-07-01,44.8,4.6
592403,2025-07-01,67.9,9.1
580451,2025-07-01,61.7,21.5
579287,2025-07-01,59.2,4.9
448471,2025-07-01,45.8,17.7
453870,2025-07-01,51.8,-25.7
456814,2025-07-01,38.9,-5.3
458734,2025-07-01,50.6,6.2
582074,2025-07-01,42.2,-14.0
514285,2025-07-01,49.1,-7.4
811841,2025-07-02,45.8,-16.7
1190411,2025-07-02,58.3,9.8
607226,2025-07-02,40.0,-12.0
691786,2025-07-02,55.3,-11.4
89200,2025-07-02,51.3,10.9
98512,2025-07-02,40.0,-12.2
125858,2025-07-02,52.3,-24.3
746695,2025-07-02,50.5,0.7
175446,2025-07-02,38.7,14.5
318508,2025-07-02,54.7,13.4
148365,2025-07-02,42.8,12.3
495918,2025-07-02,45.7,17.5
548111,2025-07-02,69.4,-10.1
601495,2025-07-02,59.9,15.0
626724,2025-07-02,64.0,16.3
632349,2025-07-02,51.3,12.1
460651,2025-07-02,40.6,1.2
679597,2025-07-03,53.0,-21.9
666551,2025-07-03,48.8,2.8
467992,2025-07-03,47.9,-7.6
448632,2025-07-03,61.1,7.4
548188,2025-07-03,42.4,24.5
170929,2025-07-03,40.5,6.0
465326,2025-07-04,57.9,-27.2
1045972,2025-07-04,62.5,-0.7
747720,2025-07-04,63.3,-25.8
727089,2025-07-04,49.9,-12.3
533738,2025-07-04,61.2,-12.4
392770,2025-07-04,63.9,4.7
282421,2025-07-04,37.4,5.5
395659,2025-07-04,50.2,27.4
333647,2025-07-04,55.8,8.0
522833,2025-07-04,48.5,10.0
461617,2025-07-04,58.4,-5.8
286533,2025-07-04,34.2,-5.1
419936,2025-07-05,50.5,28.0
827734,2025-07-05,54.2,12.5
95424,2025-07-05,42.6,-10.7
1059814,2025-07-05,46.9,12.7
125755,2025-07-05,36.7,-3.0
429915,2025-07-05,56.9,-9.4
570781,2025-07-05,57.2,-6.4
670882,2025-07-05,62.2,-13.2
363227,2025-07-05,58.7,0.3
423440,2025-07-06,54.9,12.8
652054,2025-07-06,43.6,10.6
538954,2025-07-08,53.5,-37.1
240692,2025-07-08,39.5,6.4
362108,2025-07-08,42.9,-0.5
367652,2025-07-08,43.6,-3.9
435228,2025-07-08,41.4,13.8
419672,2025-07-09,43.2,0.6
743384,2025-07-09,56.2,-22.8
937941,2025-07-09,49.4,-14.3
370997,2025-07-09,66.6,-10.6
605268,2025-07-09,49.3,15.3
284843,2025-07-09,44.8,-10.3
895334,2025-07-10,60.5,8.5
658536,2025-07-10,54.7,-17.8
543499,2025-07-10,61.9,-4.7
28396,2025-07-10,47.9,-29.9
148367,2025-07-10,52.7,2.0
583189,2025-07-11,52.7,-9.5
412829,2025-07-11,40.6,2.3
201671,2025-07-11,43.3,12.5
336012,2025-07-11,64.6,-19.3
249157,2025-07-11,55.6,-14.6
718318,2025-07-11,49.8,12.1
293281,2025-07-11,42.8,-14.7
232015,2025-07-11,45.2,4.9
372730,2025-07-11,39.3,-2.5
385105,2025-07-12,52.5,16.3
393621,2025-07-12,59.5,2.6
245014,2025-07-12,54.1,15.6
581329,2025-07-12,58.3,10.2
875511,2025-07-12,60.0,-10.1
467437,2025-07-12,72.4,-4.7
834899,2025-07-12,50.1,9.0
157635,2025-07-13,46.5,-14.6
811778,2025-07-14,68.0,12.6
720038,2025-07-14,58.2,-3.6
519184,2025-07-14,59.8,10.0
290273,2025-07-14,49.5,8.3
206947,2025-07-14,52.6,18.4
27992,2025-07-14,48.7,15.6
801886,2025-07-15,60.6,-7.9
1111589,2025-07-15,51.8,9.9
624942,2025-07-15,66.9,-27.6
220878,2025-07-15,48.2,2.8
124884,2025-07-15,41.8,-8.5
112052,2025-07-15,43.4,-4.4
61651,2025-07-15,41.1,-6.3
1390649,2025-07-16,60.9,18.6
625660,2025-07-16,44.4,3.1
565424,2025-07-16,63.5,-27.4
548348,2025-07-16,62.7,-27.1
255906,2025-07-16,47.9,11.6
689505,2025-07-16,60.4,-0.6
479648,2025-07-17,60.7,-5.2
339332,2025-07-17,59.9,-26.2
464535,2025-07-17,47.0,-9.0
503987,2025-07-18,62.1,4.3
592387,2025-07-18,43.5,-11.9
543380,2025-07-18,57.9,-12.0
535469,2025-07-18,49.9,14.0
346707,2025-07-18,40.8,9.8
719456,2025-07-18,54.8,-6.6
197473,2025-07-19,34.0,-0.5
479649,2025-07-20,55.5,-20.5
290552,2025-07-20,43.2,31.1
341051,2025-07-20,44.4,-13.8
901019,2025-07-20,58.6,-10.4
433984,2025-07-20,52.1,2.5
332889,2025-07-21,53.6,14.5
934991,2025-07-21,43.7,-13.2
41384,2025-07-21,54.0,-29.7
413039,2025-07-21,62.9,10.3
595028,2025-07-22,43.9,-10.6
344069,2025-07-22,56.4,12.3
384060,2025-07-22,52.9,-38.9
488626,2025-07-22,50.1,-12.6
557613,2025-07-22,55.6,4.6
908936,2025-07-23,48.6,-16.6
654991,2025-07-23,55.3,-1.0
926993,2025-07-23,65.9,5.4
598791,2025-07-23,59.9,6.8
539738,2025-07-23,47.0,22.9
818495,2025-07-23,55.8,0.1
370399,2025-07-23,51.5,-14.9
185024,2025-07-23,26.5,10.1
353404,2025-07-23,62.2,-3.4
295183,2025-07-23,51.1,27.6
709726,2025-07-23,65.4,9.0
646750,2025-07-24,49.9,16.5
877139,2025-07-24,59.2,16.9
923177,2025-07-24,42.0,-9.7
404418,2025-07-24,61.0,2.4
349599,2025-07-24,61.4,0.3
314965,2025-07-24,43.6,-8.7
284854,2025-07-24,37.7,10.8
203961,2025-07-24,46.6,-27.8
537602,2025-07-24,51.2,-23.9
707572,2025-07-25,72.1,-3.9
578421,2025-07-25,45.3,14.4
855731,2025-07-25,64.8,8.8
336960,2025-07-25,40.0,-5.3
440653,2025-07-25,35.9,-2.1
811544,2025-07-25,41.0,-14.6
550580,2025-07-26,48.4,-8.9
352041,2025-07-26,53.7,-12.2
189485,2025-07-26,45.3,-15.3
325443,2025-07-26,64.2,-14.1
202788,2025-07-26,50.8,6.8
492319,2025-07-27,45.1,-32.9
433329,2025-07-28,45.4,-28.5
344299,2025-07-28,53.0,-36.6
594273,2025-07-28,51.5,3.4
56490,2025-07-28,28.5,10.4
243028,2025-07-28,55.1,27.9
520840,2025-07-28,45.7,-2.4
393238,2025-07-29,43.1,-31.2
559979,2025-07-29,48.3,-14.7
351955,2025-07-29,36.3,-1.7
754037,2025-07-30,52.0,2.9
789478,2025-07-30,43.5,-16.3
182108,2025-07-30,37.4,-7.4
640565,2025-07-30,55.7,-0.6
592400,2025-07-30,67.5,-1.3
480692,2025-07-30,67.0,21.3
377387,2025-07-30,54.3,-36.8
231572,2025-07-30,57.9,12.8
111455,2025-07-30,50.4,9.3
929573,2025-07-30,50.6,-22.2
337800,2025-07-31,69.7,-5.3
365108,2025-07-31,52.3,-21.4
457673,2025-07-31,63.3,13.4
116088,2025-07-31,47.1,0.7
56836,2025-07-31,32.3,-6.8
548028,2025-07-31,74.1,-11.0
294321,2025-07-31,47.9,18.4
364896,2025-08-01,58.0,-7.5
930571,2025-08-01,71.1,-0.4
554398,2025-08-01,41.4,-7.3
366194,2025-08-01,41.2,18.4
646991,2025-08-01,45.7,17.9
653610,2025-08-01,67.8,0.8
123682,2025-08-02,31.0,6.3
503688,2025-08-02,43.7,-4.9
661427,2025-08-02,44.2,-8.9
904802,2025-08-03,56.0,12.6
507486,2025-08-04,45.3,-7.2
527896,2025-08-04,63.9,-8.3
357003,2025-08-04,60.5,1.6
225122,2025-08-04,47.7,14.0
144304,2025-08-04,45.2,3.5
500053,2025-08-04,60.8,10.2
257462,2025-08-05,58.8,16.5
182201,2025-08-05,41.7,-17.9
157672,2025-08-05,36.3,32.5
546186,2025-08-06,63.2,1.9
475188,2025-08-06,49.8,21.5
432658,2025-08-06,45.3,16.2
608172,2025-08-06,58.4,-33.4
314944,2025-08-06,53.9,-5.3
227039,2025-08-06,47.9,-16.9
91970,2025-08-06,46.7,9.1
157113,2025-08-07,42.6,-18.7
285323,2025-08-07,42.3,-2.3
92947,2025-08-07,44.4,-19.4
565406,2025-08-07,59.1,-40.9
364244,2025-08-07,44.2,-18.9
543311,2025-08-07,48.4,16.9
274839,2025-08-07,57.0,5.2
358504,2025-08-07,60.9,-4.1
230784,2025-08-07,56.3,-26.6
48015,2025-08-08,55.0,-20.6
184892,2025-08-08,55.3,25.9
504503,2025-08-08,46.9,5.7
500689,2025-08-08,57.5,-33.9
355816,2025-08-08,57.7,-7.8
322616,2025-08-08,36.9,-5.8
318523,2025-08-08,49.4,20.0
275935,2025-08-08,36.0,-11.8
400536,2025-08-09,49.8,-2.3
463600,2025-08-09,72.2,-6.8
546926,2025-08-09,42.0,2.7
627442,2025-08-09,57.6,0.6
926978,2025-08-09,52.8,-25.6
348791,2025-08-09,57.2,7.7
520530,2025-08-10,44.3,-11.2
405885,2025-08-11,63.9,3.2
55508,2025-08-11,44.1,-1.2
521964,2025-08-12,43.8,10.8
481676,2025-08-12,48.7,-3.9
659089,2025-08-12,65.8,-8.5
397486,2025-08-12,59.8,21.1
718303,2025-08-12,52.8,2.5
353032,2025-08-12,47.6,1.9
35047,2025-08-12,39.8,13.7
211637,2025-08-12,44.5,3.2
924857,2025-08-12,58.3,-17.4
355761,2025-08-13,54.8,-5.0
324795,2025-08-13,54.9,4.5
490384,2025-08-13,52.7,9.4
463605,2025-08-13,51.1,-7.6
514888,2025-08-13,48.1,-20.5
361256,2025-08-14,62.2,13.0
225873,2025-08-14,38.9,-0.6
503638,2025-08-14,60.6,25.5
396342,2025-08-15,48.9,8.0
306024,2025-08-15,39.8,15.0
622988,2025-08-15,41.4,-3.4
957874,2025-08-15,60.8,-5.2
823231,2025-08-16,56.2,-0.3
741238,2025-08-16,56.3,-5.3
616344,2025-08-16,56.3,4.1
583199,2025-08-16,62.5,3.2
262523,2025-08-17,54.1,19.6
503749,2025-08-17,48.5,-3.4
1054839,2025-08-18,57.5,18.3
585959,2025-08-18,47.7,-4.7
577455,2025-08-18,61.6,11.5
198008,2025-08-18,48.9,3.0
286384,2025-08-18,37.7,-13.2
316884,2025-08-18,60.1,13.2
393239,2025-08-18,45.1,3.0
550108,2025-08-18,57.0,9.2
525299,2025-08-19,59.3,-0.6
497175,2025-08-19,47.7,-0.9
320046,2025-08-19,42.7,12.5
864306,2025-08-19,45.4,-0.6
848509,2025-08-19,51.0,-16.6
45672,2025-08-19,55.1,6.1
392966,2025-08-20,56.7,-3.5
403187,2025-08-20,36.4,2.9
434433,2025-08-20,53.6,17.4
196813,2025-08-20,56.7,-0.9
120205,2025-08-20,54.7,10.9
234523,2025-08-21,31.8,-12.5
346890,2025-08-21,45.9,14.9
532776,2025-08-21,53.9,-5.9
358115,2025-08-21,41.2,10.6
730581,2025-08-21,55.7,13.0
711976,2025-08-22,55.3,24.9
479999,2025-08-23,63.9,2.0
624037,2025-08-23,41.0,5.1
504215,2025-08-23,62.1,-1.5
477930,2025-08-23,52.7,3.5
672381,2025-08-24,54.4,5.1
413220,2025-08-25,45.9,8.4
432092,2025-08-25,44.9,-15.2
866655,2025-08-25,52.4,-25.8
128969,2025-08-26,39.5,25.4
74683,2025-08-26,37.1,15.6
878247,2025-08-26,54.1,12.2
221316,2025-08-26,52.6,-10.8
267160,2025-08-26,43.7,-21.0
326030,2025-08-27,43.4,-12.5
139393,2025-08-27,32.0,-3.0
595650,2025-08-27,51.4,-24.8
729781,2025-08-28,50.1,25.0
648779,2025-08-28,68.2,-27.2
461607,2025-08-28,49.0,20.3
377393,2025-08-28,47.8,11.2
370791,2025-08-28,54.4,-1.9
294746,2025-08-28,49.1,-13.5
275683,2025-08-28,43.5,6.0
176936,2025-08-29,47.3,15.0
745181,2025-08-29,50.8,-4.2
568157,2025-08-29,50.0,-11.8
880245,2025-08-29,58.4,2.5
57500,2025-08-29,38.3,-9.8
165007,2025-08-29,46.5,1.5
885445,2025-08-29,60.8,8.3
195736,2025-08-29,49.1,7.3
566931,2025-08-29,68.3,-11.2
811779,2025-08-30,58.7,-0.6
708072,2025-08-30,47.0,13.0
476219,2025-08-30,58.3,4.8
455661,2025-08-30,62.2,-15.0
344381,2025-08-30,57.4,-0.5
581140,2025-08-30,49.1,-2.1
810895,2025-08-31,63.0,-35.3
707242,2025-08-31,54.7,-16.1
607144,2025-08-31,49.9,0.2
307058,2025-08-31,55.7,24.0
182913,2025-09-01,59.1,8.9
292199,2025-09-01,55.8,12.6
406151,2025-09-01,45.8,-11.6
422950,2025-09-01,60.6,-8.4
900195,2025-09-01,49.3,-2.9
496857,2025-09-01,51.1,-1.0
503883,2025-09-01,61.9,-3.7
532444,2025-09-01,55.0,19.2
540664,2025-09-01,57.9,-15.1
569845,2025-09-01,57.1,-6.4
585055,2025-09-01,44.7,-22.0
602105,2025-09-01,51.8,31.7
610400,2025-09-01,53.7,-15.1
614742,2025-09-01,46.5,29.4
631821,2025-09-01,58.0,-9.2
633056,2025-09-01,46.8,-0.6
660867,2025-09-01,66.6,1.4
683571,2025-09-01,48.1,-8.4
729814,2025-09-01,56.2,21.4
139395,2025-09-01,43.3,-15.4
1006411,2025-09-01,45.7,-16.2
743599,2025-09-01,50.1,-6.3
807386,2025-09-01,58.5,-13.7
388165,2025-09-01,50.2,6.4
382528,2025-09-01,65.5,7.1
473169,2025-09-01,41.5,-5.6
181778,2025-09-01,49.4,18.2
188888,2025-09-01,32.1,26.5
157396,2025-09-01,60.5,17.4
197838,2025-09-01,34.8,1.8
237662,2025-09-01,52.9,16.7
258364,2025-09-01,47.2,-8.4
131996,2025-09-01,48.0,-27.8
40433,2025-09-01,34.2,14.3
296622,2025-09-01,67.3,8.6
378293,2025-09-01,54.5,-27.3
297070,2025-09-01,43.7,-9.6
303259,2025-09-01,68.2,-16.4
315858,2025-09-01,54.2,20.7
184573,2025-09-01,40.4,-28.9
349066,2025-09-01,60.2,-20.7
340166,2025-09-01,52.1,9.4
324690,2025-09-01,44.3,1.8
618425,2025-09-02,49.2,-28.9
502247,2025-09-02,59.4,-10.8
238223,2025-09-02,70.6,-7.8
159522,2025-09-02,56.9,18.0
283196,2025-09-02,54.8,-22.5
53622,2025-09-02,59.3,3.7
418651,2025-09-02,63.3,-7.5
401583,2025-09-02,45.4,4.1
267383,2025-09-04,43.7,3.6
265569,2025-09-04,46.4,-20.9
783094,2025-09-04,54.7,-0.4
428603,2025-09-04,42.9,7.5
203855,2025-09-05,40.8,11.0
282076,2025-09-05,62.0,-2.9
572326,2025-09-05,53.6,11.5
375857,2025-09-06,34.4,-3.0
393565,2025-09-06,50.7,2.6
257785,2025-09-08,50.8,-11.8
221285,2025-09-08,45.0,-11.3
112948,2025-09-08,47.4,-14.2
187798,2025-09-08,46.8,-13.8
250844,2025-09-09,50.2,17.3
344474,2025-09-10,40.3,-0.6
393858,2025-09-11,37.9,5.1
159668,2025-09-11,45.0,19.4
480705,2025-09-12,47.8,9.8
353403,2025-09-12,46.8,3.1
332560,2025-12-08,43.8,-5.4
1041630,2026-01-01,60.5,-5.9
951579,2026-01-01,48.1,-9.3
758845,2026-01-01,63.6,7.1
726036,2026-01-01,52.4,-22.7
611855,2026-01-01,55.3,-5.4
448628,2026-01-01,48.3,-20.9
82873,2026-01-02,42.0,16.1
205760,2026-01-02,41.7,36.1
817665,2026-01-02,52.4,-15.5
470607,2026-01-02,50.8,-37.5
511401,2026-01-02,52.3,15.3
288340,2026-01-02,43.8,11.4
905184,2026-01-02,55.2,29.4
216662,2026-01-03,48.2,18.2
991800,2026-01-04,62.6,-35.7
340853,2026-01-05,41.3,24.1
522784,2026-01-05,47.8,2.1
537841,2026-01-05,49.0,4.3
469787,2026-01-05,56.3,0.3
328573,2026-01-06,52.7,19.2
227039,2026-01-06,41.9,24.1
935760,2026-01-08,46.5,-19.4
465830,2026-01-08,61.7,-5.6
1050852,2026-01-08,53.1,-22.5
780548,2026-01-09,49.6,-9.9
605266,2026-01-09,48.6,12.9
583255,2026-01-09,62.3,19.2
533537,2026-01-09,49.3,0.4
470394,2026-01-09,54.6,-0.4
851111,2026-01-11,55.0,12.4
532732,2026-01-11,54.9,-11.4
372712,2026-01-12,47.9,-19.8
1045187,2026-01-12,56.3,24.1
980575,2026-01-13,39.7,10.4
729196,2026-01-13,47.0,4.7
624808,2026-01-13,51.1,-8.6
263905,2026-01-13,52.3,-24.2
1131161,2026-01-14,58.6,10.6
719672,2026-01-14,48.2,14.1
488362,2026-01-14,49.0,-26.9
232271,2026-01-14,49.9,15.0
405885,2026-01-15,60.8,1.7
125858,2026-01-15,45.0,3.9
45671,2026-01-15,47.5,-26.6
216579,2026-01-15,44.3,1.2
265542,2026-01-16,36.0,4.1
251345,2026-01-16,46.3,-27.6
536081,2026-01-18,42.8,-18.7
802515,2026-01-19,69.6,-1.1
392757,2026-01-19,55.9,23.8
661212,2026-01-20,54.6,7.1
423444,2026-01-20,44.3,-9.2
1144627,2026-01-20,52.5,-19.3
875337,2026-01-21,56.7,8.5
624942,2026-01-22,46.3,-19.6
320748,2026-01-22,58.4,27.2
238055,2026-01-22,67.0,3.4
420213,2026-01-23,56.5,-29.5
268327,2026-01-24,44.9,-24.1
615650,2026-01-24,49.5,-6.3
1005165,2026-01-24,57.2,-9.3
369554,2026-01-24,52.0,6.0
1249850,2026-01-25,46.9,11.7
599203,2026-01-26,42.2,-10.3
342385,2026-01-26,38.2,32.3
140676,2026-01-27,48.6,-3.8
67556,2026-01-27,28.0,-1.1
331726,2026-01-27,42.8,30.8
204103,2026-01-28,42.9,1.1
1082774,2026-01-29,48.0,-4.9
439292,2026-01-29,39.6,12.1
248271,2026-01-29,39.5,30.6
647280,2026-01-30,52.3,-11.7
661207,2026-01-30,46.9,-3.8
85941,2026-02-01,39.6,-21.0
1314671,2026-02-02,50.3,10.7
143812,2026-02-02,38.1,-25.3
226524,2026-02-02,33.9,3.7
278531,2026-02-02,41.4,11.1
339816,2026-02-02,44.9,-3.7
1241211,2026-02-02,55.3,-13.6
406040,2026-02-02,69.1,1.7
429983,2026-02-02,46.8,-21.6
687630,2026-02-02,50.4,-30.7
961297,2026-02-02,56.0,0.6
353404,2026-02-02,43.0,-15.8
900938,2026-02-03,63.1,1.4
639246,2026-02-04,56.3,-10.9
683895,2026-02-06,55.5,25.9
354482,2026-02-06,60.2,-14.0
1111025,2026-02-07,58.4,19.8
539448,2026-02-09,45.0,-16.8
487421,2026-02-11,52.1,16.2
720287,2026-02-12,52.3,-15.8
379249,2026-02-12,42.4,0.5
248938,2026-02-27,43.3,-19.6
773961,2026-03-02,52.7,2.0
