player_id,recent_fotmob_seasons_used,recent_fotmob_total_minutes,recent_fotmob_total_matches,recent_fotmob_rating,recent_fotmob_mins_played,recent_fotmob_goals_per_90,recent_fotmob_expected_goals_per_90,recent_fotmob_expected_assists_per_90,recent_fotmob_accurate_pass,recent_fotmob_total_att_assist,recent_fotmob_big_chance_created,recent_fotmob_won_contest,recent_fotmob_total_tackle,recent_fotmob_interception,recent_fotmob_effective_clearance,recent_fotmob_defensive_contributions,recent_fotmob_ball_recovery,recent_fotmob_clean_sheet,recent_fotmob_saves,recent_fotmob__save_percentage,recent_fotmob_goals_conceded,recent_fotmob_fouls
418560,2,3138,37,7.698929254302103,3138.0,0.8303250478011472,0.7679541108986616,0.08541108986615678,7.659847036328872,25.0,9.0,0.5,0.5,0.2,1.282791586998088,3.2458891013384323,1.3032504780114722,,,,,0.7
357662,2,3167,37,7.552055573097568,3167.0,0.12,0.08999999999999998,0.2,54.2,63.0,17.0,0.4,2.0,1.1,2.3,10.9,5.2,,,,,0.8
433177,2,2293,32,7.5463933711295255,2293.0,0.28,0.31,0.29,24.0,63.0,12.0,2.0,1.7,0.6,0.4,7.5,4.7,,,,,1.3
495666,1,2615,31,7.16,2615.0,0.030000000000000002,0.030000000000000002,0.05,67.3,10.0,1.0,0.2,1.2,0.6,4.6,6.6,3.9,,,,,0.8
687626,1,2802,33,7.1000000000000005,2802.0,0.09999999999999999,0.049999999999999996,0.08,60.5,18.0,4.0,0.5,2.8,1.9000000000000001,0.9,11.799999999999999,5.7,,,,,1.7
598577,2,2451,34,7.157686658506733,2451.0,0.19,0.26,0.19,45.3,61.0,5.0,1.5,1.3,0.4,0.5,6.6,4.3,,,,,0.8
451276,2,3323,37,7.5124586217273555,3323.0,0.19247968702979237,0.14950045139933796,0.19216671682214864,53.2266626542281,81.0,14.0,0.7081251880830575,1.583749623833885,0.8054167920553716,1.6,9.33499849533554,5.167499247667771,,,,,1.1243755642491724
568177,2,2048,27,7.12267578125,2048.0,0.46,0.48,0.11,32.2,27.0,4.0,1.0,1.1,0.7,0.5,6.2,3.8,,,,,0.6
607223,2,1895,35,7.427651715039577,1895.0,0.28340369393139847,0.219778364116095,0.45553034300791556,55.77255936675462,67.0,21.0,2.5942480211081795,1.3,0.4000000000000001,0.4000000000000001,6.458416886543536,4.479208443271767,,,,,1.038047493403694
503743,2,3367,38,7.04018414018414,3367.0,0.27,0.19,0.12,21.8,52.0,13.0,1.2,1.2,0.4,0.9,6.3,3.8,,,,,1.3
648195,2,3146,37,7.292848061029879,3146.0,0.29,0.33,0.21,50.6,69.0,11.0,0.4,1.5,0.6,0.8,7.0,4.0,,,,,1.0
349066,2,793,15,6.679999999999999,793.0,,1.09,0.01,10.0,3.0,1.0,,,,,1.0,,,,,,
397033,2,2633,36,7.0119711355867835,2633.0,,0.05931636916065324,0.09863273832130649,47.017888340296246,32.0,6.0,0.7,1.1931636916065325,1.1,1.3,8.925674135966577,5.124800607671857,,,,,0.8068363083934675
478573,2,3074,37,7.253298633702017,3074.0,0.15,0.06,0.07,49.7,30.0,4.0,1.0,1.8,1.4,1.6,9.0,3.8,,,,,1.1
626724,2,2764,36,7.222981186685963,2764.0,0.5162807525325616,0.504232995658466,0.06967438494934877,17.51534008683068,31.0,7.0,1.2902315484804632,0.8999999999999999,0.20000000000000004,0.9032561505065123,4.547901591895803,2.3869753979739508,,,,,1.2902315484804632
709726,1,1810,28,7.079999999999999,1810.0,0.55,0.49,0.13,15.3,21.0,3.0,1.9,0.5,0.1,1.3,4.2,2.1,,,,,1.7
583255,2,3380,39,7.357573964497041,3380.0,0.48,0.29668639053254436,0.09319526627218935,21.893491124260354,42.0,9.0,1.7159763313609468,1.2840236686390532,0.4,0.8,6.556213017751479,3.9467455621301775,,,,,1.5946745562130178
1056993,2,852,23,6.65,852.0,0.21,0.31,0.22999999999999998,23.2,16.0,4.0,3.1,1.2,0.4,0.5,6.0,3.8,,,,,1.3
486049,1,1784,30,7.33,1784.0,0.25,0.14,0.31,32.3,59.0,13.0,4.2,1.2,0.7,0.1,6.4,4.4,,,,,1.2
517894,2,2583,34,7.264603174603174,2583.0,0.36,0.25,0.12000000000000001,25.5,36.0,5.0,1.6,1.4,0.8,0.8,7.6,4.6,,,,,1.0
435338,2,2841,33,7.300675818373812,2841.0,0.1,0.09841605068637804,0.05841605068637804,50.12671594508976,7.0,5.0,0.0,1.2,0.8063357972544879,5.904963041182683,8.938437170010559,2.096832101372756,,,,,0.741182682154171
627442,2,1658,31,6.782937273823885,1658.0,0.61,0.51,0.02,11.6,9.0,,0.6,0.3,0.2,0.8,3.5,2.1,,,,,0.9
567576,2,3479,40,7.506665708536936,3479.0,0.11,0.07833285426846796,0.13541822362747916,56.35455590686979,56.0,11.0,1.2708249496981892,2.8625179649324517,1.1583501006036216,1.3,13.812474849094567,8.162460477148606,,,,,1.5416786432883012
423440,2,3023,39,7.195487925901422,3023.0,0.15,0.09,0.07,50.5,19.0,1.0,0.2,2.0,1.2,2.3,9.2,3.5,,,,,1.0
413039,2,2711,34,7.174064920693472,2711.0,0.38,0.4226558465510881,0.17199188491331613,22.144448542973073,48.0,6.0,0.6,0.9,0.3,0.5,4.773441534489118,3.129878273699742,,,,,0.8
392757,2,3330,37,7.41972972972973,3330.0,0.11216216216216217,0.13783783783783785,0.07594594594594596,60.33783783783784,20.0,6.0,0.24324324324324326,1.337837837837838,1.4054054054054055,4.527027027027027,7.9324324324324325,3.9054054054054053,,,,,0.7162162162162162
429014,2,3200,38,7.125812499999999,3200.0,0.43,0.30493750000000003,0.07943750000000001,28.50125,49.0,5.0,0.9590625,0.6,0.416875,0.9,5.138125,3.16625,,,,,0.805625
475959,2,1539,20,8.1,1539.0,0.55,0.10999999999999999,0.05,57.3,6.0,1.0,1.6,1.6,2.2,1.1,4.9,2.7,,,,,0.5
820374,2,1676,29,7.001079952267303,1676.0,0.05,0.03,0.07,50.9,22.0,1.0,1.0,2.0,1.1,1.4,10.1,5.2,,,,,0.7
744149,2,2742,36,6.992275711159738,2742.0,0.04,0.049999999999999996,0.2534354485776805,34.7398249452954,48.0,16.0,0.5,2.5328227571115973,0.9722100656455143,1.4343544857768054,10.81312910284464,5.780306345733042,,,,,1.2
955357,1,1683,33,6.929999999999999,1683.0,0.7,0.45,0.08000000000000002,19.0,22.0,3.0,0.8,0.5,0.5,1.8,6.0,3.3,,,,,1.4
520624,1,2455,29,7.52,2455.0,0.33,0.21,0.18,45.8,45.0,7.0,0.7,2.3,0.5,1.3,9.2,4.9,,,,,1.6
743413,2,2800,36,7.152085714285715,2800.0,0.17,0.19185714285714286,0.09868571428571428,39.89,24.0,6.0,0.8542857142857143,2.240285714285714,0.7,2.302285714285714,5.582857142857143,3.721714285714286,,,,,1.4837142857142855
420243,1,2457,30,7.26,2457.0,0.10999999999999999,0.17,0.06,33.9,27.0,4.0,0.5,2.4,0.9,1.9000000000000001,5.5,3.6,,,,,1.4
534033,2,2689,38,6.886786909631834,2689.0,0.07,0.13,0.06,42.1,35.0,4.0,0.39999999999999997,1.8,0.7,1.2,7.8,3.8000000000000003,,,,,1.2
406635,2,2256,35,7.378705673758866,2256.0,0.3,0.26847517730496456,0.22753546099290778,46.05425531914894,59.0,13.0,1.1381205673758865,1.5457446808510638,0.4,0.5381205673758865,6.854255319148937,4.300886524822696,,,,,0.8609929078014185
325443,1,2230,36,6.82,2230.0,0.57,0.5,0.08,8.0,20.0,4.0,0.3,0.3,0.0,0.8,3.4,2.2,,,,,1.4
316264,2,1446,25,7.083042876901798,1446.0,0.07,0.08,0.24000000000000002,46.1,42.0,6.0,0.6,1.2,0.5,0.4,6.7,4.6,,,,,0.6
503733,1,1814,26,6.96,1814.0,0.3,0.44,0.16999999999999998,21.0,26.0,5.0,1.6,0.9,0.1,0.6,4.6,2.8,,,,,0.6
739443,2,3367,39,7.125702405702405,3367.0,0.6,0.56,0.05,11.9,24.0,6.0,0.8,1.0,0.3,1.8,5.9,2.5,,,,,2.0
479999,2,1914,34,6.965391849529781,1914.0,0.33,0.24,0.13,26.8,16.0,4.0,1.4,0.9,0.5,0.5,5.7,3.7,,,,,0.8
434675,2,2837,37,7.209654564681001,2837.0,0.25442721184349665,0.280634473034896,0.15,19.32220655622136,57.0,10.0,1.1,0.9666196686640819,0.4824814945364822,0.7095170955234402,5.222065562213606,2.9666196686640816,,,,,1.482481494536482
472423,2,2051,30,7.220346172598733,2051.0,0.09,0.05219405168210629,0.14648951730862994,53.65680156021453,28.0,8.0,0.5,2.2,1.521940516821063,1.9043881033642125,5.904388103364213,4.669283276450512,,,,,1.1912237932715748
487465,2,2657,35,7.039156943921717,2657.0,0.17,0.16,0.22999999999999998,27.699999999999996,53.0,12.0,1.6,0.6,0.2,0.4,4.2,2.9,,,,,0.5
1012564,2,1208,16,6.15,1208.0,,,,,15.0,3.0,,,,,,,,,,,
973085,1,1662,31,6.62,1662.0,,0.04,0.04,34.9,9.0,1.0,0.6,2.0,1.6,1.7,11.3,5.7,,,,,1.7
309400,2,673,13,7.94,673.0,1.0,0.26,0.029999999999999995,20.0,12.0,2.0,,,1.0,1.0,2.0,,,,,,2.0
455661,1,1912,33,6.66,1912.0,0.38,0.31,0.07,13.8,22.0,5.0,0.6,1.1,0.2,1.0,4.9,2.5,,,,,0.9
258004,2,2320,28,7.238189655172413,2320.0,0.08,0.020000000000000004,0.04008620689655172,71.64224137931035,10.0,,0.1310344827586207,0.5,0.9612068965517241,4.9077586206896555,7.014655172413793,3.402586206896552,,,,,0.6
623570,2,2876,33,7.2487899860917935,2876.0,0.19,0.2206258692628651,0.1456328233657858,25.891168289290682,33.0,8.0,2.3561891515994438,2.3531988873435323,0.5,0.6,9.287621696801112,5.868845618915159,,,,,1.0
502821,2,1788,27,7.179899328859062,1788.0,0.05,0.18,0.04,34.1,10.0,,0.8,1.7,0.8,2.6,5.4,3.8,,,,,1.4
434224,2,3177,36,7.0700283286118975,3177.0,0.03,0.07,0.03481586402266289,42.724645892351276,8.0,4.0,0.20000000000000004,1.793484419263456,1.319830028328612,7.206515580736544,10.931161473087819,2.6801699716713885,,,,,1.0
460939,1,1636,28,6.95,1636.0,0.28,0.26,0.13,39.1,17.0,4.0,1.1,0.6,0.6,1.1,5.400000000000001,3.2000000000000006,,,,,1.0
557459,1,3043,35,6.69,3043.0,0.12,0.07,0.01,47.39999999999999,6.0,1.0,0.3,1.2,0.7,3.8999999999999995,6.299999999999999,3.6000000000000005,,,,,0.8
763079,2,1608,23,7.181225124378109,1608.0,,0.04,0.03777363184079602,64.74881840796019,6.0,,0.4111318407960199,1.8447139303482585,1.9775497512437812,3.166044776119403,7.577176616915423,4.67773631840796,,,,,0.9000000000000001
445939,1,699,21,,699.0,0.39,0.35,0.1,18.2,12.0,3.0,1.3,1.7,0.3,0.3,5.0,2.6,,,,,1.3
543499,1,1545,19,6.990000000000001,1545.0,0.12000000000000001,0.10999999999999999,0.14,22.1,23.0,3.0,3.0,1.7,0.2,0.3,7.7,5.5,,,,,1.3
503987,2,1239,27,6.729943502824859,1239.0,0.22,0.09,0.21,23.1,26.0,7.0,2.1,1.6,0.4,0.6,5.2,2.6,,,,,1.1
855256,2,2949,38,7.158097660223804,2949.0,0.09,0.12,0.087558494404883,37.22441505595117,27.0,4.0,0.9,1.9640895218718208,1.0969481180061038,2.5,12.163377416073244,6.096948118006103,,,,,1.4
923831,1,1739,32,6.67,1739.0,,0.07,0.029999999999999995,45.2,4.0,,0.1,1.6999999999999997,1.6,4.4,8.2,3.8,,,,,0.9000000000000001
880245,2,3069,37,7.230029325513198,3069.0,0.08999999999999998,0.06,0.08999999999999998,40.7,39.0,4.0,0.8,3.1,1.0,1.1,11.0,5.4,,,,,1.5
614258,2,315,4,6.679999999999999,315.0,,0.01,0.029999999999999995,28.0,,,1.0,2.0,,2.0,4.0,3.0,,,,,1.0
357565,1,1513,21,7.51,1513.0,0.06,0.07,0.15,86.7,25.0,2.0,0.4,2.4,0.8,2.4,12.3,6.4,,,,,0.8
659813,2,1801,26,7.07,1801.0,0.05,0.02,0.08,37.4,13.0,2.0,0.4,2.4,1.3,4.4,8.6,3.2,,,,,0.9
1005649,2,2222,26,6.94961296129613,2222.0,0.04,0.03,0.02,39.9,10.0,1.0,0.4,1.5,1.4,5.5,9.4,4.3,,,,,1.0
601883,2,2898,35,7.440776397515528,2898.0,0.030000000000000002,0.01,0.07,60.4,28.0,6.0,0.9,1.8,0.9,3.1,6.1,5.3,,,,,0.5
284857,1,2710,34,6.970000000000001,2710.0,0.03,0.08,0.11000000000000001,42.1,39.0,6.0,0.0,1.8,1.1,2.9,6.0,3.8,,,,,1.5
355915,1,1872,23,7.06,1872.0,0.19,0.06,0.06,47.4,11.0,4.0,0.4,2.8,1.4,4.5,9.4,4.2,,,,,1.5
655488,1,1073,30,6.53,1073.0,0.08,0.33,0.11,15.9,13.0,4.0,1.8,1.0,0.1,0.8,6.4,4.4,,,,,0.8
357119,1,3100,36,7.11,3100.0,0.03,0.04,0.03,56.4,8.0,2.0,0.1,1.5,0.8,5.5,8.6,3.4,,,,,1.0
315858,2,3240,36,7.231111111111111,3240.0,,,0.0,20.866666666666667,1.0,,0.1,,0.0,1.2555555555555555,1.2555555555555555,6.85,15.0,2.283333333333333,72.55555555555557,0.9055555555555556,
890721,2,788,21,7.66,788.0,,0.015710659898477156,0.039137055837563446,48.74340101522843,5.0,,1.0,1.0,0.6,1.4,3.634010152284264,4.025634517766497,,,,,1.2657360406091371
576314,2,3301,37,7.072735534686458,3301.0,0.08,0.09,0.04945471069372917,61.52911239018479,13.0,2.0,0.1,1.5136322326567706,1.3,5.2918206604059375,8.902726446531355,3.194547106937292,,,,,0.8054528930627083
1012534,1,2398,34,7.07,2398.0,0.11000000000000001,0.14,0.19,16.1,44.0,11.0,2.4,2.1,0.6,0.6,6.9,3.6000000000000005,,,,,1.2
503981,1,1328,17,,1328.0,,,,,10.0,1.0,,,,,,,,,,,
521964,2,3054,36,7.009076620825148,3054.0,0.12,0.14,0.02911591355599214,45.33084479371316,6.0,1.0,0.2,1.3,0.9,5.7001964636542235,9.079764243614932,3.5528487229862473,,,,,0.7088408644400785
536835,1,2344,32,7.19,2344.0,0.08,0.21,0.18,30.5,41.0,7.0,1.5,1.5,0.7,1.1,7.699999999999999,4.3,,,,,0.8999999999999999
485706,1,1764,25,6.91,1764.0,0.1,0.09,0.04,37.9,7.0,,0.4,2.4,1.3,3.0,11.3,3.7,,,,,1.0
505219,2,3425,39,7.396627737226278,3425.0,0.05,0.05,0.16,41.2,57.0,12.0,0.5,3.2,1.6,2.2,12.1,4.9,,,,,1.0
410225,1,2176,28,6.91,2176.0,0.37,0.45,0.05,14.0,19.0,3.0,0.5,0.7,0.3,1.2,5.7,3.3,,,,,0.5
578391,1,976,17,,976.0,,,,,12.0,2.0,,,,,,,,,,,
735570,2,2873,36,6.899902540898017,2873.0,0.03,0.04,0.07,39.6,17.0,2.0,1.4,3.3999999999999995,1.1,1.4,12.3,6.200000000000001,,,,,2.2
646750,2,1079,21,7.22,1079.0,,0.01,0.05499536607970343,53.3840593141798,5.0,,0.17506950880444858,2.9,0.7250231696014828,4.358387395736793,8.383132530120482,3.0916589434661725,,,,,1.4582947173308618
413403,1,3036,34,6.75,3036.0,,0.04,0.02,59.4,5.0,1.0,0.2,0.7,0.7,3.6,5.8,3.2,,,,,0.3
480762,1,1231,18,,1231.0,,,,,5.0,1.0,,,,,,,,,,,
466805,1,1567,25,7.129999999999999,1567.0,0.06,0.04,0.06,68.3,11.0,1.0,0.7,2.4,1.4,2.5,11.8,5.2,,,,,1.7
394327,2,1508,19,5.46,1508.0,,,0.0,23.0,15.0,,1.0,2.0,1.0,1.0,7.0,2.0,,,,,2.0
823486,2,3340,38,7.039125748502994,3340.0,0.03,0.03,0.08,26.7,34.0,4.0,1.5,1.8,1.0,2.7,6.0,4.5,,,,,0.7
743600,2,1322,28,6.738615733736761,1322.0,0.07,0.14,0.06,51.5,8.0,1.0,0.1,2.7,1.4,1.3,9.3,3.4,,,,,0.9
904802,2,1207,23,7.08,1207.0,,0.02,0.05,55.2,9.0,2.0,0.6,2.8,1.4,3.1,7.900000000000001,3.9000000000000004,,,,,1.2
346314,1,2782,34,7.01,2782.0,0.09999999999999999,0.049999999999999996,0.03,68.7,5.0,1.0,0.19999999999999998,1.1,1.1,5.8,8.6,3.8000000000000003,,,,,0.6
565093,2,3510,39,6.928974358974358,3510.0,,,0.0,31.076923076923077,1.0,,0.0,0.0,,0.8,0.9,8.57948717948718,11.0,2.8,69.7,1.2,0.1
670858,2,2269,31,6.996743058616131,2269.0,0.04,0.04,0.11951961216394888,43.3131776112825,26.0,6.0,1.5,2.311062141912737,1.2317320405464962,3.1920669898633762,7.25469369766417,5.599162626707801,,,,,0.7515645658880564
661053,2,771,11,7.49,771.0,,,0.01,35.0,3.0,1.0,,2.0,1.0,4.0,8.0,2.0,,,,,
667287,2,1988,30,7.032293762575452,1988.0,0.14,0.13,0.05,38.8,16.0,2.0,0.8,2.2,1.2,1.1,10.5,5.8,,,,,1.1
361093,2,1928,26,6.980860995850622,1928.0,0.05,0.09,0.03859958506224066,49.68900414937759,8.0,3.0,0.2,1.1,1.3,6.85798755186722,10.571991701244812,4.192634854771784,,,,,0.6
484547,2,1129,22,6.74,1129.0,,0.03760850310008858,0.13601417183348097,32.594951284322406,18.0,5.0,1.5521700620017715,1.0,0.5,1.092028343666962,2.5521700620017715,4.380425155004429,,,,,0.8036315323294951
711337,2,2834,37,6.782967537050106,2834.0,0.2,0.35,0.05,11.6,32.0,4.0,0.5,0.4,0.3,0.9,4.4,2.6,,,,,0.8
553875,1,2798,34,7.139999999999999,2798.0,0.03,0.03,0.14,35.4,53.0,8.0,0.6,2.4,1.0,3.3,7.0,4.3,,,,,1.0
369316,1,3134,37,6.93,3134.0,0.03,0.06,0.1,33.6,21.0,2.0,0.3,1.6,0.7,2.3,4.9,3.7,,,,,0.6
823231,2,2346,33,6.969428815004262,2346.0,0.28,0.3,0.16,12.1,29.0,12.0,0.8999999999999999,0.8999999999999999,0.8999999999999999,2.1,7.300000000000001,3.4,,,,,1.1
240306,2,3156,36,8.013460076045627,3156.0,0.26,0.31315589353612167,0.3571482889733841,48.83859315589354,139.0,33.0,0.4171102661596958,1.6,0.6,1.194296577946768,8.4287072243346,4.902851711026616,,,,,0.7
433188,1,1929,34,6.96,1929.0,0.05,0.13,0.13,70.4,21.0,4.0,1.0,1.9,0.8,1.4,11.1,6.7,,,,,0.8
922693,2,1565,25,6.513514376996806,1565.0,0.12,0.09,0.07,27.300000000000004,8.0,3.0,0.4,0.7,1.0,2.7,8.1,3.5,,,,,0.7
730861,2,2350,35,6.868170212765957,2350.0,0.08,0.05846808510638298,0.029617021276595743,36.26978723404255,27.0,3.0,0.5,1.6536170212765957,0.6153191489361702,2.7693617021276595,5.365106382978723,3.480851063829787,,,,,0.9804255319148936
474701,1,2480,31,7.04,2480.0,0.18,0.19,0.11999999999999998,19.2,28.0,4.0,1.9,1.6,0.6,1.1,7.8,4.4,,,,,1.8
473050,2,2847,36,6.866986301369863,2847.0,0.26,0.4037934668071654,0.06810326659641729,11.677871443624866,29.0,7.0,0.7094836670179135,1.353740779768177,0.6,1.0,6.191675447839832,3.1600632244467866,,,,,1.5999999999999999
503749,2,1478,29,6.781948579161028,1478.0,0.12,0.07,0.09000000000000001,39.6,22.0,2.0,0.9000000000000001,2.6,0.6,0.6,9.3,5.3,,,,,1.0
876631,2,1417,21,6.645553987297108,1417.0,0.13,0.22,0.05,22.8,7.0,1.0,0.4,0.9,0.3,0.8,5.1,3.1,,,,,1.3
620322,2,2343,35,6.835134443021767,2343.0,0.08,0.05999999999999999,0.11999999999999998,43.6,27.0,4.0,0.5,2.1,1.2,1.5,5.1,4.8,,,,,0.8
743591,1,821,24,,821.0,0.11,0.25,0.18,33.9,9.0,,1.9,1.0,0.5,0.7,6.5,4.3,,,,,1.0
926952,2,1490,27,7.118322147651007,1490.0,0.25,0.15,0.12000000000000001,23.9,27.0,6.0,0.7,3.0,0.9,2.0,6.1,4.8,,,,,1.4
727089,2,2984,34,6.8205563002680965,2984.0,,0.050301608579088476,0.03969839142091153,30.051474530831097,21.0,,0.8965147453083111,1.4,1.1,1.4,7.528083109919571,3.454758713136729,,,,,1.0
866246,2,1011,24,5.02,1011.0,0.09,0.13,0.04,23.2,5.0,,1.4,2.0,0.2,1.2,7.3,3.6,,,,,2.2
475188,2,2724,32,7.211494126284875,2724.0,0.27,0.15,0.18,28.9,39.0,10.0,0.9,1.8,0.4,1.0,7.9,4.6,,,,,1.1
488362,2,1235,17,6.070000000000001,1235.0,,,,,13.0,1.0,,,,,,,,,,,
717411,2,2688,38,6.778887648809524,2688.0,0.030000000000000002,0.04,0.05,38.4,14.0,1.0,0.5,2.4,0.9,1.4,11.5,6.3,,,,,1.2
541231,1,2761,32,6.859999999999999,2761.0,,0.1,0.05,41.0,7.0,5.0,0.0,0.7,0.9,6.4,8.8,3.6,,,,,0.5
398065,2,2051,38,6.628683568990736,2051.0,0.32,0.3090297415894685,0.12517308629936616,21.318235007313504,23.0,4.0,0.6,0.6175524134568503,0.1,0.8009263773768892,4.749195514383227,3.1394929302779135,,,,,0.8087762067284252
583189,2,1389,33,6.466601871850252,1389.0,,0.11,0.12,23.6,15.0,2.0,0.9,1.0,0.2,0.4,3.8,2.2,,,,,0.5
365108,2,1238,25,6.524458804523426,1238.0,0.08,0.08,0.12000000000000001,16.9,14.0,2.0,1.0,1.8,0.8,0.9,7.3999999999999995,3.8000000000000003,,,,,1.2
444523,1,1521,18,,1521.0,,,,,23.0,6.0,,,,,,,,,,,
335721,2,794,13,8.36,794.0,,0.18,0.21,74.0,10.0,3.0,,1.0,1.0,3.0,5.0,3.0,,,,,1.0
326031,1,1170,13,,1170.0,,,,,3.0,2.0,,,,,,,,,,,
670882,1,490,16,,490.0,,,,,9.0,2.0,,,,,,,,,,,
654539,2,3470,39,7.164178674351584,3470.0,0.03,0.039999999999999994,0.0779250720461095,34.39654178674352,32.0,4.0,0.9025936599423631,2.6818443804034584,1.3,3.8051873198847264,8.071469740634006,5.051873198847262,,,,,1.0778097982708934
314875,1,3405,38,7.19,3405.0,0.24,0.19,0.14,15.5,45.0,16.0,1.4,1.3,0.7,1.0,7.5,4.2,,,,,0.5
473169,2,1998,32,6.50484984984985,1998.0,0.33,0.28,0.03,9.2,15.0,2.0,0.1,0.4,,0.7,3.4,2.1,,,,,1.5
483348,1,2056,30,6.63,2056.0,,0.04,0.08,31.2,10.0,4.0,1.4,1.9,0.8,2.3,5.1,4.9,,,,,1.2
357147,2,2626,35,7.127600913937547,2626.0,0.030000000000000002,0.07,0.09,33.1,30.0,5.0,0.6,1.8,0.9,3.2,6.2,4.6,,,,,0.9
485585,2,1681,31,6.693902439024391,1681.0,,0.07,0.14,34.6,26.0,5.0,1.2,2.4,1.1,3.6000000000000005,7.1,4.6,,,,,1.0
469050,2,3062,36,6.892050947093403,3062.0,0.03,0.07793598954931417,0.04970607446113651,44.361593729588506,13.0,5.0,0.19999999999999998,0.9,1.1,6.203004572175049,9.406009144350099,4.164728935336381,,,,,0.6
538977,2,1880,33,6.643563829787234,1880.0,0.15,0.14664893617021277,0.16388297872340427,14.807446808510639,26.0,9.0,1.3808510638297873,1.6191489361702127,0.6,1.2856382978723404,6.523936170212766,3.047872340425532,,,,,1.5
540941,2,2071,34,6.986687590535973,2071.0,0.18,0.11,0.24,31.8,44.0,12.0,0.8,2.5,1.1,0.7,10.5,6.1,,,,,0.8
249565,2,1929,26,7.12464489372732,1929.0,,0.06,0.16,46.4,32.0,5.0,0.4,2.8,0.9,0.9,9.8,4.5,,,,,1.2
1108466,2,614,20,6.37,614.0,0.33,0.21,0.33,27.3,16.0,3.0,4.9,0.7,0.5,0.5,4.9,3.1,,,,,0.7
1187629,1,153,6,,153.0,,,,,4.0,,,,,,,,,,,,
568693,1,1391,26,6.789999999999999,1391.0,0.13,0.10999999999999999,0.07,34.8,11.0,3.0,0.7999999999999999,2.1,1.2,3.0,12.0,5.0,,,,,1.9000000000000001
420002,2,2285,33,6.670625820568928,2285.0,0.49,0.59,0.05,7.8999999999999995,10.0,2.0,0.6,0.4,0.2,1.9000000000000001,5.1,2.3,,,,,0.9
392768,1,1844,30,6.85,1844.0,0.15,0.14,0.15,28.6,44.0,5.0,1.5,0.7,0.4,0.7,5.2,3.3,,,,,0.6
392771,2,3213,36,7.22064425770308,3213.0,0.03,0.07,0.059439775910364145,42.65238095238095,21.0,1.0,0.31960784313725493,2.291596638655462,1.4448179271708683,2.4168067226890755,11.930812324929974,5.194397759103641,,,,,1.4168067226890755
937941,2,1994,39,6.483184553660983,1994.0,0.38,0.38,0.020000000000000004,10.3,13.0,2.0,0.4,0.3,0.2,1.2,3.5,1.6,,,,,2.2
741238,1,1684,31,6.76,1684.0,0.05,0.1,0.21,23.9,33.0,8.0,2.2,1.2,0.6,0.4,6.9,4.6,,,,,1.2
556385,2,1344,21,6.69,1344.0,,0.01,0.05,33.6,12.0,2.0,0.4,2.1,0.5,1.7,4.6,4.7,,,,,1.1
262749,2,3420,38,7.212894736842105,3420.0,,,0.0,18.96578947368421,3.0,,0.0,0.0,0.0,1.0,1.0973684210526318,8.194736842105263,20.0,1.5842105263157895,70.59473684210526,0.7,
1078163,2,1013,18,5.95,1013.0,,0.11999999999999998,0.04,61.0,2.0,1.0,,1.0,,1.0,2.0,4.0,,,,,1.0
867688,2,1814,28,6.849029768467475,1814.0,0.21,0.25,0.12,26.8,16.0,2.0,0.2,1.0,0.3,1.3,5.9,3.1,,,,,1.7
646991,2,3240,36,6.9286111111111115,3240.0,,,0.0,24.305555555555557,5.0,1.0,0.027777777777777776,,,1.0972222222222223,1.0972222222222223,9.458333333333334,10.0,3.0416666666666665,69.27222222222223,1.3194444444444444,
1006411,2,1514,22,5.859999999999999,1514.0,,0.0904887714663144,0.0188110964332893,46.986129458388376,3.0,,0.1,2.588110964332893,0.764332892998679,6.436327608982827,10.90766182298547,3.5286657859973585,,,,,0.8
413507,2,3465,39,6.6774025974025975,3465.0,,0.02233766233766234,0.02,35.46103896103896,3.0,1.0,0.1,0.8,0.8,5.8311688311688314,8.363636363636363,2.9805194805194803,,,,,0.6623376623376623
522784,1,1395,18,,1395.0,,,,,12.0,1.0,,,,,,,,,,,
344069,2,2468,30,7.347925445705024,2468.0,0.2195380875202593,0.1096353322528363,0.16562398703403566,27.11709886547812,63.0,9.0,0.8,2.5182333873581846,0.9166936790923825,2.072933549432739,10.218800648298217,4.518233387358185,,,,,1.4218800648298215
701057,2,459,12,6.09,459.0,,,,,7.0,2.0,,,,,,,,,,,
502676,1,868,10,,868.0,,,,,,,,,,,,,2.0,,,,
503680,2,3296,38,7.07808859223301,3296.0,0.06,0.06,0.10754247572815535,30.06140776699029,36.0,5.0,0.9027305825242719,2.708191747572816,1.3,2.5136529126213594,6.972694174757281,4.747451456310679,,,,,0.8054611650485437
340918,2,3420,38,6.961052631578947,3420.0,,,0.009999999999999998,22.910526315789475,2.0,,0.1,0.0,0.0,1.3,1.3,8.01842105263158,11.0,3.026315789473684,70.01052631578948,1.3,0.1
475411,1,1726,25,6.86,1726.0,,0.04,0.030000000000000002,60.20000000000001,3.0,1.0,0.5,1.0,2.1,6.7,10.800000000000002,4.2,,,,,1.3999999999999997
1111589,1,2711,32,6.910000000000001,2711.0,,0.02,0.08,25.6,29.0,5.0,0.8,1.5,1.1,3.9,6.8,4.2,,,,,0.9
465555,2,3510,39,6.951282051282052,3510.0,,,0.0,15.523076923076923,,,,,,1.6102564102564103,1.6102564102564103,7.435897435897436,11.0,2.928205128205128,66.8948717948718,1.4153846153846155,
258889,2,1022,16,5.76,1022.0,,,,,6.0,1.0,,,,,,,,,,,
258919,2,3510,39,6.95,3510.0,,,0.0,16.29230769230769,1.0,,0.0,0.0,0.1,1.5512820512820513,1.5512820512820513,8.3,11.0,2.9307692307692306,66.7974358974359,1.4820512820512821,0.1
461883,2,2622,31,6.781167048054919,2622.0,0.04,0.05862700228832952,0.01034324942791762,54.15423340961098,10.0,,0.4,2.1588100686498857,0.8,3.482837528604119,7.186727688787185,4.1931350114416475,,,,,1.0
811779,2,1272,25,6.88,1272.0,0.07,0.24,0.26,29.3,29.0,6.0,1.0,1.1,0.3,0.4,5.0,3.2,,,,,0.6
609556,2,867,25,7.06,867.0,0.78,0.48,0.07,7.2,7.0,1.0,0.9,0.7,0.1,,3.4,2.6,,,,,2.7
633992,2,3014,37,7.119296615792965,3014.0,0.15,0.16,0.18,27.8,53.0,13.0,0.4,2.7,0.9,1.1,9.8,4.7,,,,,1.0
610849,1,1102,28,6.3,1102.0,0.08,0.36,0.02,10.8,3.0,,0.8,0.4,0.1,0.9,3.4,2.0,,,,,2.0
842341,1,2937,34,6.440000000000001,2937.0,,0.02,0.02,35.9,7.0,1.0,0.09999999999999999,1.3,1.1,6.8,10.3,3.5,,,,,0.39999999999999997
578539,2,3006,35,6.829281437125748,3006.0,0.03,0.07580838323353294,0.03760479041916168,39.80359281437126,9.0,1.0,0.1538922155688623,1.8119760479041918,1.4359281437125748,6.15808383233533,10.059880239520957,2.064071856287425,,,,,0.6
947411,2,776,19,6.09,776.0,,,,,9.0,2.0,,,,,,,,,,,
730893,2,3433,40,7.024346053014856,3433.0,0.030000000000000002,0.04052432274978154,0.07104864549956307,22.51010777745412,32.0,5.0,0.40524322749781533,2.7580541800174774,0.8790270900087388,2.7842703175065537,6.705621905039323,5.058432857558987,,,,,0.6209729099912613
333241,1,1953,27,6.95,1953.0,0.09,0.11,0.06,32.0,17.0,3.0,0.7,2.0,1.4,1.8,10.9,5.5,,,,,2.2
279455,2,2757,37,7.132100108813927,2757.0,0.33,0.19,0.16,21.1,40.0,8.0,0.6,1.0,0.5,1.6,5.9,2.7,,,,,0.4
333014,2,2984,36,6.73605563002681,2984.0,,0.05,0.05,48.0,23.0,3.0,0.3,1.8,0.8,1.5,8.7,4.1,,,,,1.1
332705,2,1793,26,6.934813162297825,1793.0,0.1,0.03,0.03,44.5,7.0,2.0,0.3,2.7,1.7,2.1,11.8,4.9,,,,,1.8
743384,2,1592,29,6.536174623115578,1592.0,0.23,0.12,0.07,18.9,12.0,,0.9,0.6,0.10000000000000002,1.0,5.3,3.5,,,,,0.3
324358,1,2852,37,6.97,2852.0,0.5,0.48000000000000004,0.04,10.9,23.0,4.0,0.7999999999999999,0.7,0.19999999999999998,0.5,3.0,1.5,,,,,1.1
330659,2,1026,21,6.576052631578948,1026.0,0.19,0.22,0.14,26.5,22.0,3.0,1.0,0.9,0.4,0.2,6.1,4.4,,,,,1.7
800176,1,2766,35,6.78,2766.0,0.030000000000000002,0.02,0.030000000000000002,39.0,18.0,1.0,0.6,2.7,1.0,1.6,12.6,6.9,,,,,1.5
1011131,2,1394,33,6.579411764705883,1394.0,0.13004304160688668,0.17,0.049354375896700144,19.76814921090387,16.0,,1.1,1.9064562410329986,0.2,1.0645624103299856,7.532281205164993,4.093543758967001,,,,,0.9710186513629843
1004708,2,753,18,7.369999999999999,753.0,,,0.01,38.0,2.0,,,5.0,1.0,7.0,15.0,6.0,,,,,
500689,2,970,23,5.79,970.0,0.1,0.15,0.1,15.1,5.0,2.0,1.4,2.4,0.5,1.0,8.4,4.2,,,,,1.5
996897,2,2222,33,6.94986498649865,2222.0,0.21,0.27,0.07,24.7,23.0,5.0,0.8,3.3,0.8,1.2,10.1,4.7,,,,,2.0
922769,2,1569,24,7.157437858508604,1569.0,0.06,0.08,0.13,45.5,17.0,3.0,0.7,1.7,1.2,2.0,9.3,4.2,,,,,0.3
432164,2,2404,38,6.510906821963394,2404.0,0.23,0.2585024958402662,0.048876871880199665,13.187188019966722,15.0,5.0,0.4,0.8999999999999999,0.1,1.2299500831946755,4.7326123128119795,2.3475873544093178,,,,,1.5775374376039935
624258,1,932,15,,932.0,,,,,4.0,3.0,,,,,,,,,,,
346483,1,1018,23,,1018.0,0.27,0.13,0.14,30.9,13.0,1.0,0.6,2.1,0.8,0.8,9.1,5.3,,,,,1.4
346890,2,1592,29,6.94105527638191,1592.0,0.4600000000000001,0.3,0.08,14.5,21.0,4.0,2.2,1.3,0.7,0.9,6.5,3.5,,,,,1.0
415381,2,1986,27,7.054561933534743,1986.0,0.09,0.09,0.09,34.6,22.0,4.0,0.4,3.1,1.2,3.3,12.8,4.9,,,,,1.4
566799,2,450,5,7.7,450.0,,,0.0,19.0,,,,,,,,9.0,2.0,3.0,100.0,,
1060087,2,379,22,6.28,379.0,0.51,0.54,0.14,24.2,10.0,3.0,2.8,2.8,0.3,1.0,10.5,6.4,,,,,1.8
469781,2,3380,38,7.18440828402367,3380.0,,0.04,0.12707100591715975,49.98431952662722,24.0,7.0,0.2,1.7878698224852072,1.4866863905325445,6.9292899408284025,11.522485207100592,4.141420118343195,,,,,0.9292899408284023
378710,2,2025,33,6.833061728395062,2025.0,0.51,0.37,0.07,9.1,20.0,5.0,0.6,1.2,0.2,2.3,6.8,2.8,,,,,1.1
463605,1,1275,18,,1275.0,,,,,3.0,,,,,,,,,,,,
338424,2,1041,23,6.924351585014409,1041.0,0.35,0.3,0.13,24.6,12.0,4.0,0.4,2.3,0.9,1.7,10.0,5.0,,,,,1.9
476701,1,881,22,,881.0,,0.07,0.02,43.6,3.0,,0.7,4.7,2.0,2.0,14.5,5.2,,,,,2.5
388165,2,610,20,7.58,610.0,0.17,0.54,0.1,11.2,5.0,1.0,0.2,0.9,,0.3,3.8,2.4,,,,,1.0
399434,2,2828,35,7.250502121640735,2828.0,0.2545049504950495,0.3031824611032532,0.14777227722772276,30.745403111739744,55.0,9.0,1.3,1.3222772277227723,0.6,1.3222772277227723,8.29045261669024,4.871357850070722,,,,,1.0
644401,2,2058,37,6.737346938775509,2058.0,0.17760932944606417,0.16755102040816328,0.11043731778425656,20.58483965014577,20.0,6.0,0.7131195335276967,1.0956268221574346,0.565597667638484,1.7131195335276967,3.6886297376093293,4.426239067055394,,,,,0.7131195335276967
404842,2,3050,34,6.775049180327868,3050.0,,0.01,0.06940983606557377,28.923934426229508,23.0,1.0,0.3,1.6,0.9,4.388196721311476,7.008524590163934,3.320655737704918,,,,,0.9
611793,2,2194,30,7.128723792160438,2194.0,,0.04,0.0479489516864175,34.72561531449408,13.0,2.0,0.1,1.6712853236098448,1.7,7.1097538742023705,10.98669097538742,3.10975387420237,,,,,0.7533272561531449
493003,2,2458,30,7.110170870626526,2458.0,0.15,0.09,0.15,24.5,27.0,8.0,0.1,2.8,1.0,3.6000000000000005,7.4,3.6000000000000005,,,,,1.3
504849,1,1721,25,6.86,1721.0,0.16,0.21,0.15,24.7,30.0,4.0,1.5,0.9,0.5,0.9,5.599999999999999,3.2000000000000006,,,,,1.6000000000000003
403151,2,3131,36,7.027745129351645,3131.0,,,0.00028744809964867456,25.432066432449698,5.0,2.0,,0.1,0.0,0.8057489619929735,0.9028744809964868,8.88502076014053,9.0,2.931619290961354,67.57412967103161,1.4172468859789205,0.1
658536,1,658,14,,658.0,,,,,7.0,2.0,,,,,,,,,,,
429915,2,1492,31,6.847238605898124,1492.0,0.13,0.12000000000000001,0.26,37.1,35.0,9.0,0.4,1.5,0.8,1.8000000000000003,4.1,4.3,,,,,1.1
605184,1,1817,23,6.660000000000001,1817.0,,0.01,0.02,33.8,5.0,,0.2,1.9,0.8,4.9,8.2,4.4,,,,,0.4
515544,2,3117,39,6.8361597690086615,3117.0,0.06,0.06,0.06,23.400000000000002,32.0,3.0,0.09999999999999999,2.0,0.7000000000000001,2.9,6.0,3.0,,,,,0.9
801734,2,1432,32,6.679539106145252,1432.0,0.27,0.15371508379888268,0.15371508379888268,19.56787709497207,32.0,5.0,2.813687150837989,1.3,0.4000000000000001,0.8125698324022347,7.437709497206705,4.938268156424581,,,,,1.3439944134078212
241641,1,2886,38,7.15,2886.0,0.06,0.08,0.13,62.0,47.0,7.0,0.7,1.7,0.7,1.1,8.2,4.6,,,,,1.2
392775,2,1839,28,6.686856987493203,1839.0,0.15,0.08,0.09,25.6,14.0,3.0,0.4,2.4,1.2,3.2,10.8,3.7,,,,,1.6
393323,2,2547,38,6.698692579505302,2547.0,0.15,0.17,0.13,19.8,34.0,9.0,1.1,1.8,0.5,0.6,7.9,4.7,,,,,0.7
148455,1,2148,27,7.07,2148.0,0.29,0.34,0.22,25.6,49.0,11.0,0.8,0.7,0.2,0.3,4.6,3.4,,,,,0.4
410708,1,2937,34,6.910000000000001,2937.0,,0.09,0.02,49.9,12.0,2.0,0.09999999999999999,1.2,0.9,6.3,9.1,3.6,,,,,0.7999999999999999
425334,2,3110,36,6.883987138263665,3110.0,0.09000000000000001,0.04,0.08739549839228296,35.10932475884244,30.0,4.0,0.3,2.0,0.7086816720257235,2.514469453376206,5.543408360128617,2.6,,,,,1.2231511254019292
628451,2,442,13,7.31,442.0,,,,,3.0,1.0,,,,,,,,,,,
306024,2,2816,36,6.838174715909091,2816.0,0.46,0.5075355113636364,0.038721590909090914,8.775355113636364,20.0,2.0,0.3,0.3,0.1,1.2,3.452059659090909,1.5159801136363635,,,,,1.5159801136363635
910905,1,100,3,,100.0,,,,,,,,,,,,,,,,,
349701,2,1574,23,7.111550190597205,1574.0,0.06,0.06,0.09,38.6,23.0,1.0,0.7,2.9,1.7,3.3,8.1,5.9,,,,,0.9
711999,1,2350,35,6.51,2350.0,0.11,0.1,0.02,25.2,10.0,,0.6,2.0,0.7,0.9,8.2,3.8,,,,,1.1
399776,2,1750,22,6.61976,1750.0,,0.07,0.02,55.79999999999999,1.0,,0.4000000000000001,1.2,0.6,3.2999999999999994,6.0,4.3,,,,,0.4000000000000001
435648,1,608,24,,608.0,0.3,0.43999999999999995,0.05,26.9,11.0,2.0,0.7,1.3,0.1,1.6,6.2,2.8,,,,,1.3
242631,2,2524,30,7.025736925515055,2524.0,0.15,0.07,0.16536450079239304,46.4514263074485,44.0,4.0,0.7,1.0,0.5891442155309033,0.7,7.106973058637084,4.74635499207607,,,,,0.3
596446,1,90,1,7.15,90.0,,,0.01,25.0,,,,,1.0,5.0,7.0,4.0,,,,,
203460,2,1639,21,7.21,1639.0,0.11,0.12,0.20000000000000004,26.600000000000005,38.0,5.0,1.3,1.2,0.6999999999999998,0.6,7.599999999999999,4.8,,,,,0.6999999999999998
503686,2,2238,30,6.811394101876675,2238.0,0.08,0.1,0.029195710455764076,38.603217158176946,15.0,3.0,0.1,1.4241286863270777,0.8,7.767828418230562,10.919571045576408,2.9,,,,,1.232171581769437
735571,2,1005,22,6.33,1005.0,0.09,0.3,0.01,5.1,9.0,1.0,0.5,0.7,0.2,2.2,4.7,1.4,,,,,1.9
989112,1,367,7,,367.0,,,,,1.0,,,,,,,,,,,,
684210,2,2758,38,6.8634191443074695,2758.0,0.26,0.17,0.09,23.6,40.0,6.0,1.2,1.4,0.5,0.9,7.6,4.6,,,,,0.9
375885,2,2170,29,6.927557603686637,2170.0,0.09,0.049170506912442395,0.07709677419354839,36.15299539170507,13.0,2.0,0.5207373271889401,2.6,1.1,2.2,11.36774193548387,4.821198156682027,,,,,1.808294930875576
371851,2,1983,26,7.08447806354009,1983.0,0.05,0.043177004538577916,0.03818456883509833,40.84977307110439,7.0,3.0,0.1,1.1909228441754915,1.1408472012102875,7.663540090771558,10.663540090771559,3.090771558245083,,,,,0.9045385779122542
362108,1,2637,32,6.78,2637.0,,0.04,0.09,24.900000000000002,21.0,4.0,1.3,2.2,0.9,2.8,6.2,3.8000000000000003,,,,,1.1
532776,1,1082,31,6.69,1082.0,0.25,0.22,0.13,26.5,16.0,1.0,0.7,3.0,0.6,1.4,10.2,5.1,,,,,2.4
263236,1,1491,24,6.8999999999999995,1491.0,,0.04,0.02,50.0,3.0,1.0,0.09999999999999999,1.5999999999999999,1.5,8.1,12.0,2.7,,,,,1.3
392765,1,1928,37,6.7,1928.0,0.14,0.22,0.05,39.1,18.0,1.0,0.7,1.6,1.0,0.8,6.9,3.3,,,,,0.5
354362,2,1937,27,7.083283427981415,1937.0,0.05,0.04,0.04,41.5,11.0,1.0,1.0,2.7,1.7,2.3,13.1,6.2,,,,,0.9
294057,2,56,4,6.04,56.0,,,,,,,,,,,,,,,,,
1230661,1,1790,27,6.639999999999999,1790.0,0.15,0.1,0.19,14.4,30.0,7.0,1.6,1.4,0.3,1.3,6.9,3.9,,,,,1.3
260827,1,2877,33,6.94,2877.0,,0.049999999999999996,0.060000000000000005,61.300000000000004,7.0,3.0,0.19999999999999998,1.4,1.1,7.2,10.3,3.6,,,,,1.0
487969,1,1670,30,6.3,1670.0,0.05,0.12000000000000001,0.1,12.4,19.0,2.0,1.5,1.6,0.2,1.0,6.2,3.4,,,,,2.2
645686,2,1063,29,6.07,1063.0,,,0.02,38.9,2.0,,0.2,2.2,0.4,2.0,5.2,3.7,,,,,1.5
328658,2,1897,28,6.666931997891408,1897.0,,0.04332103321033211,0.03905113336847654,28.095255666842384,4.0,1.0,0.1,1.8094886663152345,0.9521876647337901,5.904744333157618,9.523721665788086,2.9047443331576175,,,,,1.095255666842383
340456,2,1064,21,6.860000000000001,1064.0,,0.02,0.03,43.4,8.0,,0.7,2.6,1.3,4.9,9.0,4.2,,,,,1.1
711544,1,3124,37,6.72,3124.0,0.03,0.05,0.03,23.0,17.0,,0.2,1.6,0.4,4.1,6.7,3.3,,,,,0.7
297212,2,3043,36,6.718928688793953,3043.0,0.060000000000000005,0.03970423923759448,0.021183043049622086,37.990732829444624,10.0,1.0,0.0,1.097042392375945,0.9029576076240553,5.582254354255668,8.261551100887283,2.552678278015117,,,,,0.5443641143608281
494237,2,1181,33,6.297341236240474,1181.0,0.47,0.37,0.030000000000000002,6.3,,,0.5,0.9,0.1,1.2,4.0,1.8,,,,,1.1
583199,2,363,15,7.2700000000000005,363.0,,,,,9.0,1.0,,,,,,,,,,,
584769,2,1253,24,6.581332801276935,1253.0,,0.10999999999999999,0.15,20.3,15.0,1.0,0.5,1.8,0.8,1.0,8.6,4.8,,,,,0.8
401173,1,873,23,6.5200000000000005,873.0,,0.06,0.20000000000000004,32.6,21.0,3.0,1.6000000000000003,0.6999999999999998,0.20000000000000004,0.9,4.5,2.7000000000000006,,,,,0.3
817665,1,826,14,,826.0,,,,,14.0,2.0,,,,,,,,,,,
743498,1,980,24,6.56,980.0,,0.17,0.11,25.3,20.0,2.0,2.2,0.9,0.1,1.2,7.2,5.0,,,,,0.2
236490,2,1664,19,7.03,1664.0,,,,,12.0,,,,,,,,,,,,
595809,2,1576,38,6.507277918781726,1576.0,0.52,0.51,0.01,7.4,12.0,1.0,0.8,0.9,0.1,2.5,5.2,1.5,,,,,1.9
696589,1,1485,29,6.719999999999999,1485.0,,0.04,0.04,24.2,8.0,3.0,0.9,4.1,1.3,0.5,11.5,4.7,,,,,1.8
415912,1,2528,31,6.919999999999999,2528.0,0.11,0.09,0.030000000000000002,34.3,4.0,,0.1,1.4,1.6999999999999997,6.9,11.1,3.7,,,,,0.6
286047,1,2790,31,6.680000000000001,2790.0,,,0.0,23.2,1.0,,,0.0,,1.2,1.2,8.0,7.0,2.7,62.4,1.6,
950091,1,133,9,,133.0,,,,,6.0,,,,,,,,,,,,
144028,1,2006,31,7.12,2006.0,0.27,0.25,0.16,26.2,36.0,8.0,1.1,1.2,0.4,0.6,6.0,3.6,,,,,0.6
866655,1,350,14,,350.0,,,,,4.0,,,,,,,,,,,,
284730,1,881,22,,881.0,,0.07,0.02,43.6,3.0,,0.7,4.7,2.0,2.0,14.5,5.2,,,,,2.5
363205,1,421,14,,421.0,,,,,3.0,,,,,,,,,,,,
745181,1,979,22,,979.0,0.09,0.04,0.03,30.1,5.0,1.0,0.5,3.7,1.5,1.3,11.8,5.0,,,,,1.6
348026,1,2787,32,7.130000000000001,2787.0,0.09999999999999999,0.06,0.08,30.2,24.0,7.0,0.39999999999999997,2.2,1.3,5.0,8.9,4.2,,,,,1.1
591949,2,699,22,6.11,699.0,,0.060000000000000005,0.02,31.4,,,,2.0,1.1,3.0,6.8,4.6,,,,,0.9
401320,1,90,1,8.03,90.0,,,0.16,24.0,2.0,,,2.0,2.0,12.0,18.0,6.0,,,,,
258878,1,789,16,,789.0,,,,,1.0,1.0,,,,,,,,,,,
967346,1,756,20,,756.0,0.24,0.26,0.03,6.7,4.0,2.0,1.3,0.6,0.1,0.6,3.1,1.7,,,,,0.7
450050,1,1251,26,6.4,1251.0,0.07,0.07,0.08,24.5,13.0,2.0,1.3,2.0,0.7,1.4,7.6000000000000005,3.2,,,,,1.4
693095,1,90,1,7.26,90.0,,,0.0,34.0,,,,3.0,,4.0,7.0,1.0,,,,,1.0
270171,2,1527,26,7.034872298624754,1527.0,0.11540275049115914,0.07944990176817289,0.14176817288801574,43.63398821218075,23.0,7.0,0.3,1.8355599214145384,2.0237721021611,2.0351669941060906,11.588408644400786,5.164440078585462,,,,,1.4591355599214149
357162,1,2112,31,6.71,2112.0,,0.03,0.02,38.0,13.0,,0.3,3.8,1.7,2.4,13.4,4.8,,,,,1.7
568559,1,515,10,,515.0,,,,,,,,,,,,,,,,,
321247,2,1845,37,6.749279132791328,1845.0,0.31,0.18,0.12,27.4,31.0,5.0,0.5,2.5,0.8,1.0,10.1,5.6,,,,,2.1
627626,1,524,23,,524.0,,0.07,0.12,28.7,9.0,1.0,0.9,3.1,0.5,2.1,10.1,4.5,,,,,1.2
514285,1,1830,21,6.77,1830.0,,0.02,0.1,27.4,20.0,6.0,0.2,2.6,1.5,3.2,7.5,3.4,,,,,0.6
608832,2,767,17,7.570000000000001,767.0,,,0.05999999999999999,31.0,7.0,,,2.0,,2.0,9.0,5.0,,,,,
318508,2,890,13,7.71,890.0,,,0.04,65.0,4.0,,,1.0,2.0,3.0,6.0,4.0,,,,,
465717,2,2892,35,6.708713692946059,2892.0,0.030000000000000002,0.07,0.09688796680497926,21.42572614107884,21.0,7.0,0.612448132780083,2.0657676348547716,1.0968879668049794,2.2595435684647303,5.615975103734439,4.25954356846473,,,,,1.2906639004149378
463603,1,471,8,,471.0,,,,,,,,,,,,,,,,,
497291,1,1175,27,6.67,1175.0,0.08,0.11,0.06,34.9,11.0,2.0,0.5,4.3,0.5,1.3,11.0,4.4,,,,,1.2
689637,2,626,10,6.37,626.0,,,,,1.0,1.0,,,,,,,,,,,
683620,1,45,1,,45.0,,,,,,,,,,,,,,,,,
559794,1,19,1,7.409999999999999,19.0,,,,,,,,,,,,,,,,,
607224,1,1231,27,6.64,1231.0,0.07,0.07,0.15,28.8,21.0,5.0,1.5,2.1,0.6,0.5,8.2,4.8,,,,,1.8
400536,1,1620,18,,1620.0,,,,,2.0,,,,,,,,7.0,,,,
670717,1,26,3,,26.0,,,,,,,,,,,,,,,,,
477758,1,2084,25,6.8,2084.0,,,0.04,24.4,18.0,2.0,0.7,1.4,1.7,4.1,7.5,3.2,,,,,1.0
708072,1,1026,14,,1026.0,,,,,7.0,1.0,,,,,,,,,,,
585323,1,378,5,,378.0,,,,,,,,,,,,,,,,,
105470,2,2430,27,6.791111111111111,2430.0,,,0.0,24.437037037037037,,,,,,1.4222222222222223,1.4222222222222223,8.696296296296296,8.0,2.22962962962963,64.62222222222222,1.2296296296296296,0.0
257455,1,2197,33,6.95,2197.0,0.2,0.11,0.03,35.1,8.0,1.0,0.4,4.5,1.2,2.4,12.4,3.8000000000000003,,,,,1.1
667121,1,960,22,6.429999999999999,960.0,0.28,0.2,0.04,17.8,3.0,,0.8,2.2,0.8,1.2,4.4,3.1,,,,,0.6
725912,2,720,8,6.880000000000001,720.0,,,0.0,31.0,,,,,,4.0,4.0,12.0,2.0,5.0,62.5,3.0,
984096,2,606,10,6.109999999999999,606.0,,,0.0,38.0,1.0,,,1.0,1.0,4.0,8.0,,,,,,2.0
139208,2,3510,39,7.255897435897436,3510.0,0.16,0.10384615384615385,0.039230769230769236,65.00512820512822,12.0,,0.1,0.6358974358974359,0.7,7.246153846153846,9.246153846153845,2.394871794871795,,,,,0.5
386047,2,1271,15,6.37,1271.0,,,,,1.0,,,,,,,,,,,,
346707,2,1014,24,,1014.0,0.18,0.11,0.17,34.0,25.0,6.0,0.2,3.4,1.1,1.0,9.8,3.8,,,,,1.2
748319,2,686,21,,686.0,,0.16,0.07,33.0,10.0,2.0,0.9,1.8,0.4,0.9,9.2,5.6,,,,,1.3
673492,1,1342,21,,1342.0,0.07,0.09,0.01,43.3,2.0,,0.3,2.0,0.7,5.8,9.6,3.5999999999999996,,,,,1.1
340329,2,1014,25,6.599171597633137,1014.0,,0.12,0.1,27.7,15.0,5.0,0.6,1.8,0.8,0.6,8.2,4.8,,,,,1.5
715558,1,80,1,7.860000000000001,80.0,,,,,,,,,,,,,,,,,
475416,1,90,1,6.54,90.0,,0.02,0.01,35.0,1.0,,,1.0,,7.0,10.0,2.0,,,,,2.0
341092,1,318,26,,318.0,0.57,0.42,0.17,22.9,3.0,2.0,0.6,2.3,1.1,2.0,8.5,2.5,,,,,3.1
525247,1,1559,21,,1559.0,,0.03,0.02,34.9,4.0,,0.2,0.9000000000000001,0.5,6.4,9.2,2.5,,,,,0.9000000000000001
193116,2,2239,31,6.981322018758374,2239.0,0.21,0.11999999999999998,0.17,25.9,41.0,7.0,0.8,1.2,0.5,0.6,6.3,3.7,,,,,1.3
256178,1,599,21,,599.0,,0.04,0.1,38.3,5.0,3.0,0.5,1.5,1.4,3.8,6.9,3.0,,,,,2.1
489359,1,1314,28,6.85,1314.0,0.14,0.11,0.1,40.4,18.0,1.0,0.3,1.8000000000000003,1.4,1.0,10.0,5.5,,,,,0.9000000000000001
353032,2,2825,34,6.907950442477876,2825.0,0.030000000000000002,0.049999999999999996,0.030000000000000002,34.0,9.0,1.0,0.5,1.0,1.2,7.0,10.1,3.3000000000000003,,,,,1.1
339556,1,1328,25,6.52,1328.0,,0.01,0.04,25.1,4.0,1.0,1.0,1.0,0.5,2.8,4.7,4.9,,,,,1.0
607226,2,1352,30,6.330902366863906,1352.0,0.14,0.09,0.07,18.2,13.0,1.0,0.5,1.3,0.1,0.7,4.9,2.7,,,,,0.9
130164,2,3510,39,6.9710256410256415,3510.0,,,0.010256410256410256,23.24102564102564,2.0,1.0,,0.1,,1.4,1.4,8.297435897435896,12.0,2.635897435897436,67.55384615384615,1.3,0.0
413220,2,1986,30,7.073564954682778,1986.0,0.09,0.08,0.057734138972809664,25.02900302114804,12.0,5.0,0.1,2.8495468277945624,1.286404833836858,4.286404833836857,8.945015105740183,3.3317220543806645,,,,,0.6181268882175226
199527,2,1632,34,6.585110294117647,1632.0,0.17,0.18,0.15,20.4,23.0,10.0,1.1,0.9,0.3,0.9,5.0,2.6,,,,,0.5
612517,1,1578,20,,1578.0,,0.02,0.04,39.8,9.0,1.0,0.3,1.5,0.6,4.8,8.0,3.9,,,,,0.8
938158,1,266,10,,266.0,,,,,3.0,1.0,,,,,,,,,,,
111873,1,2835,32,7.07,2835.0,,,0.0,28.3,2.0,2.0,,,,0.9,0.9,8.6,7.0,3.0,70.9,1.2,
747009,1,788,21,,788.0,0.11000000000000001,0.3,0.04,21.100000000000005,7.0,,0.3,2.9,0.10000000000000002,1.3999999999999997,8.2,3.9,,,,,1.3
411537,1,1776,29,6.72,1776.0,0.56,0.4000000000000001,0.02,9.1,10.0,,0.20000000000000004,0.9,0.4000000000000001,1.8999999999999997,5.0,1.7,,,,,2.5
848509,1,1837,31,6.5,1837.0,,0.02,0.08,20.2,21.0,3.0,0.2,1.4,0.7,2.8,5.3,3.0,,,,,0.4
1086258,1,144,4,,144.0,,,,,3.0,,,,,,,,,,,,
277033,1,1199,31,6.63,1199.0,0.08,0.44000000000000006,0.25,25.7,26.0,8.0,1.3,1.4,0.3,1.1,7.1,4.2,,,,,0.8
998101,2,152,10,6.13,152.0,,,,,5.0,,,,,,,,,,,,
177476,1,688,18,,688.0,,,,,7.0,2.0,,,,,,,,,,,
1107733,2,618,14,8.04,618.0,,,0.04,34.0,5.0,,,2.0,1.0,1.0,16.0,11.0,,,,,3.0
186590,1,439,9,,439.0,,,,,1.0,,,,,,,,,,,,
1178758,1,4,1,,4.0,,,,,,,,,,,,,,,,,
341051,1,1380,23,6.7,1380.0,0.07,0.07,0.03,33.3,7.0,1.0,1.0,2.9,0.6,2.2,5.9,3.8,,,,,0.8
698678,1,2364,35,6.8,2364.0,0.04,0.030000000000000002,0.13,26.0,38.0,6.0,1.2,2.6,1.4,2.6,6.7,4.4,,,,,0.7
427568,1,1003,12,,1003.0,,,,,1.0,,,,,,,,1.0,,,,
716276,1,2142,27,6.77,2142.0,,0.11,0.029999999999999995,26.9,11.0,1.0,0.4,2.6,1.3,4.8,9.4,3.8999999999999995,,,,,1.4
991800,1,121,5,,121.0,,,,,1.0,,,,,,,,,,,,
381753,1,1322,23,6.61,1322.0,,0.03,0.06,35.6,11.0,2.0,0.4000000000000001,1.6000000000000003,1.0,1.3,7.800000000000001,3.5,,,,,1.1
249089,2,947,19,6.11,947.0,,,,,11.0,,,,,,,,,,,,
380350,1,103,4,,103.0,,,,,1.0,,,,,,,,,,,,
283628,1,2198,35,6.88,2198.0,0.2,0.23,0.02,28.6,11.0,1.0,0.2,1.8,0.7,3.4,9.1,2.7,,,,,1.5
51471,2,168,8,6.25,168.0,,,,,4.0,1.0,,,,,,,,,,,
621193,1,24,1,6.239999999999999,24.0,,,,,,,,,,,,,,,,,
356141,2,2088,30,6.865862068965518,2088.0,,0.07396551724137933,0.15,34.105172413793106,22.0,6.0,0.6344827586206896,3.086206896551724,0.7258620689655172,1.1344827586206898,10.037931034482758,5.091379310344827,,,,,1.322413793103448
424015,1,240,7,,240.0,,,,,,,,,,,,,,,,,
319301,1,553,19,,553.0,,0.15,0.12,11.7,9.0,1.0,1.0,1.1,0.2,1.3,5.7,3.1,,,,,0.2
319859,2,2319,37,6.794734799482536,2319.0,0.12000000000000001,0.09,0.24000000000000002,36.2,36.0,12.0,0.8,1.6,0.8,1.5,8.8,4.7,,,,,0.8
352041,1,1440,16,,1440.0,,,,,,,,,,,,,3.0,,,,
698164,1,1167,22,6.61,1167.0,,0.02,0.08,34.3,8.0,2.0,0.2,2.2,1.3,2.4,9.1,2.9,,,,,1.2
1005583,2,55,4,,55.0,,,,,,,,,,,,,,,,,
438001,1,2553,29,6.63,2553.0,0.11,0.08,0.05,33.1,10.0,1.0,,1.8000000000000003,1.0,4.1,7.5,2.4,,,,,1.1
314288,1,1073,31,6.42,1073.0,0.5,0.61,0.13,11.9,11.0,2.0,0.6,1.0,0.3,0.9,4.9,2.6,,,,,1.5
369962,1,246,16,,246.0,,,,,1.0,,,,,,,,,,,,
238223,2,3479,40,7.506665708536936,3479.0,0.11,0.07833285426846796,0.13541822362747916,56.35455590686979,56.0,11.0,1.2708249496981892,2.8625179649324517,1.1583501006036216,1.3,13.812474849094567,8.162460477148606,,,,,1.5416786432883012
967319,1,40,4,,40.0,,,,,,,,,,,,,,,,,
410425,1,605,11,,605.0,,,,,,,,,,,,,,,,,
245056,2,1824,27,6.869111842105263,1824.0,0.05,0.12,0.09605263157894738,32.67631578947368,29.0,3.0,0.29999999999999993,2.4259868421052633,0.9049342105263158,1.8555921052631579,9.327302631578947,3.6654605263157896,,,,,2.7111842105263158
340324,2,539,14,6.46,539.0,,0.63,0.42,11.7,10.0,3.0,0.7,2.2,0.7,0.7,6.6,2.9,,,,,0.7
922563,1,659,13,,659.0,,,,,5.0,3.0,,,,,,,,,,,
564529,1,1,1,,1.0,,,,,,,,,,,,,,,,,
295313,2,501,18,6.18,501.0,,,,,6.0,2.0,,,,,,,,,,,
272622,2,904,14,6.75,904.0,,,0.01,31.0,,,,1.0,2.0,2.0,5.0,6.0,,,,,2.0
111455,2,2993,35,7.244209822920148,2993.0,0.030000000000000002,0.030000000000000002,0.10939859672569328,47.594620781824254,36.0,9.0,0.32104911460073504,1.64209822920147,0.9330771800868695,2.6,11.351119278316071,5.57517540928834,,,,,0.7090210491146007
338629,1,432,12,,432.0,,,,,,,,,,,,,,,,,
340325,1,118,10,,118.0,,,,,2.0,,,,,,,,,,,,
669366,2,1352,30,6.330902366863906,1352.0,0.14,0.09,0.07,18.2,13.0,1.0,0.5,1.3,0.1,0.7,4.9,2.7,,,,,0.9
1009658,1,34,3,,34.0,,,,,,,,,,,,,,,,,
661427,1,1049,22,,1049.0,,0.01,0.09,16.6,8.0,3.0,0.4,0.9,0.6,2.7,4.3,2.3,,,,,0.9
262226,2,1932,31,6.900962732919255,1932.0,,0.07093167701863355,0.07512422360248448,33.61863354037267,20.0,3.0,0.14192546583850935,1.953416149068323,1.4767080745341614,3.190683229813665,7.048757763975154,2.76055900621118,,,,,0.9512422360248447
206746,1,1794,22,7.13,1794.0,0.05,0.05,0.07,37.5,11.0,1.0,0.4,3.3,1.4,3.4,8.3,4.1,,,,,1.4
467623,1,1372,26,6.24,1372.0,0.2,0.21,0.03,12.9,10.0,2.0,0.7,1.0,0.3,1.3,5.6,2.8,,,,,1.4
177907,2,1745,24,7.069598853868195,1745.0,0.05,0.058968481375358164,0.04908309455587393,41.76189111747851,6.0,3.0,0.19799426934097422,1.2,0.7,5.612320916905444,7.9833810888252135,3.482521489971347,,,,,0.9
843595,1,135,2,,135.0,,,,,1.0,,,,,,,,,,,,
421637,2,178,7,6.2,178.0,,,0.01,16.0,1.0,1.0,,1.0,3.0,,9.0,5.0,,,,,3.0
188077,1,986,26,6.64,986.0,0.18,0.18,0.08,39.1,11.0,2.0,1.7,2.5,1.1,1.6,11.2,5.7,,,,,1.6
1045123,1,21,6,,21.0,,,,,1.0,,,,,,,,,,,,
183288,2,3321,39,6.945663956639566,3321.0,0.03,0.02,0.065420054200542,41.578861788617886,20.0,1.0,0.3,2.0701897018970192,1.291869918699187,2.583739837398374,6.1403794037940385,3.0,,,,,1.4
494880,2,1028,16,6.06,1028.0,,,0.029999999999999995,77.0,5.0,2.0,,1.0,1.0,5.0,10.0,3.0,,,,,
559263,1,100,6,,100.0,,,,,,,,,,,,,,,,,
696181,1,400,14,,400.0,,,,,1.0,,,,,,,,,,,,
61834,1,8,1,,8.0,,,,,,,,,,,,,,,,,
425902,1,604,22,,604.0,,0.07,0.060000000000000005,30.2,5.0,,0.1,2.4,1.3,3.4,10.3,2.7,,,,,1.9
433183,1,12,3,,12.0,,,,,,,,,,,,,,,,,
548729,1,69,4,,69.0,,,,,,,,,,,,,,,,,
251106,1,214,23,,214.0,0.42,0.84,0.03,16.0,1.0,1.0,0.4,0.4,,5.9,9.7,2.9,,,,,2.5
183334,2,1490,27,7.118322147651007,1490.0,0.25,0.15,0.12000000000000001,23.9,27.0,6.0,0.7,3.0,0.9,2.0,6.1,4.8,,,,,1.4
933018,1,57,6,,57.0,,,,,,,,,,,,,,,,,
265471,1,90,1,6.390000000000001,90.0,,,0.01,50.0,,,,,,3.0,7.0,3.0,,,,,
234803,2,1262,25,6.7699683042789225,1262.0,0.08,0.08,0.10643423137876386,45.60697305863708,21.0,4.0,0.2,0.9784469096671949,0.6998415213946116,2.6782884310618065,4.684944532488115,3.092868462757528,,,,,0.3
417346,1,263,11,,263.0,,,,,2.0,1.0,,,,,,,,,,,
126664,1,1852,31,6.8,1852.0,,0.04,0.16,28.7,26.0,4.0,0.2,1.7,0.7,3.0,5.6,3.1,,,,,0.7
262980,1,1724,31,6.73,1724.0,,0.1,0.08000000000000002,36.1,13.0,3.0,0.2,1.5,1.3000000000000003,3.2,11.5,5.299999999999999,,,,,1.3000000000000003
204103,1,377,24,,377.0,,0.17,0.14,19.3,3.0,1.0,2.9,0.5,,0.5,4.3,3.3,,,,,1.7
314367,1,1064,23,,1064.0,0.08,0.13,0.16,23.6,20.0,6.0,1.2,0.9,0.2,0.3,5.7,4.2,,,,,0.6
670848,1,25,2,,25.0,,,,,2.0,,,,,,,,,,,,
670860,1,778,20,,778.0,0.12,0.12,0.07,48.9,8.0,1.0,0.10000000000000002,1.7,0.6999999999999998,2.2,9.4,4.6,,,,,1.7
250426,1,1146,14,,1146.0,,,,,6.0,3.0,,,,,,,,,,,
72476,2,3510,39,6.821025641025641,3510.0,,,0.0,28.543589743589745,,,,0.1,0.0,1.1948717948717948,1.2923076923076924,8.415384615384616,9.0,2.6102564102564103,65.39487179487179,1.3435897435897435,
16306,1,2588,34,7.33,2588.0,0.31,0.19,0.11,45.2,36.0,4.0,0.2,3.1,1.1,2.5,12.5,4.8,,,,,1.6
568006,1,320,8,,320.0,,,,,,,,,,,,,,,,,
292246,1,1452,26,6.41,1452.0,0.11999999999999998,0.15,0.1,17.7,15.0,3.0,0.6,0.6,0.8,1.0,6.0,3.5,,,,,1.7
505194,1,90,1,6.54,90.0,,0.02,0.01,35.0,1.0,,,1.0,,7.0,10.0,2.0,,,,,2.0
1063329,1,83,6,,83.0,,,,,,,,,,,,,,,,,
173504,2,3420,38,7.137368421052632,3420.0,0.05,0.06947368421052633,0.05842105263157894,33.76315789473684,18.0,2.0,0.1,1.3894736842105264,0.9552631578947368,6.434210526315789,10.16842105263158,2.442105263157895,,,,,0.9
342046,1,1202,14,,1202.0,,,,,,,,,,,,,,,,,
392179,1,1539,19,,1539.0,,0.01,0.02,33.9,4.0,,0.1,1.4,0.7,7.299999999999999,10.2,2.8999999999999995,,,,,0.3
184573,2,1034,18,3.5700000000000003,1034.0,,,0.0,27.0,2.0,1.0,,,,3.0,3.0,1.0,,,,,
531679,2,3213,36,7.22064425770308,3213.0,0.03,0.07,0.059439775910364145,42.65238095238095,21.0,1.0,0.31960784313725493,2.291596638655462,1.4448179271708683,2.4168067226890755,11.930812324929974,5.194397759103641,,,,,1.4168067226890755
336077,1,540,6,,540.0,,,,,1.0,1.0,,,,,,,,,,,
207014,1,1568,31,6.56,1568.0,,0.06,0.10999999999999999,31.6,21.0,1.0,0.6,1.5,0.9,1.6,8.3,3.8,,,,,1.3
432914,1,438,5,,438.0,,,,,,,,,,,,,1.0,,,,
192080,1,2417,27,6.92,2417.0,,0.01,0.0,13.700000000000001,,,,0.0,,1.3,1.3,9.5,7.0,3.3,70.1,1.4,0.0
192279,1,90,1,,90.0,,,,,,,,,,,,,,,,,
571743,1,849,24,,849.0,0.11,0.23,0.02,11.1,5.0,1.0,0.8,0.6,0.3,1.0,4.7,2.8,,,,,1.5
148367,1,101,7,,101.0,,,,,,,,,,,,,,,,,
108725,2,934,16,5.96,934.0,,,,,5.0,,,,,,,,,,,,
617755,1,134,2,,134.0,,,,,,,,,,,,,,,,,
1011738,2,1745,24,7.069598853868195,1745.0,0.05,0.058968481375358164,0.04908309455587393,41.76189111747851,6.0,3.0,0.19799426934097422,1.2,0.7,5.612320916905444,7.9833810888252135,3.482521489971347,,,,,0.9
430310,1,157,7,,157.0,,,,,3.0,,,,,,,,,,,,
131978,2,926,22,6.627257019438444,926.0,0.32,0.16,0.14,37.7,12.0,4.0,1.4,1.5,0.2,1.1,7.799999999999999,4.8,,,,,1.0
829299,1,270,3,,270.0,,,,,1.0,,,,,,,,,,,,
134270,1,2199,29,6.71,2199.0,0.04,0.04,0.02,34.2,7.0,,0.1,1.6,0.9,6.2,9.2,3.1,,,,,1.5
135343,2,1092,17,,1092.0,,,,,4.0,,,,,,,,,,,,
131996,1,638,12,,638.0,,,,,8.0,2.0,,,,,,,,,,,
528892,1,19,1,7.409999999999999,19.0,,,,,,,,,,,,,,,,,
342385,1,177,6,,177.0,,,,,,,,,,,,,,,,,
296802,1,90,1,,90.0,,,,,,,,,,,,,1.0,,,,
120629,1,1800,20,6.57,1800.0,,,0.0,12.6,1.0,,,,0.1,1.5,1.5,7.1,,3.9,67.5,1.9,0.1
927768,1,1406,20,,1406.0,,0.04,0.09,30.099999999999998,20.0,1.0,1.2,1.9000000000000001,1.3,2.5,6.0,5.5,,,,,1.0
1283997,2,2626,35,7.127600913937547,2626.0,0.030000000000000002,0.07,0.09,33.1,30.0,5.0,0.6,1.8,0.9,3.2,6.2,4.6,,,,,0.9
933017,1,165,3,,165.0,,,,,,,,,,,,,,,,,
123682,2,1250,33,6.4,1250.0,0.51,0.55,0.04,7.3,9.0,1.0,0.9,0.3,0.2,0.4,3.0,2.0,,,,,0.9
339340,1,15,3,,15.0,,,,,,,,,,,,,,,,,
293281,1,1023,28,6.3,1023.0,,0.12,0.1,20.9,12.0,2.0,0.9,1.1,0.5,1.1,5.5,2.7,,,,,0.1
146310,1,171,8,,171.0,,,,,1.0,,,,,,,,,,,,
242606,1,1519,18,,1519.0,,,,,13.0,4.0,,,,,,,,,,,
240692,2,2059,26,6.854424477901893,2059.0,,0.01,0.041364740165128706,32.65565808644973,8.0,,0.7131131617289946,1.8524526469159788,1.469936862554638,3.625692083535697,7.5218552695483245,4.139339485186984,,,,,1.5218552695483245
314384,2,794,13,8.36,794.0,,0.18,0.21,74.0,10.0,3.0,,1.0,1.0,3.0,5.0,3.0,,,,,1.0
148153,2,2927,34,6.9859890673044065,2927.0,0.03,0.049999999999999996,0.020614964127092586,74.10693542876666,7.0,1.0,0.09999999999999999,1.0969251793645372,1.0,4.5,7.233959685685002,4.229279125384353,,,,,0.546122309531944
485583,1,428,8,,428.0,,,,,5.0,2.0,,,,,,,,,,,
1091562,1,38,4,,38.0,,,,,1.0,,,,,,,,,,,,
1007720,1,2,1,,2.0,,,,,,,,,,,,,,,,,
134294,1,157,7,,157.0,,,,,3.0,,,,,,,,,,,,
127202,2,2757,32,6.905516866158868,2757.0,,,0.0,14.933514689880303,1.0,,1.0,0.0,,0.9,0.9,6.775081610446137,7.0,3.160826985854189,70.76289445048967,1.2902067464635474,
249994,1,2070,23,6.76,2070.0,,,0.0,18.1,1.0,,,0.0,,2.0,2.1,9.4,4.0,2.8,63.7,1.6,
75489,1,408,8,,408.0,,,,,7.0,,,,,,,,,,,,
225452,1,27,1,,27.0,,,,,,,,,,,,,,,,,
296978,1,19,1,6.13,19.0,,,,,,,,,,,,,,,,,
192765,1,138,3,,138.0,,,,,1.0,,,,,,,,,,,,
911424,1,2,1,,2.0,,,,,,,,,,,,,,,,,
458178,1,19,1,7.409999999999999,19.0,,,,,,,,,,,,,,,,,
442248,1,321,4,,321.0,,,,,,,,,,,,,,,,,
435062,2,1250,33,6.4,1250.0,0.51,0.55,0.04,7.3,9.0,1.0,0.9,0.3,0.2,0.4,3.0,2.0,,,,,0.9
183299,2,1250,33,6.4,1250.0,0.51,0.55,0.04,7.3,9.0,1.0,0.9,0.3,0.2,0.4,3.0,2.0,,,,,0.9
67063,1,2263,37,6.79,2263.0,0.52,0.48999999999999994,0.06,15.400000000000002,20.0,4.0,0.4,1.0,0.4,1.2,4.5,2.0,,,,,1.2
296986,1,2,1,,2.0,,,,,,,,,,,,,,,,,
1069512,1,49,7,,49.0,,,,,1.0,,,,,,,,,,,,
253677,2,1339,18,6.17,1339.0,,,,,5.0,1.0,,,,,,,,,,,
118534,1,2590,33,6.98,2590.0,0.1,0.08,0.02,32.7,2.0,,0.2,1.3,1.3,7.1,10.5,3.1,,,,,0.6
206040,1,2199,36,6.74,2199.0,0.37,0.47,0.04,13.5,25.0,2.0,0.4,1.4,0.3,1.2,5.4,2.3,,,,,1.8999999999999997
293194,1,99,7,,99.0,,,,,2.0,,,,,,,,,,,,
226049,1,212,3,,212.0,,,,,,,,,,,,,,,,,
605426,1,270,3,,270.0,,,,,,,,,,,,,1.0,,,,
1322090,1,39,1,,39.0,,,,,,,,,,,,,,,,,
507700,1,2886,38,7.15,2886.0,0.06,0.08,0.13,62.0,47.0,7.0,0.7,1.7,0.7,1.1,8.2,4.6,,,,,1.2
488935,1,90,1,,90.0,,,,,,,,,,,,,,,,,
865993,1,22,1,5.75,22.0,,,,,,,,,,,,,,,,,
1202361,1,16,1,,16.0,,,,,,,,,,,,,,,,,
381963,1,37,6,,37.0,,,,,1.0,,,,,,,,,,,,
1107726,1,113,6,,113.0,,,,,2.0,,,,,,,,,,,,
626474,2,459,12,6.09,459.0,,,,,7.0,2.0,,,,,,,,,,,
183318,1,19,2,,19.0,,,,,,,,,,,,,,,,,
181380,1,127,3,,127.0,,,,,1.0,,,,,,,,,,,,
226973,1,90,7,,90.0,,,,,3.0,,,,,,,,,,,,
128904,2,2320,28,7.238189655172413,2320.0,0.08,0.020000000000000004,0.04008620689655172,71.64224137931035,10.0,,0.1310344827586207,0.5,0.9612068965517241,4.9077586206896555,7.014655172413793,3.402586206896552,,,,,0.6
110864,1,1080,12,,1080.0,,,,,,,,,,,,,,,,,
296582,1,203,6,,203.0,,,,,4.0,,,,,,,,,,,,
953135,1,58,2,,58.0,,,,,,,,,,,,,,,,,
415970,1,497,11,,497.0,,,,,,,,,,,,,,,,,
67420,2,3321,39,6.945663956639566,3321.0,0.03,0.02,0.065420054200542,41.578861788617886,20.0,1.0,0.3,2.0701897018970192,1.291869918699187,2.583739837398374,6.1403794037940385,3.0,,,,,1.4
874080,2,2343,35,6.835134443021767,2343.0,0.08,0.05999999999999999,0.11999999999999998,43.6,27.0,4.0,0.5,2.1,1.2,1.5,5.1,4.8,,,,,0.8
487417,1,19,1,6.13,19.0,,,,,,,,,,,,,,,,,
124884,2,675,8,6.869999999999999,675.0,,,0.0,18.0,,,,,,2.0,2.0,6.0,1.0,3.0,42.9,4.0,
900601,1,7,2,,7.0,,,,,,,,,,,,,,,,,
167268,1,26,1,6.1899999999999995,26.0,,,,,,,,,,,,,,,,,
340321,1,2,2,,2.0,,,,,1.0,,,,,,,,,,,,
28260,1,1800,20,6.57,1800.0,,,0.0,12.6,1.0,,,,0.1,1.5,1.5,7.1,,3.9,67.5,1.9,0.1
27614,1,778,20,,778.0,0.12,0.12,0.07,48.9,8.0,1.0,0.10000000000000002,1.7,0.6999999999999998,2.2,9.4,4.6,,,,,1.7
95810,1,1592,21,6.809999999999999,1592.0,,0.0,0.11,48.7,28.0,1.0,0.2,1.5,0.6,2.7,4.8,4.1,,,,,1.2
95424,1,3097,36,6.669999999999999,3097.0,,0.0,0.04,32.4,13.0,3.0,0.4000000000000001,1.6000000000000003,1.3,3.0,6.2,4.5,,,,,0.9
314241,1,1759,33,6.31,1759.0,0.05,0.04,0.02,25.7,12.0,,0.5,2.5,1.4,2.0,9.5,3.3,,,,,1.6
111195,1,1050,24,6.81,1050.0,0.09,0.1,0.02,30.9,4.0,,0.2,2.7,1.5,3.8,8.5,3.4,,,,,0.9
551001,2,2430,27,6.791111111111111,2430.0,,,0.0,24.437037037037037,,,,,,1.4222222222222223,1.4222222222222223,8.696296296296296,8.0,2.22962962962963,64.62222222222222,1.2296296296296296,0.0
61651,1,1922,32,6.7,1922.0,0.05,0.02,0.10999999999999999,42.2,19.0,8.0,0.1,1.3,0.8,1.6,8.6,4.6,,,,,0.6
1041600,2,56,4,6.04,56.0,,,,,,,,,,,,,,,,,
559130,2,2757,37,7.132100108813927,2757.0,0.33,0.19,0.16,21.1,40.0,8.0,0.6,1.0,0.5,1.6,5.9,2.7,,,,,0.4
587003,2,1569,24,7.157437858508604,1569.0,0.06,0.08,0.13,45.5,17.0,3.0,0.7,1.7,1.2,2.0,9.3,4.2,,,,,0.3
670850,2,1322,28,6.738615733736761,1322.0,0.07,0.14,0.06,51.5,8.0,1.0,0.1,2.7,1.4,1.3,9.3,3.4,,,,,0.9
1081995,1,67,11,,67.0,,,,,1.0,,,,,,,,,,,,
201574,1,45,1,,45.0,,,,,,,,,,,,,,,,,
3775,1,8,1,,8.0,,,,,,,,,,,,,,,,,
36861,1,3,1,,3.0,,,,,,,,,,,,,,,,,
14031,2,3510,39,6.95,3510.0,,,0.0,16.29230769230769,1.0,,0.0,0.0,0.1,1.5512820512820513,1.5512820512820513,8.3,11.0,2.9307692307692306,66.7974358974359,1.4820512820512821,0.1
27577,2,2622,31,6.781167048054919,2622.0,0.04,0.05862700228832952,0.01034324942791762,54.15423340961098,10.0,,0.4,2.1588100686498857,0.8,3.482837528604119,7.186727688787185,4.1931350114416475,,,,,1.0
171679,1,791,11,,791.0,,,,,3.0,1.0,,,,,,,,,,,
209212,1,38,4,,38.0,,,,,,,,,,,,,,,,,
184129,1,19,1,7.409999999999999,19.0,,,,,,,,,,,,,,,,,
1011140,1,107,3,,107.0,,,,,2.0,,,,,,,,,,,,
697280,1,8,1,,8.0,,,,,,,,,,,,,,,,,
307763,2,720,8,6.880000000000001,720.0,,,0.0,31.0,,,,,,4.0,4.0,12.0,2.0,5.0,62.5,3.0,
128909,1,263,11,,263.0,,,,,2.0,1.0,,,,,,,,,,,
706889,1,9,1,,9.0,,,,,,,,,,,,,,,,,
117996,2,2256,35,7.378705673758866,2256.0,0.3,0.26847517730496456,0.22753546099290778,46.05425531914894,59.0,13.0,1.1381205673758865,1.5457446808510638,0.4,0.5381205673758865,6.854255319148937,4.300886524822696,,,,,0.8609929078014185
121324,1,90,1,7.609999999999999,90.0,,,0.0,25.0,,,,1.0,,17.0,21.0,3.0,,,,,
948294,2,2971,36,7.658317064961293,2971.0,0.37,0.27,0.14,36.0,52.0,13.0,2.2,2.8,0.9,0.39999999999999997,4.2,4.3,,,,,1.7
845654,2,2907,37,7.502848297213622,2907.0,0.32,0.26,0.31,32.6,79.0,15.0,2.5,0.8,0.2,0.2,1.3,3.8,,,,,0.7
610442,2,2839,34,6.823955618175415,2839.0,0.39,0.35,0.09,12.3,34.0,5.0,0.4,0.1,,0.5,0.7,1.1,,,,,1.2
357164,1,1859,29,7.05,1859.0,0.44,0.48,0.16,23.6,23.0,10.0,1.3,0.3,0.2,0.3,0.9,2.1,,,,,0.9
624690,2,2538,30,7.15711977935382,2538.0,0.07,0.08,0.09,45.3,26.0,4.0,1.1,1.7999999999999998,0.7,1.0,3.5999999999999996,4.6,,,,,1.7000000000000002
326029,2,1546,19,9.69,1546.0,,,,,9.0,2.0,,,,,,,,,,,
607854,2,2325,31,7.137290322580646,2325.0,0.08,0.17458064516129035,0.06767741935483872,47.32322580645161,26.0,3.0,0.6,2.345806451612903,1.0961290322580646,1.6729032258064516,5.307096774193548,5.345806451612903,,,,,1.384516129032258
574671,2,3050,36,7.1924262295081975,3050.0,0.16,0.10586885245901638,0.03822950819672131,53.03672131147541,15.0,,0.5,1.8062295081967212,0.6,3.7472131147540986,6.523934426229508,3.088524590163934,,,,,0.8763934426229508
315779,1,1611,30,7.11,1611.0,0.45,0.45,0.23,32.1,38.0,9.0,1.8,0.8000000000000002,0.20000000000000004,0.6,1.7,3.0,,,,,0.6
964580,2,2547,31,7.158939929328622,2547.0,0.18,0.06,0.14459363957597174,30.096466431095404,36.0,9.0,0.5176678445229682,1.9035335689045938,0.8,2.3,5.086925795053004,4.254063604240283,,,,,1.289399293286219
406040,1,797,12,,797.0,,,,,17.0,4.0,,,,,,,,,,,
315969,2,2883,34,7.310613943808532,2883.0,0.32,0.3403225806451613,0.04906347554630594,37.90957336108221,25.0,2.0,0.8062434963579604,0.9000000000000001,0.7405827263267429,1.5468262226847034,3.609261186264308,4.162539021852237,,,,,0.8374609781477628
463618,1,2453,35,7.12,2453.0,0.10999999999999999,0.10999999999999999,0.13,48.0,24.0,4.0,0.8,2.2,0.4,1.1,4.0,4.4,,,,,1.4
571604,2,1907,25,7.251772417409544,1907.0,0.15,0.12575249082328263,0.07669638175144207,54.79160985841636,15.0,2.0,0.6,2.3,2.1,3.4772941793392764,8.383796539066596,4.811221814368118,,,,,1.4764027267960147
371149,2,2773,32,7.134929679047962,2773.0,0.1,0.08103498016588534,0.029350883519653804,50.09981968986658,6.0,1.0,0.1,0.8714028128380815,1.5805265055896143,4.612982329606924,7.548683736025965,4.612982329606924,,,,,1.1616660656328885
516716,2,2265,27,7.366026490066225,2265.0,0.2029801324503311,0.13192052980132452,0.057947019867549666,48.70860927152318,11.0,1.0,0.039735099337748346,1.2317880794701987,1.2880794701986755,4.062913907284768,7.006622516556291,4.6158940397351,,,,,0.9039735099337748
668951,2,2197,34,7.0765589440145655,2197.0,0.25,0.17,0.18,34.8,45.0,5.0,1.5,0.8,0.4,0.5,1.7,5.5,,,,,0.3
338670,2,3510,39,7.274871794871794,3510.0,,,0.0,21.394871794871793,,,,0.1,0.0,0.7,0.8,8.225641025641025,19.0,2.830769230769231,78.07692307692308,0.8,
668547,2,2793,37,7.100827067669173,2793.0,0.1,0.07,0.1,65.1,32.0,4.0,0.3,1.8000000000000003,0.7,0.9000000000000001,3.5,4.3,,,,,1.4
895937,1,3084,37,7.03,3084.0,0.03,0.05,0.1,21.5,32.0,7.0,2.0,1.6,0.6,1.2,3.5,3.4,,,,,1.2
357498,1,970,19,,970.0,0.65,0.66,0.11,11.3,12.0,1.0,0.3,0.3,0.2,0.4,1.0,0.7,,,,,0.8
364135,2,2068,27,6.78242746615087,2068.0,0.35,0.66,0.01,6.8,3.0,,1.1,0.3,0.3,0.7,1.3,1.5,,,,,1.3
585949,2,3372,38,7.255747330960855,3372.0,0.05000000000000001,0.05026690391459076,0.08813167259786477,52.92615658362989,44.0,11.0,0.20000000000000004,1.734697508896797,0.7346975088967971,1.7880782918149465,4.452135231316726,4.238612099644127,,,,,0.9
849520,2,2388,36,6.716407035175879,2388.0,0.27,0.28,0.030000000000000002,11.3,28.0,4.0,0.6,0.4,0.0,1.1,1.6,1.7,,,,,1.3
618341,2,2644,33,7.013290468986384,2644.0,,0.05,0.023698940998487142,60.362367624810894,7.0,1.0,0.2,1.6630105900151286,0.9,3.926021180030257,7.027382753403934,4.9061649016641455,,,,,0.6938350983358547
533738,1,1782,35,6.7,1782.0,0.3,0.45,0.08,20.9,33.0,5.0,0.3,0.9,0.3,0.3,1.4,3.1,,,,,1.5
332697,2,2931,37,7.204953940634596,2931.0,0.16,0.23662231320368474,0.1853940634595701,31.567144319344933,48.0,6.0,0.515353121801433,1.3,0.8,1.6122824974411465,3.8416581371545546,3.4,,,,,1.4
1061282,2,1129,18,6.48,1129.0,,,,,11.0,4.0,,,,,,,,,,,
487474,2,2167,32,7.227831102907245,2167.0,0.13,0.33,0.22,31.800000000000004,44.0,7.0,2.3,1.5,0.3,0.2,2.0,4.2,,,,,1.4
459763,2,3420,38,7.248157894736842,3420.0,,,0.0,20.989473684210527,,,0.0,0.0,,0.9026315789473685,0.9026315789473685,7.344736842105263,13.0,3.2026315789473685,76.98421052631579,0.9026315789473685,0.0
813137,2,1295,26,6.854077220077219,1295.0,0.14,0.11999999999999998,0.08,49.0,14.0,3.0,0.6,1.9,1.6999999999999997,1.1,4.7,5.3,,,,,1.4
1190411,2,1805,32,6.898531855955678,1805.0,0.1,0.21,0.22,18.8,36.0,11.0,2.1,1.3000000000000003,0.29999999999999993,0.5,2.1,3.6000000000000005,,,,,1.3000000000000003
580451,2,1614,30,7.214349442379182,1614.0,0.34,0.11,0.27,42.5,62.0,8.0,1.3,1.2,0.3,0.1,1.6999999999999997,4.9,,,,,0.9000000000000001
948278,2,2833,33,7.25493116837275,2833.0,0.07,0.1515884221673138,0.049364631133074474,63.771549594069896,12.0,1.0,0.22541475467702082,1.6127073773385106,1.2,3.936463113307448,7.291987292622662,3.8698905753618074,,,,,1.1
435772,2,2218,32,7.111208295761948,2218.0,0.12,0.15,0.36,32.9,64.0,18.0,2.0,1.0,0.2,0.6,1.9,5.0,,,,,0.9
386446,1,2519,33,6.949999999999999,2519.0,,0.05,0.03,60.099999999999994,3.0,,0.0,1.2,1.4,4.0,7.099999999999999,4.1,,,,,1.7999999999999998
1077175,1,1374,22,6.83,1374.0,,0.13,0.05,41.9,2.0,,0.3,2.4,1.5,3.2,7.700000000000001,3.1000000000000005,,,,,1.6
830365,2,902,15,6.52,902.0,,,,,14.0,2.0,,,,,,,,,,,
465830,1,1430,16,,1430.0,,,,,15.0,1.0,,,,,,,,,,,
855308,2,2637,33,6.9647440273037535,2637.0,0.18,0.14,0.08,30.300000000000004,35.0,5.0,2.2,0.9000000000000001,0.7,1.2,2.9,3.8999999999999995,,,,,0.8
523318,2,2368,39,6.840903716216216,2368.0,0.5671030405405406,0.4933023648648649,0.058479729729729736,9.655574324324325,23.0,2.0,0.5,0.5,0.2,0.6152027027027027,1.3847972972972973,1.1,,,,,1.3847972972972973
679423,1,2835,32,6.910000000000001,2835.0,0.06,0.05,0.01,44.9,5.0,1.0,0.2,1.4,1.4,7.0,10.9,2.9,,,,,0.8
315867,2,1379,25,6.925649021029731,1379.0,0.68,0.46,0.06,15.099999999999998,18.0,1.0,0.9000000000000001,0.5,0.2,1.0,1.9,2.2,,,,,1.8000000000000003
921655,1,2756,35,6.909999999999999,2756.0,0.2,0.17,0.06,34.2,23.0,1.0,0.8,1.0,0.5,1.0,2.7,3.0,,,,,0.8
265088,2,3094,37,7.573962508080154,3094.0,0.029999999999999995,0.08,0.1465093729799612,73.42805429864254,48.0,5.0,0.3,3.038914027149321,1.339625080801551,2.281447963800905,7.368713639301874,5.417453135100193,,,,,1.6116354234001296
344381,1,1351,32,6.81,1351.0,0.4699999999999999,0.63,0.09999999999999999,20.1,16.0,3.0,0.6,0.3,0.19999999999999998,0.5,1.1,2.1,,,,,0.6
368887,1,653,24,,653.0,0.14,0.48999999999999994,0.16,15.200000000000001,8.0,1.0,0.6,0.7999999999999999,0.09999999999999999,0.39999999999999997,1.5,1.7,,,,,1.1
470394,2,1490,18,7.06,1490.0,,,0.029999999999999995,19.0,14.0,1.0,,1.0,1.0,,2.0,3.0,,,,,1.0
608172,2,772,16,6.6,772.0,,,,,11.0,2.0,,,,,,,,,,,
463665,2,3051,36,7.212300884955753,3051.0,0.09,0.08,0.06911504424778761,55.789675516224186,23.0,3.0,1.2,2.3,1.4852507374631267,3.805899705014749,8.067551622418879,5.194100294985251,,,,,0.932448377581121
901019,2,1002,26,6.722754491017965,1002.0,0.09,0.1,0.09,47.2,12.0,2.0,0.8,1.8,1.5,1.4,4.9,4.8,,,,,2.1
525704,2,603,12,7.679999999999999,603.0,,0.04,0.02,40.0,14.0,2.0,1.0,2.0,1.0,4.0,7.0,8.0,,,,,1.0
490384,2,1978,28,6.963690596562184,1978.0,0.05,0.04365015166835187,0.01908998988877654,56.77168857431749,5.0,,0.2,1.6365015166835186,0.7728008088978766,4.908998988877654,7.81830131445905,3.772800808897877,,,,,1.4091001011122344
469822,1,925,16,,925.0,,,,,21.0,9.0,,,,,,,,,,,
569598,1,2217,33,6.78,2217.0,0.08,0.15,0.14,27.0,36.0,5.0,0.5,1.7,0.8,0.6,3.2,3.6,,,,,0.9
480116,2,3088,36,7.109507772020726,3088.0,0.03,0.032040155440414504,0.03883419689119171,54.32040155440414,11.0,3.0,0.5,1.4,0.4,3.456282383419689,5.786334196891192,5.0,,,,,1.3
486031,1,17,2,,17.0,,,,,1.0,,,,,,,,,,,,
741257,2,73,2,6.15,73.0,,,,,3.0,,,,,,,,,,,,
405885,2,873,14,8.03,873.0,,,,,17.0,,,,,,,,,,,,
433984,1,1680,24,6.96,1680.0,0.11,0.09,0.03,67.2,6.0,,0.1,1.0,0.8,3.1,5.5,3.9,,,,,1.0
339332,2,686,19,6.38,686.0,,,,,15.0,4.0,,,,,,,,,,,
503075,1,1965,28,6.81,1965.0,0.05,0.04000000000000001,0.010000000000000002,47.8,2.0,,0.2,2.2,1.3,4.7,9.0,5.7,,,,,1.6
467992,1,1297,31,6.72,1297.0,0.07,0.10999999999999999,0.13,40.5,20.0,5.0,0.3,1.1,0.6,2.0,4.1,4.0,,,,,1.2
413565,1,2287,29,6.96,2287.0,0.04,0.04,0.02,57.1,7.0,1.0,0.2,1.6,1.3,4.0,7.3999999999999995,5.2,,,,,0.9000000000000001
887638,2,2553,33,6.929565217391303,2553.0,0.07,0.04,0.15869565217391304,33.65652173913043,48.0,6.0,0.4,1.8608695652173914,0.4173913043478261,2.4956521739130433,5.160869565217391,2.6652173913043478,,,,,0.7043478260869565
525299,1,1483,28,6.86,1483.0,0.05999999999999999,0.05,0.08,42.4,21.0,2.0,0.5,2.0,0.5,1.3,3.9,6.0,,,,,1.2
550108,2,1966,34,7.025564598168871,1966.0,0.09,0.14,0.21,25.2,38.0,11.0,1.3,1.4,0.8,1.1,3.4,5.4,,,,,1.0
423744,1,803,17,,803.0,,,,,6.0,,,,,,,,,,,,
182906,2,3476,39,7.239125431530495,3476.0,,,0.0,23.086421173762943,,,0.12071346375143845,,0.0,0.6,0.6,7.680897583429228,14.0,2.8016110471806672,75.04430379746836,0.974108170310702,
459658,2,2815,37,7.0516447602131445,2815.0,0.1,0.09,0.18,43.8,56.0,12.0,0.3,2.0,0.6,0.6,3.5,5.4,,,,,0.9
495667,2,2793,37,7.324038668098819,2793.0,0.2,0.22000000000000003,0.17,58.60000000000001,46.0,10.0,0.7,1.9,0.6,0.6,3.0,5.5,,,,,1.1
432298,1,1800,20,6.95,1800.0,,,0.01,21.7,1.0,,,,,1.3,1.3,8.9,5.0,3.3,70.2,1.4,
572265,2,413,17,5.97,413.0,,,,,2.0,1.0,,,,,,,,,,,
381950,2,2852,37,7.366335904628332,2852.0,0.09999999999999999,0.11,0.16,35.8,55.0,9.0,1.5999999999999999,2.3,0.9,0.7,4.1,5.1,,,,,0.7999999999999999
651005,2,1962,34,6.5389908256880735,1962.0,0.14,0.12724770642201835,0.06137614678899082,29.957798165137618,7.0,1.0,0.3321100917431193,1.6678899082568808,0.7,1.6,4.289908256880734,3.7559633027522934,,,,,1.4238532110091742
708635,2,1640,24,6.980170731707317,1640.0,,0.02,0.2,34.2,27.0,5.0,0.5,1.6999999999999997,0.8,2.1,4.9,3.0,,,,,0.5
747720,1,688,12,,688.0,,,,,7.0,2.0,,,,,,,,,,,
257474,1,2430,27,7.16,2430.0,,,0.0,27.1,3.0,1.0,,,,0.8,0.8,7.5,11.0,2.1,70.0,0.9,0.0
707844,2,3066,38,6.930704500978474,3066.0,0.029999999999999995,0.02,0.01,32.2,12.0,,0.9,2.2,1.3,0.9,4.8,4.6,,,,,0.9
648046,1,776,16,,776.0,,,,,15.0,2.0,,,,,,,,,,,
579930,2,2705,39,6.959334565619224,2705.0,0.24000000000000002,0.13731977818853974,0.16931608133086878,24.009426987060998,56.0,16.0,1.0,0.9033271719038817,0.2,0.4,1.5800369685767097,2.7099815157116454,,,,,1.386691312384473
552955,1,896,16,,896.0,,,,,4.0,1.0,,,,,,,,,,,
934878,1,944,30,6.32,944.0,0.29,0.28,0.04,10.0,10.0,1.0,1.1,1.1,0.2,0.5,1.8,3.1,,,,,1.9
401922,2,205,3,8.07,205.0,,0.08,0.34,30.5,7.0,3.0,1.0,2.0,,0.5,3.0,4.0,,,,,
701819,1,1086,23,6.73,1086.0,,0.03,0.02,42.9,4.0,,0.2,2.5,1.7,4.6,9.3,4.6,,,,,1.9000000000000001
746712,2,1780,28,6.546601123595505,1780.0,0.05,0.05,0.01,47.6,3.0,,0.1,1.7,1.3,5.4,9.1,3.3,,,,,1.3
323167,2,2548,32,6.914929356357929,2548.0,,0.05,0.01,49.0,2.0,,,0.7,0.5,5.5,7.6,2.4,,,,,0.9
746695,1,1002,25,6.6,1002.0,0.18,0.21,0.19,26.0,13.0,3.0,2.0,0.8,0.2,0.7,1.8,4.2,,,,,1.2
303254,1,2563,33,6.970000000000001,2563.0,,0.02,0.03,49.8,4.0,2.0,0.1,2.3,1.0,3.5,7.6,2.6,,,,,1.3
528833,2,1053,27,6.700569800569801,1053.0,0.18,0.26,0.23,38.8,30.0,2.0,1.2,1.1,0.8,0.7,2.6,4.3,,,,,1.5
401529,2,3229,37,7.071746670795911,3229.0,0.03,0.05860637968411273,0.1363765871786931,33.23521213998142,51.0,8.0,1.3,0.8055744812635491,0.9,1.6804893155775782,3.458191390523382,4.819170021678539,,,,,0.6111489625270982
432090,2,2626,34,7.148987052551409,2626.0,0.07,0.09,0.13,52.79999999999999,62.0,11.0,0.7,1.6000000000000003,0.6,0.8999999999999999,3.4000000000000004,5.1,,,,,0.8000000000000002
644408,2,1617,27,6.6544712430426705,1617.0,,0.02,0.01888682745825603,61.030055658627084,4.0,1.0,0.1,0.7166975881261595,0.9612244897959183,4.133209647495362,6.5278293135436,3.4,,,,,0.9781076066790353
462823,2,1643,31,6.694936092513695,1643.0,0.28,0.28,0.07,23.4,17.0,,1.5,0.9,0.4,0.3,1.8,3.5,,,,,1.0
703245,2,637,13,8.27,637.0,,,,,12.0,1.0,,,,,,,,,,,
368482,2,2175,36,6.998758620689655,2175.0,0.43,0.41,0.05,16.8,28.0,1.0,1.4,0.9,0.3,0.7,2.0,2.8,,,,,0.9
376514,2,1378,26,6.839999999999999,1378.0,,0.09,0.04,66.1,10.0,,0.1,2.8,1.0,1.4,5.5,4.6,,,,,1.1
315865,1,2572,36,6.55,2572.0,0.31,0.31,0.04,11.9,17.0,4.0,0.19999999999999998,0.39999999999999997,0.0,0.6,1.1,1.5,,,,,0.5
538918,1,2699,36,7.140000000000001,2699.0,0.22999999999999998,0.17,0.15,25.299999999999997,71.0,11.0,0.6,1.8999999999999997,0.7,0.7,3.4000000000000004,3.0999999999999996,,,,,1.5
343537,2,416,15,5.85,416.0,,,,,11.0,2.0,,,,,,,,,,,
466802,2,2559,33,7.016705744431419,2559.0,0.11,0.08,0.11,38.8,57.0,7.0,0.5,1.4,0.6,0.9000000000000001,3.1,3.8,,,,,0.5
571607,1,605,23,,605.0,0.15,0.31,0.27,48.3,11.0,2.0,1.0,2.8,0.4,0.9,4.2,6.2,,,,,2.2
357992,1,1374,24,6.76,1374.0,,0.03,0.15,32.0,21.0,3.0,0.6,1.2,0.6,1.6,3.5,3.8,,,,,0.3
421873,2,3510,39,6.964871794871795,3510.0,,,0.0,18.394871794871793,1.0,,,,,0.9538461538461539,0.9538461538461539,8.076923076923077,9.0,3.169230769230769,70.47692307692307,1.4,
1058368,1,679,21,6.03,679.0,0.13,0.25,0.08,10.1,4.0,1.0,0.4,0.4,,0.3,0.8,2.7,,,,,1.6
622380,2,2060,34,6.750825242718446,2060.0,0.27,0.19,0.07,25.5,17.0,3.0,0.6,1.6,0.5,1.8,4.0,3.8,,,,,2.4
503871,2,3179,37,7.034337842088707,3179.0,0.03,0.010283107895564643,0.030283107895564643,34.30301981755269,16.0,1.0,0.2,2.8745202893991824,1.194337842088707,2.6,6.943378420887071,4.400912236552375,,,,,1.194337842088707
341227,2,2663,33,7.257157341344348,2663.0,0.03,0.02,0.14135185880585807,41.980923770184,68.0,5.0,0.3,1.7101389410439352,1.1932407059707097,2.6135185880585805,5.710138941043936,3.9662035298535487,,,,,0.9000000000000001
354361,2,1323,19,7.12,1323.0,,,,,14.0,1.0,,,,,,,,,,,
644771,2,1075,20,5.98,1075.0,0.09,0.04,0.019162790697674417,55.555813953488375,4.0,,0.5,1.6,0.8167441860465117,2.7172093023255814,5.725116279069767,3.976279069767442,,,,,1.5
990637,1,824,27,6.64,824.0,0.22,0.04,0.12,31.5,12.0,4.0,0.5,1.6,0.3,2.5,4.5,3.7,,,,,1.7
256448,2,3156,37,7.225969581749049,3156.0,0.11999999999999998,0.07,0.04057034220532319,42.06863117870723,23.0,6.0,0.12566539923954373,1.5142585551330798,1.4,3.6515209125475288,7.011596958174905,3.222813688212928,,,,,2.097148288973384
392085,2,2358,33,6.888117048346056,2358.0,0.2,0.22,0.15,17.9,53.0,8.0,1.3,1.1,0.2,,1.3,3.6,,,,,2.5
856530,2,3081,38,6.599328140214216,3081.0,0.27,0.26,0.029415774099318403,9.155501460564752,23.0,4.0,0.8,0.5,0.1,1.320447906523856,2.0,2.6,,,,,2.6
1112449,2,3236,38,6.882867737948084,3236.0,0.06,0.1,0.0,32.5,2.0,,0.0,1.8,1.3,6.8,10.4,2.4,,,,,0.8
728733,2,2304,28,6.78046875,2304.0,0.08,0.07,0.0684375,23.47734375,22.0,2.0,1.28828125,1.7,0.4,1.69375,4.0390625,3.9039062500000004,,,,,0.9
251075,2,2799,35,7.036548767416934,2799.0,0.029999999999999995,0.05,0.07,37.8,28.0,3.0,0.3,2.1,0.7,2.2,5.3,3.8,,,,,1.2
818448,2,2689,33,6.738620304946077,2689.0,,0.01,0.029330606173298624,35.687839345481585,10.0,1.0,0.13012272220156193,1.0966530308664932,0.7,3.512978802528821,5.769468203793232,2.8401636296020825,,,,,0.8000000000000002
387626,1,182,7,,182.0,,,,,2.0,,,,,,,,,,,,
360518,2,1830,34,6.686092896174864,1830.0,,0.07,0.07,52.1,17.0,,0.2,1.6,0.9,1.9,4.8,3.9,,,,,1.6
428563,2,1686,28,6.5660142348754444,1686.0,0.05999999999999999,0.05441281138790036,0.08494661921708185,52.80782918149466,18.0,2.0,0.20000000000000004,1.5266903914590748,0.6,1.4733096085409252,4.041281138790035,3.62135231316726,,,,,1.9053380782918148
432092,2,1724,33,6.454431554524362,1724.0,0.22,0.35,0.05,8.1,15.0,1.0,0.5,0.4,0.2,0.7,1.4,1.9,,,,,1.8000000000000003
459151,2,1580,29,6.706329113924051,1580.0,0.17999999999999997,0.13,0.14,19.6,18.0,5.0,0.9,1.8,0.5,0.3,2.5,4.1,,,,,1.9
503991,2,831,22,7.359999999999999,831.0,0.14,0.10949458483754512,0.09050541516245486,43.46534296028881,5.0,1.0,1.7050541516245485,1.3133574007220217,0.6566787003610108,1.0,3.126714801444043,5.235018050541515,,,,,1.2
546926,1,3063,35,6.69,3063.0,,0.01,0.02,37.5,3.0,2.0,0.2,0.8,1.2,5.6,8.3,2.8999999999999995,,,,,1.0
509022,1,1089,21,,1089.0,0.17,0.17,0.01,48.3,3.0,,0.1,1.0,1.1,5.2,7.799999999999999,3.8,,,,,1.4
652054,1,1324,19,6.879999999999999,1324.0,,0.02,0.01,43.7,3.0,,0.1,2.4,0.7,6.299999999999999,9.9,2.2,,,,,1.6
367284,2,2689,31,7.152882112309408,2689.0,0.17,0.12,0.03,51.60000000000001,11.0,1.0,0.0,1.2,1.0,7.4,10.6,2.7,,,,,1.3
464469,2,2203,28,6.6563231956423055,2203.0,,0.05,0.016128007262823423,47.4067635043123,4.0,,0.3,1.4,1.0,4.206037221970041,6.932501134816159,3.7815251929187466,,,,,1.287743985474353
400489,2,1790,34,6.79,1790.0,0.05,0.15,0.1,35.1,24.0,1.0,0.7,1.2,0.4,1.0,2.8,3.3,,,,,0.9
395237,2,1488,31,6.859999999999999,1488.0,0.12,0.14,0.14,48.4,26.0,3.0,1.0,2.1,0.8,0.2,3.3,4.1,,,,,1.6
532937,2,3304,37,6.845505447941888,3304.0,0.03,0.04,0.02,47.70000000000001,9.0,,0.20000000000000004,1.7,1.3,4.3,8.0,3.4,,,,,0.6
867137,1,2666,31,6.829999999999999,2666.0,0.030000000000000002,0.030000000000000002,0.02,43.7,9.0,,0.1,1.5,0.8,5.1,8.3,3.0,,,,,1.0
345590,2,1471,27,6.616159075458872,1471.0,0.33,0.1912032630863358,0.08510537049626105,15.591774303195105,14.0,1.0,0.5305914343983684,1.4,0.3,1.0,2.5959891230455474,4.440924541128483,,,,,1.9346023113528212
349599,2,1105,21,7.52,1105.0,0.09,0.03,0.13,39.7,15.0,2.0,0.2,1.3,1.0,2.0,4.3,5.1,,,,,1.4
1046867,1,508,18,,508.0,,,,,1.0,,,,,,,,,,,,
709957,2,2115,29,6.963617021276596,2115.0,0.04,0.05,0.048723404255319146,38.638297872340424,15.0,3.0,0.2,2.24468085106383,1.0425531914893618,2.2872340425531914,5.861702127659575,2.8404255319148937,,,,,1.5212765957446808
535955,2,1483,24,6.997977073499663,1483.0,,0.04,0.11999999999999998,47.300000000000004,20.0,1.0,1.4000000000000001,1.8,1.1,1.9000000000000001,4.9,4.9,,,,,1.2
305947,1,2258,33,6.71,2258.0,0.2,0.22,0.1,29.0,32.0,8.0,0.8,0.3,0.1,0.6,1.1,2.9,,,,,1.4
543771,1,1135,15,,1135.0,,,,,15.0,1.0,,,,,,,,,,,
698259,1,2475,28,6.98,2475.0,0.11,0.04,0.01,38.9,3.0,,0.2,0.9,0.9,7.2,9.9,3.1,,,,,0.9
564785,2,2484,33,7.085499194847022,2484.0,0.15,0.23,0.07,31.800000000000004,32.0,4.0,0.7,1.6,1.2,1.6,4.8,3.8,,,,,1.2
487843,2,2420,39,6.446545454545454,2420.0,0.27,0.32,0.05,12.9,20.0,2.0,0.7,0.8,0.0,0.8,1.6,2.1,,,,,1.6
257732,2,1890,22,7.392857142857143,1890.0,0.1,0.06761904761904762,0.020476190476190478,76.80952380952381,7.0,,0.1,1.2857142857142858,1.1904761904761905,3.9523809523809526,6.904761904761905,4.095238095238095,,,,,1.0
746891,2,1151,25,6.85110338835795,1151.0,0.17,0.14,0.14,27.4,28.0,7.0,1.9,1.4,0.5,0.8,2.8,4.2,,,,,1.6
496857,2,388,20,6.85,388.0,,0.2,0.35,46.3,12.0,2.0,5.1,1.2,,0.2,1.5,4.9,,,,,1.0
496745,2,905,19,6.32,905.0,,,,,9.0,3.0,,,,,,,,,,,
336012,1,655,23,,655.0,0.14,0.14,0.17,24.5,11.0,1.0,1.4,1.8,0.7,,2.5,3.3,,,,,0.8
293200,2,3143,38,7.143633471205855,3143.0,0.24000000000000002,0.21,0.0974228444161629,28.170696786509705,54.0,5.0,0.8,1.9713649379573657,0.6,0.8,3.428412344893414,5.205504295259306,,,,,1.2914094813872097
340353,2,2707,31,7.0389250092353155,2707.0,,,0.0,19.99693387513853,2.0,,,,,0.9,0.9,7.262910971555227,10.0,2.8731437015145915,72.08566678980421,1.0966752862947913,0.09999999999999999
192735,2,2525,33,7.081386138613861,2525.0,0.04,0.024277227722772278,0.07641584158415843,62.87425742574258,23.0,,0.1,1.0356435643564357,0.6,1.1,2.7714851485148513,4.589108910891089,,,,,0.5
301238,1,2655,30,7.080000000000001,2655.0,,,0.0,17.2,,,0.0,,,0.4,0.4,6.2,13.0,2.1,70.9,0.8,
1159864,2,1713,22,6.832481027437244,1713.0,0.06,0.04,0.04,42.0,8.0,1.0,0.3,1.5,1.0,6.6,10.1,3.5,,,,,1.5
924857,2,1011,25,6.32,1011.0,,0.03,0.07,27.0,14.0,3.0,0.9,1.9,0.6,1.6,4.5,4.7,,,,,1.3
984964,2,550,17,6.519999999999999,550.0,,,,,4.0,1.0,,,,,,,,,,,
412660,1,2079,30,6.96,2079.0,0.43,0.44,0.1,13.3,31.0,6.0,1.3,0.5,0.1,1.1,1.8,3.2,,,,,1.8
361068,2,2288,32,6.970122377622378,2288.0,0.2,0.2,0.07,20.8,28.0,5.0,0.7,1.9,0.6,1.1,3.8,3.6,,,,,0.9
1228231,2,1405,18,7.71,1405.0,,,0.01,71.0,,,,1.0,4.0,7.0,12.0,3.0,,,,,2.0
961022,2,559,16,6.13,559.0,,,,,7.0,,,,,,,,,,,,
308279,2,2454,35,7.016634066829666,2454.0,0.26,0.17,0.1,30.9,35.0,3.0,0.2,1.6999999999999997,0.5,1.3,3.6000000000000005,2.5,,,,,1.4
539134,2,1039,22,7.620000000000001,1039.0,0.19,0.31,0.1,23.7,14.0,2.0,1.5,1.4,0.4,0.4,2.3,3.2,,,,,1.7
538964,1,803,23,,803.0,0.22,0.33,0.06,18.0,10.0,1.0,0.20000000000000004,0.8000000000000002,0.10000000000000002,1.1,2.2,2.2,,,,,2.2
459128,2,1096,27,6.498704379562044,1096.0,0.17,0.16,0.07,28.4,10.0,2.0,0.7,1.1,0.2,2.2,3.8,4.1,,,,,1.5
846254,1,228,8,,228.0,,,,,1.0,,,,,,,,,,,,
691482,2,641,21,6.89,641.0,,0.17,0.12,21.9,10.0,2.0,1.4,2.8,0.9,0.9,4.9,5.5,,,,,1.9
202886,2,1242,30,6.649814814814815,1242.0,0.24000000000000002,0.24351851851851852,0.0974074074074074,28.1962962962963,16.0,3.0,0.9814814814814815,1.1,0.437037037037037,1.3,2.7055555555555553,2.7962962962962963,,,,,1.7074074074074077
557407,1,1180,24,,1180.0,0.08,0.02,0.18,33.7,10.0,4.0,0.3,2.4,1.3,2.8,6.9,3.2,,,,,0.5
713644,1,135,4,,135.0,,,,,4.0,1.0,,,,,,,,,,,
286297,1,1475,24,6.92,1475.0,0.24,0.32,0.19,32.1,28.0,4.0,0.3,0.7,0.9,0.9,2.7,3.1,,,,,1.2
290537,2,3510,39,7.377692307692307,3510.0,,,0.0002564102564102564,28.625641025641027,4.0,2.0,0.02564102564102564,0.1,0.0,1.2205128205128206,1.317948717948718,10.461538461538462,19.0,2.292307692307692,74.98205128205129,0.8051282051282052,
88755,2,1192,19,8.47,1192.0,,,,,38.0,7.0,,,,,,,,,,,
216569,2,699,16,5.93,699.0,,,,,15.0,2.0,,,,,,,,,,,
481675,1,90,1,8.4,90.0,,,0.0,20.0,,,,,,,,7.0,1.0,3.0,100.0,,
392538,1,1436,26,6.69,1436.0,0.18999999999999997,0.11,0.04,24.7,6.0,2.0,0.39999999999999997,2.3,1.2,1.9000000000000001,6.1000000000000005,2.8,,,,,2.2
916430,1,810,9,,810.0,,,,,1.0,,,,,,,,3.0,,,,
1129198,2,578,7,6.66,578.0,,0.11999999999999998,0.01,66.0,3.0,,,2.0,,1.0,3.0,2.0,,,,,1.0
586853,2,2332,36,6.674879931389365,2332.0,0.2,0.24691252144082332,0.0776843910806175,10.654030874785592,17.0,5.0,1.4,1.5768439108061751,0.6,1.1922813036020583,3.442109777015437,4.1347341337907375,,,,,1.4
944570,2,227,11,6.42,227.0,,,,,6.0,,,,,,,,,,,,
240414,2,1070,12,7.070000000000001,1070.0,,,0.0,33.0,1.0,1.0,,,,1.0,1.0,8.0,4.0,2.0,100.0,,
457736,2,1149,30,6.6135857267188864,1149.0,0.32,0.38,0.08,23.9,16.0,1.0,1.3,0.6,0.2,0.6,1.6,2.5,,,,,1.5
507486,2,1455,29,6.475876288659795,1455.0,,0.05,0.1,30.7,16.0,3.0,0.7,1.3,0.5,0.7,2.8,2.9,,,,,1.6
371021,2,2970,33,7.2684848484848485,2970.0,,,0.0,17.672727272727276,1.0,,,,,1.4848484848484849,1.4848484848484849,10.200000000000001,6.0,3.7393939393939393,73.43636363636364,1.3212121212121213,0.0
724106,1,1028,24,6.47,1028.0,,0.07,0.04,35.5,11.0,1.0,0.4,2.5,1.3,2.3,6.3,4.7,,,,,2.5
283735,2,2204,27,7.021234119782214,2204.0,0.13,0.16918330308529947,0.11836660617059891,26.62014519056261,36.0,4.0,1.0408348457350272,1.616333938294011,0.8081669691470055,0.4245009074410163,2.94491833030853,4.150998185117968,,,,,1.287749546279492
588426,2,3180,36,6.742075471698113,3180.0,0.030000000000000002,0.029716981132075472,0.019716981132075474,37.54245283018868,11.0,,0.22264150943396227,1.7084905660377359,1.3,5.0,9.166037735849056,2.611320754716981,,,,,1.3481132075471698
169880,2,2368,27,7.159763513513513,2368.0,0.08,0.08,0.11114020270270271,49.731587837837836,16.0,3.0,0.3,1.8456081081081084,0.4,1.8076013513513516,4.364611486486487,3.442989864864865,,,,,1.3
1371793,2,396,10,6.76,396.0,,,,,7.0,,,,,,,,,,,,
470794,1,415,8,,415.0,,,,,8.0,1.0,,,,,,,,,,,
467563,2,1527,21,6.359999999999999,1527.0,,0.02414538310412574,0.01882121807465619,34.26935166994106,1.0,,0.10000000000000002,1.3235756385068762,2.088212180746562,5.558546168958744,10.087819253438115,4.676031434184676,,,,,1.382121807465619
392966,2,1880,33,6.600090425531915,1880.0,,0.02,0.12,30.899999999999995,24.0,4.0,1.0,1.3,1.0,1.8999999999999997,4.5,3.7000000000000006,,,,,1.3999999999999997
1018259,1,2036,28,6.59,2036.0,0.31,0.47,0.06,11.9,20.0,3.0,0.8,0.2,0.2,0.4,0.8,2.5,,,,,1.0
358032,1,992,20,,992.0,0.09,0.17,0.06,16.1,12.0,,1.7,1.0,0.2,0.8,2.0,3.3,,,,,1.8
632831,1,1760,28,6.78,1760.0,,0.03,0.04,32.7,11.0,3.0,0.3,1.9,1.2,4.4,8.2,3.3,,,,,1.0
316934,1,1797,30,6.97,1797.0,0.1,0.05,0.10999999999999999,56.9,26.0,2.0,0.7,1.6,0.9,1.7,4.5,4.3,,,,,0.9
564305,2,3145,39,6.778918918918919,3145.0,0.03,0.06914149443561209,0.030286168521462636,26.692050874403815,29.0,3.0,0.4171701112877583,1.7,0.9,1.3200317965023847,3.942766295707472,5.222893481717011,,,,,1.0
686965,1,287,12,,287.0,,,,,2.0,2.0,,,,,,,,,,,
568333,2,2869,36,6.930324154757755,2869.0,,0.049999999999999996,0.07,32.0,29.0,6.0,0.5,2.2,1.4,3.6999999999999997,7.8,4.1,,,,,1.3
550106,2,1775,31,6.800873239436619,1775.0,0.21000000000000002,0.22,0.08,18.3,19.0,3.0,0.7,2.2,1.2,1.4,4.9,3.0,,,,,2.0
282388,2,2315,33,6.778855291576674,2315.0,0.44,0.4,0.03,12.1,23.0,2.0,0.9,0.6,0.2,0.6,1.6,3.1,,,,,1.2
177843,1,1968,26,7.13,1968.0,0.37,0.27,0.15,22.8,33.0,8.0,0.5,1.2,1.1,1.1,3.4,3.6,,,,,1.4
199248,2,3193,38,7.21495145631068,3193.0,0.060000000000000005,0.060000000000000005,0.07915440025054808,50.84265580958346,28.0,3.0,0.4169119949890385,2.153554650798622,0.833823989978077,1.9591919824616348,5.140933291575321,5.4732853116191675,,,,,1.8000000000000003
969192,1,1445,24,6.75,1445.0,,0.05,0.08,27.2,16.0,3.0,1.3,2.4,1.7,0.9,5.4,6.7,,,,,1.9
843286,1,538,11,,538.0,,,,,4.0,1.0,,,,,,,,,,,
935760,1,430,12,,430.0,,,,,3.0,,,,,,,,,,,,
281769,2,2164,28,7.098225508317929,2164.0,0.13,0.08,0.03,53.1,10.0,1.0,0.2,1.5,1.2,3.4,6.4,4.2,,,,,1.7
982855,1,605,13,,605.0,,,,,6.0,1.0,,,,,,,,,,,
1043646,2,1174,29,6.319693356047701,1174.0,0.08,0.044599659284497446,0.033066439522998294,19.76320272572402,7.0,,0.4,2.398977853492334,0.7,1.0,4.506984667802385,3.369335604770017,,,,,1.3
581672,1,107,5,,107.0,,,,,1.0,,,,,,,,,,,,
358008,2,2002,34,6.947652347652348,2002.0,0.09,0.08640359640359639,0.08775224775224774,41.03396603396603,28.0,2.0,0.8,1.5168831168831167,1.0,1.3820179820179819,3.9944055944055945,4.96063936063936,,,,,1.1910089910089912
282144,1,2917,35,6.820000000000001,2917.0,,0.02,0.02,53.699999999999996,8.0,1.0,0.5,1.0,1.1,4.0,6.8999999999999995,4.9,,,,,2.1
128223,1,923,26,6.26,923.0,,0.48,0.05,17.0,10.0,1.0,0.2,1.4,0.1,0.8,2.2,2.0,,,,,1.6
547985,1,1527,23,6.94,1527.0,0.05999999999999999,0.08,0.1,32.0,19.0,3.0,1.8,1.2,1.2,1.3,4.1,5.5,,,,,0.8
385394,1,856,12,,856.0,,,,,3.0,2.0,,,,,,,,,,,
96341,1,40,5,,40.0,,,,,2.0,,,,,,,,,,,,
530742,2,1236,25,6.448737864077671,1236.0,0.08,0.07,0.04,31.5,11.0,1.0,0.4,1.4,0.2,0.8,2.4,3.4,,,,,0.6
673514,2,870,12,6.44,870.0,,0.1,0.0,54.0,1.0,,1.0,3.0,,4.0,7.0,2.0,,,,,3.0
205938,2,1992,34,6.800421686746988,1992.0,0.14,0.12,0.13,57.9,40.0,8.0,0.3,1.2,0.6,1.2,3.1,5.1,,,,,1.0
743091,1,1008,19,,1008.0,0.09,0.2,0.06,35.5,11.0,2.0,0.6,2.3,1.2,1.4,5.1,4.6,,,,,1.0
422951,1,3315,38,6.759999999999999,3315.0,,0.01,0.01,28.1,3.0,,0.1,2.0,1.8,7.1,11.5,3.0,,,,,1.2
197747,1,2667,32,6.860000000000001,2667.0,,0.049999999999999996,0.01,63.0,3.0,,0.0,0.7999999999999999,1.1,4.5,7.1000000000000005,3.4,,,,,0.6
1018395,1,8,1,,8.0,,,,,,,,,,,,,,,,,
566615,2,2859,37,6.53227701993704,2859.0,0.03,0.06968520461699895,0.05905561385099684,15.803882476390346,16.0,5.0,0.45036726128016796,1.418887722980063,0.5157397691500525,1.450367261280168,3.5786988457502624,2.675550891920252,,,,,0.9031479538300105
346561,2,2553,35,6.759236192714453,2553.0,0.04,0.07,0.03858989424206816,43.619623971797886,7.0,2.0,0.2,1.1929494712103408,0.9000000000000001,4.755111633372502,7.29870740305523,2.710575793184489,,,,,0.8070505287896592
659516,1,1769,27,6.44,1769.0,,0.01,0.02,35.5,3.0,,0.8,1.6,0.4,0.5,2.6,4.2,,,,,2.0
393238,2,517,16,,517.0,,,,,3.0,1.0,,,,,,,,,,,
392956,2,3043,36,6.686155110088729,3043.0,0.060000000000000005,0.060887282287216564,0.029408478475188963,29.46858363457115,7.0,1.0,0.2,1.097042392375945,0.7,3.2319750246467303,5.717186986526453,2.261551100887282,,,,,0.5
876298,1,1889,33,6.55,1889.0,0.05,0.07,0.05,32.3,12.0,5.0,0.3,1.9,1.0,2.9,6.1,3.2,,,,,1.4
663237,1,776,16,,776.0,,,,,5.0,,,,,,,,,,,,
798929,2,1853,30,6.773599568267674,1853.0,,0.05,0.11708580679978414,22.57485159201295,28.0,5.0,0.9,2.236859147328656,1.1,1.4291419320021586,5.33200215866163,3.8077172153264973,,,,,2.2
504209,1,180,2,7.28,180.0,,0.11999999999999998,0.05999999999999999,66.5,2.0,,1.0,2.5,1.0,1.0,5.5,4.0,,,,,0.5
646747,1,1123,16,,1123.0,,,,,13.0,2.0,,,,,,,,,,,
346779,2,1916,34,6.691148225469729,1916.0,0.27999999999999997,0.27,0.1,19.1,26.0,6.0,0.6,0.7,0.0,0.5,1.3,2.6,,,,,0.9
613393,1,857,20,6.4,857.0,0.11,0.21,0.09,13.400000000000002,10.0,,1.6,0.9000000000000001,0.2,0.5999999999999999,1.8000000000000003,3.2,,,,,1.4
345458,1,2855,34,6.8,2855.0,,0.01,0.07,33.4,21.0,2.0,0.7,1.6,0.8,3.4,6.1,3.1,,,,,1.1
897423,1,5,2,,5.0,,,,,,,,,,,,,,,,,
335516,1,2281,32,6.68,2281.0,0.04,0.11,0.14,17.4,20.0,6.0,0.8,1.7,0.9,3.1,6.0,4.4,,,,,0.9
552223,1,180,2,6.69,180.0,,,0.0,35.0,,,,,,0.5,0.5,8.5,,3.0,60.0,2.0,
251878,1,2161,33,6.99,2161.0,0.04,0.05,0.23,24.2,62.0,13.0,0.5,1.8,0.4,1.9,4.6,3.3,,,,,1.3
165895,2,2280,35,6.941780701754386,2280.0,0.08,0.1,0.2,31.4,37.0,11.0,1.3,0.6,0.2,0.6,1.5,3.4,,,,,0.8
989621,1,752,15,,752.0,,,,,3.0,1.0,,,,,,,,,,,
1061820,1,236,12,,236.0,,,,,7.0,1.0,,,,,,,,,,,
493702,1,260,10,,260.0,,,,,,,,,,,,,,,,,
633530,1,1128,17,,1128.0,,,,,12.0,2.0,,,,,,,,,,,
503881,1,692,16,,692.0,,,,,2.0,,,,,,,,,,,,
568005,1,137,7,,137.0,,,,,3.0,,,,,,,,,,,,
626913,2,1329,28,6.369270127915725,1329.0,0.07,0.16,0.03,19.4,19.0,4.0,0.4,0.9,0.2,1.2,2.5,1.7,,,,,1.4
555820,1,1458,25,6.429999999999999,1458.0,0.05999999999999999,0.11,0.05999999999999999,21.4,12.0,1.0,1.4,1.2,0.6,1.1,3.1,4.3,,,,,2.3
377042,1,2007,27,6.51,2007.0,0.09,0.15,0.05,14.5,14.0,2.0,1.0,1.1,0.4,1.3,2.9,2.9,,,,,1.6
206050,2,1434,23,7.218912133891212,1434.0,0.13,0.32,0.34,37.9,59.0,12.0,1.3,0.7,0.3,0.1,1.1,4.0,,,,,0.7
329145,1,1948,27,6.92,1948.0,0.05,0.05,0.01,56.6,2.0,,,1.4,1.0,5.5,8.7,2.8,,,,,1.8
583046,1,880,13,,880.0,,,,,20.0,5.0,,,,,,,,,,,
741292,1,204,8,,204.0,,,,,3.0,,,,,,,,,,,,
435228,2,1997,26,6.913044566850275,1997.0,,0.01,0.01,40.485027541311965,4.0,1.0,0.1,1.6,1.7081622433650476,7.527891837756634,11.618027040560841,2.9495743615423136,,,,,1.0
1058354,2,161,6,6.820000000000001,161.0,,,,,,,,,,,,,,,,,
1300966,1,162,7,,162.0,,,,,1.0,,,,,,,,,,,,
346567,1,1476,24,6.58,1476.0,0.060000000000000005,0.04,0.08,39.6,16.0,2.0,0.6,1.5999999999999999,1.0,1.5999999999999999,4.9,3.6999999999999997,,,,,1.5999999999999999
377243,2,1768,34,6.6255825791855205,1768.0,0.05,0.14,0.039999999999999994,24.1,13.0,1.0,0.7,2.4,0.9,1.9,5.6,4.3,,,,,1.5
631007,1,3012,36,6.73,3012.0,0.06,0.06,0.02,39.9,11.0,1.0,0.09999999999999999,1.0,1.7,3.5,6.8,4.2,,,,,0.5
358003,1,3201,37,6.469999999999999,3201.0,0.03,0.04,0.01,28.8,10.0,1.0,0.1,1.1,0.9,5.2,7.8,2.7,,,,,1.2
705063,1,2604,35,6.699999999999999,2604.0,,0.05999999999999999,0.14,19.7,38.0,5.0,0.3,1.6000000000000003,0.8000000000000002,2.1,4.7,3.5,,,,,0.6
409344,1,42,4,,42.0,,,,,1.0,,,,,,,,,,,,
604113,2,1790,22,6.7183798882681565,1790.0,0.05,0.02,0.02256983240223464,24.268156424581004,5.0,1.0,0.2,1.4301675977653632,0.9608938547486033,7.569832402234637,11.150837988826815,2.0,,,,,1.2
338070,1,637,18,,637.0,,,,,4.0,,,,,,,,,,,,
567129,2,2009,31,6.577023394723743,2009.0,,0.029552015928322548,0.050895968143354904,28.229915380786462,18.0,4.0,0.4,1.6119960179193629,1.0955201592832255,2.5223992035838725,5.898556495769038,2.9104031856645096,,,,,0.808959681433549
475410,1,1609,27,6.609999999999999,1609.0,0.11,0.18,0.13,14.7,28.0,4.0,0.4,1.8000000000000003,0.9000000000000001,0.6,3.3,3.7,,,,,0.8
749552,1,975,28,6.43,975.0,0.18,0.19,0.11,18.6,7.0,1.0,1.0,3.3,0.6,0.6,4.5,4.8,,,,,3.3
277179,1,418,7,,418.0,,,,,5.0,,,,,,,,,,,,
459665,2,1431,29,6.769783368273934,1431.0,,0.12,0.06,27.0,9.0,1.0,0.1,4.4,1.6,2.8,9.3,5.0,,,,,2.5
412758,1,90,1,6.570000000000001,90.0,,0.09,0.04,10.0,1.0,,2.0,2.0,,1.0,3.0,4.0,,,,,
862606,2,312,10,,312.0,,,,,4.0,,,,,,,,,,,,
459655,1,1889,33,6.55,1889.0,0.05,0.07,0.05,32.3,12.0,5.0,0.3,1.9,1.0,2.9,6.1,3.2,,,,,1.4
540333,1,445,11,,445.0,,,,,4.0,,,,,,,,,,,,
433181,1,277,15,,277.0,,,,,3.0,,,,,,,,,,,,
885226,1,767,23,6.5,767.0,0.22999999999999998,0.06,0.02,26.9,6.0,,0.9000000000000001,2.5,0.9000000000000001,3.3,7.200000000000001,4.9,,,,,1.1
893675,1,40,2,,40.0,,,,,,,,,,,,,,,,,
222855,2,3242,37,6.87,3242.0,0.030000000000000002,0.02,0.030000000000000002,31.43059839605182,18.0,1.0,0.3,1.513880320789636,1.0,2.1944478716841456,5.1944478716841465,4.097223935842073,,,,,1.1944478716841456
441515,1,135,2,,135.0,,,,,1.0,,,,,,,,,,,,
165513,1,2527,34,6.930000000000001,2527.0,,0.060000000000000005,0.030000000000000002,50.5,6.0,,0.1,1.9000000000000001,1.5,5.5,9.8,3.4,,,,,0.6
674806,2,2702,38,6.532820133234641,2702.0,0.03,0.11,0.05,16.6,23.0,4.0,1.3,2.9,0.7,0.8,4.5,5.2,,,,,2.3
94005,2,1238,20,6.23,1238.0,,0.01,0.02,51.2,,,0.4,2.0,0.8,2.4,5.5,5.3,,,,,1.6
278531,1,3017,34,6.6000000000000005,3017.0,0.029999999999999995,0.02,0.02,42.9,6.0,4.0,0.09999999999999999,1.0,0.9,4.7,7.2,2.4,,,,,1.0
237658,1,2900,35,6.9,2900.0,0.03,0.02,0.08,40.6,33.0,8.0,0.4,2.0,1.1,1.0,4.3,5.2,,,,,1.4
354814,1,1520,30,6.48,1520.0,0.24000000000000002,0.43,0.04,13.9,20.0,1.0,1.1,0.5,0.2,0.7,1.4,4.2,,,,,1.7
999127,2,134,9,,134.0,,,,,1.0,,,,,,,,,,,,
273132,1,1893,26,6.79,1893.0,0.14,0.14,0.07,29.3,12.0,1.0,,1.5,1.2,3.1,6.1,2.2,,,,,1.1
389837,1,675,12,,675.0,,,,,4.0,,,,,,,,,,,,
914934,1,1512,28,6.109999999999999,1512.0,0.12,0.21,0.01,6.0,5.0,1.0,0.8,0.3,0.1,0.4,0.8,1.7,,,,,1.5
569939,1,1703,29,6.559999999999999,1703.0,,0.04,0.05,20.8,10.0,2.0,0.8,2.4,0.7,1.6,5.1,3.0,,,,,2.1
583404,2,2205,30,6.494603174603175,2205.0,0.04,0.07,0.08,18.0,21.0,4.0,0.4,1.0,0.4,1.0,2.5,2.3,,,,,1.3
27992,2,2924,36,7.559316005471956,2924.0,0.05999999999999999,0.05,0.15738714090287279,64.04090287277701,54.0,6.0,0.5110807113543092,1.6,1.1852257181942545,1.088919288645691,4.203967168262654,5.992612859097128,,,,,0.7
199733,1,1992,27,7.02,1992.0,0.14,0.13,0.06,42.2,23.0,2.0,0.3,1.5,0.9,2.0,4.9,4.8,,,,,1.0
992569,1,352,4,,352.0,,,,,,,,,,,,,2.0,,,,
1118347,1,183,10,,183.0,,,,,1.0,,,,,,,,,,,,
268429,1,519,14,,519.0,,,,,12.0,4.0,,,,,,,,,,,
1134304,1,266,4,,266.0,,,,,,,,,,,,,,,,,
197300,2,1239,30,6.841525423728814,1239.0,0.3,0.22000000000000003,0.17,35.1,30.0,5.0,1.8000000000000003,0.5,0.5,0.6,1.8000000000000003,4.1,,,,,1.0
118689,2,1991,33,6.934575590155701,1991.0,0.14,0.06045203415369161,0.16,38.34640883977901,33.0,2.0,0.8,1.1,0.236162732295329,1.5,2.8141135107985935,4.246308387744852,,,,,0.4
160938,1,2323,34,7.01,2323.0,0.15,0.11,0.03,60.0,8.0,2.0,0.1,0.8,0.5,5.3,7.4,3.5,,,,,1.0
571271,2,1666,29,6.96,1666.0,,0.05,0.039999999999999994,41.4,14.0,1.0,0.1,2.1,1.2,2.4,6.2,3.1,,,,,1.4
545538,1,1760,32,6.6,1760.0,0.26,0.14,0.13,14.0,24.0,6.0,1.7,1.4,0.4,0.7,2.4,4.0,,,,,2.3
599663,1,88,5,,88.0,,,,,1.0,,,,,,,,,,,,
351955,1,2541,29,6.579999999999999,2541.0,0.07,0.04,0.01,40.3,2.0,,0.0,0.9,0.9,6.6,9.6,2.8,,,,,1.6
238537,2,3510,39,7.1579487179487185,3510.0,,,0.0,13.682051282051281,1.0,,,0.1,,1.4,1.5,7.7846153846153845,11.0,2.9794871794871796,69.6,1.3,
1191520,1,181,3,,181.0,,,,,,,,,,,,,,,,,
906160,1,422,8,,422.0,,,,,2.0,,,,,,,,,,,,
59377,2,3420,38,6.737368421052631,3420.0,,,0.0002631578947368421,19.01842105263158,1.0,,,,,0.5,0.5,7.078947368421052,10.0,3.318421052631579,70.6421052631579,1.3710526315789473,
173859,2,2670,36,6.990449438202247,2670.0,0.1,0.07932584269662922,0.1703370786516854,34.867415730337086,42.0,2.0,0.9,0.8404494382022472,0.7,1.3,2.8067415730337073,3.289887640449438,,,,,0.6
357778,2,299,14,,299.0,,,,,5.0,,,,,,,,,,,,
392516,2,3103,38,6.9224589107315495,3103.0,,0.01,0.09,23.4,36.0,6.0,0.4,1.6999999999999997,0.4,3.7,6.0,4.2,,,,,0.2
925838,1,457,7,,457.0,,,,,,,,,,,,,,,,,
338285,1,1265,17,,1265.0,,,,,5.0,,,,,,,,,,,,
595650,2,1730,35,6.279907514450867,1730.0,0.21,0.23999999999999996,0.07,11.3,20.0,2.0,0.2,0.5999999999999999,0.1,0.7,1.6,2.0,,,,,1.9
395512,1,2315,32,6.72,2315.0,0.04,0.05,0.060000000000000005,26.8,30.0,3.0,0.7,2.7,0.5,0.7,4.2,5.8,,,,,2.1
133179,1,2704,34,7.070000000000001,2704.0,0.029999999999999995,0.029999999999999995,0.07,55.5,23.0,1.0,0.10000000000000002,2.7,0.8999999999999999,2.2,6.0,3.7999999999999994,,,,,1.2
148252,1,2217,29,6.9,2217.0,0.04,0.05,0.05,47.8,22.0,1.0,0.1,2.2,0.9,1.3,4.7,4.4,,,,,0.8
459988,2,1297,28,6.520740169622205,1297.0,0.35,0.22,0.03,11.2,12.0,1.0,0.4,1.1,0.2,1.2,2.6,1.6,,,,,3.1
520530,1,507,12,,507.0,,,,,1.0,,,,,,,,,,,,
490423,1,930,20,,930.0,,0.02,0.11,38.8,5.0,1.0,0.6,2.9,0.8,1.8,5.5,4.1,,,,,1.8
934527,2,309,16,6.7,309.0,,,,,4.0,1.0,,,,,,,,,,,
543666,1,533,6,,533.0,,,,,2.0,,,,,,,,2.0,,,,
140757,1,585,22,,585.0,,0.10999999999999999,0.05,12.9,5.0,2.0,1.1,0.8,0.3,0.9,2.5,3.2,,,,,3.4
504148,1,25,2,,25.0,,,,,2.0,,,,,,,,,,,,
445126,2,2735,35,6.80237659963437,2735.0,,0.020658135283363802,0.14427787934186473,18.676965265082266,54.0,5.0,0.5164533820840951,1.646069469835466,0.709872029250457,1.419744058500914,3.872394881170018,3.516453382084095,,,,,0.8
236041,1,161,9,,161.0,,,,,3.0,,,,,,,,,,,,
628365,1,861,25,6.25,861.0,,0.24,0.09,19.0,7.0,2.0,0.4,2.3,0.2,1.0,3.7,3.4,,,,,1.1
334835,2,1896,25,6.877563291139241,1896.0,0.10000000000000002,0.07,0.11107594936708862,39.2259493670886,25.0,6.0,0.13955696202531648,1.1079113924050634,0.6,1.2474683544303797,3.184177215189874,2.9971518987341774,,,,,0.9683544303797469
258827,1,1953,32,6.87,1953.0,0.05,0.1,0.2,32.5,54.0,10.0,0.3,1.8,0.8,1.7,4.3,4.2,,,,,1.6
1012731,1,208,6,,208.0,,,,,1.0,,,,,,,,,,,,
980575,2,930,16,7.109999999999999,930.0,,0.029999999999999995,0.01,25.0,5.0,,,2.0,2.0,1.0,5.0,4.0,,,,,3.0
780548,2,979,20,,979.0,0.18,0.13,0.07,14.3,7.0,2.0,0.2,0.8,0.4,1.3,2.6,1.9,,,,,1.2
406151,2,1771,24,6.598509316770186,1771.0,,0.04,0.02,43.8,4.0,1.0,0.3,1.6,1.1,4.3,7.7,3.0,,,,,1.5
860992,1,1406,21,6.619999999999999,1406.0,,0.06,0.06,23.599999999999998,4.0,2.0,0.3,2.0,1.0,6.3,10.2,3.5,,,,,1.9000000000000001
290017,2,1959,27,6.949509954058193,1959.0,1.0,0.05480857580398162,0.09632465543644718,28.7208269525268,23.0,6.0,0.8,1.5689127105666156,1.1413476263399693,2.7632465543644718,5.568912710566615,3.522970903522205,,,,,0.8091883614088821
851385,1,443,8,,443.0,,,,,,,,,,,,,,,,,
392569,2,1618,32,6.614660074165637,1618.0,,0.05,0.08,42.10000000000001,14.0,4.0,0.3,1.6,1.0,2.5,5.200000000000001,2.8999999999999995,,,,,0.7
386455,1,1072,21,6.47,1072.0,0.08,0.05999999999999999,0.23,17.3,24.0,6.0,1.1,0.3,0.2,0.4,0.9,3.2,,,,,0.8
197929,1,2430,27,7.21,2430.0,,,0.0,24.0,1.0,1.0,0.0,,,0.9,0.9,6.4,12.0,3.3,76.9,1.0,
256339,1,3060,34,6.86,3060.0,,,0.0,23.5,,,0.0,,,0.9,0.9,9.8,11.0,3.7,71.4,1.5,
261905,1,1108,20,6.61,1108.0,0.16,0.17,0.07,23.1,13.0,2.0,0.7,2.5,0.7,1.3,5.0,4.4,,,,,1.5
342877,2,1376,18,6.52,1376.0,,,,,7.0,2.0,,,,,,,,,,,
550116,1,67,1,6.35,67.0,,,,,1.0,,,,,,,,,,,,
226524,1,1375,24,6.64,1375.0,0.2,0.15,0.03,20.2,9.0,3.0,0.2,1.4,0.3,2.0,4.2,3.2,,,,,1.6
379163,1,1287,23,6.48,1287.0,,0.01,0.04,24.1,2.0,,0.10000000000000002,3.1,0.8999999999999999,1.6000000000000003,5.9,4.8,,,,,2.5
591193,1,350,11,,350.0,,,,,6.0,3.0,,,,,,,,,,,
708086,2,1235,29,6.340016194331984,1235.0,,0.030000000000000002,0.060000000000000005,16.7,9.0,4.0,0.5,2.1,0.4,2.9,5.7,2.7,,,,,1.6
728485,2,3112,37,6.819087403598972,3112.0,,0.01,0.04855398457583547,21.039267352185092,21.0,2.0,0.6,2.902892030848329,1.0289203084832905,4.0681876606683804,8.291323907455013,3.3202442159383034,,,,,1.291323907455013
600041,2,433,13,5.830000000000001,433.0,,,,,8.0,1.0,,,,,,,,,,,
957822,2,160,4,5.72,160.0,,,0.0,23.0,1.0,,,2.0,7.0,1.0,10.0,3.0,,,,,2.0
568617,1,619,7,,619.0,,,,,,,,,,,,,1.0,,,,
890385,2,853,14,6.06,853.0,,,,,,,,,,,,,,,,,
911328,1,626,15,,626.0,,,,,5.0,,,,,,,,,,,,
289446,1,2153,26,6.82,2153.0,0.08,0.07,0.030000000000000002,45.9,8.0,,0.1,1.3,1.1,5.3,8.7,3.3,,,,,1.1
481834,1,90,1,5.04,90.0,,,0.11,25.0,1.0,1.0,,,1.0,,3.0,3.0,,,,,1.0
461019,1,90,1,5.820000000000001,90.0,,0.26,0.029999999999999995,12.0,,,,1.0,,,1.0,1.0,,,,,1.0
239802,2,2802,34,6.813083511777303,2802.0,0.03,0.04,0.05,43.2,9.0,3.0,0.2,1.1,1.1,2.1,4.7,2.8,,,,,0.7
241527,1,2523,35,6.84,2523.0,0.36,0.35,0.06,25.1,13.0,3.0,0.4,1.1,0.4,0.4,1.8000000000000003,3.1,,,,,0.9000000000000001
207877,1,2250,34,6.84,2250.0,0.24,0.18,0.13,40.0,38.0,8.0,0.4,1.2,0.6,0.7,2.7,4.8,,,,,1.4
186368,1,2258,31,6.74,2258.0,,0.02,0.16,26.7,31.0,7.0,0.4,1.9,0.9,2.0,5.1,3.7,,,,,1.5
492319,1,810,9,,810.0,,,,,,,,,,,,,3.0,,,,
361065,1,8,1,,8.0,,,,,,,,,,,,,,,,,
375877,2,465,16,6.16,465.0,,,,,3.0,1.0,,,,,,,,,,,
336125,2,1682,31,6.769060642092747,1682.0,0.11,0.07946492271105826,0.15535077288941734,35.66254458977408,31.0,4.0,0.7695600475624256,0.8765755053507728,0.8642092746730085,1.2839476813317479,3.119381688466112,3.3785969084423306,,,,,0.8
73794,1,1097,28,6.43,1097.0,0.25,0.32,0.09,14.7,10.0,4.0,0.5,0.3,0.1,1.2,1.7,2.7,,,,,1.2
488785,1,2412,31,6.880000000000001,2412.0,0.07,0.06,0.09,20.1,30.0,4.0,,3.1,1.1,3.3,7.8999999999999995,2.4,,,,,1.7
434551,1,363,8,,363.0,,,,,2.0,,,,,,,,,,,,
748382,1,1087,34,6.17,1087.0,,0.11,0.08,17.9,15.0,1.0,0.8,1.2,0.2,0.9,2.4,3.3,,,,,2.1
94529,1,657,20,,657.0,0.14,0.2,0.19,38.5,12.0,3.0,1.6,1.4,1.0,0.8,3.3999999999999995,4.1,,,,,1.4
1104206,1,31,2,,31.0,,,,,,,,,,,,,,,,,
386552,2,2785,34,6.915260323159784,2785.0,0.1,0.09096947935368042,0.04193895870736086,21.451705565529622,23.0,2.0,0.8710951526032316,1.6129263913824057,0.3549371633752244,1.0646319569120288,3.226032315978456,4.709874326750448,,,,,1.2258527827648116
527698,1,150,2,6.53,150.0,,,0.07,43.2,1.0,,0.6,3.6,,0.6,4.2,3.0,,,,,1.2
1099924,1,83,8,,83.0,,,,,2.0,,,,,,,,,,,,
655009,1,5,1,,5.0,,,,,,,,,,,,,,,,,
336960,1,2591,31,6.629999999999999,2591.0,,0.0,0.07,20.0,27.0,,0.5,1.8,0.4,3.1,5.8,3.1,,,,,1.7
80894,2,1684,20,6.070000000000001,1684.0,,,0.0,26.436579572446558,,,,,,1.8641330166270786,1.8641330166270786,7.674821852731592,7.0,1.9053444180522565,68.68776722090261,0.8106888361045131,0.1
331401,1,933,23,,933.0,,0.01,0.03,32.8,2.0,,1.0,1.3,0.6,2.3,4.2,3.7,,,,,1.0
670845,1,20,1,6.51,20.0,,,,,1.0,,,,,,,,,,,,
644032,1,978,20,,978.0,,0.02,0.07,27.0,11.0,,0.4,1.9,1.3,1.7,5.3,3.8,,,,,1.8
996453,1,577,12,,577.0,,,,,,,,,,,,,,,,,
625202,1,2251,27,6.89,2251.0,,0.02,0.03,34.3,10.0,3.0,0.3,2.0,1.0,5.8,9.7,3.3,,,,,1.0
249730,1,2145,27,6.82,2145.0,0.08,0.07,0.02,35.5,9.0,,0.2,2.1,1.2,6.3,10.7,3.1,,,,,1.1
242940,1,14,2,,14.0,,,,,,,,,,,,,,,,,
804812,1,23,1,6.66,23.0,,,,,,,,,,,,,,,,,
234781,1,112,8,,112.0,,,,,6.0,,,,,,,,,,,,
110923,2,766,10,,766.0,,,,,1.0,,,,,,,,2.0,,,,
691825,1,248,15,,248.0,,,,,,,,,,,,,,,,,
936739,1,9,1,,9.0,,,,,,,,,,,,,,,,,
934514,1,106,2,,106.0,,,,,,,,,,,,,,,,,
161011,1,469,18,,469.0,,,,,10.0,1.0,,,,,,,,,,,
272812,1,1810,32,6.59,1810.0,0.1,0.06,0.05,18.8,8.0,2.0,0.3,1.9,0.6,2.5,5.2,3.8,,,,,1.7
592975,1,1048,20,6.51,1048.0,,0.01,0.03,33.8,4.0,,0.7,2.1,0.8,1.5,4.7,4.5,,,,,1.3
433584,2,1675,33,6.353892537313433,1675.0,,0.09000000000000001,0.11,18.0,18.0,4.0,0.4,2.2,0.2,1.4,3.8999999999999995,3.3,,,,,2.0
148372,1,181,4,,181.0,,,,,2.0,,,,,,,,,,,,
339816,1,859,16,,859.0,,,,,10.0,1.0,,,,,,,,,,,
442703,1,3214,37,6.96,3214.0,0.03,0.03,0.05,32.6,19.0,1.0,0.4,2.6,1.3,1.6,5.8,5.9,,,,,1.2
671799,1,116,3,,116.0,,,,,2.0,1.0,,,,,,,,,,,
956588,1,1290,19,6.94,1290.0,0.07,0.01,0.07,19.5,15.0,3.0,1.0,1.7,0.5,2.5,5.1,3.5,,,,,1.1
317057,1,2250,25,6.69,2250.0,,,0.0,18.4,,,,,,1.0,1.0,7.9,4.0,3.3,66.1,1.7,
348601,1,1907,34,6.83,1907.0,0.09,0.08,0.09,18.6,27.0,5.0,0.8,3.2,1.0,1.7,6.3,5.0,,,,,1.3
63186,2,1724,33,6.454431554524362,1724.0,0.22,0.35,0.05,8.1,15.0,1.0,0.5,0.4,0.2,0.7,1.4,1.9,,,,,1.8000000000000003
651569,1,585,22,,585.0,,0.10999999999999999,0.05,12.9,5.0,2.0,1.1,0.8,0.3,0.9,2.5,3.2,,,,,3.4
488996,1,140,8,,140.0,,,,,3.0,,,,,,,,,,,,
337725,1,25,2,,25.0,,,,,,,,,,,,,,,,,
105521,1,191,6,,191.0,,,,,1.0,,,,,,,,,,,,
300532,2,476,14,5.97,476.0,,,,,9.0,3.0,,,,,,,,,,,
707295,1,35,3,,35.0,,,,,,,,,,,,,,,,,
390304,1,1469,17,,1469.0,,,,,,,,,,,,,2.0,,,,
600936,1,200,14,,200.0,,,,,1.0,1.0,,,,,,,,,,,
534084,2,2626,34,7.148987052551409,2626.0,0.07,0.09,0.13,52.79999999999999,62.0,11.0,0.7,1.6000000000000003,0.6,0.8999999999999999,3.4000000000000004,5.1,,,,,0.8000000000000002
234523,1,941,25,6.19,941.0,0.1,0.28,0.02,13.9,6.0,3.0,0.7,0.2,0.1,1.4,1.7,1.1,,,,,1.4
663153,1,134,2,6.73,134.0,,0.18,0.02,57.1,,,1.3,2.7,2.0,0.7,5.4,6.0,,,,,
74683,2,2743,35,6.9105213270142185,2743.0,0.03,0.01,0.05000000000000001,50.20000000000001,21.0,1.0,0.4000000000000001,1.4,0.8999999999999999,1.6000000000000003,4.3,5.6,,,,,0.8000000000000002
416386,1,906,23,,906.0,0.1,0.12,0.06,29.3,14.0,,1.1,2.7,0.1,0.8,4.1,4.7,,,,,2.2
126729,1,662,14,,662.0,,,,,2.0,1.0,,,,,,,,,,,
524010,2,458,25,,458.0,,0.06,0.05,28.0,2.0,1.0,0.2,1.2,1.2,2.8,5.7,5.1,,,,,1.6
528181,2,1620,18,6.45,1620.0,,,0.01,30.0,,,,,,,,13.0,7.0,4.0,80.0,1.0,
121985,1,1678,24,6.89,1678.0,,0.02,0.02,67.8,4.0,,,2.1,1.4,3.3,7.5,4.7,,,,,2.1
818880,1,1436,26,6.69,1436.0,0.18999999999999997,0.11,0.04,24.7,6.0,2.0,0.39999999999999997,2.3,1.2,1.9000000000000001,6.1000000000000005,2.8,,,,,2.2
235931,2,1525,21,6.722459016393444,1525.0,,0.10236065573770492,0.01940983606557377,31.438688524590162,6.0,,0.2,2.129180327868853,0.9059016393442623,2.55344262295082,6.023934426229508,3.1531147540983606,,,,,1.3763934426229507
181768,1,69,4,,69.0,,,,,1.0,,,,,,,,,,,,
207929,2,2115,29,6.963617021276596,2115.0,0.04,0.05,0.048723404255319146,38.638297872340424,15.0,3.0,0.2,2.24468085106383,1.0425531914893618,2.2872340425531914,5.861702127659575,2.8404255319148937,,,,,1.5212765957446808
191891,1,34,2,,34.0,,,,,,,,,,,,,,,,,
805886,1,191,7,,191.0,,,,,,,,,,,,,,,,,
439914,1,170,2,6.760000000000001,170.0,,0.20999999999999996,0.15,24.4,4.0,,2.1,1.6,,,1.6,4.2,,,,,0.5
167727,1,218,8,,218.0,,,,,1.0,,,,,,,,,,,,
250153,1,300,16,,300.0,,,,,4.0,2.0,,,,,,,,,,,
649490,2,596,28,6.254362416107383,596.0,0.34,0.18,0.08,15.900000000000002,4.0,2.0,1.7,1.9,0.3,,2.2,4.1,,,,,1.6
650993,1,315,5,,315.0,,,,,,,,,,,,,,,,,
406632,2,91,2,6.84,91.0,1.0,0.64,0.0,64.0,1.0,,,,,,1.0,3.0,,,,,2.0
1210116,1,11,1,,11.0,,,,,1.0,,,,,,,,,,,,
357796,1,1971,29,6.56,1971.0,,0.03,0.12,18.4,28.0,5.0,0.3,1.4,0.4,1.7,3.7,3.5,,,,,0.4
324377,2,1594,24,6.401637390213299,1594.0,0.06,0.06,0.03,26.5,10.0,2.0,0.4,2.2,0.8,2.0,5.1,3.9,,,,,2.1
238950,1,679,21,6.03,679.0,0.13,0.25,0.08,10.1,4.0,1.0,0.4,0.4,,0.3,0.8,2.7,,,,,1.6
552472,1,1032,32,6.51,1032.0,,0.05,0.06,36.5,13.0,2.0,,1.6,0.5,4.1,6.5,4.4,,,,,1.0
375816,1,14,2,,14.0,,,,,,,,,,,,,,,,,
197473,1,1754,30,6.590000000000001,1754.0,,0.06,0.04,37.3,7.0,,0.4,1.1999999999999997,1.6,2.8,6.1,3.8999999999999995,,,,,0.9000000000000001
85370,1,533,20,,533.0,,0.16,0.08,67.7,8.0,,0.7,1.2,0.8,1.7,3.8999999999999995,3.8999999999999995,,,,,1.5
413605,1,400,10,,400.0,,,,,3.0,1.0,,,,,,,,,,,
167491,1,919,16,,919.0,,,,,6.0,,,,,,,,,,,,
298635,1,40,6,,40.0,,,,,1.0,,,,,,,,,,,,
197471,1,2216,29,7.08,2216.0,0.04,0.05,0.030000000000000002,38.4,16.0,,0.2,3.0,2.2,2.8,8.5,5.3,,,,,1.8
200056,1,170,5,,170.0,,,,,,,,,,,,,,,,,
538569,1,1703,29,6.559999999999999,1703.0,,0.04,0.05,20.8,10.0,2.0,0.8,2.4,0.7,1.6,5.1,3.0,,,,,2.1
201040,2,1096,27,6.498704379562044,1096.0,0.17,0.16,0.07,28.4,10.0,2.0,0.7,1.1,0.2,2.2,3.8,4.1,,,,,1.5
199953,1,975,31,6.37,975.0,0.37,0.35,0.07,9.7,11.0,1.0,0.7,0.4,0.5,0.5,1.4,3.3,,,,,1.5
136514,1,627,10,,627.0,,,,,13.0,1.0,,,,,,,,,,,
157507,1,1117,24,6.26,1117.0,,0.02,0.02,33.3,8.0,,,1.2,1.6,2.9,6.2,4.7,,,,,1.3
163048,1,2610,29,6.93,2610.0,,,0.0,20.8,,,,,,1.0,1.0,8.7,9.0,2.8,64.6,1.6,
488052,1,19,1,6.42,19.0,,,,,1.0,,,,,,,,,,,,
241923,1,3150,35,6.59,3150.0,,,0.0,12.3,3.0,2.0,0.0,0.0,,0.9,0.9,7.4,5.0,2.6,62.8,1.5,
279823,1,2316,37,6.77,2316.0,0.27,0.23000000000000004,0.08,12.7,25.0,5.0,0.5,0.7,0.9,2.0,3.7,3.0,,,,,0.9
406042,1,390,11,,390.0,,,,,4.0,1.0,,,,,,,,,,,
315862,1,7,1,,7.0,,,,,,,,,,,,,,,,,
543822,1,850,17,,850.0,,,,,3.0,,,,,,,,,,,,
226025,1,766,18,,766.0,,,,,5.0,1.0,,,,,,,,,,,
449151,2,699,21,6.801673819742489,699.0,0.4,0.25,0.22,26.4,7.0,1.0,2.7,2.7,0.7,1.9,5.3,5.5,,,,,1.3
504085,1,13,1,,13.0,,,,,,,,,,,,,,,,,
582664,1,161,9,,161.0,,,,,3.0,,,,,,,,,,,,
67556,1,446,23,,446.0,,0.18,0.12,14.9,5.0,2.0,0.2,0.2,,2.0,2.2,1.8,,,,,1.2
663900,1,495,9,,495.0,,,,,3.0,,,,,,,,,,,,
65278,1,973,29,6.7299999999999995,973.0,0.46,0.23,0.12,38.8,20.0,6.0,1.2,1.0,0.4,0.4,1.8,3.1,,,,,0.9
656441,1,42,3,,42.0,,,,,1.0,,,,,,,,,,,,
5817,2,2815,37,7.0516447602131445,2815.0,0.1,0.09,0.18,43.8,56.0,12.0,0.3,2.0,0.6,0.6,3.5,5.4,,,,,0.9
7109,2,2815,37,7.0516447602131445,2815.0,0.1,0.09,0.18,43.8,56.0,12.0,0.3,2.0,0.6,0.6,3.5,5.4,,,,,0.9
1315458,1,227,6,,227.0,,,,,4.0,1.0,,,,,,,,,,,
28396,1,236,11,,236.0,,,,,2.0,,,,,,,,,,,,
586984,1,593,15,,593.0,,,,,3.0,,,,,,,,,,,,
143812,1,599,13,,599.0,,,,,3.0,1.0,,,,,,,,,,,
255838,2,911,16,6.15,911.0,,,,,4.0,2.0,,,,,,,,,,,
866250,2,90,2,6.32,90.0,,,,,1.0,,,,,,,,,,,,
197838,1,2107,29,6.56,2107.0,0.3,0.21,0.03,8.1,15.0,4.0,0.3,0.5,0.1,1.1,1.8,1.7,,,,,0.8
207917,1,1234,19,,1234.0,0.15,0.11,0.04,45.7,15.0,2.0,0.1,1.6,0.4,2.3,4.4,2.9,,,,,1.2
997478,1,6,1,,6.0,,,,,,,,,,,,,,,,,
136111,1,1848,22,6.89,1848.0,,,0.0,17.1,2.0,,,0.0,0.0,0.8,0.9,6.1,4.0,2.8,68.2,1.3,0.1
286949,1,232,5,,232.0,,,,,2.0,1.0,,,,,,,,,,,
401923,2,1891,24,7.890407191961924,1891.0,0.9051771549444738,0.9328344791115811,0.10523003701745108,10.252617662612373,28.0,8.0,0.40951877313590695,0.6999999999999998,0.40951877313590695,0.9,1.9476996298254894,2.3190375462718134,,,,,1.7
541537,2,2498,32,7.357574059247399,2498.0,0.31,0.3178382706164932,0.21855884707766216,18.835148118494796,63.0,13.0,1.7063250600480386,0.9072057646116894,0.1288230584467574,0.3,1.4072057646116893,3.0,,,,,1.8351481184947958
553469,2,2020,29,7.410891089108912,2020.0,0.24,0.128019801980198,0.3483168316831683,43.41485148514852,66.0,12.0,0.8178217821782178,1.3643564356435645,0.7732673267326733,0.7,2.9574257425742574,3.9475247524752475,,,,,1.0891089108910892
454567,2,2661,32,7.69076662908681,2661.0,0.29,0.2706764374295378,0.3151183765501691,47.881172491544525,94.0,16.0,0.6864712514092446,1.1526493799323563,0.3,0.7,2.1782412626832017,4.178241262683201,,,,,0.779706877113867
1279526,1,2077,25,7.35,2077.0,0.09,0.05,0.1,48.4,40.0,3.0,1.8,2.1,1.0,0.4,3.6,5.4,,,,,1.7
648779,2,972,20,6.3,972.0,0.19,0.09,0.09,56.4,3.0,1.0,0.6,1.6,1.3,4.4,7.6,5.1,,,,,1.8
591361,1,2626,31,6.970000000000001,2626.0,,0.05,0.07,57.4,8.0,1.0,0.5,1.2,1.0,3.2,5.9,3.2,,,,,1.4
192565,2,2399,30,7.437282200917049,2399.0,0.28,0.23528970404335142,0.26952897040433516,35.20833680700292,49.0,15.0,2.741308878699458,1.3,0.5,0.1,1.9,4.837682367653188,,,,,1.0858691121300543
382528,2,2038,31,7.317904808635917,2038.0,0.37,0.29,0.22,19.6,60.0,11.0,1.0,1.0,0.4,0.2,1.6,3.3,,,,,0.7
331726,1,1252,18,6.970000000000001,1252.0,0.5,0.59,0.13,11.0,14.0,1.0,0.2,0.4,0.4,0.8999999999999999,2.1,1.2,,,,,1.7999999999999998
396908,2,1981,30,7.462523977788996,1981.0,0.3681120646138314,0.32992428066633017,0.32023725391216556,31.565371024734983,56.0,15.0,1.2866229177183242,1.0,0.5078748107016658,0.2,1.70550227158001,3.7708732963149925,,,,,0.7842503785966684
433049,1,1008,16,,1008.0,,,,,5.0,2.0,,,,,,,,,,,
683895,2,1270,15,7.27,1270.0,,0.02,0.029999999999999995,68.5,7.0,2.0,,2.5,2.0,4.0,8.5,6.0,,,,,3.0
341429,2,2585,32,7.071972920696325,2585.0,0.04,0.05,0.03,61.746692456479686,15.0,1.0,0.31868471953578337,1.7000000000000002,0.7875435203094777,4.650174081237911,7.975435203094776,4.193423597678917,,,,,1.4186847195357832
639246,2,1169,15,6.36,1169.0,,,,,10.0,2.0,,,,,,,,,,,
296622,2,2006,27,7.790219341974077,2006.0,0.5408474576271187,0.28404785643070785,0.21701894317048853,33.89581256231306,57.0,14.0,0.7936191425722832,0.7,0.5,0.3255234297108674,1.4489531405782652,4.4894317048853445,,,,,0.6
649317,1,543,10,,543.0,,,,,6.0,1.0,,,,,,,,,,,
834899,1,2202,32,6.97,2202.0,0.53,0.35,0.060000000000000005,10.0,15.0,5.0,0.9,1.1,0.4,0.6,2.5,2.2,,,,,1.5
613725,2,1850,32,7.057459459459459,1850.0,0.05,0.1,0.08,47.1,17.0,5.0,1.5,3.9,1.1,0.9,6.1,6.4,,,,,2.0
332798,2,2509,32,7.146787564766839,2509.0,0.07357512953367876,0.14435233160621763,0.11062176165803107,39.84922279792747,25.0,6.0,0.4,1.7253886010362698,1.0124352331606217,1.2564766839378239,4.081865284974093,4.119170984455959,,,,,1.9248704663212435
649016,1,1648,22,7.15,1648.0,0.27,0.41,0.11,21.1,30.0,1.0,1.3,1.1,0.2,0.8,2.2,2.4,,,,,1.7
581329,2,1598,26,7.0607884856070084,1598.0,0.18000000000000002,0.1,0.1,32.4,16.0,1.0,1.1,2.2,0.5,1.5,4.5,4.2,,,,,1.9
662332,2,2662,34,6.981930879038318,2662.0,0.38,0.35,0.19,8.4,47.0,12.0,1.1,1.0,0.3,0.6,1.9,2.7,,,,,1.5
665048,1,2115,24,7.25,2115.0,,0.04,0.03,57.5,14.0,2.0,0.3,2.0,1.4,4.9,9.0,4.2,,,,,0.6
875334,1,63,1,6.0,63.0,,,,,,,,,,,,,,,,,
1072017,2,2534,32,7.1560378847671675,2534.0,,0.02,0.17467245461720599,33.258721389108125,33.0,8.0,0.421310181531176,2.421310181531176,0.9035516969218627,2.0,5.710655090765589,4.685240726124704,,,,,1.0355169692186266
287579,1,96,2,,96.0,,,,,2.0,,,,,,,,,,,,
234509,2,2707,31,6.9566235685260445,2707.0,,,0.0,26.466752862947914,4.0,1.0,0.1,,,0.4,0.4,6.75319541928334,6.0,2.8132988548208346,69.95906908016254,1.1867011451791651,
663244,1,575,18,,575.0,0.63,0.46,0.23,20.0,16.0,2.0,0.6,1.4,1.3,1.4,4.2,3.8,,,,,2.3
318077,2,2389,32,7.29732524068648,2389.0,0.12,0.04,0.06414399330263709,56.40389284219339,26.0,3.0,0.3138133110087903,2.2174131435747175,0.8966931770615322,1.2447467559648389,4.545039765592298,5.010506488070322,,,,,1.4138133110087903
985825,2,1490,18,7.8,1490.0,,0.05999999999999999,0.01,60.5,5.0,1.0,2.0,1.5,2.0,5.5,10.0,5.0,,,,,2.0
204069,2,2295,26,7.257843137254902,2295.0,0.09,0.04764705882352941,0.023921568627450984,64.25490196078431,3.0,,0.17058823529411765,1.8019607843137255,0.7627450980392156,4.750980392156863,7.684313725490196,4.198039215686275,,,,,1.1450980392156862
274839,2,2091,27,7.116092778574845,2091.0,0.09,0.09825920612147299,0.06869440459110472,45.90927785748446,14.0,1.0,0.5,2.530368244858919,1.7565758010521282,2.721664275466284,7.291200382592061,5.361023433763749,,,,,1.8522238163558107
743599,1,124,3,,124.0,,,,,1.0,,,,,,,,,,,,
875337,1,308,10,,308.0,,,,,3.0,1.0,,,,,,,,,,,
1104114,1,2472,31,7.07,2472.0,0.11,0.04,0.03,23.3,13.0,2.0,1.0,2.0,1.3,1.0,4.7,8.4,,,,,2.4
375137,2,1436,27,6.77,1436.0,,0.03,0.09809192200557104,34.22722841225627,14.0,2.0,0.7,2.0335654596100277,0.7,3.7,6.10424791086351,3.832869080779944,,,,,0.8
511401,1,2024,32,6.84,2024.0,0.22,0.33,0.16,17.1,26.0,12.0,2.1,1.1,0.0,0.4,1.6,3.4,,,,,0.8
531332,2,1832,22,7.309825327510917,1832.0,0.05,0.04,0.05803493449781659,51.84781659388646,11.0,1.0,0.5245633187772926,2.619650655021834,1.6687772925764193,5.570524017467248,10.619650655021834,4.091921397379913,,,,,1.5
700031,2,2616,33,7.159422782874619,2616.0,0.15,0.11315749235474006,0.09931574923547401,10.7368501529052,30.0,2.0,1.1615825688073396,2.1615825688073396,1.81368501529052,2.8136850152905195,7.050535168195719,3.8573776758409783,,,,,1.711047400611621
345577,1,2608,31,7.22,2608.0,0.28,0.21,0.1,31.5,37.0,5.0,0.7,2.1,0.8,0.7,3.7,3.3999999999999995,,,,,1.1
666551,2,1513,22,6.912438863185724,1513.0,0.06,0.06,0.09,41.9,20.0,3.0,1.5,1.8,0.3,0.8,3.1,6.5,,,,,1.4
598399,2,2138,35,6.821674462114125,2138.0,0.46357343311506083,0.4600935453695042,0.08463049579045837,9.90420954162769,19.0,4.0,0.7126286248830682,0.3,0.1,1.0304957904583723,1.5515434985968193,1.9042095416276894,,,,,1.5210477081384473
353922,2,1294,25,6.895780525502318,1294.0,0.07,0.1,0.16,39.1,17.0,3.0,0.7,3.0,1.4,2.1,6.7,2.7,,,,,0.4
358166,2,3093,36,7.437468477206596,3093.0,0.7018719689621727,0.5052085354025218,0.1016003879728419,17.219980601357907,42.0,6.0,0.9000000000000001,0.9373423860329778,0.12133850630455868,0.34267701260911737,1.5013579049466537,2.235984481086324,,,,,0.6266731328806984
563749,2,727,23,6.690426409903715,727.0,,0.14,0.36,37.8,27.0,4.0,0.6,1.5,0.3,1.0,3.0,4.6,,,,,1.3
674241,1,2330,27,7.21,2330.0,,0.04,0.05999999999999999,40.7,18.0,3.0,1.0,2.5,1.1,0.6,4.4,6.6,,,,,1.4
420465,2,1553,19,7.018396651641984,1553.0,0.12,0.06768190598840954,0.010579523502897618,47.536123631680624,4.0,1.0,0.1521571152607856,1.5,1.528976175144881,5.847842884739215,9.355119124275596,4.057952350289762,,,,,1.7173857050869286
258626,2,2046,31,7.45891495601173,2046.0,0.8757184750733138,0.7504398826979473,0.08736070381231671,19.89090909090909,23.0,2.0,0.7131964809384164,0.4,0.4,0.7,1.7,1.9560117302052786,,,,,1.0
242063,2,2183,32,7.214076958314246,2183.0,0.2436463582226294,0.32510765002290426,0.18429225836005497,29.103389830508473,67.0,7.0,1.2,0.7,0.5,0.4,1.5103069170865782,3.589693082913422,,,,,0.7
900938,2,2237,33,7.142811801519893,2237.0,0.17,0.22742065265981223,0.19976754582029504,31.624810013410816,43.0,9.0,1.9,1.1,0.6,0.5,2.3,5.7502458649977655,,,,,1.640098345999106
754037,2,1229,22,7.170829943043124,1229.0,0.24000000000000002,0.31326281529698946,0.2750772986167616,22.17721724979658,23.0,7.0,1.1393816110659074,2.290154597233523,0.6,0.4870626525630594,3.3279902359641986,4.18340113913751,,,,,1.7492270138323842
199316,2,2720,32,7.147610294117647,2720.0,,0.08023529411764707,0.07063970588235295,58.69323529411765,16.0,6.0,0.4,1.4,1.0936029411764707,3.2023529411764704,6.29360294117647,3.8488235294117645,,,,,0.7191911764705882
1396595,2,109,4,,109.0,,,,,2.0,,,,,,,,,,,,
976561,2,2547,34,6.675889281507657,2547.0,0.22,0.32,0.11,8.4,38.0,8.0,1.1,1.1,0.1,0.7,1.9000000000000001,2.8,,,,,2.0
354340,1,2822,32,7.1499999999999995,2822.0,0.06,0.06,0.049999999999999996,53.800000000000004,15.0,2.0,0.39999999999999997,1.5,0.9,6.3999999999999995,9.7,4.1,,,,,1.5999999999999999
889136,1,672,14,,672.0,,,,,7.0,2.0,,,,,,,,,,,
289075,1,2182,30,7.32,2182.0,0.16,0.17,0.28,26.4,67.0,14.0,1.6,1.3,0.5,0.2,2.0,3.6,,,,,0.9
958647,2,2804,32,7.034664764621969,2804.0,0.03,0.04,0.06679029957203994,41.8793152639087,19.0,2.0,0.6898716119828815,1.3476462196861625,0.9679029957203994,4.9651925820256775,8.09358059914408,4.15506419400856,,,,,1.40641940085592
554284,2,2811,33,7.104261828530772,2811.0,0.2,0.13887584489505514,0.08505869797225188,23.089007470651016,39.0,6.0,1.4494130202774813,1.26065457132693,0.15620775524724298,0.5,1.9831376734258273,4.248239060832445,,,,,1.63934542867307
586834,1,817,11,,817.0,,,,,8.0,2.0,,,,,,,,,,,
231572,2,2042,28,7.258658178256612,2042.0,0.05,0.021469147894221354,0.06804113614103821,36.32242899118512,19.0,4.0,1.419588638589618,2.370617042115573,1.280411361410382,1.5657198824681686,5.3559255631733595,5.019588638589618,,,,,0.9
272855,2,2699,32,7.40097814005187,2699.0,0.79,0.5875398295665061,0.0526231937754724,12.29996294924046,24.0,3.0,0.9,0.219673953316043,0.1,2.0,2.2753982956650614,1.7524638755094477,,,,,2.3688403112263803
810100,2,617,9,6.78,617.0,,0.01,0.02,28.3,6.0,1.0,,1.0,1.5999999999999999,1.5999999999999999,5.2,4.2,,,,,2.1
833315,2,2434,34,6.959967132292523,2434.0,0.08,0.15556285949055051,0.07591618734593263,25.25850451930978,15.0,4.0,0.2,2.4073952341824154,1.814790468364832,2.5556285949055058,7.148233360723091,5.073952341824158,,,,,2.4260476581758423
655899,1,185,3,,185.0,,,,,,,,,,,,,,,,,
388820,2,1278,23,7.026478873239436,1278.0,,0.03,0.17204225352112676,42.86056338028169,26.0,3.0,0.8908450704225352,2.1007042253521124,1.1633802816901408,1.9809859154929577,5.599295774647887,4.41830985915493,,,,,0.9549295774647888
647787,2,2739,31,6.821927710843373,2739.0,0.10000000000000002,0.11431544359255204,0.03854326396495071,21.26473165388828,3.0,,0.10000000000000002,0.7,1.0,3.8065717415115,5.967141292442498,2.8394304490690034,,,,,0.8000000000000002
480705,1,1421,23,6.7700000000000005,1421.0,0.44,0.34,0.07,14.4,19.0,4.0,0.6,1.0,,0.7999999999999999,1.8,2.0,,,,,2.2
477930,2,2233,27,6.996103896103897,2233.0,,0.04454545454545455,0.0803896103896104,34.14415584415584,20.0,1.0,0.5909090909090909,1.9389610389610388,0.974025974025974,2.5,5.5064935064935066,3.3402597402597403,,,,,0.4
1071252,1,376,17,,376.0,0.24,0.45000000000000007,0.01,13.400000000000002,2.0,,1.0,1.4,0.7,1.2,3.3999999999999995,2.4,,,,,4.8
418651,2,2610,29,6.690344827586206,2610.0,,,0.0,20.313793103448276,1.0,,0.1,0.0,0.0,0.8,0.9,9.158620689655173,7.0,3.2103448275862068,67.81724137931035,1.5586206896551724,
616894,2,1567,27,7.146005105296746,1567.0,0.18,0.08,0.14,39.7,31.0,4.0,0.5,1.8000000000000003,0.8,1.9,4.8,4.3,,,,,0.9000000000000001
454386,2,1339,16,7.559999999999999,1339.0,1.03,0.68,0.01,7.8,9.0,3.0,,,,0.5,0.5,0.5,,,,,1.0
408563,2,2920,34,6.880000000000001,2920.0,,0.04,0.028767123287671233,48.46917808219178,6.0,1.0,0.2184931506849315,0.6876712328767123,1.1876712328767123,3.9383561643835616,6.876712328767123,3.250684931506849,,,,,1.7506849315068493
783094,2,713,19,7.41,713.0,,0.05,0.06305750350631135,47.119354838709675,8.0,1.0,0.7277699859747545,2.183309957924264,0.7277699859747545,1.1110799438990182,4.591584852734923,4.375035063113605,,,,,1.4166900420757365
170934,2,1768,29,6.85201923076923,1768.0,0.11,0.17,0.05,52.0,8.0,2.0,0.2,1.8,1.6,1.7,5.3,3.4,,,,,1.4
191614,1,1470,30,7.2,1470.0,0.17999999999999997,0.24000000000000002,0.2,53.3,39.0,6.0,1.0,2.6,1.2,0.4,4.5,5.4,,,,,1.3
594991,1,2349,29,6.98,2349.0,0.57,0.51,0.05,9.3,27.0,5.0,1.0,0.3,0.0,0.7,1.3,2.0,,,,,0.7
1071742,2,1852,23,6.943326133909287,1852.0,0.05,0.019999999999999997,0.009028077753779697,30.79892008639309,3.0,2.0,0.2,1.7,1.2222462203023758,6.652699784017279,9.777753779697624,2.687473002159827,,,,,0.5902807775377968
390379,2,2504,31,7.319600638977636,2504.0,,0.06503194888178913,0.10287539936102237,38.75479233226837,29.0,7.0,1.314376996805112,1.5209265175718851,0.6287539936102235,2.071884984025559,4.407188498402556,5.515015974440895,,,,,0.8712460063897763
225083,2,1238,16,7.21,1238.0,,0.04,0.25,57.39999999999999,16.0,1.0,1.0,5.700000000000001,1.0,,6.700000000000001,3.8,,,,,1.0
469976,2,2004,24,7.19568862275449,2004.0,0.5,0.04886227544910179,0.08449101796407187,39.07664670658682,21.0,4.0,0.7,1.589820359281437,1.226946107784431,2.27185628742515,5.497604790419161,4.682035928143713,,,,,1.0
68863,1,1313,31,7.0,1313.0,0.96,0.72,0.1,12.2,17.0,4.0,0.3,,0.1,1.2,1.3,1.5,,,,,0.5
1309324,1,986,17,,986.0,0.18,0.32,0.08,10.5,9.0,2.0,0.6,0.6,0.5,1.7,2.8,2.6,,,,,1.2
341647,1,1174,27,6.86,1174.0,0.38,0.44000000000000006,0.26,27.1,26.0,7.0,0.8,1.0,0.5,0.7,2.5,3.2,,,,,0.8
517376,2,1494,22,7.127409638554217,1494.0,0.06,0.16,0.4,25.2,47.0,12.0,1.5,0.6,0.3,0.3,1.2,3.6,,,,,0.7
745233,2,1558,30,6.90263157894737,1558.0,0.07,0.04346598202824133,0.034621309370988444,15.897175866495507,3.0,1.0,,1.207573812580231,1.7653401797175867,5.761745827984595,9.70397946084724,3.911553273427471,,,,,1.207573812580231
661212,1,646,14,,646.0,,,,,5.0,1.0,,,,,,,,,,,
287183,1,858,14,,858.0,,,,,20.0,5.0,,,,,,,,,,,
238055,1,820,10,,820.0,,,,,15.0,3.0,,,,,,,,,,,
500091,1,2250,25,6.92,2250.0,,,0.0,20.1,,,,,,0.4,0.4,7.6,8.0,2.9,71.3,1.2,
460651,2,2310,33,6.746363636363636,2310.0,0.04,0.030000000000000002,0.15,49.3,27.0,5.0,0.4,1.2,0.5,0.9,3.0,4.2,,,,,1.7
291739,2,976,26,6.73,976.0,0.09,0.21,0.22,17.6,19.0,8.0,1.0,1.6,0.3,1.3,3.4,4.7,,,,,1.2
330871,2,3150,35,7.317999999999999,3150.0,,,0.018857142857142857,29.005714285714287,2.0,2.0,0.0,0.1,,0.7828571428571428,0.8771428571428571,8.274285714285712,13.0,3.3314285714285714,75.54857142857144,1.0942857142857145,
320141,1,772,11,,772.0,,,,,6.0,,,,,,,,,,,,
278343,1,1124,15,,1124.0,,,,,3.0,1.0,,,,,,,,,,,
882568,2,1187,14,6.339999999999999,1187.0,,,0.0,29.7,2.0,1.0,,,,,,6.4,2.0,4.8,54.5,4.0,
614742,2,1899,28,7.072496050552923,1899.0,0.16,0.2783043707214323,0.15500789889415484,23.24254870984729,27.0,9.0,2.616956292785676,1.2833596629805162,0.6,0.5,2.341758820431806,4.7332806740389675,,,,,1.1
782935,2,3092,35,7.016882276843467,3092.0,,0.029708926261319536,0.11912677878395861,15.26216041397154,53.0,5.0,0.3,1.6116429495472187,0.6698576972833117,2.291267787839586,4.698965071151358,3.5047865459249676,,,,,1.3
535469,1,1302,22,6.929999999999999,1302.0,0.35,0.18,0.14,20.4,20.0,5.0,1.2,0.6,0.3,0.7,1.7000000000000002,3.0,,,,,1.0
472873,2,2439,31,6.945904059040591,2439.0,0.04,0.032952029520295203,0.11409594095940959,29.222140221402213,30.0,7.0,0.6852398523985239,1.5738007380073802,0.925461254612546,2.370479704797048,5.332841328413284,3.9811808118081182,,,,,1.6295202952029522
527026,1,2070,23,7.21,2070.0,,,0.0,16.5,2.0,,0.0,0.0,,1.4,1.4,7.3,6.0,3.3,71.0,1.3,
486814,1,488,11,,488.0,,,,,11.0,2.0,,,,,,,,,,,
452084,2,276,12,7.36,276.0,,0.22,0.1,29.5,5.0,1.0,1.0,2.1,1.6,0.5,4.1,4.1,,,,,2.1
1053933,2,2425,30,7.009373195876289,2425.0,0.07444123711340207,0.1323340206185567,0.05712989690721649,21.532701030927832,18.0,4.0,1.2784742268041238,1.3712989690721649,1.0430515463917527,1.4282474226804123,4.028247422680412,3.1569484536082477,,,,,0.6717525773195876
354173,2,2268,26,6.844444444444445,2268.0,0.09,0.06761904761904762,0.047619047619047616,45.68571428571428,7.0,1.0,0.3,1.0920634920634922,1.6,5.0396825396825395,8.96031746031746,3.2095238095238092,,,,,1.9603174603174602
216603,2,1712,25,7.007943925233645,1712.0,0.11000000000000001,0.12,0.24,26.8,33.0,6.0,1.0,1.8,0.7,0.2,2.8,5.6,,,,,1.6
703720,2,2123,32,6.771196420160151,2123.0,0.09,0.06830428638718795,0.10830428638718793,29.147385774846917,19.0,2.0,1.0,2.1830428638718797,1.1,2.0982571832312766,5.562600094206312,5.4219500706547334,,,,,1.3
422203,1,2014,28,6.68,2014.0,0.04,0.04,0.03,42.9,4.0,,0.2,1.4,0.9,0.9,3.4,3.3,,,,,1.9
616885,1,1787,27,6.77,1787.0,0.05,0.03,0.11,35.0,29.0,4.0,1.0,1.7,1.1,3.0,6.0,4.1,,,,,0.8
652426,2,914,13,,914.0,,,,,10.0,1.0,,,,,,,,,,,
549966,2,2393,31,6.9604931048892595,2393.0,0.23999999999999996,0.30229001253656496,0.06068115336397826,17.60681153363978,23.0,2.0,1.7,1.3455077308817385,0.8,0.6,2.7773923944839116,3.5455077308817384,,,,,1.7340576681989137
178459,2,1251,26,6.785203836930455,1251.0,0.75,0.61,0.07,9.1,10.0,3.0,0.1,0.1,0.1,0.9000000000000001,1.3,0.6,,,,,1.9
290552,2,2873,34,7.306411416637661,2873.0,0.24691611555864948,0.1981691611555865,0.193783501566307,37.00341106856944,76.0,14.0,0.7501218238774799,1.406265227984685,0.68746954403063,0.6,2.93734772015315,4.781204316045945,,,,,1.531326139923425
699418,2,678,15,6.77,678.0,,0.08,0.04,59.4,14.0,,1.2,0.6,1.2,1.2,4.3,2.4,,,,,0.6
686597,2,1709,23,7.088016383850205,1709.0,0.060000000000000005,0.030000000000000002,0.08,24.5,17.0,2.0,0.8,2.1,0.8,3.3,6.6,3.8,,,,,1.0
603368,1,553,10,,553.0,,,,,8.0,2.0,,,,,,,,,,,
543727,1,1657,21,6.76,1657.0,,0.02,0.03,39.8,7.0,1.0,,1.4,1.4,5.3,9.3,3.2,,,,,0.9
579284,2,1394,29,6.6685222381635585,1394.0,0.5,0.03387374461979914,0.06645624103299856,34.65164992826399,18.0,,0.7,1.3258249641319944,0.8903873744619799,2.825824964131994,5.193687230989957,4.132137733142037,,,,,1.3708751793400287
586756,2,740,17,6.42,740.0,,,,,2.0,,,,,,,,,,,,
669000,1,2052,28,6.83,2052.0,0.04,0.03,0.08,32.1,13.0,2.0,0.4,1.7,0.7,0.9,3.5,5.0,,,,,1.7
391555,2,2457,31,6.945917785917786,2457.0,0.04,0.04,0.08788766788766789,36.612576312576316,23.0,3.0,1.0,2.1155067155067155,0.5929588929588929,1.0577533577533578,4.145095645095644,5.164794464794466,,,,,1.3
461951,2,2233,27,6.996103896103897,2233.0,,0.04454545454545455,0.0803896103896104,34.14415584415584,20.0,1.0,0.5909090909090909,1.9389610389610388,0.974025974025974,2.5,5.5064935064935066,3.3402597402597403,,,,,0.4
243188,1,2581,32,7.0,2581.0,0.23999999999999996,0.13,0.1,32.5,46.0,7.0,0.3,0.8,0.9,1.3,3.2,4.0,,,,,1.2
243725,2,2478,31,6.881283292978208,2478.0,,0.13,0.13418886198547217,33.5363196125908,37.0,10.0,0.8145278450363197,1.4072639225181598,0.5,0.5363196125907991,2.536319612590799,3.8547215496368037,,,,,1.4435835351089588
258015,2,350,9,6.1,350.0,,0.07,0.02,16.2,5.0,2.0,,,,0.7,0.7,2.8,,,,,0.7
245014,2,2099,34,6.988542162934731,2099.0,0.22,0.24,0.21,28.1,57.0,9.0,0.8,1.3,0.5,0.7,2.5,4.5,,,,,1.2
402010,2,1982,30,6.819465186680121,1982.0,0.31630676084762865,0.2815338042381433,0.048738647830474276,12.58284561049445,27.0,3.0,0.9621594349142281,1.0117053481331988,0.3,0.9765893037336025,2.5,2.5009081735620584,,,,,1.4495459132189707
483063,2,1022,19,6.75,1022.0,,0.05,0.037005870841487286,56.97279843444227,4.0,,0.17984344422700588,1.3,1.3,2.1489236790606654,5.299608610567515,5.66027397260274,,,,,0.7
345437,1,3060,34,7.29,3060.0,,,0.01,10.3,,,,,0.0,1.7,1.8,7.0,16.0,2.8,74.6,0.9,
672597,2,2127,30,6.917907851433944,2127.0,0.04,0.05,0.06,27.4,20.0,2.0,1.6,1.9,0.7,1.5,4.4,5.7,,,,,1.7
618869,2,30,4,,30.0,,,,,,,,,,,,,,,,,
655912,1,1939,29,6.78,1939.0,,0.1,0.2,19.3,36.0,7.0,2.0,1.4,0.7,0.5,2.6,3.8,,,,,0.9
1066904,1,368,6,,368.0,,,,,3.0,,,,,,,,,,,,
621603,2,1034,20,6.160000000000001,1034.0,0.63,0.38,0.02,12.2,6.0,2.0,0.5,1.9,1.1,0.6,3.6,2.9,,,,,3.0
620072,1,2351,33,6.85,2351.0,,0.02,0.08,27.1,18.0,4.0,0.3,2.5,1.0,3.8,7.7,3.5,,,,,0.7
364244,1,2197,27,6.5,2197.0,,0.0,0.07,23.6,13.0,2.0,0.3,0.8,1.0,2.7,4.6,3.4,,,,,0.9
247596,1,2882,34,6.57,2882.0,,0.01,0.049999999999999996,28.400000000000002,20.0,2.0,0.5,2.0,0.7,2.3,5.3,3.8000000000000003,,,,,1.3
748807,1,1192,25,6.37,1192.0,,0.03,0.1,19.3,11.0,5.0,1.2,1.6,1.2,0.6,3.7999999999999994,2.6,,,,,2.4
224088,1,1610,24,6.940000000000001,1610.0,0.11,0.23,0.08,45.6,14.0,,1.0,0.6,0.6,0.4,1.8,5.0,,,,,1.0
204189,2,2970,33,6.733636363636364,2970.0,,,0.0,18.96969696969697,1.0,,,0.1,,0.7484848484848485,0.7484848484848485,7.681818181818182,10.0,2.524242424242424,65.81515151515153,1.312121212121212,
836336,2,3004,34,6.906348202396804,3004.0,0.058005992010652464,0.028808255659121172,0.02821238348868176,50.641411451398135,7.0,2.0,0.1,0.8715046604527297,0.6880825565912118,4.311917443408788,6.435752330226365,3.7821238348868174,,,,,1.1238348868175767
309977,2,1811,26,6.813771397018222,1811.0,0.26,0.12207620099392599,0.10674765323025953,14.941192711209277,14.0,5.0,2.6584759801214806,2.563666482606295,0.8,0.3,3.6065709552733303,4.839094422970734,,,,,3.7570955273329654
697149,2,1145,20,6.93,1145.0,,0.07,0.13,30.300000000000004,19.0,,0.4,2.4,1.0,2.8,6.5,4.3,,,,,0.6
295955,2,2168,28,6.764686346863469,2168.0,,0.05697416974169742,0.02848708487084871,43.16863468634686,8.0,1.0,0.1,2.015129151291513,1.6924354243542434,4.4654981549815504,8.680627306273063,4.224354243542435,,,,,1.4512915129151291
263380,1,1163,15,,1163.0,,,,,7.0,2.0,,,,,,,,,,,
530851,2,2551,31,6.876095648765189,2551.0,0.21375931007448062,0.20317522540180324,0.05905135241081928,19.44598196785574,33.0,3.0,0.5529204233633869,1.7729909839278712,0.47883183065464524,0.4635045080360643,2.8047432379459036,3.2846726773814194,,,,,1.7729909839278712
496996,2,1926,27,6.599252336448598,1926.0,0.10000000000000002,0.09308411214953272,0.011869158878504673,44.35794392523364,4.0,,0.2280373831775701,1.4971962616822432,0.4560747663551402,4.681308411214953,7.406542056074766,4.456074766355141,,,,,1.22803738317757
570466,1,1565,26,6.47,1565.0,0.12,0.05,0.07,22.0,15.0,2.0,0.4,1.6,0.2,0.9,2.9,3.3,,,,,1.2
524925,2,1677,22,6.919719737626714,1677.0,0.06,0.05865831842576029,0.028938580799045915,39.622301729278476,4.0,2.0,0.4,2.125700655933214,1.3212283840190815,4.804472271914133,8.887716159809182,4.1257006559332146,,,,,1.9106141920095407
405399,1,1202,23,6.57,1202.0,,0.17,0.1,16.7,10.0,3.0,3.3,1.8999999999999997,0.6,0.7,3.2,4.7,,,,,2.2
498529,1,1103,19,7.0,1103.0,,0.2,0.14,28.0,21.0,4.0,1.6,1.8,0.8,0.7,3.6,4.2,,,,,2.0
450173,2,2841,35,6.7382787750791975,2841.0,0.03,0.04118268215417107,0.06763463569165787,35.36399155227033,20.0,2.0,0.5,1.064519535374868,1.1,0.7236536430834214,2.9467793030623017,4.112882787750792,,,,,1.2881731784582895
505463,1,362,6,,362.0,,,,,1.0,,,,,,,,,,,,
464446,2,2877,33,6.781105318039625,2877.0,,0.02,0.02890858533194299,22.648974626346885,13.0,2.0,0.2218282933611401,2.392770246784845,1.1672575599582897,2.867396593673966,6.800139033715676,4.470941953423706,,,,,2.33274244004171
410158,1,1120,14,,1120.0,,,,,1.0,,,,,,,,,,,,
571299,2,2395,28,7.094751565762004,2395.0,0.04,0.03792066805845511,0.03861377870563674,54.866430062630485,9.0,1.0,0.6,1.2861377870563675,1.379206680584551,5.493068893528184,8.937620041753652,4.823757828810021,,,,,1.7514822546972861
432752,2,962,29,6.6246985446985445,962.0,0.39,0.18999999999999997,0.43,24.8,21.0,8.0,1.9,0.5,0.7,0.6,1.7,4.7,,,,,0.1
282076,1,1404,26,6.87,1404.0,0.19,0.13,0.15,23.699999999999996,36.0,5.0,0.9000000000000001,1.3,0.3,0.4,2.1,3.3,,,,,1.2
238809,2,2392,31,7.246020066889632,2392.0,0.24,0.12,0.16376254180602007,30.78829431438127,48.0,9.0,0.4,0.8698996655518395,0.3,1.6301003344481606,3.0,2.5376254180602005,,,,,0.5924749163879599
346472,1,2362,28,6.79,2362.0,,0.02,0.01,29.2,9.0,1.0,0.6,1.5,0.8,1.7,4.3,4.1,,,,,0.8
361032,1,2520,28,6.6899999999999995,2520.0,,,0.0,20.3,,,0.0,0.0,,0.6,0.6,7.0,7.0,3.6,67.5,1.8,0.1
568318,1,1889,27,6.6899999999999995,1889.0,0.38,0.43,0.04,7.9,11.0,1.0,0.4,0.4,0.0,1.3,1.8,1.3,,,,,1.8
889613,1,228,5,,228.0,,,,,,,,,,,,,,,,,
908982,1,1306,29,6.52,1306.0,0.07,0.15,0.11,20.1,17.0,4.0,0.39999999999999997,1.2,0.7999999999999999,0.5,2.8,3.4,,,,,1.0
311489,1,132,2,,132.0,,,,,,,,,,,,,,,,,
988247,2,149,7,,149.0,,,,,,,,,,,,,,,,,
348863,2,348,11,6.73,348.0,,0.32,0.01,45.7,7.0,1.0,,4.0,1.3,0.7,6.0,4.0,,,,,4.0
472242,1,2057,32,6.86,2057.0,0.39,0.33,0.1,12.2,20.0,4.0,0.3,0.2,0.1,0.9,1.4,1.4,,,,,0.7
283166,2,1890,21,6.805238095238095,1890.0,,,0.0,25.80952380952381,3.0,,,,,1.4523809523809523,1.4523809523809523,7.29047619047619,3.0,3.419047619047619,70.90952380952379,1.4095238095238096,
719672,2,882,15,6.8,882.0,,0.04,0.17,43.7,11.0,3.0,0.6,,0.6,,0.6,5.1,,,,,0.6
988710,2,1475,19,7.2,1475.0,,0.02,0.028128813559322036,29.87627118644068,4.0,,0.43742372881355934,2.218915254237288,1.6,3.275050847457627,7.900406779661016,4.799593220338982,,,,,1.062372881355932
727077,1,1260,14,,1260.0,,,,,3.0,1.0,,,,,,,4.0,,,,
119031,2,382,20,,382.0,0.24,0.24,0.03,69.4,2.0,1.0,0.5,2.6,0.9000000000000001,0.9000000000000001,5.0,4.0,,,,,1.4
562734,1,633,20,6.41,633.0,0.28,0.21000000000000002,0.1,20.3,9.0,2.0,3.1,0.7,1.1,0.6,2.7,6.3,,,,,1.3
271495,1,1323,25,6.49,1323.0,,0.09,0.05,22.7,16.0,1.0,0.4,2.0,0.7,0.5,3.4,3.9,,,,,1.1
712127,2,1310,32,6.62851145038168,1310.0,0.47000000000000003,0.20988549618320615,0.0752671755725191,14.749236641221374,21.0,2.0,0.9526717557251908,0.6419847328244275,0.4,0.3,1.3473282442748091,2.9,,,,,0.9
186862,1,576,7,,576.0,,,,,1.0,,,,,,,,,,,,
179860,1,165,2,,165.0,,,,,1.0,,,,,,,,,,,,
236471,2,1439,27,7.029999999999999,1439.0,0.06,0.04,0.1,39.3,19.0,3.0,0.3,1.9,1.2,2.0,5.5,5.0,,,,,1.1
230921,2,2355,29,6.926356687898089,2355.0,0.08,0.08,0.13,22.9,32.0,8.0,0.6,0.7,0.9000000000000001,1.4,3.2,4.6,,,,,1.6
229817,2,2469,34,6.653122721749695,2469.0,0.31,0.5201093560145809,0.02,12.668772782503037,27.0,3.0,0.794775212636695,0.4,0.294775212636695,0.6,1.314580801944107,2.0364520048602675,,,,,1.4635479951397328
462772,2,1345,20,6.6000000000000005,1345.0,,0.049999999999999996,0.0,37.8,3.0,,0.3,1.3,2.2,5.5,10.2,2.0,,,,,1.5999999999999999
216443,1,927,15,,927.0,,,,,4.0,1.0,,,,,,,,,,,
462086,1,815,15,,815.0,,,,,10.0,2.0,,,,,,,,,,,
256358,1,1337,18,6.830000000000001,1337.0,0.47,0.36,0.05000000000000001,14.300000000000002,17.0,1.0,0.4000000000000001,0.8000000000000002,0.10000000000000002,1.7000000000000002,2.9,2.7,,,,,1.5
944442,1,277,9,,277.0,,,,,2.0,,,,,,,,,,,,
259025,2,2125,34,6.733515294117646,2125.0,0.26,0.3,0.08,21.1,29.0,5.0,0.5,0.4,0.2,0.6,1.3,3.7,,,,,1.2
168408,1,2146,27,6.73,2146.0,,0.01,0.04,49.9,4.0,2.0,0.2,1.3,0.8,4.9,7.5,3.2,,,,,0.6
238639,1,705,21,,705.0,0.26,0.5,0.09,17.1,10.0,1.0,0.3,1.4,0.1,1.5,3.2,2.6,,,,,3.6
916920,1,855,15,,855.0,,,,,10.0,5.0,,,,,,,,,,,
655895,2,1143,22,6.88,1143.0,0.08,0.05,0.06,55.3,9.0,2.0,0.2,1.8,0.7,1.5,4.4,6.7,,,,,1.3
396516,1,2432,30,6.72,2432.0,,0.02,0.01,39.5,4.0,,0.0,1.1,0.9,6.6,9.4,4.3,,,,,0.7
348425,2,2887,34,6.973255975060617,2887.0,0.05999999999999999,0.18000000000000002,0.26,21.3,61.0,14.0,0.6,1.2,0.2,0.4,1.9,3.3,,,,,1.3
379209,2,1732,27,6.929053117782909,1732.0,0.25637413394919173,0.20475750577367205,0.12438799076212473,25.545496535796765,30.0,6.0,0.5,1.3203233256351041,1.0117782909930717,1.371131639722864,3.674364896073903,4.178060046189376,,,,,1.2695150115473441
346898,2,756,14,7.15,756.0,,,,,20.0,4.0,,,,,,,,,,,
577832,1,2138,31,6.7,2138.0,,0.01,0.02,26.4,9.0,,0.1,2.2,1.4,3.3,7.2,3.3,,,,,0.8
364405,2,1343,19,7.48,1343.0,0.33,0.07,0.07,21.3,16.0,3.0,1.0,1.7,0.3,2.0,4.0,4.7,,,,,1.0
1116387,1,190,13,,190.0,,,,,2.0,1.0,,,,,,,,,,,
687800,1,786,23,,786.0,,0.08,0.09,34.5,5.0,,1.5,2.2,0.8,1.5,4.7,4.5,,,,,1.9
423678,2,837,23,6.54,837.0,0.33000000000000007,0.09,0.16000000000000003,22.300000000000004,12.0,2.0,1.1,0.9000000000000001,0.4,0.1,1.4,3.3,,,,,1.4
993407,1,150,10,,150.0,,,,,,,,,,,,,,,,,
568216,2,2499,32,6.704153661464586,2499.0,,0.020720288115246097,0.047839135654261705,34.993157262905164,9.0,,0.3,1.6135654261704682,0.907202881152461,1.2423769507803122,4.484753901560624,4.401680672268908,,,,,1.6648259303721487
386786,1,1053,26,6.43,1053.0,,0.19,0.15,17.7,10.0,3.0,2.1,1.3,0.5,0.9,2.7,2.4,,,,,0.7
182395,2,176,14,6.27,176.0,,,,,1.0,,,,,,,,,,,,
120565,1,525,12,,525.0,,,,,5.0,,,,,,,,,,,,
569777,1,798,11,,798.0,,,,,14.0,5.0,,,,,,,,,,,
172163,1,749,22,,749.0,,0.01,0.02,39.8,2.0,,0.5,3.4,1.7,3.2,9.0,5.9,,,,,3.0
137616,1,883,22,,883.0,0.10000000000000002,0.03,0.08,46.20000000000001,6.0,1.0,0.20000000000000004,1.0,0.8000000000000002,4.5,6.900000000000001,3.5,,,,,1.6000000000000003
479589,1,45,3,,45.0,,,,,,,,,,,,,,,,,
520815,1,1089,17,,1089.0,,0.04,0.01,55.0,,,0.2,0.8,1.7,5.5,8.8,2.6,,,,,1.7
181410,1,1513,17,6.4,1513.0,,0.02,0.04,32.5,12.0,,0.2,1.1,0.8,4.9,7.4,3.9,,,,,1.0
163053,2,1235,16,5.900000000000001,1235.0,,,,,12.0,5.0,,,,,,,,,,,
159908,1,39,2,6.96,39.0,,,,,,,,,,,,,,,,,
448058,1,1839,30,6.73,1839.0,0.05,0.11999999999999998,0.02,31.0,14.0,1.0,0.4,2.4,1.2,3.2,7.0,3.8,,,,,1.6
451353,2,1266,23,6.384123222748815,1266.0,0.08,0.14,0.060000000000000005,23.70521327014218,14.0,2.0,0.8142180094786732,1.6284360189573464,0.8853080568720381,1.2843601895734598,3.890995260663507,4.021800947867298,,,,,2.2786729857819905
451642,1,852,24,6.24,852.0,,0.1,0.14,12.900000000000002,7.0,1.0,1.3000000000000003,1.1,1.0,0.5,2.5,3.0,,,,,1.4
289713,1,1168,20,6.46,1168.0,,0.13,0.05,9.5,9.0,2.0,0.5,1.2,0.5,1.1,2.9,3.8,,,,,0.9
314965,2,2888,33,6.6623545706371194,2888.0,,0.02,0.08252077562326869,23.325554016620497,17.0,3.0,0.5186980609418282,1.843905817174515,0.8467451523545707,2.75893351800554,5.91218836565097,3.1841412742382267,,,,,1.6971606648199449
618425,1,746,13,,746.0,,,,,5.0,1.0,,,,,,,,,,,
696693,1,1163,21,6.83,1163.0,0.23,0.14,0.13,27.9,13.0,3.0,2.2,0.6,0.2,1.0,2.0,3.9,,,,,1.5
257785,2,1755,22,6.858717948717948,1755.0,,0.01,0.13923076923076924,30.064102564102566,21.0,3.0,0.9615384615384616,2.5128205128205128,1.2179487179487178,2.7435897435897436,6.705128205128205,5.064102564102564,,,,,1.6794871794871795
295024,1,2571,29,7.07,2571.0,0.11,0.06,0.03,40.4,13.0,2.0,0.4,1.8,2.2,6.8,11.7,4.0,,,,,1.6
367195,2,2299,33,6.417042192257504,2299.0,0.21,0.17112657677250978,0.040739451935624185,11.166898651587648,11.0,2.0,1.1,0.31478903871248365,0.2,0.5926054806437581,1.1,2.840843845150065,,,,,1.192605480643758
581429,1,427,7,,427.0,,,,,2.0,,,,,,,,,,,,
249952,1,2376,33,6.54,2376.0,,0.07,0.06,31.1,23.0,3.0,0.9,1.1,0.6,0.6,2.6,3.3,,,,,0.8
440653,2,1852,28,6.909001079913607,1852.0,0.24138768898488122,0.1276133909287257,0.08119330453563715,19.92840172786177,22.0,6.0,0.3,0.8874190064794818,0.662257019438445,1.738390928725702,3.5880669546436286,2.7132289416846653,,,,,1.899352051835853
433105,2,426,16,6.51,426.0,,0.12,0.21,31.599999999999998,6.0,1.0,,,,,,2.0,,,,,3.0
215592,2,599,8,6.97,599.0,,,,,14.0,3.0,,,,,,,,,,,
604359,1,602,17,,602.0,0.15,0.17,0.02,12.3,5.0,,1.5,1.3,1.3,2.2,5.2,3.3,,,,,3.4
332612,1,466,11,,466.0,,,,,6.0,1.0,,,,,,,,,,,
599203,1,647,13,,647.0,,,,,11.0,2.0,,,,,,,,,,,
380919,2,2472,30,6.593033980582524,2472.0,,0.0,0.02109223300970874,36.33519417475728,8.0,1.0,0.4983009708737865,1.2184466019417475,0.7453883495145631,2.903398058252427,5.267233009708738,4.007524271844661,,,,,0.47815533980582525
225873,1,1524,25,6.58,1524.0,,0.1,0.11000000000000001,28.199999999999996,28.0,4.0,0.2,1.8000000000000003,1.1,0.5,3.7,4.4,,,,,3.2
585339,1,1551,26,6.38,1551.0,0.29,0.29,0.04,10.4,9.0,1.0,0.6999999999999998,0.9,0.20000000000000004,0.8000000000000002,2.0,2.1,,,,,3.7999999999999994
428302,2,2867,34,6.828835019183814,2867.0,,0.0,0.01,39.565504011161494,6.0,,0.6874433205441227,1.5937216602720614,0.7811649808161841,3.5632368329264037,6.219288454830834,4.5,,,,,0.7
508780,1,689,23,6.409999999999999,689.0,0.13,0.19,0.12,21.6,8.0,1.0,1.7,1.8,0.3,0.4,2.5,4.6,,,,,1.2
346903,1,1800,29,6.82,1800.0,0.15,0.17,0.14,16.3,20.0,5.0,2.3,1.2,0.3,0.6,2.1,2.7,,,,,2.2
1108966,1,481,16,,481.0,,,,,9.0,2.0,,,,,,,,,,,
338794,1,833,18,,833.0,,0.05000000000000001,0.04,46.0,6.0,,0.4000000000000001,1.3,1.7,3.7999999999999994,7.3,4.6,,,,,1.0
1054214,1,90,1,,90.0,,,,,,,,,,,,,,,,,
341019,2,1137,30,6.542084432717679,1137.0,0.72,0.30907651715039575,0.04503957783641161,12.316358839050132,5.0,,0.949604221635884,0.24960422163588392,0.512401055408971,0.6,1.562796833773087,3.0116094986807385,,,,,2.089182058047493
380415,1,302,17,,302.0,,0.37,0.030000000000000002,15.2,3.0,,0.6,0.6,1.2,0.3,2.1,4.5,,,,,1.5
1489506,2,460,7,7.31,460.0,,0.05,0.01,30.4,2.0,,,2.8,0.4,2.5,6.0,8.5,,,,,2.5
1457367,2,390,8,7.04,390.0,,0.01,0.01,39.0,3.0,1.0,,1.0,0.5,10.5,13.0,6.0,,,,,
638573,1,1101,20,6.54,1101.0,0.08,0.12000000000000001,0.07,38.7,8.0,2.0,1.1,2.6,0.8,0.9,4.4,3.6,,,,,2.5
504503,1,1505,26,6.8,1505.0,,0.1,0.22000000000000003,30.9,39.0,9.0,1.1,1.1,0.4,0.5,2.0,4.8,,,,,1.2
370833,1,838,20,6.51,838.0,,0.26,0.09,18.5,13.0,1.0,2.9,1.3999999999999997,0.20000000000000004,1.3,3.0,4.4,,,,,2.1
1189049,1,180,2,,180.0,,,,,,,,,,,,,,,,,
548031,1,28,1,,28.0,,,,,,,,,,,,,,,,,
548270,2,617,18,5.91,617.0,,,,,5.0,,,,,,,,,,,,
208848,2,1375,18,7.570000000000001,1375.0,0.5,0.19,0.15,26.5,26.0,4.0,0.5,,1.5,2.5,5.0,3.5,,,,,
208172,1,22,1,,22.0,,,,,,,,,,,,,,,,,
226073,1,2880,32,7.130000000000001,2880.0,,,0.0,25.6,2.0,,,0.2,0.0,1.6,1.8,9.1,6.0,3.7,68.8,1.7,
185024,1,1154,15,,1154.0,,,,,,,,,,,,,,,,,
222977,1,2715,32,6.819999999999999,2715.0,,0.04,0.09,35.0,32.0,2.0,0.5,1.4,1.0,3.2,6.0,3.9,,,,,1.3
520405,1,1793,25,7.110000000000001,1793.0,0.05,0.03,0.17,27.7,51.0,6.0,1.4,1.0,0.4,1.0,2.3,4.5,,,,,1.3
1048118,1,205,8,,205.0,,,,,,,,,,,,,,,,,
676115,1,2871,32,6.92,2871.0,,0.09,0.01,15.1,4.0,1.0,0.2,0.9,0.8,6.1,8.5,2.0,,,,,1.0
327402,2,1141,27,6.87,1141.0,0.25,0.18,0.23,18.2,36.0,3.0,1.4,1.1,0.4,0.3,1.9,4.1,,,,,1.6
125858,2,2274,28,6.967915567282321,2274.0,0.04,0.0703957783641161,0.13485488126649078,35.65488126649076,42.0,5.0,0.6,2.807915567282322,1.1,1.271240105540897,5.2712401055408975,6.096042216358839,,,,,1.9831134564643798
566723,2,2407,33,8.104208558371417,2407.0,0.5957041960947237,0.46757374324885753,0.6524262567511425,50.38026589115081,80.0,27.0,2.4439135853759866,0.9000000000000001,0.5,0.3,1.8000000000000003,3.9037390943082673,,,,,1.192521811383465
580195,1,679,15,,679.0,,,,,17.0,3.0,,,,,,,,,,,
792380,2,1544,25,7.202357512953367,1544.0,0.18000000000000002,0.1,0.14,93.0,22.0,3.0,0.2,1.6,0.9,1.0,4.0,4.9,,,,,1.2
1390649,1,2476,33,7.61,2476.0,0.44,0.26,0.37,32.6,56.0,17.0,4.3,1.1,0.6,0.3,2.0,5.4,,,,,0.7
344695,2,1887,25,7.364387917329094,1887.0,0.09531001589825121,0.05906200317965024,0.08476947535771064,75.379173290938,12.0,4.0,0.23815580286168522,2.2381558028616855,1.095389507154213,2.8098569157392688,6.381558028616852,5.999841017488076,,,,,0.8
480692,2,2540,33,7.767007874015748,2540.0,0.5659448818897638,0.5886220472440945,0.2746850393700788,40.604330708661415,66.0,17.0,2.1929133858267718,0.8,0.5,0.1,1.4,5.061023622047244,,,,,1.3248031496062993
1075147,2,1288,27,7.13,1288.0,0.35,0.53,0.35,49.2,23.0,5.0,1.5,1.7999999999999998,1.0,0.10000000000000002,3.0,3.7999999999999994,,,,,0.4000000000000001
132098,2,2466,32,8.103552311435523,2466.0,1.36,1.02,0.16,22.3,42.0,19.0,1.2,0.7,0.3,1.2,2.5,2.9,,,,,0.9
388198,1,2520,28,7.59,2520.0,0.18,0.13,0.1,62.6,12.0,1.0,0.5,1.8,1.0,4.5,7.7,5.1,,,,,1.1
927353,1,2094,27,7.07,2094.0,0.21,0.17,0.22,34.1,20.0,6.0,1.4,1.5,1.2,1.6,4.4,4.7,,,,,0.9
406640,1,2184,29,7.22,2184.0,0.08,0.15,0.17,38.6,20.0,3.0,1.3,1.5,1.1,1.2,4.0,4.5,,,,,1.2
618472,1,2177,26,7.12,2177.0,0.04,0.05,0.030000000000000002,64.1,6.0,,0.9,1.3,1.2,5.1,8.5,5.3,,,,,0.5
1168219,1,1957,34,6.93,1957.0,0.6,0.52,0.11,11.6,21.0,8.0,2.0,1.1,0.4,0.2,1.7,2.9,,,,,0.7
905011,1,1852,28,7.239999999999999,1852.0,0.15,0.26,0.22,36.0,28.0,9.0,2.3,2.0,0.8,0.6,3.5,4.2,,,,,0.9
632349,1,2302,28,7.129999999999999,2302.0,0.16,0.11,0.05,57.800000000000004,11.0,1.0,0.5,1.1,1.1,3.5,6.2,3.8000000000000003,,,,,0.7
816585,1,1164,21,7.13,1164.0,0.62,0.3,0.23,37.4,20.0,4.0,1.2,1.2,0.2,0.4,1.9,4.3,,,,,1.2
443710,2,2832,35,7.281101694915254,2832.0,0.07,0.1,0.24,67.4,57.0,10.0,0.5,1.6,1.0,1.6,4.4,5.2,,,,,0.6
483046,2,1871,27,7.270251202565473,1871.0,0.1,0.07,0.24,54.8,24.0,4.0,0.5,1.4,0.9,3.0,5.6,4.1,,,,,0.4
496094,1,1196,28,6.95,1196.0,0.53,0.37,0.23999999999999996,15.799999999999999,16.0,6.0,2.0,0.4,0.6,0.2,1.1,3.5,,,,,1.6
691892,2,2718,34,7.099002943340691,2718.0,0.14,0.09,0.09999999999999999,32.6,34.0,7.0,0.6,2.7,0.9,1.5,5.4,4.0,,,,,0.9
643574,1,3059,34,7.3,3059.0,0.03,0.04,0.1,30.2,25.0,6.0,0.8,1.5,1.9,1.4,5.2,6.0,,,,,0.4
1364454,1,1235,29,6.8100000000000005,1235.0,0.36,0.5,0.08,12.2,17.0,3.0,0.5,0.9,0.1,1.2,2.4,1.9,,,,,2.2
578392,1,2036,32,7.05,2036.0,0.4,0.32,0.22,18.3,25.0,9.0,0.8,1.1,0.6,0.9,2.8,3.1,,,,,1.4
1067904,1,2325,30,7.2,2325.0,0.19,0.16,0.22,19.5,45.0,11.0,1.9,1.3,0.2,0.8,2.4,4.9,,,,,1.7
776890,1,1004,23,6.96,1004.0,0.72,0.65,0.14,23.4,18.0,4.0,1.0,0.7,0.4,0.4,1.4,2.2,,,,,1.3
796297,1,1784,32,6.88,1784.0,,0.05,0.06,46.2,9.0,2.0,0.8,2.2,1.9,1.3,5.8,5.7,,,,,0.8
257814,1,3060,34,7.19,3060.0,,,0.0,22.8,,,,,,0.7,0.7,8.9,15.0,2.6,72.4,1.0,
822959,2,1300,27,7.37,1300.0,0.21000000000000002,0.13,0.19,75.7,24.0,5.0,0.5,1.8000000000000003,1.0,0.9000000000000001,4.1,5.2,,,,,1.0
518505,2,2403,33,7.1703287557220134,2403.0,0.27,0.16,0.2,22.2,41.0,10.0,1.2,0.8,0.5,1.1,2.6,3.7,,,,,0.6
424204,2,597,14,7.81,597.0,,,,,13.0,3.0,,,,,,,,,,,
324278,1,2789,33,7.36,2789.0,0.42,0.49,0.13,27.4,37.0,6.0,0.4,1.7,0.7,1.4,3.9,3.6,,,,,2.0
566931,1,90,1,,90.0,,,,,1.0,,,,,,,,,,,,
524290,1,2354,33,7.09,2354.0,0.38,0.32,0.15,17.1,35.0,8.0,0.6,0.6,0.3,0.8,1.7,2.9,,,,,1.0
924117,2,1596,24,6.724962406015037,1596.0,,0.01,0.01943609022556391,54.743233082706766,5.0,,0.3,1.5466165413533834,1.094360902255639,4.03796992481203,7.584586466165414,4.754887218045113,,,,,0.8676691729323308
161056,2,2370,30,7.7182278481012645,2370.0,0.08,0.1,0.4087341772151899,95.05822784810127,58.0,18.0,0.4,1.2886075949367088,1.0759493670886076,0.7113924050632912,3.3063291139240505,4.691139240506329,,,,,0.3
564545,1,2576,29,7.39,2576.0,0.17,0.09,0.05,76.5,11.0,4.0,0.3,1.1,0.7,4.9,7.3,5.4,,,,,1.1
654982,2,1650,26,7.212351515151516,1650.0,0.22,0.17,0.32,41.3,45.0,8.0,1.0,1.5,0.6,0.5,2.8,3.0,,,,,1.0
894914,1,2035,31,7.16,2035.0,0.18,0.19,0.23,20.7,33.0,9.0,3.0,1.1,0.4,0.3,1.9,4.3,,,,,0.4
270541,1,2348,33,7.23,2348.0,0.65,0.67,0.13,16.5,20.0,1.0,0.5,0.1,,1.3,1.5,2.1,,,,,1.5
223967,2,2087,30,7.34603737422137,2087.0,0.14,0.10870627695256348,0.22137517968375658,54.99870627695257,47.0,5.0,0.6172496406324869,2.0956875898418783,0.8517489218974605,1.4,4.4784379492093915,4.225059894585529,,,,,1.373310972688069
467437,1,1677,29,7.070000000000001,1677.0,0.32,0.25,0.16,35.1,26.0,8.0,0.6,2.0,1.0,0.7,4.0,4.4,,,,,1.0
667457,1,2838,33,7.02,2838.0,,0.02,0.08,58.3,22.0,2.0,0.3,1.5,1.1,1.5,4.2,5.5,,,,,0.8
333647,1,1340,22,7.03,1340.0,0.87,0.81,0.05,10.1,9.0,1.0,0.4,0.5,0.1,0.7,1.3,1.5,,,,,0.8
957874,1,2204,30,7.06,2204.0,0.37,0.59,0.12000000000000001,17.1,25.0,6.0,0.4,1.2,0.4,1.1,2.9,2.9,,,,,0.8
196357,2,2025,29,7.27,2025.0,0.09,0.03,0.08,81.4,5.0,1.0,0.1,1.1,1.2,5.5,8.7,4.0,,,,,1.2
897424,1,954,19,,954.0,0.38,0.23,0.18,23.3,14.0,6.0,1.3,0.8,0.3,1.0,2.4,4.9,,,,,0.4
931838,1,1820,25,6.930000000000001,1820.0,0.1,0.07,0.07,44.2,19.0,1.0,0.2,0.9,1.5,1.9,4.6,3.8,,,,,0.3
700106,1,755,13,,755.0,,,,,17.0,5.0,,,,,,,,,,,
1084638,1,2122,27,6.47,2122.0,0.04,0.03,0.02,52.8,7.0,,0.3,1.1,1.0,4.5,7.4,2.8,,,,,0.8
669380,1,2481,29,6.83,2481.0,0.15,0.11999999999999998,0.05,45.4,14.0,3.0,0.1,1.4,1.3,5.9,9.2,3.0,,,,,1.1
939964,1,1329,27,6.96,1329.0,0.2,0.14,0.23,24.2,31.0,6.0,2.8,2.1,0.9000000000000001,0.9000000000000001,4.0,4.1,,,,,0.9000000000000001
318204,1,2556,30,7.63,2556.0,0.11000000000000001,0.08,0.44000000000000006,48.2,96.0,22.0,0.6,1.7,1.1,3.7,6.7,5.4,,,,,1.0
370789,1,2272,31,7.260000000000001,2272.0,,0.04,0.4,29.699999999999996,56.0,22.0,1.0,1.3,0.6,1.6,3.6999999999999997,4.8,,,,,1.0
526845,1,3060,34,6.83,3060.0,,,0.01,26.8,3.0,1.0,,,,1.2,1.2,9.0,6.0,3.0,64.2,1.7,
436064,2,2112,32,6.692443181818181,2112.0,,0.01,0.051704545454545454,49.148295454545455,7.0,1.0,0.4,1.5744318181818182,0.9042613636363637,3.425568181818182,6.382954545454546,2.7659090909090907,,,,,0.8
585959,1,1420,19,6.84,1420.0,0.38,0.26,0.07,16.4,22.0,3.0,1.3,0.7,0.3,0.4,1.5,2.0,,,,,0.6
579459,1,2440,30,7.11,2440.0,0.04,0.060000000000000005,0.060000000000000005,48.0,10.0,4.0,0.1,2.1,1.5,6.1,10.6,3.9,,,,,1.6
401578,1,1097,18,7.19,1097.0,,0.05,0.16,87.7,13.0,2.0,0.3,1.7,0.7,1.6,4.3,8.0,,,,,0.5
404950,1,2703,33,7.16,2703.0,,0.060000000000000005,0.060000000000000005,42.8,15.0,3.0,0.3,2.2,1.9,2.1,6.5,3.8999999999999995,,,,,0.6
668606,1,1636,25,6.759999999999999,1636.0,0.22,0.21,0.14,17.3,25.0,2.0,1.0,1.1,0.6,0.6,2.3,4.0,,,,,1.0
579287,1,2452,33,7.0,2452.0,0.07,0.07,0.2,25.7,35.0,6.0,0.4,1.4,0.7,2.9,5.3,3.2,,,,,1.0
339314,2,2321,30,7.421102972856526,2321.0,0.76,0.66,0.16,18.2,39.0,8.0,0.4,0.7,0.2,0.3,1.2,2.2,,,,,1.3
605268,1,1561,31,6.81,1561.0,0.63,0.53,0.08,11.5,22.0,4.0,0.6999999999999998,1.3,0.5,2.0,4.0,2.9,,,,,2.5
505653,1,805,28,6.53,805.0,0.22,0.29,0.28,21.7,17.0,7.0,1.3,0.8,0.2,0.1,1.2,2.9,,,,,2.1
335457,2,1525,26,7.0878688524590165,1525.0,0.72,0.45,0.12,11.0,17.0,4.0,0.4,0.8,0.1,0.7,1.7,2.3,,,,,2.2
569383,1,1490,18,6.79,1490.0,0.05999999999999999,0.029999999999999995,0.029999999999999995,39.0,4.0,1.0,0.1,1.1,1.8,5.6,9.7,4.5,,,,,0.6
810895,1,246,10,,246.0,,,,,5.0,2.0,,,,,,,,,,,
412953,1,2440,30,7.27,2440.0,0.15,0.13,0.2,38.9,51.0,9.0,0.1,2.7,0.6,2.7,6.2,4.9,,,,,2.1
923945,1,1726,23,6.849999999999999,1726.0,0.05000000000000001,0.060000000000000005,0.05000000000000001,41.4,7.0,1.0,0.3,2.2,0.8000000000000002,4.5,8.2,3.0,,,,,1.5
565424,1,773,20,6.650000000000001,773.0,0.23000000000000004,0.23999999999999996,0.15,27.600000000000005,9.0,1.0,1.7,0.6,0.20000000000000004,0.3,1.2,3.6,,,,,1.3
193082,1,2524,29,7.68,2524.0,0.29,0.24,0.36,57.099999999999994,70.0,16.0,0.8999999999999999,1.7000000000000002,0.7,1.8999999999999997,4.5,4.5,,,,,0.4
503482,2,1689,26,7.381047957371225,1689.0,0.06,0.03,0.08,84.1,5.0,1.0,0.1,1.2,2.2,4.5,8.9,4.9,,,,,0.5
948279,2,1308,26,7.190000000000001,1308.0,0.21,0.09999999999999999,0.08,42.5,15.0,1.0,0.09999999999999999,2.1,2.2,3.1,8.1,5.6,,,,,1.4
684315,1,1497,23,6.81,1497.0,0.06,0.03,0.03,56.7,3.0,1.0,0.7,2.9,1.5,3.4,7.9,3.2,,,,,1.3
659459,1,907,28,6.65,907.0,0.2,0.19,0.21,32.3,11.0,,2.2,2.1,0.6,0.5,3.3,4.9,,,,,1.1
730581,1,1652,23,7.12,1652.0,,0.07,0.05,71.3,2.0,,0.2,1.8,1.1,6.0,10.0,6.0,,,,,0.6
467434,1,2636,31,7.06,2636.0,,0.09,0.17,32.9,28.0,7.0,0.8,2.3,1.7,1.7,5.9,4.8,,,,,1.2
597432,1,2704,31,6.87,2704.0,0.10000000000000002,0.11999999999999998,0.05999999999999999,32.4,21.0,3.0,0.10000000000000002,1.7000000000000002,1.2,7.300000000000001,11.1,2.9,,,,,1.5
746910,1,1927,30,6.89,1927.0,0.37,0.4,0.12,16.1,25.0,7.0,0.7,1.8,0.3,0.9,3.0,2.8,,,,,1.0
664708,1,987,20,6.88,987.0,,0.06,0.1,67.4,8.0,1.0,0.8,2.8,1.1,1.6,5.7,6.1,,,,,1.3
261504,1,2676,33,7.49,2676.0,0.1,0.08,0.22,94.8,50.0,15.0,0.1,0.9,0.8,1.0,2.9,4.6,,,,,0.3
787912,1,654,11,,654.0,,,,,2.0,,,,,,,,,,,,
159471,1,1228,21,7.36,1228.0,0.59,0.46,0.37,42.7,22.0,9.0,1.2,1.3,0.3,0.2,1.9,2.7,,,,,0.7
607720,1,1110,14,,1110.0,,,,,1.0,,,,,,,,5.0,,,,
537598,1,2215,29,7.23,2215.0,0.28,0.19,0.17,28.6,39.0,7.0,1.3,0.8,0.5,0.9,2.3,5.1,,,,,0.7
242086,1,1995,28,7.25,1995.0,0.72,0.78,0.13,14.9,14.0,5.0,0.5,0.4,0.1,0.9,1.6,1.0,,,,,1.0
353892,1,921,16,,921.0,,,,,6.0,2.0,,,,,,,,,,,
193004,1,2880,32,7.45,2880.0,0.05999999999999999,0.05,0.04,66.4,8.0,,0.4,2.3,0.9,5.2,8.9,4.7,,,,,0.8
282660,2,2279,33,7.494725756910926,2279.0,0.25,0.17526107942079858,0.2476305397103993,46.67336551118911,37.0,11.0,0.6157964019306713,2.8078982009653357,1.4802544975866607,2.8644580956559893,7.576305397103992,4.728916191311979,,,,,0.5
503160,1,2076,30,6.96,2076.0,0.22,0.23,0.16,26.2,41.0,9.0,0.9,2.2,0.6,1.1,3.9,4.2,,,,,1.3
1073748,1,1060,15,,1060.0,,,,,2.0,1.0,,,,,,,,,,,
368891,1,2143,24,6.7,2143.0,0.04,0.05,0.05,61.39999999999999,12.0,1.0,0.2,1.5,1.3,5.7,9.1,3.3,,,,,0.6
358504,1,2379,31,6.970000000000001,2379.0,0.19,0.13,0.21,25.8,39.0,12.0,1.3,1.6,0.6,0.6,2.9,2.8,,,,,1.0
407098,1,3019,34,7.11,3019.0,0.21,0.21,0.19,24.2,50.0,10.0,0.7,1.3,0.7,1.1,3.4,3.6,,,,,0.4
627228,1,993,19,,993.0,0.18,0.09,0.27,34.0,17.0,4.0,1.2,1.8,0.6,1.7,4.3,4.4,,,,,1.5
807386,1,919,29,6.44,919.0,0.29,0.4,0.18,13.5,14.0,4.0,0.5,1.0,0.6,0.8,2.4,2.2,,,,,2.1
232454,1,2090,26,7.61,2090.0,0.52,0.45,0.33,38.9,63.0,16.0,1.1,1.3,0.9,0.4,2.8,4.7,,,,,0.9
1070979,1,549,15,,549.0,,,,,4.0,,,,,,,,,,,,
553285,1,1959,29,6.9,1959.0,0.37,0.39,0.11,16.6,27.0,2.0,0.7,1.0,0.3,1.2,2.5,2.8,,,,,2.8
865682,1,578,24,6.57,578.0,,0.22,0.06,37.7,7.0,,0.3,2.3,1.2,5.1,9.2,5.6,,,,,2.2
863759,1,1175,18,6.33,1175.0,,0.03,0.02,43.4,1.0,,0.2,1.8,0.8,5.8,9.8,3.8,,,,,0.4
1058359,1,383,7,,383.0,,,,,8.0,1.0,,,,,,,,,,,
429874,1,1322,28,6.58,1322.0,0.27,0.26,0.12,17.0,17.0,4.0,0.7,0.8999999999999999,0.6,0.7,2.2,3.2999999999999994,,,,,1.7999999999999998
616344,2,1075,28,6.741153488372093,1075.0,0.44,0.53,0.1,21.1,11.0,2.0,1.2,1.3,0.4,0.9,2.8,3.2,,,,,1.1
819636,2,1517,31,6.687158866183257,1517.0,0.5,0.49000000000000005,0.03,16.0,13.0,3.0,0.2,0.6,0.2,1.1,2.0,2.0,,,,,1.4
1058514,1,740,12,,740.0,,,,,6.0,,,,,,,,,,,,
620295,1,2880,32,6.869999999999999,2880.0,,,0.0,26.1,,,,,,1.4,1.4,9.3,5.0,3.2,64.6,1.8,
187492,1,1607,29,7.19,1607.0,0.39,0.32,0.3,34.4,30.0,8.0,1.0,0.8,0.3,0.6,1.6,3.6,,,,,0.4
303219,2,2370,28,7.160033755274263,2370.0,,0.04,0.03,60.1,7.0,,0.2,1.3,1.4,7.8,11.2,4.1,,,,,1.4
335993,1,2188,28,6.67,2188.0,0.04,0.05,0.07,28.7,20.0,3.0,0.6,1.9,0.4,1.7,4.2,3.6,,,,,0.8
846310,1,1091,24,6.36,1091.0,0.08,0.04,0.07,41.7,7.0,2.0,0.4,2.4,0.6,1.4,4.8,2.0,,,,,2.2
340322,1,871,17,,871.0,0.1,0.29,0.27,20.8,19.0,5.0,1.3,1.2,0.5,0.7,2.6,2.9,,,,,1.5
346853,1,2988,34,7.25,2988.0,0.12,0.24,0.31,33.4,89.0,17.0,1.1,1.4,0.3,0.4,2.2,5.2,,,,,0.6
486046,1,1051,12,,1051.0,,,,,,,,,,,,,2.0,,,,
361260,1,1745,25,7.06,1745.0,0.21,0.21999999999999997,0.04,49.5,8.0,,0.3,1.0,1.3,7.2,10.3,3.2,,,,,1.4
384593,1,2107,29,7.11,2107.0,0.21,0.29,0.14,26.4,32.0,5.0,1.9,1.8,0.3,0.5,2.6,4.1,,,,,1.0
855015,1,1797,28,7.08,1797.0,0.1,0.14,0.2,31.6,40.0,11.0,0.6,1.6,0.7,1.5,3.8,4.1,,,,,0.7
289835,1,2468,29,7.19,2468.0,0.36,0.22,0.11999999999999998,30.4,25.0,4.0,0.5,1.5,0.7,1.5,3.8999999999999995,4.2,,,,,1.3
387047,1,3060,34,6.94,3060.0,0.15,0.12,0.05,28.6,8.0,,0.1,1.3,1.2,5.6,8.7,3.1,,,,,0.8
533295,1,1634,25,6.859999999999999,1634.0,0.22,0.17,0.12,17.7,16.0,4.0,2.1,2.6000000000000005,1.4,1.2,5.200000000000001,4.4,,,,,1.5
381967,1,1712,26,6.88,1712.0,0.26,0.11,0.08,35.2,25.0,,0.4,1.6,0.7,1.1,4.0,3.2,,,,,1.1
1035765,1,1902,33,6.42,1902.0,0.24,0.15,0.05,10.6,16.0,1.0,1.2,0.8,0.2,0.8,2.0,3.7,,,,,1.0
346551,1,3060,34,6.839999999999999,3060.0,,0.0,0.0,22.3,3.0,,0.0,0.0,0.0,1.5,1.6,8.1,2.0,3.6,64.1,2.0,
251299,1,3060,34,6.720000000000001,3060.0,,0.01,0.01,28.9,4.0,1.0,,0.1,,1.6,1.7,8.7,5.0,3.1,63.5,1.8,
777005,1,1462,28,6.7,1462.0,0.12,0.21,0.13,22.7,23.0,5.0,1.0,0.9,0.4,1.4,2.7,2.9,,,,,1.6
327251,1,2509,32,7.08,2509.0,0.07,0.09,0.22,50.8,37.0,10.0,0.5,2.2,1.1,3.2,6.699999999999999,5.0,,,,,0.8
443331,1,1188,20,6.54,1188.0,0.08,0.07,0.06,30.0,6.0,,0.5,1.1,1.3,1.1,4.2,3.2,,,,,1.0
153084,1,1954,31,7.29,1954.0,0.23,0.22,0.18,68.1,21.0,3.0,0.5,1.3,1.2,1.9,4.8,4.6,,,,,0.7
692737,1,1967,30,6.77,1967.0,,0.05,0.11,33.9,14.0,3.0,0.8,1.8,0.7,1.4,4.2,5.7,,,,,1.0
357156,1,1970,23,6.97,1970.0,,0.05999999999999999,0.05,37.0,9.0,,0.3,1.5,2.0,6.6,10.5,3.5,,,,,1.1
195778,1,3060,34,7.33,3060.0,,,0.0,25.4,3.0,1.0,,,0.0,0.9,0.9,10.1,11.0,3.2,69.2,1.4,0.0
272278,1,1705,33,7.2,1705.0,0.37,0.22,0.42000000000000004,38.6,47.0,15.0,1.5,0.8,0.2,0.5,1.4,4.3,,,,,0.3
620217,1,2251,29,6.82,2251.0,0.04,0.09,0.02,43.7,3.0,,0.1,1.0,0.7,6.2,8.6,3.1,,,,,1.0
225657,1,1300,20,6.67,1300.0,0.07,0.07,0.04,61.1,4.0,,0.2,1.2,1.0,5.3,8.1,3.3,,,,,0.5
1074990,1,513,8,,513.0,,,,,2.0,1.0,,,,,,,,,,,
613192,1,1592,26,6.87,1592.0,0.17000000000000004,0.21,0.1,21.2,18.0,,1.4,3.3,1.0,1.7,6.0,4.7,,,,,1.8
156990,1,2549,30,6.78,2549.0,0.04,0.02,0.04,56.400000000000006,5.0,,0.1,1.6,1.2,5.5,9.2,4.1,,,,,0.6
223979,1,1837,26,7.12,1837.0,0.15,0.1,0.12,45.1,21.0,2.0,1.1,1.8,0.4,1.4,3.7,6.0,,,,,1.2
369684,1,1542,22,7.059999999999999,1542.0,0.12,0.04,0.07,46.8,8.0,1.0,0.8,2.7,1.1,3.4,7.2,5.3,,,,,1.4
342967,1,1709,28,6.950000000000001,1709.0,0.11,0.18,0.22,19.6,35.0,4.0,0.8,2.1,0.9000000000000001,1.3000000000000003,4.4,3.3999999999999995,,,,,0.9000000000000001
448258,2,1676,28,6.69865155131265,1676.0,0.11047732696897375,0.1573150357995227,0.10463007159904536,27.693198090692125,16.0,3.0,0.3,1.6624105011933172,0.2966587112171838,2.7570405727923624,5.0127684964200485,3.040930787589499,,,,,1.0536992840095465
552057,1,36,5,,36.0,,,,,,,,,,,,,,,,,
798043,1,1023,21,6.52,1023.0,0.18,0.1,0.09,24.3,11.0,1.0,0.6,1.8,1.7,3.8,7.4,4.0,,,,,0.9
799993,1,580,17,,580.0,0.31,0.08,0.06,15.1,6.0,1.0,3.1,0.9,0.5,1.6,3.1,3.3,,,,,1.2
190284,1,3060,34,6.85,3060.0,0.09,0.11,0.05,36.0,19.0,2.0,0.4,1.9,0.9,1.8,5.0,3.8,,,,,0.5
1145504,1,368,6,,368.0,,,,,,,,,,,,,,,,,
539798,1,900,14,,900.0,,,,,5.0,1.0,,,,,,,,,,,
697277,1,2671,32,6.99,2671.0,0.03,0.04,0.13,30.4,30.0,5.0,1.6,2.3,1.1,0.6,4.1,5.7,,,,,1.2
475413,1,462,9,,462.0,,,,,4.0,,,,,,,,,,,,
744728,1,2181,32,6.91,2181.0,0.08,0.26,0.26,24.2,56.0,11.0,0.9,1.4,0.9,0.8,3.4,5.3,,,,,0.5
400546,1,1256,28,7.089999999999999,1256.0,0.29,0.18,0.2,30.7,24.0,6.0,1.3,1.0,0.7,1.5,3.4,3.4,,,,,1.3
654234,1,1746,28,6.84,1746.0,0.31,0.33,0.16,16.9,26.0,4.0,1.2,1.6000000000000003,0.6999999999999998,1.0,3.2999999999999994,3.9,,,,,1.0
328784,1,2835,32,6.88,2835.0,0.1,0.04,0.05,62.3,10.0,1.0,0.1,1.3,1.5,6.6,10.3,3.4,,,,,1.0
707242,1,458,14,,458.0,,,,,5.0,,,,,,,,,,,,
635645,1,1676,24,6.69,1676.0,,0.04,0.05000000000000001,64.9,6.0,1.0,0.10000000000000002,0.8000000000000002,1.3999999999999997,6.400000000000001,9.0,4.1,,,,,1.2
804219,1,180,2,,180.0,,,,,3.0,3.0,,,,,,,,,,,
416380,1,1725,29,6.89,1725.0,0.37,0.54,0.05,9.7,28.0,6.0,0.5,0.7,0.2,2.0,3.1,1.8,,,,,0.9
434116,1,1297,32,6.69,1297.0,0.21,0.08,0.23,27.399999999999995,18.0,4.0,1.1,2.2,0.5,1.2,4.2,5.3,,,,,1.7999999999999998
942497,1,864,11,,864.0,,,,,2.0,,,,,,,,,,,,
583699,1,2256,32,6.75,2256.0,0.2,0.45,0.09,9.4,30.0,7.0,0.3,0.2,0.0,1.3,1.8,2.0,,,,,1.5
952779,1,88,8,,88.0,,,,,3.0,1.0,,,,,,,,,,,
711969,1,1092,24,6.76,1092.0,,0.05,0.17,33.1,10.0,3.0,0.9,1.8,1.1,2.6,5.6,3.3,,,,,1.6
592534,1,2880,32,7.02,2880.0,,0.029999999999999995,0.04,37.3,13.0,5.0,0.4,1.9,1.3,3.5,7.2,4.3,,,,,1.4
654991,1,1170,26,6.8,1170.0,0.23,0.13,0.14,32.2,14.0,2.0,2.3,1.2,0.3,0.2,1.8,4.8,,,,,0.3
284270,1,3060,34,7.24,3060.0,,,0.0,23.3,2.0,1.0,,0.0,0.0,0.8,0.9,9.1,13.0,4.0,72.0,1.6,
342405,1,854,24,6.379999999999999,854.0,0.32000000000000006,0.31,0.07,16.9,6.0,1.0,0.3,1.1,0.9,2.2,4.6,3.2,,,,,1.9
338668,1,2757,31,6.77,2757.0,,0.04,0.049999999999999996,46.3,15.0,1.0,0.19999999999999998,2.1,2.5,3.1,8.1,4.4,,,,,1.2
692368,1,131,5,,131.0,,,,,2.0,,,,,,,,,,,,
387106,1,1373,28,6.68,1373.0,0.13,0.2,0.17,28.7,22.0,4.0,0.8,1.7,0.6,1.2,3.6,4.7,,,,,2.0
1077670,1,221,6,,221.0,,,,,,,,,,,,,,,,,
193033,1,6,3,,6.0,,,,,,,,,,,,,,,,,
597000,1,2564,31,6.88,2564.0,0.07,0.09,0.04,43.0,15.0,4.0,0.10000000000000002,1.6000000000000003,1.2,4.4,8.0,3.7000000000000006,,,,,1.5
524285,1,938,15,,938.0,,,,,10.0,4.0,,,,,,,,,,,
1145064,1,343,10,,343.0,,,,,4.0,,,,,,,,,,,,
579565,1,1812,31,6.69,1812.0,0.05,0.07,0.18,37.6,33.0,2.0,0.3,1.3,0.4,1.1,3.1,3.5,,,,,0.7
536508,1,2435,33,6.9,2435.0,0.07,0.05,0.06,35.4,17.0,3.0,1.0,1.5,1.4,1.6,4.8,5.1,,,,,0.9
192635,1,2967,33,6.96,2967.0,,0.01,0.04,50.800000000000004,13.0,3.0,0.0,1.3,1.2,8.2,11.6,3.1999999999999997,,,,,0.5
977464,1,1132,20,6.79,1132.0,0.08,0.07,0.14,30.600000000000005,14.0,2.0,1.1,1.6,1.4,2.2,5.3,4.7,,,,,1.5
442891,1,672,18,,672.0,0.54,0.34,0.13,28.1,9.0,2.0,0.7,1.5,0.1,0.5,2.3,2.4,,,,,0.1
453870,1,882,14,,882.0,,,,,4.0,3.0,,,,,,,,,,,
649672,1,2009,26,7.07,2009.0,0.04,0.09,0.1,26.1,22.0,2.0,0.4,3.0,1.6,2.8,7.7,4.2,,,,,1.4
232320,1,1890,28,6.889999999999999,1890.0,,0.03,0.08000000000000002,44.3,12.0,3.0,0.4,2.0,0.8,2.5,5.7,3.4,,,,,1.0
820957,1,1292,31,6.57,1292.0,0.35,0.18,0.17,11.9,22.0,1.0,2.1,1.4,0.5,1.3,3.4000000000000004,3.7000000000000006,,,,,1.3
284010,1,317,8,,317.0,,,,,12.0,1.0,,,,,,,,,,,
284732,1,1529,21,7.49,1529.0,0.29,0.18,0.11,60.10000000000001,10.0,1.0,0.2,1.6,1.1,5.0,8.2,4.7,,,,,1.8000000000000003
453016,1,520,10,,520.0,,,,,11.0,3.0,,,,,,,,,,,
504153,1,2611,32,6.82,2611.0,0.07,0.04,0.06,25.2,18.0,2.0,0.8,1.7,0.6,2.7,5.1,3.9,,,,,1.1
663581,1,1769,24,6.92,1769.0,,0.05,0.03,28.3,8.0,1.0,0.4,2.8,1.4,3.8,8.4,4.8,,,,,2.0
369674,1,1224,16,,1224.0,,,,,14.0,3.0,,,,,,,,,,,
640556,1,1132,14,,1132.0,,,,,1.0,1.0,,,,,,,,,,,
448705,1,2790,31,6.39,2790.0,,,0.01,32.2,1.0,1.0,,0.0,,1.5,1.5,10.8,1.0,3.2,59.9,2.2,0.1
449592,1,1853,28,6.88,1853.0,0.05,0.09,0.12,36.4,27.0,5.0,0.7,2.9,0.9,1.1,5.3,5.1,,,,,1.7
405670,1,2491,31,6.930000000000001,2491.0,0.07,0.08,0.060000000000000005,41.3,14.0,1.0,0.2,1.6,1.2,1.7,4.8,4.4,,,,,1.5
202591,1,299,17,,299.0,0.3,0.07,0.029999999999999995,43.0,3.0,,0.3,2.1,1.5,3.0,6.8999999999999995,3.6,,,,,0.9
943795,1,483,13,,483.0,,,,,3.0,1.0,,,,,,,,,,,
923595,1,401,22,,401.0,0.45000000000000007,0.19,0.14,17.3,2.0,1.0,0.9000000000000001,1.6,,1.1,2.8999999999999995,3.1000000000000005,,,,,3.1000000000000005
229006,1,1987,28,6.87,1987.0,0.09,0.04,0.31,19.5,45.0,10.0,0.8,1.0,0.3,1.1,2.6,3.1,,,,,0.5
971663,1,32,7,,32.0,,,,,1.0,,,,,,,,,,,,
796213,1,540,24,,540.0,,0.46,0.06,14.5,6.0,,1.2,0.5,0.5,0.5,1.7,2.7,,,,,1.0
159088,1,2547,32,6.84,2547.0,0.07,0.03,0.06,59.199999999999996,12.0,,0.0,1.5,1.2,2.9,6.2,3.6999999999999997,,,,,1.1
667251,1,547,13,,547.0,,,,,8.0,,,,,,,,,,,,
413843,1,2031,24,7.02,2031.0,,0.06,0.05,45.9,12.0,1.0,0.4,1.8,1.5,5.5,9.7,4.5,,,,,1.2
415035,1,44,1,,44.0,,,,,,,,,,,,,,,,,
815078,1,1173,20,6.48,1173.0,,,0.09,28.7,5.0,1.0,0.5,1.7,1.2,4.0,7.6,3.7,,,,,0.8
374954,1,1653,26,6.77,1653.0,0.11000000000000001,0.08,0.08,31.5,13.0,2.0,0.3,1.9,0.9,2.9,6.0,5.2,,,,,0.9
787151,1,1306,23,6.589999999999999,1306.0,,0.04,0.09,26.099999999999998,14.0,1.0,0.6,1.9000000000000001,1.4,2.9,6.6000000000000005,3.6,,,,,1.2
819215,1,1607,29,7.19,1607.0,0.39,0.32,0.3,34.4,30.0,8.0,1.0,0.8,0.3,0.6,1.6,3.6,,,,,0.4
599419,1,491,12,,491.0,,,,,,,,,,,,,,,,,
848682,1,252,5,,252.0,,,,,,,,,,,,,,,,,
125714,1,2130,24,6.73,2130.0,,,0.0,22.0,1.0,1.0,0.0,,,0.8,0.8,8.7,5.0,3.3,67.5,1.6,
106987,1,1822,26,6.97,1822.0,0.05,0.06,0.10999999999999999,32.8,15.0,4.0,0.1,1.5,0.9,2.1,4.8,3.3,,,,,1.0
569387,1,53,8,,53.0,,,,,3.0,1.0,,,,,,,,,,,
405385,1,2432,31,6.8,2432.0,,0.07,0.10999999999999999,32.9,20.0,4.0,0.4,1.3,0.4,2.6,4.6,3.3,,,,,0.8
592387,1,2505,31,6.47,2505.0,,0.05999999999999999,0.11,22.5,21.0,5.0,0.6,1.6,0.5,3.0,5.3,4.1,,,,,0.4
789898,1,268,15,,268.0,,,,,12.0,1.0,,,,,,,,,,,
656681,1,325,11,,325.0,,,,,7.0,2.0,,,,,,,,,,,
472249,1,1547,26,6.67,1547.0,0.17,0.13,0.08,17.7,14.0,1.0,0.5,1.0,0.9,2.6,4.7,3.5,,,,,0.6
829838,1,1319,16,,1319.0,,,,,18.0,6.0,,,,,,,,,,,
470038,1,2351,33,6.58,2351.0,0.19,0.29,0.06,11.6,19.0,,0.6,0.2,0.2,1.3,1.8,2.0,,,,,1.0
124502,1,2836,32,7.01,2836.0,0.1,0.07,0.09,49.6,15.0,5.0,0.1,0.7,0.7,6.1,8.2,3.4,,,,,0.5
382478,1,1812,27,6.56,1812.0,,0.04,0.06,38.2,8.0,1.0,0.1,1.7,0.9,5.9,9.3,3.2,,,,,0.9
335209,1,2467,30,6.95,2467.0,0.18,0.19,0.04,52.4,8.0,,0.4,1.6,0.9,4.8,7.8999999999999995,4.8,,,,,0.5
789252,1,34,1,,34.0,,,,,1.0,,,,,,,,,,,,
170986,1,784,18,,784.0,0.57,0.39,0.16,54.0,18.0,3.0,0.3,0.8,0.2,0.8,2.0,4.2,,,,,0.3
1084539,1,27,4,,27.0,,,,,,,,,,,,,,,,,
596153,1,1955,33,6.63,1955.0,0.23,0.31,0.05,15.5,16.0,1.0,1.0,1.1,0.3,0.6,2.0,2.3,,,,,0.4
292534,1,2314,27,6.83,2314.0,0.08,0.02,0.05,48.4,17.0,1.0,0.4,1.3,0.8999999999999999,4.0,6.9,5.1,,,,,0.6
569031,1,134,5,,134.0,,,,,,,,,,,,,,,,,
730484,1,1458,20,6.81,1458.0,0.11999999999999998,0.08,0.1,28.3,16.0,1.0,0.4,0.9,1.1,2.7,5.2,4.0,,,,,0.1
290587,1,1442,25,6.49,1442.0,,0.04,0.05,50.0,7.0,,0.4,1.2,1.6,2.0,5.2,4.7,,,,,0.7
298603,1,2437,29,7.160000000000001,2437.0,,0.04,0.16,30.900000000000002,41.0,6.0,0.8,2.3,1.0,2.3,5.8,4.7,,,,,1.4
910541,1,440,16,,440.0,,,,,5.0,2.0,,,,,,,,,,,
503866,1,495,7,,495.0,,,,,8.0,2.0,,,,,,,,,,,
810649,1,502,13,,502.0,,,,,12.0,2.0,,,,,,,,,,,
460245,1,1789,22,6.45,1789.0,0.05,0.029999999999999995,0.01,45.7,2.0,,,1.6,0.6,6.4,9.7,2.8,,,,,1.6
810096,1,88,6,,88.0,,,,,1.0,,,,,,,,,,,,
1184986,1,62,5,,62.0,,,,,1.0,,,,,,,,,,,,
1213681,1,320,11,,320.0,,,,,5.0,2.0,,,,,,,,,,,
955448,1,337,18,,337.0,0.27,0.13,0.14,23.8,2.0,1.0,2.7,1.1,,,1.3,2.7,,,,,1.1
239962,1,1174,17,,1174.0,0.08,0.07,0.02,33.9,3.0,,0.2,0.6,1.1,10.9,13.3,2.5,,,,,0.7
93740,1,2950,33,7.23,2950.0,0.06,0.07,0.03,62.7,11.0,1.0,0.2,1.4,1.3,7.4,11.2,3.0,,,,,0.6
248454,1,3060,34,6.79,3060.0,,,0.0,22.9,,,,0.0,,0.9,0.9,8.3,5.0,3.7,67.6,1.8,
454863,1,1420,28,6.61,1420.0,0.13,0.12000000000000001,0.060000000000000005,24.7,6.0,1.0,0.6,2.6,1.5,1.3,5.9,4.3,,,,,2.0
405687,1,1786,26,7.04,1786.0,,0.02,0.07,36.2,15.0,2.0,0.5,3.6,1.3999999999999997,2.4,7.900000000000001,6.099999999999999,,,,,1.2
393512,1,746,11,,746.0,,,,,7.0,,,,,,,,,,,,
1114155,1,340,15,,340.0,,,,,3.0,2.0,,,,,,,,,,,
623773,1,2283,33,6.64,2283.0,,0.03,0.09,25.3,20.0,4.0,0.7,1.5,1.0,3.8999999999999995,6.7,4.1,,,,,0.5
550580,1,1063,32,6.46,1063.0,0.25,0.25,0.14,17.6,14.0,,0.3,0.7,0.3,1.2,2.2,2.6,,,,,1.2
820241,1,537,12,,537.0,,,,,7.0,1.0,,,,,,,,,,,
388409,1,2454,30,6.98,2454.0,0.07,0.05999999999999999,0.1,44.8,11.0,,0.2,2.4,1.7999999999999998,3.7999999999999994,8.3,5.8,,,,,1.0
391004,1,480,11,,480.0,,,,,5.0,,,,,,,,,,,,
17259,2,1950,23,6.797076923076924,1950.0,,,0.009230769230769232,27.806153846153848,1.0,1.0,,,,0.6,0.6,8.716923076923077,6.0,1.5692307692307692,61.45538461538462,1.0,
391766,1,2011,33,6.74,2011.0,0.13,0.16,0.14,21.3,33.0,1.0,0.9,1.7,0.7,1.1,3.8,3.5,,,,,1.5
391780,1,1902,29,6.65,1902.0,0.05,0.1,0.18,20.1,25.0,5.0,0.5,1.6,0.4,1.9,4.1,4.2,,,,,1.6
185077,1,1716,33,6.86,1716.0,0.37,0.3,0.24,33.9,40.0,11.0,0.5,0.5,0.6999999999999998,1.0,2.4,3.5,,,,,0.5
615350,1,1793,25,6.56,1793.0,,0.05,0.02,47.4,5.0,,0.3,1.7,1.2,5.9,9.4,2.9,,,,,0.6
227110,1,1965,24,6.81,1965.0,,0.020000000000000004,0.04000000000000001,41.0,2.0,,0.3,1.7,1.4,8.3,12.2,2.8,,,,,0.9
435796,1,803,11,,803.0,,,,,3.0,1.0,,,,,,,,,,,
694507,1,1285,28,6.5600000000000005,1285.0,0.35,0.36,0.12,9.9,16.0,3.0,0.8,1.4,0.3,0.6,2.3,4.1,,,,,1.7
744857,1,71,5,,71.0,,,,,1.0,,,,,,,,,,,,
519872,1,645,18,,645.0,0.14,0.22999999999999998,0.16,23.2,9.0,,2.1,1.7,0.3,1.3,3.2,5.0,,,,,0.8
334221,1,1504,19,6.85,1504.0,,0.03,0.03,52.2,2.0,,,1.9,1.5,6.799999999999999,11.099999999999998,3.2,,,,,0.6
513245,1,374,13,,374.0,,,,,4.0,2.0,,,,,,,,,,,
678655,1,477,9,,477.0,,,,,9.0,3.0,,,,,,,,,,,
1009441,1,108,9,,108.0,,,,,1.0,,,,,,,,,,,,
166601,1,487,11,,487.0,,,,,2.0,1.0,,,,,,,,,,,
711996,1,1607,20,6.65,1607.0,,0.01,0.02,34.8,8.0,,0.3,1.2,1.5,4.7,8.2,2.9,,,,,0.9
1058520,1,288,10,,288.0,,,,,1.0,,,,,,,,,,,,
504215,1,510,19,,510.0,0.18,0.12,0.32,43.9,13.0,,1.8,1.6,0.9,1.9,4.6,4.6,,,,,0.9
1497653,1,142,4,,142.0,,,,,,,,,,,,,,,,,
364258,1,2318,29,7.05,2318.0,,0.02,0.05,38.5,9.0,1.0,0.2,2.6,1.6,5.0,9.7,4.0,,,,,1.6
280575,1,1109,26,6.43,1109.0,0.16,0.04,0.09,25.5,10.0,1.0,0.4,1.5,0.4,1.6,3.6,4.1,,,,,1.1
264960,1,2810,34,7.029999999999999,2810.0,0.1,0.09,0.08,21.9,31.0,3.0,0.5,1.8,0.8,2.2,5.1,3.7,,,,,0.8
203123,1,2394,32,6.77,2394.0,0.49,0.49,0.029999999999999995,12.3,16.0,1.0,0.2,0.4,,2.3,2.8,1.6,,,,,1.7999999999999998
297583,1,1193,28,6.56,1193.0,0.3,0.2,0.06,18.8,6.0,,0.5,1.4,0.5,1.4,3.2,3.9,,,,,1.0
234029,2,1836,34,6.92078431372549,1836.0,0.36,0.25117647058823533,0.146078431372549,38.35686274509805,18.0,3.0,0.3,1.8999999999999997,0.8588235294117648,2.380392156862745,5.285294117647059,5.187254901960784,,,,,1.2392156862745096
897505,1,37,3,,37.0,,,,,2.0,,,,,,,,,,,,
244940,1,73,11,,73.0,,,,,2.0,,,,,,,,,,,,
53418,1,3,3,,3.0,,,,,,,,,,,,,,,,,
599733,1,2580,31,6.85,2580.0,,0.04,0.07,23.4,24.0,6.0,0.6,1.4,0.8,3.0,5.6,5.2,,,,,0.6
170527,1,13,3,,13.0,,,,,,,,,,,,,,,,,
370683,1,850,13,,850.0,,,,,3.0,1.0,,,,,,,,,,,
621802,1,1255,16,,1255.0,,,,,17.0,1.0,,,,,,,,,,,
215599,1,94,5,,94.0,,,,,2.0,,,,,,,,,,,,
529895,1,1253,21,6.45,1253.0,,0.029999999999999995,0.029999999999999995,44.7,2.0,,0.2,1.6,1.4,4.3,8.0,2.7,,,,,1.4
160929,1,3060,34,6.75,3060.0,,,0.01,32.6,1.0,1.0,,0.0,,1.1,1.1,7.9,3.0,2.8,59.9,1.9,0.0
471055,1,1653,27,6.709999999999999,1653.0,0.22000000000000003,0.32,0.08,14.2,16.0,3.0,0.9,1.1,0.5,1.7,3.4,2.4,,,,,2.0
884820,1,15,1,,15.0,,,,,,,,,,,,,,,,,
549378,1,90,1,,90.0,,,,,,,,,,,,,,,,,
493513,1,180,2,,180.0,,,,,,,,,,,,,1.0,,,,
1150105,1,69,5,,69.0,,,,,,,,,,,,,,,,,
117674,1,1854,25,6.87,1854.0,0.05,0.02,0.2,42.3,29.0,11.0,0.2,1.1,1.2,3.6,6.5,3.7,,,,,0.8
295630,1,1901,27,7.13,1901.0,0.09,0.06,0.19,22.2,34.0,8.0,0.9,1.3,0.9,3.1,5.8,5.0,,,,,0.8
620598,1,376,8,,376.0,,,,,2.0,,,,,,,,,,,,
377729,1,1345,29,6.33,1345.0,0.2,0.24000000000000002,0.12000000000000001,17.5,10.0,3.0,0.3,0.5,,0.5,0.9,1.9,,,,,0.5
346499,1,2068,30,6.9,2068.0,0.22,0.22,0.21,30.8,46.0,5.0,0.5,1.1,0.3,0.6,2.0,4.7,,,,,1.7
335103,1,1021,24,6.52,1021.0,0.18,0.12,0.19,22.8,17.0,6.0,0.8,0.8,0.4,0.5,1.9,4.3,,,,,0.7
322517,1,1080,16,,1080.0,,,,,2.0,,,,,,,,,,,,
743500,1,1371,26,6.6000000000000005,1371.0,,0.08,0.15,16.7,17.0,5.0,0.9,2.2,0.3,2.5,5.3,3.9,,,,,1.2
119296,1,621,9,,621.0,,,,,,,,,,,,,,,,,
248999,1,2043,33,6.71,2043.0,0.13,0.2,0.09,17.0,24.0,2.0,0.4,1.1,0.5,1.8,3.5,3.4,,,,,1.3
263361,1,35,2,,35.0,,,,,1.0,1.0,,,,,,,,,,,
341317,1,1675,29,6.69,1675.0,0.32,0.28,0.11,13.5,22.0,3.0,0.6,0.6,0.3,0.3,1.3,3.1,,,,,0.5
1009440,1,246,7,,246.0,,,,,2.0,,,,,,,,,,,,
74842,1,879,21,6.38,879.0,,0.05999999999999999,0.23999999999999996,42.1,15.0,6.0,0.5,1.4,0.5,0.3,2.6,5.0,,,,,0.9
1118495,1,27,2,,27.0,,,,,,,,,,,,,,,,,
581357,1,2260,31,6.63,2260.0,0.12,0.09,0.05,18.9,14.0,5.0,0.4,1.3,1.4,3.9,7.0,3.9,,,,,0.8
610795,1,1261,15,,1261.0,,,,,6.0,3.0,,,,,,,,,,,
610428,1,40,4,,40.0,,,,,,,,,,,,,,,,,
701757,1,629,20,,629.0,0.14,0.29,0.1,20.3,8.0,1.0,0.7,1.3,0.1,1.6,3.0,4.0,,,,,2.3
724104,1,673,15,,673.0,,,,,1.0,,,,,,,,,,,,
704155,1,1075,21,6.2,1075.0,0.33,0.36,0.04,8.3,6.0,1.0,0.8,0.6,0.1,0.4,1.3,1.9,,,,,0.8
507345,2,220,7,6.2,220.0,,,,,,,,,,,,,,,,,
605265,1,1616,23,6.599999999999999,1616.0,0.06,0.05000000000000001,0.10000000000000002,28.3,10.0,3.0,0.20000000000000004,1.3,0.6,2.4,4.4,4.2,,,,,0.8000000000000002
601143,1,652,21,6.44,652.0,,0.01,0.16,19.5,4.0,2.0,0.8,2.6,1.4,2.3,6.6,3.8999999999999995,,,,,1.6999999999999997
838236,1,20,2,,20.0,,,,,,,,,,,,,,,,,
883007,1,132,4,,132.0,,,,,,,,,,,,,,,,,
569033,1,534,22,6.14,534.0,0.34,0.37,0.1,17.2,9.0,1.0,1.0,1.2,0.2,0.5,1.9,3.9,,,,,2.7
855134,1,32,2,,32.0,,,,,,,,,,,,,,,,,
930998,1,1,1,,1.0,,,,,,,,,,,,,,,,,
133731,1,3060,34,6.79,3060.0,0.06,0.1,0.04,34.7,10.0,3.0,0.1,1.3,1.0,7.7,11.2,3.1,,,,,0.3
160963,1,877,10,,877.0,,,,,,,,,,,,,,,,,
157672,1,3017,34,7.3500000000000005,3017.0,0.029999999999999995,0.029999999999999995,0.27,31.099999999999998,59.0,16.0,0.9,1.8,1.1,3.1999999999999997,6.6000000000000005,5.3,,,,,1.0
278332,1,934,17,,934.0,,0.1,0.15,37.9,9.0,1.0,0.6,1.2,0.9,1.2,3.6,4.3,,,,,0.9
291222,1,1136,20,6.89,1136.0,0.24,0.16,0.32,18.4,33.0,7.0,1.7,0.4,,0.1,0.5,1.8,,,,,0.2
424072,1,2030,28,6.69,2030.0,0.09,0.19,0.07,14.3,24.0,4.0,0.7,1.7,0.7,1.5,3.9,2.9,,,,,1.4
162434,1,701,14,,701.0,,,,,,,,,,,,,,,,,
193900,1,1013,29,6.5,1013.0,0.09,0.1,0.16,19.2,21.0,6.0,0.6,1.7,1.0,2.2,4.9,4.2,,,,,0.9
251302,1,2270,32,6.78,2270.0,,0.02,0.1,34.6,24.0,5.0,0.5,2.3,0.8,1.6,5.0,5.6,,,,,1.2
392710,1,472,21,,472.0,,0.07,0.04,23.8,1.0,,,1.9,1.5,5.3,9.2,3.8,,,,,2.5
55089,1,3060,34,6.81,3060.0,,,0.01,26.4,1.0,,0.1,,,1.2,1.2,9.1,7.0,2.9,65.1,1.5,0.0
337333,1,443,20,,443.0,,0.06,0.1,22.1,4.0,,1.8,1.8,0.8,1.8,4.7,6.5,,,,,0.8
69633,1,2419,31,7.050000000000001,2419.0,0.10999999999999999,0.21999999999999997,0.28,33.6,63.0,15.0,0.4,1.4,0.7,1.6,4.0,4.5,,,,,0.5
82873,1,614,11,,614.0,,,,,11.0,1.0,,,,,,,,,,,
412935,1,30,6,,30.0,,,,,,,,,,,,,,,,,
46580,1,2222,34,7.2,2222.0,0.57,0.48,0.2,34.0,36.0,7.0,0.8,0.3,0.3,0.4,1.1,4.3,,,,,0.2
449597,1,677,19,6.65,677.0,0.13,0.13,0.11,35.8,10.0,,1.3,2.1,1.5,2.7,6.200000000000001,5.1,,,,,1.2
342039,1,247,6,,247.0,,,,,,,,,,,,,,,,,
344598,1,210,3,,210.0,,,,,1.0,,,,,,,,,,,,
93707,1,1550,24,6.42,1550.0,,0.02,0.14,23.5,19.0,3.0,0.1,1.1,0.5,1.9,3.9,2.1,,,,,0.6
107775,1,2641,30,6.5,2641.0,,,0.01,17.7,2.0,,,0.0,0.0,1.0,1.1,10.5,5.0,2.6,58.8,1.8,0.0
678479,1,725,15,,725.0,,,,,4.0,,,,,,,,,,,,
1042472,1,197,8,,197.0,,,,,3.0,,,,,,,,,,,,
388294,1,1500,26,6.32,1500.0,,0.03,0.08,26.2,13.0,3.0,0.8,1.4,0.8,1.6,4.0,3.7,,,,,1.3
1259870,1,1,1,,1.0,,,,,,,,,,,,,,,,,
362977,1,325,11,,325.0,,,,,12.0,3.0,,,,,,,,,,,
371141,1,818,13,,818.0,,,,,4.0,,,,,,,,,,,,
314398,1,2198,28,6.81,2198.0,0.16,0.13,0.13,21.3,22.0,7.0,0.2,1.6,1.0,1.4,4.1,3.6,,,,,0.8
242661,1,1110,17,7.05,1110.0,0.08,0.05,0.12,31.2,12.0,1.0,0.4,2.4,1.1,2.1,5.6,4.6,,,,,0.3
191422,1,716,15,,716.0,,,,,7.0,,,,,,,,,,,,
177779,1,1652,28,6.52,1652.0,,0.029999999999999995,0.14,24.4,21.0,3.0,0.3,1.9,0.4,2.3,4.8,3.9,,,,,1.3
179184,1,134,6,,134.0,,,,,2.0,,,,,,,,,,,,
830108,1,516,11,,516.0,,,,,2.0,,,,,,,,,,,,
196095,1,666,24,6.8100000000000005,666.0,0.68,0.75,0.22000000000000003,23.0,13.0,5.0,0.8999999999999999,1.1,0.5,1.2,3.0999999999999996,2.8,,,,,1.2
809498,1,677,18,,677.0,0.27,0.22,0.03,11.0,2.0,,,2.3,0.4,2.0,5.1,1.2,,,,,1.6
118847,1,2345,29,6.72,2345.0,0.08,0.06,0.08,36.1,10.0,3.0,0.2,1.8,1.7,5.1,9.3,3.6,,,,,1.5
296397,1,3,1,,3.0,,,,,,,,,,,,,,,,,
124410,1,2835,32,6.85,2835.0,0.16,0.06,0.04,13.9,16.0,4.0,0.1,1.9,1.2,2.1,5.3,3.0,,,,,1.7
711517,1,161,6,,161.0,,,,,1.0,,,,,,,,,,,,
270393,1,223,3,,223.0,,,,,1.0,,,,,,,,,,,,
733371,1,306,10,,306.0,,,,,,,,,,,,,,,,,
944331,1,188,10,,188.0,,,,,3.0,,,,,,,,,,,,
393745,1,22,1,,22.0,,,,,,,,,,,,,,,,,
337092,1,1082,15,,1082.0,,,,,2.0,,,,,,,,,,,,
106872,1,1324,29,6.67,1324.0,0.07,0.17,0.2,45.1,26.0,6.0,0.2,2.5,1.0,1.2,4.8,4.4,,,,,1.6
196231,1,148,6,,148.0,,,,,,,,,,,,,,,,,
119277,1,1069,19,,1069.0,0.08,0.08,0.08,32.1,8.0,1.0,0.1,1.2,0.8,2.9,5.6,3.8999999999999995,,,,,1.7
116088,1,1591,32,6.650000000000001,1591.0,0.28,0.25,0.25,16.6,26.0,7.0,0.3,0.4000000000000001,0.4000000000000001,1.0,2.0,2.4,,,,,1.0
403177,1,122,2,,122.0,,,,,1.0,,,,,,,,,,,,
283497,1,1248,27,6.56,1248.0,0.14,0.23,0.12,16.0,11.0,2.0,1.1,1.5,1.3,2.0,4.9,4.8,,,,,0.8
287920,1,607,22,6.23,607.0,0.15,0.13,0.19,16.0,12.0,2.0,0.7,1.0,0.1,1.5,2.7,4.6,,,,,1.2
530298,1,405,9,,405.0,,,,,7.0,4.0,,,,,,,,,,,
530173,1,1389,24,6.71,1389.0,0.19000000000000003,0.08,0.060000000000000005,32.5,7.0,1.0,0.3,1.1,1.4,2.6,5.5,4.6,,,,,0.6
127573,1,2072,29,6.73,2072.0,0.04,0.09,0.13,19.4,18.0,3.0,0.3,1.3,0.7,2.0,4.3,3.4,,,,,1.0
120205,1,918,17,,918.0,0.59,0.52,0.07,9.7,7.0,3.0,0.2,0.5,0.5,1.5,2.9,1.8,,,,,0.5
273669,1,860,24,6.53,860.0,0.1,0.09,0.16,34.1,18.0,4.0,1.9,1.9,0.4,0.8,3.6,6.4,,,,,1.4
221316,1,479,12,,479.0,,,,,11.0,6.0,,,,,,,,,,,
227084,1,1437,21,6.259999999999999,1437.0,,0.02,0.02,34.8,1.0,1.0,0.3,2.2,0.8,5.6,9.0,3.0,,,,,1.7
236981,1,669,8,,669.0,,,,,,,,,,,,,,,,,
545332,1,534,16,,534.0,,,,,4.0,3.0,,,,,,,,,,,
196139,1,608,19,,608.0,0.43999999999999995,0.4,0.06,14.4,6.0,1.0,0.7,0.1,,1.2,1.3,3.1,,,,,1.3
160241,1,58,8,,58.0,,,,,,,,,,,,,,,,,
154147,1,2591,30,6.69,2591.0,0.07,0.02,0.05,47.6,6.0,1.0,0.1,1.5,1.0,5.6,8.8,4.0,,,,,0.4
7161,1,1009,23,6.86,1009.0,0.18,0.15,0.22,40.8,16.0,5.0,0.6,1.2,0.2,1.2,2.5,3.4,,,,,0.4
93604,1,1593,23,6.789999999999999,1593.0,0.10999999999999999,0.18,0.08,29.2,11.0,3.0,0.1,2.3,2.2,4.1,9.1,3.1,,,,,1.1
107574,1,144,4,,144.0,,,,,2.0,,,,,,,,,,,,
522223,1,575,25,,575.0,,0.1,0.24,22.5,10.0,3.0,0.9,2.3,0.9,0.8,4.1,2.8,,,,,1.4
187097,1,1146,20,6.57,1146.0,0.47000000000000003,0.42,0.09,12.4,7.0,2.0,1.0,1.1,0.1,0.9000000000000001,2.3,2.5,,,,,1.2
195246,1,107,2,,107.0,,,,,,,,,,,,,,,,,
84993,1,2970,33,6.829999999999999,2970.0,,0.01,0.0,37.3,,,0.0,,,0.9,0.9,8.1,6.0,3.2,66.9,1.6,
85906,1,2697,34,6.91,2697.0,0.07,0.049999999999999996,0.09999999999999999,28.900000000000002,16.0,4.0,0.5,1.4,1.0,5.2,8.2,3.9,,,,,0.7
307183,1,619,15,,619.0,,,,,8.0,,,,,,,,,,,,
677935,1,349,9,,349.0,,,,,7.0,2.0,,,,,,,,,,,
487850,1,144,7,,144.0,,,,,2.0,,,,,,,,,,,,
57071,1,2009,23,6.83,2009.0,,,0.0,27.0,,,,,,1.2,1.2,7.5,9.0,2.4,62.4,1.4,
495752,1,25,4,,25.0,,,,,,,,,,,,,,,,,
1378338,1,6,1,,6.0,,,,,,,,,,,,,,,,,
1380977,1,3,1,,3.0,,,,,,,,,,,,,,,,,
1280281,1,319,20,,319.0,0.85,0.36,0.08,13.799999999999999,3.0,1.0,1.7,0.8,,0.6,1.4,2.0,,,,,3.9
1118293,1,97,7,,97.0,,,,,1.0,,,,,,,,,,,,
333903,1,970,21,6.46,970.0,,0.04000000000000001,0.06,25.7,6.0,2.0,,3.7,1.5,3.2,8.8,3.4,,,,,1.0
921431,1,89,6,,89.0,,,,,1.0,,,,,,,,,,,,
157635,1,321,15,,321.0,,,,,2.0,1.0,,,,,,,,,,,
192557,1,1624,24,6.76,1624.0,,0.08000000000000002,0.07,27.4,11.0,3.0,0.6,1.9,1.5,2.8,6.700000000000001,4.0,,,,,1.1
192169,1,2327,27,6.62,2327.0,0.04,0.02,0.1,25.4,21.0,3.0,0.1,1.8000000000000003,1.2,3.8000000000000003,7.1000000000000005,2.6,,,,,0.6
106270,1,269,15,,269.0,,,,,9.0,,,,,,,,,,,,
106405,1,851,11,,851.0,,,,,5.0,,,,,,,,,,,,
415194,1,918,15,,918.0,,,,,4.0,,,,,,,,,,,,
117478,1,1912,29,6.74,1912.0,0.05,0.05,0.17,25.8,16.0,8.0,0.1,1.7,1.5,4.0,7.8,3.9,,,,,0.8
670681,2,1347,22,7.17554565701559,1347.0,0.35,0.20000000000000004,0.15,66.4,15.0,4.0,0.6,1.8999999999999997,0.5,0.4000000000000001,3.1,5.2,,,,,0.8999999999999999
487469,2,2280,31,7.574407894736841,2280.0,0.07696052631578948,0.04557894736842105,0.18719736842105264,109.03026315789472,36.0,9.0,0.6348684210526315,1.0069736842105264,1.1418421052631582,0.9,3.265131578947368,5.674473684210526,,,,,0.6
502670,2,1573,30,7.240495867768595,1573.0,0.49,0.46111888111888105,0.283134138588684,47.508455181182455,35.0,9.0,2.6599491417673238,1.5,0.7,0.2,2.5,3.3,,,,,1.1
914562,2,1491,25,7.389215291750503,1491.0,0.46,0.5064587525150906,0.1936619718309859,48.6625754527163,31.0,5.0,2.208651911468813,2.1543259557344063,0.7909456740442655,0.3,3.390945674044265,4.336217303822938,,,,,1.5728370221327967
288230,2,1107,23,7.370975609756098,1107.0,0.85,0.56,0.38,52.5,43.0,9.0,2.0,0.5,,0.3,0.8,2.1,,,,,0.3
810092,2,2603,34,7.366949673453707,2603.0,0.10999999999999999,0.060745293891663464,0.12538993469074144,71.21490587783326,42.0,8.0,1.0711870918171342,1.765424510180561,0.41152516327314637,0.8,3.213561275451402,5.597963887821744,,,,,1.2
661171,2,2095,25,7.030238663484487,2095.0,,0.05,0.020000000000000004,74.86109785202864,2.0,,0.0,1.7797136038186157,1.0914081145584726,2.9195704057279235,6.3336515513126495,5.311694510739857,,,,,0.3171837708830549
616341,1,1251,20,7.53,1251.0,0.29,0.31,0.26,61.6,30.0,11.0,1.8,1.8,0.9,1.3,4.3,5.9,,,,,0.9
398073,2,1554,20,7.197374517374517,1554.0,0.13,0.14957528957528957,0.15926640926640925,76.4054054054054,23.0,3.0,0.7316602316602316,1.2347490347490346,0.6768339768339768,0.8,2.7073359073359073,4.877992277992278,,,,,0.6
708265,1,1750,29,7.36,1750.0,0.57,0.56,0.23,31.0,38.0,11.0,1.9,1.5,0.6,0.3,2.5,3.0,,,,,1.0
532826,1,2469,32,7.61,2469.0,0.58,0.52,0.21,37.3,59.0,13.0,2.0,0.5,0.1,0.1,0.8,3.0,,,,,0.8
1097139,1,2329,30,7.059999999999999,2329.0,,0.05999999999999999,0.05999999999999999,34.7,21.0,3.0,1.3,2.3,1.0,1.1,4.7,5.8,,,,,1.4
745200,2,2518,33,7.244988085782366,2518.0,0.22000000000000003,0.27,0.2081493248610008,36.38244638602065,47.0,9.0,1.0,1.5085782366957903,0.7428911834789516,0.5,2.821445591739476,5.360047656870532,,,,,1.0871326449563146
808348,1,2327,29,7.69,2327.0,0.12000000000000001,0.13,0.08,48.4,38.0,3.0,1.2,3.3,1.5,1.1,6.2,8.0,,,,,1.4
849410,1,2170,27,7.16,2170.0,0.08,0.14,0.27,55.6,38.0,13.0,1.0,2.2,0.6,0.5,3.4,5.3,,,,,1.0
903693,2,1699,27,7.1782401412595656,1699.0,0.21,0.22,0.15999999999999998,36.6,39.0,7.0,0.9,2.6,0.6,0.3,3.5,4.4,,,,,1.3999999999999997
659089,1,2387,28,7.1499999999999995,2387.0,0.04,0.02,0.02,78.8,4.0,,0.1,1.2,0.8,3.4,5.8,4.5,,,,,0.7
918969,2,1941,25,7.585440494590418,1941.0,0.15,0.09629057187017004,0.20119010819165378,51.55115919629056,36.0,8.0,0.809273570324575,2.9921174652241116,1.8,0.9510046367851623,5.945749613601237,7.945749613601237,,,,,1.4741885625965996
503770,1,2245,30,7.03,2245.0,0.52,0.54,0.08,11.9,24.0,8.0,0.6,0.2,0.2,0.3,0.7,1.9,,,,,1.7
724129,1,2379,29,7.16,2379.0,0.3,0.33,0.18,19.2,36.0,5.0,1.4,0.8,0.3,0.1,1.2,2.0,,,,,0.6
1064871,1,2195,27,7.25,2195.0,0.66,0.58,0.06,13.9,22.0,5.0,0.5,1.1,0.5,1.3,3.2,2.9,,,,,1.8
653610,2,2071,31,7.071289232254949,2071.0,0.27,0.278266537904394,0.11782713664896186,26.591163689039114,29.0,5.0,1.2347658136166102,1.2869628198937713,0.7,1.0,3.008739739256398,4.008739739256397,,,,,1.0
890719,1,322,9,,322.0,,,,,5.0,1.0,,,,,,,,,,,
618494,2,2545,30,7.124471512770137,2545.0,0.07,0.06,0.13,47.5,29.0,3.0,0.5,1.7000000000000002,0.8,1.5,4.5,4.6,,,,,1.0
318470,2,1530,17,5.9,1530.0,,,0.0,18.0,2.0,,,,,0.5,0.5,7.5,8.0,1.0,33.3,2.0,
350219,2,1231,22,7.114459788789602,1231.0,0.08,0.10751421608448415,0.18491470349309505,87.61852152721366,24.0,5.0,0.39886271324126726,1.5740048740861088,1.0834281072298944,0.6,3.1160032493907392,3.941429731925264,,,,,0.3325751421608448
550550,1,1309,30,6.700000000000001,1309.0,0.41,0.62,0.1,19.5,17.0,2.0,1.2,0.9000000000000001,0.3,0.7,1.9,2.1,,,,,1.6999999999999997
743386,2,778,13,7.59,778.0,,,,,10.0,3.0,,,,,,,,,,,
1185888,1,997,24,6.83,997.0,0.27,0.3,0.19,44.5,20.0,2.0,1.9,1.3,0.5,0.4,2.1,3.7,,,,,0.9
743515,2,3060,34,7.007352941176469,3060.0,,,0.0,20.682352941176468,2.0,,,,,0.5147058823529411,0.5147058823529411,7.194117647058824,11.0,2.388235294117647,68.44117647058823,1.1264705882352943,
540664,2,127,4,7.179999999999999,127.0,,,,,3.0,2.0,,,,,,,,,,,
672381,1,63,1,,63.0,,,,,,,,,,,,,,,,,
418659,2,1418,23,7.221861777150916,1418.0,0.6326657263751763,0.4777574047954866,0.18857545839210157,23.314245416078982,33.0,7.0,1.3,0.8126939351198872,0.2,0.2507757404795487,1.3444287729196052,3.0,,,,,1.2
181767,2,1229,16,7.05,1229.0,0.5,0.05,0.029999999999999995,79.0,2.0,,,0.5,0.5,2.0,3.0,5.5,,,,,1.5
557149,1,1522,27,7.22,1522.0,0.18,0.16,0.33,56.2,58.0,12.0,1.7,1.0,0.2,0.4,1.7,3.7,,,,,1.1
1241207,1,1724,20,6.209999999999999,1724.0,,0.010000000000000002,0.010000000000000002,43.60000000000001,1.0,,0.4,1.0,0.9000000000000001,4.1,6.799999999999999,3.0,,,,,1.1999999999999997
834397,1,2970,33,6.86,2970.0,,,0.0,36.5,,,,,,0.7,0.7,7.3,8.0,3.3,69.7,1.4,0.0
334526,2,2123,25,7.060098916627414,2123.0,0.09,0.07745642958078193,0.03957607159679699,44.9292039566651,6.0,1.0,0.46782854451248235,1.755110692416392,1.766085727743759,2.7660857277437585,7.042392840320302,4.436410739519548,,,,,1.2
655217,1,1827,23,7.219999999999999,1827.0,0.1,0.08,0.02,48.3,3.0,1.0,0.3,1.7,1.1,4.1,8.1,5.2,,,,,0.9
655006,1,2041,27,7.2,2041.0,0.18,0.09,0.17,34.0,36.0,11.0,1.6,1.9,0.9,1.2,4.2,4.2,,,,,0.8
548254,2,2584,31,6.9722910216718255,2584.0,0.04,0.05,0.037213622291021674,54.56099071207431,4.0,3.0,0.34876160990712074,1.2208978328173374,1.348761609907121,4.069195046439629,7.23188854489164,4.244272445820433,,,,,0.7557275541795665
652275,2,2631,34,7.211425313568984,2631.0,0.3071949828962372,0.2911858608893957,0.1782212086659065,37.61299885974915,54.0,6.0,0.7296465222348917,0.8822120866590649,0.47708095781071835,0.45416191562143676,1.81345496009122,4.6000000000000005,,,,,1.1126567844925883
420213,1,1111,15,,1111.0,,,,,8.0,,,,,,,,,,,,
597659,2,2623,30,7.026618375905452,2623.0,0.11,0.12,0.028970644300419367,42.182882195958825,11.0,1.0,0.0,0.9000000000000001,1.0,6.130880670987419,9.09656881433473,2.6823484559664506,,,,,1.1
463600,1,1530,17,7.0,1530.0,,,0.0,20.6,,,,,,0.5,0.5,6.4,9.0,1.9,71.7,0.8,
559328,1,440,10,,440.0,,,,,3.0,2.0,,,,,,,,,,,
660867,1,1892,27,6.99,1892.0,0.14000000000000004,0.36,0.25,25.4,28.0,9.0,2.6,1.0,0.3,0.4,1.8,3.3,,,,,1.0
1130514,2,2194,34,6.819981768459435,2194.0,0.04,0.01,0.1,54.5,29.0,5.0,0.8,3.3,1.1,0.9,5.9,5.6,,,,,1.0
872171,2,1654,22,7.219020556227328,1654.0,0.10999999999999999,0.1,0.07,76.6,14.0,3.0,,1.8,1.2,3.7,7.2,4.8,,,,,0.9
992686,1,1587,28,7.19,1587.0,0.57,0.45,0.14,20.8,22.0,2.0,1.4,0.9,0.8,0.5,2.2,4.3,,,,,0.9
786436,1,2076,25,6.74,2076.0,,0.02,0.02,58.7,6.0,2.0,0.5,0.9,1.0,3.3,5.7,4.2,,,,,0.9
543382,2,1941,25,7.585440494590418,1941.0,0.15,0.09629057187017004,0.20119010819165378,51.55115919629056,36.0,8.0,0.809273570324575,2.9921174652241116,1.8,0.9510046367851623,5.945749613601237,7.945749613601237,,,,,1.4741885625965996
926694,1,823,20,6.59,823.0,,0.02,0.08,55.29999999999999,11.0,1.0,0.5,3.1,1.3,1.0,5.5,6.3,,,,,1.6000000000000003
952282,1,1717,27,7.17,1717.0,0.21,0.14,0.32,23.0,33.0,10.0,1.3,1.7,0.7,0.7,3.1,4.4,,,,,1.4
1074628,2,2205,32,6.975714285714285,2205.0,0.09,0.05,0.1522448979591837,45.38367346938775,32.0,5.0,0.9,2.2877551020408164,1.3285714285714285,1.1,4.7673469387755105,5.383673469387755,,,,,1.0
370846,2,2353,30,6.977649808754781,2353.0,0.08,0.07,0.10885252868678283,35.725626859328514,30.0,7.0,0.6,1.9,0.7,1.0382490437739056,3.73115172120697,3.961750956226094,,,,,1.326774330641734
344596,1,2925,33,7.39,2925.0,,0.04,0.02,54.3,6.0,1.0,0.2,2.0,2.3,4.0,9.1,5.4,,,,,0.6
711980,2,2153,25,7.2017649790989315,2153.0,0.09,0.08832791453785416,0.1058197863446354,46.29642359498374,19.0,6.0,0.8,2.1498374361356247,1.2,4.437296795169531,8.066233163028333,4.203855085926614,,,,,1.7665582907570831
659543,1,2519,33,6.789999999999999,2519.0,0.21,0.28,0.15,10.5,30.0,7.0,1.7999999999999998,0.7,0.3,0.4,1.4,2.5,,,,,1.1
1020191,2,2093,24,7.240573339703775,2093.0,0.13,0.1,0.04,50.8,10.0,2.0,0.4,1.7,1.3,5.0,8.7,5.2,,,,,1.1
743496,2,2925,34,7.166307692307693,2925.0,0.1,0.05969230769230769,0.14692307692307693,41.36923076923077,52.0,10.0,1.1584615384615387,2.4846153846153847,1.2,0.5461538461538461,4.193846153846154,5.903076923076923,,,,,1.0307692307692307
711976,1,90,1,,90.0,,,,,,,,,,,,,,,,,
660860,2,1260,14,7.46,1260.0,,,0.01,83.0,4.0,2.0,,3.0,,11.0,14.0,4.0,,,,,
659542,1,926,14,,926.0,,,,,8.0,2.0,,,,,,,,,,,
474800,1,1366,17,,1366.0,,0.02,0.049999999999999996,62.800000000000004,7.0,2.0,0.3,1.3,1.5,3.6,7.2,5.0,,,,,1.5999999999999999
912902,2,3052,35,6.831422018348624,3052.0,,,0.0,17.349017038007865,1.0,,1.0,,0.0,1.1941022280471822,1.2911533420707733,5.805897771952817,9.0,2.5528178243774575,64.45340760157275,1.4176933158584535,
463613,2,2710,33,7.195535055350553,2710.0,0.27,0.2,0.16,22.7,58.0,3.0,2.6,0.9,0.5,0.1,1.5,5.1,,,,,0.5
263918,2,1751,26,7.160559680182752,1751.0,0.27,0.2020559680182753,0.10051399200456883,32.39908623643632,26.0,2.0,1.0,1.4822387207310106,1.2845802398629356,0.6205596801827526,3.6719588806396346,4.379440319817248,,,,,1.6000000000000003
406634,1,739,15,,739.0,,,,,12.0,5.0,,,,,,,,,,,
182913,1,90,1,,90.0,,,,,4.0,,,,,,,,,,,,
789082,2,702,15,7.93,702.0,,,,,12.0,4.0,,,,,,,,,,,
885445,1,428,13,,428.0,,,,,4.0,2.0,,,,,,,,,,,
281963,2,1836,26,7.147647058823528,1836.0,,0.03,0.03950980392156863,77.28235294117648,16.0,1.0,0.20000000000000004,1.3,1.0,2.334313725490196,4.80686274509804,4.141176470588236,,,,,1.1
575998,1,1998,26,7.0,1998.0,,0.1,0.02,62.0,5.0,,0.5,2.2,1.2,4.5,8.5,5.4,,,,,1.0
986288,1,1164,19,6.48,1164.0,0.31,0.23,0.030000000000000002,13.0,5.0,1.0,0.9000000000000001,0.6,0.5,0.2,1.3,3.2,,,,,1.2
975347,1,815,18,,815.0,,0.01,0.17,46.6,13.0,4.0,1.5,3.6,0.8,1.7,6.1,5.6,,,,,2.5
1191444,1,1904,28,6.6,1904.0,0.09,0.04,0.11,18.0,10.0,3.0,1.3,2.6,1.2,1.5,5.4,4.1,,,,,2.7
1131161,1,373,14,,373.0,,,,,6.0,2.0,,,,,,,,,,,
565821,2,1096,33,6.30030109489051,1096.0,0.17,0.28,0.13,10.7,20.0,4.0,0.3,0.9,,0.4,1.5,2.7,,,,,1.4
802515,2,609,12,8.01,609.0,,,,,4.0,,,,,,,,,,,,
1187942,1,1139,22,6.66,1139.0,,0.08,0.11,33.3,12.0,3.0,0.8,2.1,0.6,0.2,2.9,4.0,,,,,0.9000000000000001
414908,1,976,15,,976.0,,,,,7.0,,,,,,,,,,,,
569389,2,2225,34,6.962570786516855,2225.0,0.34,0.3,0.19,28.7,39.0,6.0,1.3,0.9,0.8,0.5,2.3,4.7,,,,,0.9
1200427,1,1093,23,6.45,1093.0,0.08,0.05,0.04,24.9,7.0,1.0,0.3,0.9,0.7,1.7,3.5,3.1,,,,,1.5
810411,2,1851,29,7.247487844408428,1851.0,0.51,0.39,0.17,25.5,44.0,8.0,1.2,1.4,0.8,0.9,3.2,4.1,,,,,1.2
1005240,1,1191,18,6.99,1191.0,,0.03,0.06,57.699999999999996,5.0,,1.4,2.3,1.4,3.6999999999999997,7.8,6.0,,,,,0.9
466810,1,1086,25,6.96,1086.0,0.91,0.79,0.11,29.3,15.0,3.0,1.2,1.2,0.3,0.7,2.3,3.1,,,,,0.7
291200,1,2758,32,7.159999999999999,2758.0,,0.01,0.07,61.2,14.0,3.0,0.2,1.2,0.9000000000000001,6.0,8.8,4.4,,,,,1.2
745173,2,1439,26,6.805642807505212,1439.0,0.2,0.1,0.12,37.8,12.0,3.0,1.0,2.4,1.2,1.2,5.0,5.9,,,,,2.0
361914,2,1414,17,6.44,1414.0,,,,,3.0,1.0,,,,,,,,,,,
991487,1,1765,28,6.79,1765.0,0.1,0.13,0.05,39.6,6.0,4.0,0.4,1.2,1.1,1.9,4.2,5.4,,,,,0.6
670847,2,1711,25,6.656323787258914,1711.0,0.21,0.19,0.15999999999999998,19.3,23.0,7.0,1.0,0.8000000000000002,0.20000000000000004,0.3,1.3999999999999997,3.7000000000000006,,,,,0.6999999999999998
1103958,2,1299,30,6.291362586605081,1299.0,0.36,0.39,0.04,9.9,11.0,1.0,0.4,0.5,0.3,0.6,1.4,2.4,,,,,2.1
364245,1,2494,33,7.019999999999999,2494.0,0.04,0.02,0.19,40.1,35.0,6.0,0.1,2.2,1.0,2.1,5.7,4.8,,,,,1.2
391065,1,619,13,,619.0,,,,,10.0,1.0,,,,,,,,,,,
1088199,2,2702,32,7.141354552183569,2702.0,0.07,0.02,0.11633604737231679,26.060103626943004,32.0,8.0,1.3,0.9033308660251667,0.8066617320503331,1.8,3.5467061435973357,3.9666913397483348,,,,,0.5166543301258327
1016015,2,1658,32,6.654402895054282,1658.0,0.060000000000000005,0.13,0.05928226779252111,32.14354644149578,13.0,,0.8,1.685645355850422,0.8,0.6291917973462002,3.1076598311218335,4.323462002412545,,,,,1.5928226779252113
648020,2,689,11,6.81,689.0,,,0.01,31.5,,,,1.5,0.5,6.5,10.0,1.5,,,,,1.0
655012,1,18,1,6.31,18.0,,,,,,,,,,,,,,,,,
167799,2,2805,33,7.393368983957219,2805.0,0.15791443850267378,0.11064171122994651,0.10871657754010695,66.80427807486632,43.0,7.0,0.6,1.3224598930481284,0.9352941176470588,1.5,3.9032085561497327,5.386631016042781,,,,,1.3
579928,2,1125,20,6.989271111111111,1125.0,0.6,0.35,0.14,29.1,18.0,3.0,0.7,1.0,0.5,1.2,3.0,2.5,,,,,0.7
822458,1,1220,22,6.839999999999999,1220.0,0.74,0.65,0.01,10.8,11.0,2.0,0.4,0.5,0.2,1.0,1.8,2.1,,,,,1.1
420064,1,1533,22,6.64,1533.0,,0.01,0.22,36.8,21.0,7.0,0.4,1.4,0.6,1.9,4.2,3.6,,,,,0.8
344152,2,1837,30,6.922242787152967,1837.0,0.59,0.57,0.09,11.4,20.0,3.0,0.8,0.5,0.1,1.1,1.9,1.8,,,,,1.0
1226357,1,157,5,,157.0,,,,,,,,,,,,,,,,,
951579,1,66,1,,66.0,,,,,,,,,,,,,,,,,
228948,2,2359,29,6.96,2359.0,,0.06,0.02,54.6,5.0,1.0,0.2,2.5,1.1,4.0,8.5,3.5,,,,,1.0
560593,1,1694,25,6.77,1694.0,0.05,0.08,0.11,31.1,17.0,3.0,0.8,1.4,0.9000000000000001,1.3000000000000003,4.1,5.200000000000001,,,,,1.0
947360,1,970,15,,970.0,,,,,17.0,5.0,,,,,,,,,,,
353366,1,1929,27,6.91,1929.0,0.05,0.04,0.05,57.1,11.0,3.0,,1.3,1.2,3.5,6.5,3.0,,,,,1.0
1151929,2,599,13,6.94,599.0,,0.09,0.02,16.0,8.0,3.0,4.0,1.0,1.0,1.0,3.0,5.0,,,,,2.0
739769,2,2319,30,7.392716688227684,2319.0,0.36,0.25379042690815007,0.2337904269081501,49.75045278137128,61.0,7.0,1.3271668822768437,1.2883570504527815,0.3,0.3,1.8650711513583438,5.560025873221216,,,,,0.6543337645536869
818495,2,1994,24,6.945205616850552,1994.0,0.05,0.03,0.009999999999999998,58.40962888665998,4.0,,0.3,2.4722166499498495,1.3,6.236108324974925,10.758676028084253,3.758676028084253,,,,,1.1406218655967904
285845,1,2485,30,6.889999999999999,2485.0,0.04,0.09,0.12,34.4,21.0,5.0,0.5,2.1,1.2,2.6,6.0,3.8,,,,,1.3
392770,2,981,15,8.06,981.0,,,,,20.0,2.0,,,,,,,,,,,
816580,2,888,17,7.56,888.0,0.5,0.15,0.14,20.0,8.0,2.0,1.5,1.5,1.5,3.0,6.0,1.0,,,,,0.5
1297673,1,428,11,,428.0,,,,,3.0,,,,,,,,,,,,
955281,1,1733,26,6.74,1733.0,,0.01,0.05999999999999999,34.3,17.0,2.0,0.5,1.4,0.9,2.9,5.4,4.4,,,,,0.3
563963,1,1080,12,,1080.0,,,,,2.0,,,,,,,,,,,,
646402,1,2154,26,6.94,2154.0,0.13,0.07,0.14,35.3,21.0,5.0,0.4,1.4,0.3,1.7,3.6,2.6,,,,,1.0
316125,1,1602,20,6.77,1602.0,,0.02,0.05,39.0,7.0,4.0,0.6,1.4,1.2,3.0,5.8,4.1,,,,,0.8
1200423,2,192,7,6.63,192.0,,,,,2.0,,,,,,,,,,,,
569140,2,2859,33,7.170828961175236,2859.0,0.39,0.38000000000000006,0.11,18.6,42.0,6.0,1.0,1.4,0.8,0.8,3.0,2.9,,,,,0.9
292808,1,1141,14,,1141.0,,,,,1.0,,,,,,,,,,,,
891998,2,2188,26,6.850722120658135,2188.0,0.04,0.08917733089579524,0.020411334552102377,45.960786106032906,1.0,,0.3,2.3699268738574037,0.8082266910420476,5.0136197440585,8.958866544789762,4.849360146252285,,,,,1.2876599634369288
190393,2,2327,31,7.294331757627847,2327.0,0.43,0.43,0.14,43.2,35.0,10.0,0.2,1.2,0.7,1.4,3.7,4.3,,,,,1.6
1121298,1,1954,26,6.61,1954.0,,0.04,0.04,48.9,6.0,2.0,0.4,1.6,1.3,6.6,10.9,4.8,,,,,1.2
479648,2,2162,36,6.896521739130435,2162.0,0.17,0.22391304347826088,0.22782608695652176,29.43913043478261,38.0,10.0,0.7,1.2869565217391306,0.9869565217391305,0.5608695652173913,2.873913043478261,3.639130434782609,,,,,0.6565217391304348
955070,1,32,3,,32.0,,,,,,,,,,,,,,,,,
361256,2,3014,34,7.184625082946252,3014.0,,,0.0,26.414863968148644,2.0,,,0.1,,0.6880557398805575,0.7820836098208361,7.153749170537491,14.0,2.282083609820836,67.82833443928335,1.0940278699402788,
165793,1,949,15,,949.0,,,,,9.0,3.0,,,,,,,,,,,
670096,2,1961,30,6.905206527281999,1961.0,0.05,0.1,0.06,43.3,13.0,3.0,0.4,1.3,0.6,2.5,5.1,5.4,,,,,1.0
1113451,1,2428,29,6.91,2428.0,0.04,0.060000000000000005,0.01,49.4,6.0,1.0,0.4,1.8000000000000003,1.0,5.4,8.9,3.8,,,,,1.1
532775,2,2486,30,6.853395012067579,2486.0,0.08,0.03927594529364441,0.04963797264682221,34.22847948511665,16.0,5.0,0.6,2.0,1.4818986323411103,2.9036202735317778,6.734835076427997,5.036202735317779,,,,,1.0
1119456,1,1443,23,6.609999999999999,1443.0,0.06,0.1,0.08,21.2,16.0,,0.7,2.3,0.2,2.2,4.9,3.2,,,,,0.7
649026,2,2806,32,6.921019244476123,2806.0,,0.02,0.019679258731290093,50.47141838916607,4.0,1.0,0.2,1.6775481111903063,1.3,5.258303635067712,9.194155381325732,4.387740555951533,,,,,0.9032074126870991
631927,2,1407,26,6.941862117981522,1407.0,0.13,0.060000000000000005,0.21999999999999997,35.8,23.0,5.0,0.3,2.3,0.7,1.3,4.4,4.6,,,,,1.7
806793,2,2031,27,6.546898079763663,2031.0,,0.01,0.03911373707533235,40.09556868537666,10.0,1.0,0.5221565731166913,1.4709010339734119,1.0443131462333826,4.19807976366322,7.095568685376661,3.617725258493353,,,,,0.6620384047267356
949113,2,1228,17,6.720000000000001,1228.0,,,,,20.0,3.0,,,,,,,,,,,
671594,2,1854,25,7.181046386192018,1854.0,0.25,0.24,0.14,28.5,29.0,12.0,0.9,3.1,1.0,0.3,4.4,5.8,,,,,1.5
316884,1,2610,29,7.110000000000001,2610.0,,,0.0,25.4,2.0,,,0.1,,1.2,1.3,7.0,11.0,2.8,68.4,1.3,
467632,2,2611,32,7.287927996936041,2611.0,0.07,0.05862121792416699,0.13758713136729225,42.765377250095746,42.0,8.0,0.6,2.8068939103791646,1.2,1.3241286863270778,5.675871313672922,6.482765224052088,,,,,1.4
289592,1,416,9,,416.0,,,,,5.0,,,,,,,,,,,,
1010854,1,406,12,,406.0,,,,,5.0,,,,,,,,,,,,
181778,2,2201,29,7.19676510676965,2201.0,,0.02,0.22141299409359383,47.794048159927314,46.0,8.0,0.3286233530213539,2.0,1.47955474784189,2.383643798273512,6.246842344388914,3.47955474784189,,,,,0.7122671512948658
970279,2,2330,33,6.561115879828327,2330.0,,0.0507725321888412,0.0388412017167382,24.134763948497856,12.0,1.0,0.615450643776824,2.423175965665236,1.230901287553648,1.96137339055794,6.0,4.211158798283262,,,,,1.230901287553648
581669,2,701,12,7.49,701.0,,,,,3.0,1.0,,,,,,,,,,,
580657,2,522,19,6.13,522.0,0.18,0.16,0.24,39.1,9.0,2.0,2.7,1.1,0.5,0.4,2.2,3.6,,,,,0.7
662242,2,2663,34,7.038648141194143,2663.0,0.14,0.11033796470146454,0.08898610589560646,25.96579046188509,30.0,5.0,0.8067592940292904,2.454074352234322,0.6135185880585805,0.7,3.7777318813368383,5.033796470146451,,,,,0.8
768380,1,2333,28,6.88,2333.0,0.04,0.02,0.03,47.1,10.0,,0.2,1.6,1.5,4.7,8.3,3.0,,,,,1.6
659520,1,590,20,6.54,590.0,,0.07,0.24,51.1,11.0,3.0,0.6,2.6,1.1,0.8,4.6,5.2,,,,,3.7
986291,2,763,20,6.45,763.0,,0.08,0.18,33.2,16.0,6.0,0.7,3.8999999999999995,1.1,1.8000000000000003,7.1,5.1,,,,,2.3
344886,2,3093,35,7.282036857419981,3093.0,0.030000000000000002,0.14,0.2662172647914646,32.31086323957323,57.0,23.0,0.4,1.54364694471387,1.5,1.873811833171678,5.165082444228904,3.902909796314258,,,,,0.9320077594568381
1178488,1,130,3,,130.0,,,,,,,,,,,,,,,,,
538874,1,489,10,,489.0,,,,,5.0,1.0,,,,,,,,,,,
578421,1,768,16,,768.0,,,,,2.0,2.0,,,,,,,,,,,
568698,2,3037,35,7.094056634837011,3037.0,0.24,0.45,0.1,13.4,30.0,9.0,0.8,1.1,0.3,1.4,3.0,2.9,,,,,1.7
496706,2,2700,30,6.907333333333333,2700.0,,0.02,0.019666666666666666,44.82,7.0,1.0,0.1,0.8,0.9,6.386666666666667,8.87,3.13,,,,,0.2
1170286,1,68,8,,68.0,,,,,1.0,,,,,,,,,,,,
1052439,1,420,15,,420.0,,,,,6.0,1.0,,,,,,,,,,,
1053208,1,354,10,,354.0,,,,,5.0,,,,,,,,,,,,
804711,2,2809,33,6.791990032039872,2809.0,0.03,0.02,0.01192239231043076,41.44720541117835,5.0,,0.10000000000000002,1.5807760768956927,1.0,5.806407974368102,9.22563189747241,3.9032039871840514,,,,,0.7
621993,2,1441,26,6.650013879250521,1441.0,0.07,0.030000000000000002,0.009375433726578765,73.31422623178348,,,,0.6561415683553088,1.1562109646079113,5.093615544760583,7.5309507286606525,3.906245662734212,,,,,0.9062456627342124
903666,2,691,20,7.19,691.0,0.48000000000000004,0.2627496382054993,0.25947901591895806,30.21085383502171,19.0,3.0,1.2085383502170768,1.9966714905933431,0.5379160636758321,0.2947901591895803,2.862083936324168,3.80520984081042,,,,,1.0241678726483359
933900,2,1111,26,6.613294329432943,1111.0,0.17,0.08,0.1,31.799999999999997,13.0,2.0,2.4,1.8,0.3,0.1,2.2,4.1,,,,,1.3
370791,1,27,1,,27.0,,,,,1.0,,,,,,,,,,,,
1160814,1,786,25,6.67,786.0,0.57,0.64,0.02,12.6,5.0,,1.5,1.3,0.2,0.6,2.3,1.9,,,,,1.7
624037,2,2867,34,6.83264736658528,2867.0,0.060000000000000005,0.042197418904778516,0.05663760027903732,31.476246948029296,15.0,1.0,0.09999999999999999,2.0968608301360305,1.5470875479595396,2.840355772584583,6.968608301360307,4.350680153470527,,,,,0.9345308685036624
1089202,1,146,2,,146.0,,,,,,,,,,,,,,,,,
353399,2,2714,33,7.25328297715549,2714.0,0.31,0.28,0.21,26.199999999999996,58.0,11.0,1.0,2.0,1.0,0.8,3.8,5.4,,,,,1.0
354482,1,988,16,,988.0,,,,,11.0,3.0,,,,,,,,,,,
429259,2,2517,31,6.888581644815256,2517.0,,0.01,0.04035756853396901,38.136591179976165,20.0,4.0,0.2,1.6749702026221691,0.9393325387365913,3.71072705601907,6.710727056019071,3.721573301549464,,,,,1.3250297973778307
448632,2,2430,27,6.934444444444443,2430.0,,,0.0,19.007407407407406,,,0.0,,0.1,1.1,1.2,8.562962962962963,6.0,3.5407407407407407,68.60740740740741,1.7,
318523,2,2414,32,7.173869096934549,2414.0,0.12,0.08518641259320629,0.14174813587406793,37.39660314830158,38.0,7.0,0.6687655343827672,1.7862468931234465,0.872493786246893,2.065037282518641,4.9925434962717485,3.834382767191383,,,,,0.8550124275062138
585973,1,2197,28,6.92,2197.0,,0.04,0.09,27.3,33.0,4.0,0.4,3.2,1.2,0.9,5.4,5.9,,,,,1.2
1110406,1,623,14,,623.0,,,,,7.0,1.0,,,,,,,,,,,
1111777,2,2031,24,6.6389955686853765,2031.0,0.09,0.02,0.029113737075332345,58.598522895125555,4.0,1.0,0.1,2.051255539143279,1.8,6.088626292466765,10.911373707533235,4.720236336779911,,,,,1.0
1119453,1,817,20,6.549999999999999,817.0,0.22,0.2,0.05,14.8,7.0,2.0,1.0,2.3,0.6,1.3000000000000003,4.3,5.1,,,,,1.6999999999999997
674612,2,162,3,7.29,162.0,,,0.029999999999999995,102.0,,,,1.0,2.0,3.0,6.0,1.0,,,,,1.0
807165,1,1979,25,6.8,1979.0,,0.03,0.02,33.2,7.0,2.0,0.3,1.3,0.6,5.2,7.6,2.9,,,,,1.4
807688,2,2234,28,6.928205013428827,2234.0,0.08,0.1,0.05,25.5,17.0,4.0,0.2,2.5,1.5,1.0,5.2,3.5,,,,,1.2
274862,2,2062,30,6.70327352085354,2062.0,0.13,0.12,0.17,18.3,34.0,8.0,1.3,0.6,0.4,0.7,1.7,3.0,,,,,0.7
750904,1,1364,27,6.73,1364.0,0.2,0.2,0.18,27.800000000000004,20.0,8.0,0.8,2.3,0.7,1.8000000000000003,5.0,4.1,,,,,1.1
819566,1,618,8,,618.0,,,,,,,,,,,,,,,,,
989574,2,1396,30,6.601010028653295,1396.0,0.27,0.19,0.09,14.6,12.0,5.0,0.7,2.6,0.4,0.8,3.9,4.5,,,,,2.8
415383,1,2659,30,7.379999999999999,2659.0,,,0.0,20.3,,,,0.10000000000000002,,0.8999999999999999,1.0,10.4,10.0,4.2,77.4,1.2,0.0
490426,1,1011,18,,1011.0,,0.11,0.21,32.0,13.0,4.0,0.5,2.8,1.4,2.7,7.1,5.1,,,,,0.7
229604,1,2610,29,7.17,2610.0,,0.0,0.0,24.6,1.0,,0.0,0.1,,0.9,1.0,8.7,8.0,2.6,69.1,1.2,0.0
536482,1,1167,27,6.48,1167.0,0.39,0.28,0.06,16.3,8.0,2.0,0.2,1.8999999999999997,0.5,1.0,3.4,3.4,,,,,1.7
1009596,1,1167,27,6.48,1167.0,0.39,0.28,0.06,16.3,8.0,2.0,0.2,1.8999999999999997,0.5,1.0,3.4,3.4,,,,,1.7
322305,2,1903,32,6.880877561744613,1903.0,0.2,0.1575669994745139,0.08763531266421438,23.805359957961112,25.0,1.0,1.2378349973725695,1.3810825013137151,0.4,1.142564372044141,3.0,3.475669994745139,,,,,0.6
620313,1,1275,15,,1275.0,,,,,6.0,,,,,,,,,,,,
1011200,2,1732,21,6.787263279445728,1732.0,0.05,0.07,0.05792147806004619,36.98175519630485,19.0,2.0,1.0,2.198729792147806,0.7675519630484988,1.4740184757505774,4.819515011547345,4.379214780600462,,,,,1.4
392767,2,2602,31,6.811664104534973,2602.0,0.11,0.2,0.07,21.1,34.0,5.0,1.2,1.2,0.4,0.8,2.5,4.2,,,,,2.3
659513,1,1339,16,,1339.0,,,,,1.0,,,,,,,,,,,,
805908,2,1374,22,6.8085152838427945,1374.0,,0.01,0.0880349344978166,25.617467248908298,9.0,3.0,0.8131004366812228,3.588646288209607,0.8131004366812228,2.027947598253275,6.429694323144105,4.345851528384279,,,,,0.8
474662,1,2697,33,6.87,2697.0,0.03,0.02,0.06,31.5,17.0,2.0,0.6,2.3,1.5,1.8,5.8,5.4,,,,,1.0
702441,2,2224,25,6.903462230215828,2224.0,0.08,0.07757194244604317,0.009595323741007194,34.4693345323741,4.0,1.0,0.2,1.3838129496402878,1.3283273381294964,4.727158273381295,8.05548561151079,3.424280575539568,,,,,1.287859712230216
182916,1,2010,29,7.24,2010.0,0.54,0.44,0.17,25.7,27.0,10.0,1.2,0.9,0.4,0.9,2.2,2.7,,,,,1.7
766412,2,1970,29,6.904385786802031,1970.0,0.09,0.08,0.08,25.6,14.0,3.0,0.5,1.9,0.8,2.0,4.8,2.7,,,,,0.4
344892,2,2444,30,7.008273322422258,2444.0,0.31,0.30042553191489363,0.16631751227495908,49.98862520458265,58.0,7.0,0.3,0.7,0.3,0.2,1.2,3.7999999999999994,,,,,0.6
184892,2,2550,34,7.486,2550.0,0.45647058823529413,0.4437647058823529,0.33282352941176474,32.4635294117647,80.0,17.0,1.8,0.9,0.4,0.3,1.6,4.025882352941177,,,,,0.7
776798,2,782,22,6.693516624040921,782.0,0.25,0.38,0.15,23.3,12.0,1.0,0.5,0.9,0.3,1.5,2.7,4.3,,,,,1.8
1075583,1,463,10,,463.0,,,,,,,,,,,,,,,,,
592979,2,1162,22,6.995714285714286,1162.0,0.17,0.18,0.07,51.8,9.0,,1.3,2.0,1.3,1.0,4.6,6.2,,,,,1.6
750878,1,1080,12,,1080.0,,,,,1.0,,,,,,,,1.0,,,,
476836,1,2424,28,7.22,2424.0,0.15,0.18,0.25,29.5,62.0,10.0,0.8999999999999999,1.7000000000000002,1.0,0.6,3.4000000000000004,5.1,,,,,1.5
1004619,1,1251,27,6.620000000000001,1251.0,0.07,0.14,0.14,21.3,20.0,3.0,1.4,2.2,1.2,1.4,4.7,5.0,,,,,1.7
290862,2,1987,27,6.943885254151988,1987.0,,0.06,0.21,70.0,43.0,12.0,0.4,1.1,0.5,0.5,2.2,4.5,,,,,1.2
863204,1,447,8,,447.0,,,,,1.0,,,,,,,,,,,,
463620,1,1012,24,6.48,1012.0,0.44,0.51,0.06,13.0,7.0,,0.1,0.3,0.5,1.2,2.2,2.3,,,,,1.7
372711,1,83,1,6.53,83.0,,,,,1.0,,,,,,,,,,,,
283227,2,2680,34,6.730186567164179,2680.0,0.030000000000000002,0.03335820895522388,0.019664179104477614,37.31044776119403,2.0,,0.1,0.9033582089552239,1.5,5.289925373134328,8.386567164179105,3.1597014925373132,,,,,1.0
717118,1,1305,23,6.68,1305.0,,0.03,0.11000000000000001,36.3,17.0,4.0,0.9,2.2,0.8,2.2,5.3,4.5,,,,,1.0
1078326,1,339,15,,339.0,,,,,7.0,,,,,,,,,,,,
1097113,2,618,14,7.140000000000001,618.0,,0.38,0.04,18.0,4.0,,2.0,1.0,,,1.0,4.0,,,,,2.0
405389,2,2715,31,6.808287292817679,2715.0,,0.04,0.03966850828729282,33.389502762430936,10.0,1.0,0.1,1.3867403314917126,1.3895027624309393,4.099447513812155,7.102209944751381,3.096685082872928,,,,,1.0
353404,2,389,14,6.35,389.0,,,,,10.0,1.0,,,,,,,,,,,
1178489,1,1600,30,6.51,1600.0,,0.06,0.02,35.5,11.0,,0.8,2.3,0.5,1.4,4.4,3.9,,,,,1.5
637803,1,585,12,,585.0,,,,,6.0,1.0,,,,,,,,,,,
903359,1,272,11,,272.0,,,,,8.0,,,,,,,,,,,,
649023,1,135,2,,135.0,,,,,,,,,,,,,,,,,
245537,2,1458,28,6.94358024691358,1458.0,0.14,0.08629629629629629,0.15012345679012348,54.07654320987655,14.0,5.0,0.4,1.262962962962963,1.0876543209876544,2.6753086419753087,5.28888888888889,5.65925925925926,,,,,1.0
920470,2,359,9,,359.0,,,,,2.0,1.0,,,,,,,,,,,
1182738,1,1446,17,6.6499999999999995,1446.0,,0.04,0.01,45.5,2.0,,0.39999999999999997,2.0,1.7,5.7,9.8,3.0,,,,,1.5999999999999999
671590,1,1687,25,6.66,1687.0,0.05,0.06,0.04,28.1,9.0,1.0,0.2,2.0,1.6,2.4,6.4,3.1,,,,,1.4
1307004,1,436,13,,436.0,,,,,13.0,2.0,,,,,,,,,,,
770436,2,1849,31,6.586181719848567,1849.0,0.05000000000000001,0.08999999999999998,0.04,18.899999999999995,7.0,1.0,0.9,2.0,1.2,1.2,4.6,5.599999999999999,,,,,1.5
904662,1,1904,32,6.53,1904.0,0.09,0.14,0.12,25.2,22.0,4.0,0.6,1.9,0.7,0.7,3.4,3.4,,,,,0.9
539795,1,1006,13,,1006.0,,,,,4.0,,,,,,,,,,,,
1184007,1,178,10,,178.0,,,,,5.0,,,,,,,,,,,,
131225,1,1310,20,6.829999999999999,1310.0,,0.1,0.07,39.6,13.0,3.0,0.2,2.0,1.4,2.4,6.1,4.0,,,,,2.5
829874,2,2052,33,6.806038011695906,2052.0,0.09,0.04,0.13,22.1,22.0,8.0,0.8,2.4,0.7,2.1,5.4,3.8,,,,,1.2
217115,2,2,2,,2.0,,,,,,,,,,,,,,,,,
395695,1,2349,29,6.89,2349.0,,0.01,0.02,26.9,12.0,,0.4,2.6,1.0,1.7999999999999998,5.7,5.8,,,,,1.8999999999999997
397171,1,2333,30,7.01,2333.0,,0.0,0.06,35.1,17.0,3.0,0.6,2.0,1.1,2.8,6.0,4.9,,,,,1.4
215977,2,2780,33,7.508057553956834,2780.0,0.1,0.24000000000000002,0.24255395683453235,37.35431654676259,82.0,11.0,0.6129496402877698,3.2579136690647483,0.6129496402877698,0.9032374100719425,5.0,6.451438848920863,,,,,1.806474820143885
557612,2,1298,28,6.4817257318952235,1298.0,0.22,0.23,0.08,12.7,9.0,2.0,1.2,1.0,0.3,0.7,1.9,1.8000000000000003,,,,,2.0
851220,2,1922,26,6.631508844953174,1922.0,0.15,0.19187304890738813,0.1755879292403746,20.710718002081165,37.0,7.0,1.7625390218522372,1.0,0.3,0.1,1.4,3.618730489073881,,,,,0.7
175639,2,2612,31,7.2587595712098,2612.0,0.04,0.05,0.25,36.3,66.0,16.0,1.0,2.3,1.7,2.3,6.5,5.0,,,,,0.8
344888,1,1910,25,6.49,1910.0,0.18999999999999997,0.32,0.02,8.4,11.0,,0.6,0.4,0.1,1.4,2.1,1.8,,,,,1.3
688707,1,913,18,6.27,913.0,,0.0,0.01,39.9,1.0,,0.2,1.1,1.0,0.7,2.9,3.3,,,,,1.9
649020,1,1391,20,6.57,1391.0,0.06,0.06,0.02,34.9,4.0,,1.2,3.0,0.9,1.0,5.0,5.8,,,,,2.1
787232,1,170,5,,170.0,,,,,1.0,,,,,,,,,,,,
1228317,1,497,8,,497.0,,,,,2.0,,,,,,,,,,,,
324690,1,1102,23,6.67,1102.0,0.25,0.25,0.1,27.1,14.0,6.0,1.5,1.4,0.3,0.6,2.4,4.2,,,,,1.1
667967,1,1332,30,6.51,1332.0,0.14,0.11000000000000001,0.13,22.5,15.0,5.0,0.5,2.2,1.1,1.3,4.9,4.4,,,,,2.4
250779,1,2547,29,6.86,2547.0,0.04,0.03,0.05,37.1,12.0,6.0,0.0,1.3,1.1,6.5,10.3,2.5,,,,,1.0
525155,1,2191,25,6.89,2191.0,,,0.0,18.6,,,0.0,,,0.9,0.9,6.9,6.0,3.2,65.8,1.6,0.0
175722,2,777,10,8.58,777.0,1.0,0.13,0.0,34.0,2.0,,2.0,2.0,,10.0,13.0,4.0,,,,,
535820,1,634,22,,634.0,0.14,0.25,0.16,15.0,8.0,1.0,0.6,1.7,0.9,0.3,2.8,4.5,,,,,1.4
917778,1,1195,27,6.51,1195.0,0.38,0.43,0.14,13.6,13.0,4.0,1.5,1.2,0.5,0.2,2.0,3.3,,,,,2.2
810093,1,1363,30,6.690000000000001,1363.0,0.07,0.08,0.07,30.5,16.0,1.0,1.3,1.7,0.7,0.3,2.8,5.9,,,,,1.4
704270,1,927,31,6.39,927.0,0.39,0.52,0.08,12.9,10.0,2.0,0.5,0.5,0.4,1.3,2.1,2.6,,,,,1.6
462348,1,1151,24,6.41,1151.0,0.31,0.23,0.060000000000000005,9.1,9.0,2.0,0.2,0.8,0.6,1.0,2.7,2.3,,,,,1.4
810909,1,265,11,,265.0,,,,,2.0,,,,,,,,,,,,
358515,1,1090,25,6.52,1090.0,0.17,0.28,0.2,15.1,23.0,4.0,1.5,1.1,0.1,0.6,1.8,1.9,,,,,1.7
174094,1,1773,31,6.45,1773.0,,0.13,0.08,26.6,12.0,3.0,1.2,1.6,1.3,0.8,4.1,4.4,,,,,1.8
251322,1,1619,19,6.77,1619.0,,,0.0,19.5,,,,,0.1,0.5,0.6,9.5,5.0,2.7,64.5,1.5,
479638,1,526,15,,526.0,,,,,2.0,1.0,,,,,,,,,,,
192616,1,211,4,,211.0,,,,,1.0,,,,,,,,,,,,
538971,2,756,16,6.32,756.0,,,,,6.0,1.0,,,,,,,,,,,
1186789,1,189,4,,189.0,,,,,1.0,1.0,,,,,,,,,,,
1178695,1,373,9,,373.0,,,,,1.0,,,,,,,,,,,,
691958,2,1962,29,6.8882568807339455,1962.0,0.14,0.09045871559633027,0.08091743119266055,48.49908256880734,12.0,,0.618348623853211,1.1908256880733945,1.0954128440366975,1.9541284403669725,4.812844036697248,5.473394495412845,,,,,1.3779816513761467
991054,1,1966,24,6.21,1966.0,,0.05,0.01,46.5,5.0,1.0,0.1,0.7,1.1,5.8,8.4,2.7,,,,,0.9
127189,2,676,11,7.82,676.0,,,,,2.0,,,,,,,,,,,,
364409,1,134,2,,134.0,,,,,,,,,,,,,,,,,
807689,1,1264,17,6.72,1264.0,0.36,0.32,0.07,10.7,14.0,1.0,0.7,0.6,0.2,0.9000000000000001,1.8000000000000003,2.0,,,,,2.0
973949,2,2261,30,6.913436532507739,2261.0,0.04,0.08,0.058009730207872624,32.957762052189295,17.0,4.0,0.46368863334807614,2.3840778416629806,1.6557275541795666,2.751747014595312,7.271649712516586,3.463688633348076,,,,,1.0960194604157454
84301,2,2394,28,7.391846282372599,2394.0,0.08,0.12,0.09,46.0,24.0,2.0,0.5,2.5,1.3,1.6,5.6,5.5,,,,,1.4
668167,1,1155,15,,1155.0,,,,,2.0,,,,,,,,,,,,
325223,2,730,19,6.55,730.0,0.25,0.37,0.07,14.7,9.0,,1.3,1.6,0.8,0.6,3.0,4.4,,,,,1.5
249636,1,2400,29,6.96,2400.0,0.04,0.03,0.02,52.4,4.0,1.0,0.0,1.5,1.6,5.6,9.5,2.7,,,,,1.0
683625,2,488,14,5.96,488.0,,,,,6.0,,,,,,,,,,,,
763182,2,1524,32,6.41,1524.0,0.05999999999999999,0.16999999999999998,0.09,21.4,10.0,1.0,0.6,1.8,0.7000000000000001,0.7000000000000001,3.1999999999999997,4.0,,,,,2.0
221025,1,7,2,,7.0,,,,,,,,,,,,,,,,,
568696,1,970,14,,970.0,,,,,10.0,4.0,,,,,,,,,,,
1004486,2,359,12,6.57,359.0,,,,,1.0,,,,,,,,,,,,
419067,1,2457,33,6.8,2457.0,0.10999999999999999,0.05,0.17,21.3,44.0,4.0,1.5,0.7,0.5,1.2,2.5,3.1,,,,,0.8
283994,2,2913,33,7.143707518022657,2913.0,0.26,0.30710607621009267,0.07123583934088569,17.132028836251287,42.0,5.0,0.4494335736354274,0.9000000000000001,0.4,1.387641606591143,2.8412976313079303,2.387641606591143,,,,,2.096910401647786
830890,1,1784,25,6.85,1784.0,0.05,0.07,0.03,24.1,6.0,,0.2,2.9,1.7,3.9,9.2,3.0,,,,,1.3
795274,1,418,8,,418.0,,,,,5.0,,,,,,,,,,,,
944724,1,968,13,,968.0,,,,,3.0,,,,,,,,,,,,
691841,2,2388,31,6.805594639865997,2388.0,0.04,0.05,0.13,28.4,35.0,5.0,0.8,1.8000000000000003,1.0,2.3,5.6,4.4,,,,,0.8
969447,1,1363,30,6.690000000000001,1363.0,0.07,0.08,0.07,30.5,16.0,1.0,1.3,1.7,0.7,0.3,2.8,5.9,,,,,1.4
1071956,1,383,9,,383.0,,,,,,,,,,,,,,,,,
1075575,1,361,18,,361.0,,0.02,0.03,31.199999999999996,3.0,,0.2,3.7,0.7,2.0,7.0,4.2,,,,,1.5
566025,1,2,1,,2.0,,,,,,,,,,,,,,,,,
979551,2,1119,29,6.3545933869526365,1119.0,0.09,0.27,0.09,16.6,10.0,3.0,2.7,1.7,0.9,0.4,3.3,6.2,,,,,2.9
639712,1,416,9,,416.0,,,,,1.0,,,,,,,,,,,,
796865,2,1623,25,6.890591497227357,1623.0,1.0,0.09881700554528651,0.047781885397412203,25.006099815157118,14.0,2.0,0.8665434380776341,2.4168207024029575,1.3778188539741218,2.133456561922366,6.305914972273568,4.755637707948244,,,,,1.433271719038817
147051,2,2880,32,6.805624999999999,2880.0,,,0.0,28.1625,,,0.0,0.0,0.0,0.934375,0.934375,6.68125,7.0,2.35625,64.7375,1.4,
315253,2,540,6,7.3,540.0,,,0.0,32.0,1.0,,,,,,,6.0,2.0,2.0,100.0,,
481513,1,2273,27,6.92,2273.0,0.08,0.07,0.06,37.1,11.0,2.0,1.2,2.9,1.1,2.7,7.2,5.1,,,,,1.3
126557,1,809,10,,809.0,,,,,2.0,,,,,,,,,,,,
122153,1,115,6,,115.0,,,,,,,,,,,,,,,,,
450936,1,272,8,,272.0,,,,,5.0,1.0,,,,,,,,,,,
203938,2,1332,16,6.69,1332.0,,,0.23999999999999996,58.0,30.0,3.0,,3.0,1.0,1.0,5.0,3.0,,,,,1.0
203746,1,1730,26,7.13,1730.0,0.1,0.05,0.14,37.9,26.0,8.0,0.4,2.0,1.5,1.6,5.6,4.3,,,,,1.4
181382,1,741,11,,741.0,,,,,3.0,,,,,,,,,,,,
258364,2,810,20,6.2,810.0,,0.01,0.1,51.3,8.0,1.0,,1.7,2.1,2.9,6.8,5.7,,,,,1.6
187718,2,2926,33,6.823376623376624,2926.0,,0.0,0.029384825700615177,53.922761449077235,2.0,,0.3,1.1938482570061517,0.9030758714969241,4.643062200956937,7.709227614490772,3.515379357484621,,,,,1.1
346546,1,865,10,,865.0,,,,,,,,,,,,,3.0,,,,
358143,1,2254,27,6.8,2254.0,0.04,0.02,0.05,47.1,10.0,2.0,0.2,1.1,0.8,7.300000000000001,9.9,3.7999999999999994,,,,,0.9
58864,1,2046,30,6.99,2046.0,0.44,0.58,0.17,15.9,26.0,8.0,0.5,0.4,0.2,0.5,1.1,1.7,,,,,0.8
485965,1,2325,30,6.62,2325.0,,0.07,0.03,24.7,10.0,,0.3,1.7,0.7,3.7,6.5,3.6,,,,,0.9
328609,2,64,3,,64.0,,,,,,,,,,,,,,,,,
1103652,1,541,9,,541.0,,,,,3.0,,,,,,,,,,,,
344072,1,1962,23,6.37,1962.0,,0.02,0.06,29.2,8.0,4.0,0.2,1.3,0.3,3.3,5.4,2.6,,,,,1.1
1068110,1,49,4,,49.0,,,,,1.0,,,,,,,,,,,,
1191473,2,227,4,7.09,227.0,,,0.01,27.0,,,,2.0,,1.0,3.0,6.0,,,,,2.0
619461,1,678,18,6.3500000000000005,678.0,0.13,0.32,0.13,12.9,6.0,2.0,0.5,0.5,0.3,0.7999999999999999,1.5999999999999999,2.5,,,,,2.3
353948,2,917,25,6.429629225736095,917.0,0.11,0.09944383860414395,0.04509269356597601,24.61275899672846,4.0,2.0,0.3,2.9840785169029447,1.0079607415485279,2.392584514721919,6.474809160305344,3.4429661941112326,,,,,2.3
372712,1,826,14,,826.0,,,,,4.0,2.0,,,,,,,,,,,
182894,1,2488,31,6.48,2488.0,0.04,0.07,0.03,56.89999999999999,15.0,3.0,0.9000000000000001,1.8000000000000003,1.0,3.0,6.3,6.0,,,,,0.9000000000000001
798925,2,1312,27,6.649451219512197,1312.0,0.22,0.15,0.16,25.4,19.0,2.0,0.5,2.6,0.7,1.6,4.9,4.3,,,,,1.0
234802,1,86,1,6.45,86.0,,,,,,,,,,,,,,,,,
203348,1,953,13,,953.0,,,,,4.0,1.0,,,,,,,,,,,
816308,2,763,17,6.19,763.0,,,,,11.0,5.0,,,,,,,,,,,
211474,1,1165,22,6.68,1165.0,0.22999999999999998,0.19,0.05999999999999999,24.9,17.0,3.0,1.5,1.7,0.8,2.1,4.9,4.6,,,,,1.7
950593,1,26,2,,26.0,,,,,,,,,,,,,,,,,
542452,1,2353,27,6.6,2353.0,,,0.0,28.1,1.0,,,,,1.0,1.0,7.4,5.0,3.6000000000000005,62.7,2.1,
539232,1,2012,31,6.39,2012.0,0.09,0.04,0.04,34.8,4.0,1.0,0.4,2.0,1.0,0.8,3.8,3.2,,,,,1.3
531949,1,863,14,,863.0,,,,,7.0,1.0,,,,,,,,,,,
1119881,2,430,15,6.59,430.0,,,,,5.0,,,,,,,,,,,,
238626,1,2324,28,6.91,2324.0,0.04,0.03,0.04,56.900000000000006,16.0,2.0,0.3,1.4,1.0,1.7,4.3,5.0,,,,,0.8999999999999999
239647,2,1088,28,6.45172794117647,1088.0,0.42,0.52,0.05,12.9,11.0,1.0,1.1,0.4,0.2,0.6,1.2,1.6,,,,,0.9
531065,1,813,11,,813.0,,,,,9.0,1.0,,,,,,,,,,,
340177,1,1147,17,6.54,1147.0,,0.01,0.04,36.6,5.0,1.0,0.2,1.7999999999999998,0.6,4.1,6.7,3.5999999999999996,,,,,0.8999999999999999
138055,1,2880,33,6.76,2880.0,,0.01,0.02,34.5,16.0,,0.6,2.3,1.0,1.4,4.9,4.6,,,,,0.8
45672,2,2070,23,7.007391304347826,2070.0,,,0.0,25.921739130434784,,,,,0.0,0.7565217391304347,0.8521739130434782,8.295652173913043,8.0,2.6695652173913045,68.43478260869566,1.3,
371686,2,2049,27,6.82,2049.0,,0.01,0.07,43.0,17.0,3.0,0.1,1.6,1.4,2.9,6.0,4.1,,,,,1.5
538998,2,443,15,6.43,443.0,,,,,3.0,,,,,,,,,,,,
126552,1,1904,32,6.53,1904.0,0.09,0.14,0.12,25.2,22.0,4.0,0.6,1.9,0.7,0.7,3.4,3.4,,,,,0.9
282028,2,540,6,7.51,540.0,,,0.0,30.0,,,,,,,,7.0,5.0,2.0,100.0,,
710885,1,637,25,,637.0,0.14,0.25,0.09,26.4,3.0,,0.4,1.6,1.4,1.6999999999999997,4.9,6.5,,,,,1.6999999999999997
275249,1,86,1,6.769999999999999,86.0,,,,,3.0,,,,,,,,,,,,
539665,1,1248,23,6.47,1248.0,,0.04,0.07,22.6,11.0,1.0,0.6,1.9,0.9,1.7,4.9,3.2,,,,,0.6
883865,2,519,13,6.0,519.0,,,,,3.0,1.0,,,,,,,,,,,
435492,1,977,24,6.56,977.0,0.46,0.33,0.06,16.8,5.0,1.0,0.4,1.8,0.7,1.3,3.9,3.6,,,,,1.0
918414,2,184,8,6.5,184.0,,,,,,,,,,,,,,,,,
174196,2,2882,33,6.602803608605135,2882.0,,0.01,0.1421790423317141,31.51880638445524,30.0,10.0,0.3,1.2906315058986815,1.0,2.6124913254684246,5.162526023594726,4.131297709923664,,,,,0.5
794349,1,327,5,,327.0,,,,,1.0,,,,,,,,,,,,
1234988,2,255,14,6.46,255.0,,,,,8.0,,,,,,,,,,,,
48015,2,1531,18,6.622299150881776,1531.0,,,0.0,18.78830829523187,,,,0.09999999999999999,,1.1763553233180928,1.270476812540823,7.211691704768126,3.0,2.811757021554539,64.70444154147616,1.7,
501709,1,8,2,,8.0,,,,,,,,,,,,,,,,,
374040,1,818,23,,818.0,0.22,0.24,0.05000000000000001,38.6,4.0,1.0,1.1,2.0,0.4000000000000001,2.5,5.3,3.7000000000000006,,,,,1.3
399383,1,146,10,,146.0,,,,,3.0,,,,,,,,,,,,
1133929,2,340,16,6.14,340.0,,,,,4.0,1.0,,,,,,,,,,,
1096744,1,505,22,,505.0,0.18,0.31,0.04,16.4,4.0,,0.9,1.4,,0.7,2.1,2.3,,,,,1.6
646829,2,923,16,7.31,923.0,,,0.0,44.0,1.0,,,2.0,1.0,4.0,7.0,3.0,,,,,
100986,1,1910,25,7.11,1910.0,0.05,0.06,0.16,40.1,18.0,6.0,0.6,1.5,0.8,2.5,4.8,4.8,,,,,1.4
417278,1,226,3,,226.0,,,,,,,,,,,,,,,,,
700078,1,556,15,,556.0,,,,,4.0,2.0,,,,,,,,,,,
298975,1,31,3,,31.0,,,,,1.0,,,,,,,,,,,,
297070,1,1153,18,,1153.0,,0.01,0.05,39.0,9.0,1.0,0.1,2.3,1.3,3.5,7.3,4.0,,,,,1.6
1254786,2,162,5,6.76,162.0,,,,,3.0,,,,,,,,,,,,
1144999,1,285,9,,285.0,,,,,1.0,,,,,,,,,,,,
1176215,1,241,11,,241.0,,,,,1.0,,,,,,,,,,,,
794758,1,858,24,6.529999999999999,858.0,0.10000000000000002,0.09,0.08,26.7,8.0,,1.3999999999999997,2.0,0.8000000000000002,2.0,5.0,3.0,,,,,0.8000000000000002
405686,1,223,8,,223.0,,,,,6.0,1.0,,,,,,,,,,,
371436,1,862,10,,862.0,,,,,2.0,,,,,,,,,,,,
391720,1,1212,17,,1212.0,0.07,0.03,0.06,38.9,8.0,,0.2,1.6,1.0,3.3,6.3,3.5,,,,,0.7
354726,1,494,26,,494.0,0.18,0.13,0.14,36.4,7.0,1.0,0.4,1.1,0.9,1.8,3.8,4.0,,,,,1.6
1088110,2,152,11,5.91,152.0,,,,,1.0,,,,,,,,,,,,
1099726,1,1910,25,6.49,1910.0,0.18999999999999997,0.32,0.02,8.4,11.0,,0.6,0.4,0.1,1.4,2.1,1.8,,,,,1.3
1091353,1,315,4,,315.0,,,,,1.0,,,,,,,,,,,,
646733,2,200,7,6.5,200.0,,,,,1.0,,,,,,,,,,,,
57449,2,1922,26,6.631508844953174,1922.0,0.15,0.19187304890738813,0.1755879292403746,20.710718002081165,37.0,7.0,1.7625390218522372,1.0,0.3,0.1,1.4,3.618730489073881,,,,,0.7
1208968,2,101,3,6.52,101.0,,,0.15,31.0,1.0,,,1.0,1.0,,2.0,5.0,,,,,
384859,1,733,15,,733.0,,,,,4.0,1.0,,,,,,,,,,,
1200289,1,329,17,,329.0,,0.049999999999999996,0.09999999999999999,42.7,7.0,1.0,1.1,1.5999999999999999,1.4,0.7999999999999999,4.1,8.5,,,,,0.3
1119391,1,77,4,,77.0,,,,,,,,,,,,,,,,,
1183575,2,1228,17,6.720000000000001,1228.0,,,,,20.0,3.0,,,,,,,,,,,
550957,1,757,12,,757.0,,,,,,,,,,,,,,,,,
161869,1,2169,33,6.84,2169.0,0.11999999999999998,0.11999999999999998,0.08,30.2,15.0,4.0,0.4,2.0,0.7,2.0,4.9,3.9000000000000004,,,,,1.3
192492,2,3150,35,6.803714285714286,3150.0,,0.02,0.04257142857142857,49.59428571428571,10.0,4.0,0.3,1.4857142857142858,1.3885714285714286,5.1657142857142855,8.525714285714285,4.085714285714285,,,,,0.64
543051,2,19,2,5.96,19.0,,,,,1.0,,,,,,,,,,,,
306382,1,959,19,,959.0,,0.03,0.07,38.5,8.0,1.0,0.9,2.2,0.8,2.3,5.6,4.7,,,,,1.3
677057,1,687,23,6.34,687.0,0.26,0.13,0.11000000000000001,30.0,6.0,1.0,1.2,1.6999999999999997,0.7,1.0,3.5,4.5,,,,,1.0
1041614,1,180,2,,180.0,,,,,,,,,,,,,1.0,,,,
85863,2,778,13,7.59,778.0,,,,,10.0,3.0,,,,,,,,,,,
80293,1,2427,29,7.209999999999999,2427.0,0.04,0.04,0.05,64.8,10.0,1.0,0.1,1.2,1.6,3.9,7.3,4.7,,,,,0.6
937958,2,2423,30,8.276904663640115,2423.0,0.63,0.518316137020223,0.4076764341725134,43.11213371853074,78.0,28.0,5.108089145687164,1.348823772183244,0.412794056954189,0.1,1.8552208006603383,3.7592653735039203,,,,,1.1063970284770945
342229,2,2784,33,8.058146551724137,2784.0,0.9013793103448277,0.8797844827586205,0.20288793103448277,30.07155172413793,69.0,9.0,2.719396551724138,0.10000000000000002,0.12586206896551724,,0.21939655172413797,1.5,,,,,0.43879310344827593
683840,2,2238,31,7.7806836461126,2238.0,0.09,0.07,0.24170688114387848,79.43418230563003,66.0,9.0,1.547319034852547,2.1,1.0,1.023413762287757,4.153172475424486,6.7892761394101875,,,,,0.4
371998,2,2999,38,7.663344448149383,2999.0,0.5105801933977993,0.438702900966989,0.18058019339779924,29.157352450816937,72.0,8.0,2.759386462154051,0.8767922640880293,0.1,0.0,0.9709903301100367,2.730376792264088,,,,,1.2232077359119706
581678,2,2075,30,7.613759036144579,2075.0,0.3020819277108434,0.3262939759036145,0.11979759036144579,48.888819277108425,42.0,6.0,1.875132530120482,2.392385542168675,0.7,0.822843373493976,3.9543132530120486,4.785783132530121,,,,,1.4695421686746988
636703,2,1977,32,7.4401669195751134,1977.0,0.40925644916540216,0.4110015174506828,0.20361153262518966,38.317147192716234,35.0,16.0,2.090743550834598,2.3180576631259484,0.40910470409711686,0.3,2.9998482549317145,4.045371775417299,,,,,1.7273141122913507
576024,2,1926,30,7.097414330218069,1926.0,0.38,0.36,0.24,27.2,48.0,10.0,1.2,1.0,0.1,0.2,1.4,2.4,,,,,0.7
369081,2,2926,35,7.631373889268625,2926.0,0.16,0.09,0.15630895420369106,56.46452494873548,46.0,8.0,0.7815447710184553,1.3738209159261792,0.8123034859876965,1.656937799043062,4.124606971975393,4.656937799043062,,,,,0.5938482570061517
861410,2,2168,35,7.493533210332103,2168.0,0.18,0.18821033210332105,0.35012915129151295,53.93145756457565,82.0,15.0,1.2458487084870848,2.032749077490775,0.4,0.41309963099631003,2.9589483394833946,4.57859778597786,,,,,0.9
962110,2,2798,32,7.282251608291637,2798.0,0.03,0.03190135811293782,0.020643316654753396,87.77283774124375,5.0,1.0,0.0,1.4192994996426018,1.0,4.838884917798428,7.613152251608293,3.5,,,,,0.8
413112,1,2622,33,7.37,2622.0,0.03,0.09,0.09999999999999999,60.1,25.0,4.0,0.09999999999999999,2.3,1.5999999999999999,1.9000000000000001,6.3,4.9,,,,,1.1
411295,2,1531,24,7.8680731548007845,1531.0,0.9380731548007837,0.7718092749836709,0.3734617896799478,32.373677335075115,47.0,13.0,1.4467015022860872,1.0,0.3,0.756041802743305,2.02527759634226,2.841214892227302,,,,,0.7214239059438275
411975,2,2281,32,7.250968873301184,2281.0,0.04,0.07,0.13,70.1,23.0,6.0,0.8,1.9,1.2,2.2,5.8,3.6,,,,,0.9
314353,2,1173,22,6.34,1173.0,,0.02,0.23,54.2,28.0,3.0,0.4,1.1,1.1,0.8,3.2,3.8,,,,,0.8
293385,2,2129,35,7.321681540629403,2129.0,0.3,0.33,0.24,44.9,50.0,11.0,0.7,1.4,0.6,1.0,3.1,4.4,,,,,1.2
890290,2,2217,30,7.241109607577807,2217.0,0.09,0.09756427604871448,0.04756427604871448,66.35466847090665,10.0,1.0,0.1,1.3269282814614343,0.8162381596752368,5.8867388362652235,8.764952638700946,3.2350473612990527,,,,,0.9
775605,2,1780,25,7.187044943820224,1780.0,0.05000000000000001,0.10000000000000002,0.11960674157303369,51.09955056179776,21.0,4.0,1.8384269662921349,1.5487640449438203,1.5576404494382021,0.6,3.7615730337078648,6.360112359550562,,,,,0.6
811778,2,2443,30,7.495906672124437,2443.0,0.08,0.02,0.05866148178469095,59.869832173557114,31.0,2.0,0.7044617273843635,1.6044617273843635,1.4687679083094556,2.2330740892345475,5.592918542775277,5.915227179697093,,,,,0.8
640428,2,1548,31,7.029909560723515,1548.0,0.060000000000000005,0.07,0.12000000000000001,58.800000000000004,15.0,2.0,0.7999999999999999,3.8000000000000003,0.7999999999999999,1.4000000000000001,6.7,5.0,,,,,2.0
636688,1,1874,28,7.08,1874.0,,0.03,0.1,52.6,23.0,4.0,1.1,1.7,0.2,1.2,3.6,4.4,,,,,0.7
398184,1,1976,33,7.1,1976.0,0.73,0.6,0.08,16.3,23.0,5.0,0.4,0.3,0.1,0.5,1.0,1.6,,,,,0.6
733576,2,2633,40,6.956198252943412,2633.0,0.36,0.21,0.1427155336118496,24.223281428028866,41.0,9.0,1.2380174705658944,1.1760349411317887,0.4,0.5054310672236992,2.1923281428028862,3.815343714394227,,,,,1.1674135966578048
412363,1,676,19,,676.0,0.13,0.34,0.28,39.1,17.0,7.0,2.4,1.7000000000000002,0.4000000000000001,0.5,2.7,5.1,,,,,0.7
561613,2,2880,32,7.70875,2880.0,,,0.0,25.53125,,,0.0,0.2,0.1,1.3125,1.59375,9.374999999999998,17.0,2.40625,79.28125000000001,0.7,
1057316,1,1037,23,6.71,1037.0,0.09,0.27,0.2,38.4,16.0,5.0,2.2,1.7,0.3,0.3,2.3,3.4,,,,,1.6
485963,2,2413,33,7.133497720679652,2413.0,0.22342726895980108,0.15321591380024865,0.11776212184003314,39.05118110236221,28.0,3.0,0.6,1.6216742644011604,1.3888106092001657,2.2985909656029837,5.742644011603812,4.543348528802321,,,,,1.4776212184003314
258923,1,1761,32,7.18,1761.0,0.41,0.38000000000000006,0.24,33.5,46.0,8.0,1.5,0.4000000000000001,0.10000000000000002,0.6999999999999998,1.3999999999999997,2.2,,,,,0.5
466794,2,2900,36,7.429931034482759,2900.0,0.029999999999999995,0.09648275862068965,0.08586206896551724,70.93689655172415,33.0,4.0,0.12344827586206897,2.5055172413793105,1.6,2.693793103448276,6.993448275862069,3.606206896551724,,,,,1.0648275862068968
971570,1,11,1,,11.0,,,,,,,,,,,,,,,,,
602105,2,2639,34,7.454554755589238,2639.0,0.29,0.3131792345585449,0.22545661235316408,36.2478590375142,60.0,10.0,1.0,1.4409245926487306,0.9409245926487305,0.5931792345585448,3.068207654414551,4.431792345585449,,,,,0.6863584691170898
709187,2,1779,27,6.981214165261383,1779.0,0.32,0.2806913996627319,0.26534569983136597,23.151770657672845,34.0,5.0,3.615514333895447,0.8103428892636313,0.4,0.5258572231590781,1.7155143338954468,4.856885890949972,,,,,1.4
724520,1,2255,29,7.52,2255.0,0.4,0.37,0.14,25.3,32.0,11.0,1.6,2.1,0.6,0.6,3.4,4.8,,,,,1.1
548111,2,1650,29,6.901818181818181,1650.0,0.10999999999999999,0.10999999999999999,0.35,33.8,50.0,13.0,0.8,1.0,0.9,0.7,2.9,3.6,,,,,1.5
742201,2,2232,33,7.167002688172043,2232.0,0.20086021505376347,0.21889784946236562,0.20063172043010752,33.038575268817205,32.0,9.0,1.2,1.9991935483870966,0.7944892473118279,0.5,3.3606182795698922,4.683467741935485,,,,,0.9
404418,2,2614,32,7.00850038255547,2614.0,,0.04862280030604438,0.08344299923488906,49.03136954858454,14.0,4.0,0.3482019892884468,1.5931140015302216,0.7895179801071156,3.548508033664882,6.338026013771996,3.323947972456006,,,,,0.5931140015302219
844637,2,1448,20,7.20053867403315,1448.0,0.07,0.06,0.04,52.4,3.0,1.0,0.3,1.6,1.3,5.5,9.4,3.9,,,,,1.0
326330,1,1631,25,7.32,1631.0,0.06,0.06,0.21,78.1,35.0,9.0,0.3,2.5,0.9,0.8000000000000002,4.5,4.7,,,,,0.6
705395,2,2304,34,7.2596875,2304.0,,0.013125000000000001,0.0384375,75.3296875,13.0,1.0,0.3,1.60625,1.2234375,4.9578125,8.15625,3.0140625,,,,,0.684375
314678,2,1264,31,6.83743670886076,1264.0,0.07,0.13,0.18,34.6,31.0,7.0,1.7999999999999998,1.1,0.1,0.3,1.5,4.2,,,,,1.4
729814,2,2368,35,7.158158783783784,2368.0,0.5298606418918919,0.5207390202702702,0.12695945945945947,13.764569256756756,32.0,8.0,1.4847972972972974,0.3,0.2,0.3423986486486486,0.7894003378378379,1.752998310810811,,,,,0.6105996621621622
1018920,2,930,24,7.44,930.0,0.23000000000000004,0.14460215053763442,0.0669247311827957,57.68698924731183,6.0,2.0,1.1923655913978495,3.4151612903225805,1.4768817204301075,2.338387096774194,7.315053763440861,3.8535483870967746,,,,,1.9076344086021506
646740,2,618,12,6.48,618.0,,,,,8.0,1.0,,,,,,,,,,,
1005575,1,3138,36,6.86,3138.0,0.03,0.05,0.01,50.2,9.0,2.0,0.2,1.4,0.9000000000000001,6.200000000000001,9.7,3.7,,,,,1.1
935231,1,2668,34,6.9,2668.0,0.2,0.2,0.11,17.0,27.0,2.0,2.5,0.7,0.3,0.7,1.6999999999999997,3.2,,,,,1.1
935230,1,952,30,6.67,952.0,0.57,0.51,0.11,19.4,13.0,2.0,0.3,1.0,0.3,0.9,2.2,2.2,,,,,0.9
568157,1,160,2,,160.0,,,,,6.0,2.0,,,,,,,,,,,
938729,2,2913,37,6.767023686920701,2913.0,0.06,0.06,0.08,34.2,28.0,1.0,0.3,2.2,1.5,0.9000000000000001,4.6,5.4,,,,,1.6
616631,1,1775,26,6.96,1775.0,,0.01,0.19,39.2,25.0,5.0,0.3,1.8,1.0,3.3,6.3,5.0,,,,,1.4
1018938,2,2430,27,6.866296296296296,2430.0,0.08,0.08,0.009259259259259259,49.98148148148148,2.0,,0.3,1.3333333333333333,1.4,6.074074074074074,9.574074074074074,3.314814814814815,,,,,0.7
735568,2,2900,34,6.7957586206896545,2900.0,,0.02,0.01,40.73275862068966,7.0,,0.1,1.0310344827586206,1.2,7.0,9.903103448275862,3.193793103448276,,,,,0.9031034482758621
834764,2,2249,38,6.9259982214317475,2249.0,0.17,0.14119608714984436,0.12,34.45584704313028,35.0,7.0,1.091996442863495,1.2759893285904849,1.0,1.1320142285460204,3.643975100044464,4.724010671409516,,,,,1.2
709372,2,3465,39,7.158571428571428,3465.0,0.17000000000000004,0.07532467532467532,0.09688311688311688,24.423376623376623,29.0,6.0,1.4233766233766234,2.6454545454545455,1.0376623376623377,2.0922077922077924,6.236363636363636,4.962337662337663,,,,,1.161038961038961
711374,1,2215,30,6.78,2215.0,0.04,0.030000000000000002,0.02,46.2,18.0,2.0,0.4,1.8,1.4,1.8,5.6,5.1,,,,,1.3
805714,2,2748,35,6.684737991266376,2748.0,,0.012947598253275109,0.018842794759825327,51.67314410480349,3.0,,0.3,0.6606986899563319,0.8884279475982533,5.798253275109171,8.49650655021834,3.082096069868996,,,,,0.9098253275109172
571020,2,1983,30,6.6553857791225415,1983.0,0.2,0.3163691376701967,0.08181543116490167,23.954916792738274,31.0,,0.999697428139183,1.1818456883509834,0.27261724659606656,0.4,2.0,3.4543116490166415,,,,,1.4
351478,2,2803,36,7.257930788440957,2803.0,0.5,0.51,0.12000000000000001,19.8,44.0,13.0,1.2,1.0,0.10000000000000002,0.8999999999999999,2.1,3.0999999999999996,,,,,0.8999999999999999
262396,2,3510,39,6.945384615384615,3510.0,,,0.0005128205128205128,18.030769230769234,1.0,,,0.0,,0.9564102564102565,1.0512820512820513,9.646153846153846,6.0,2.817948717948718,64.9923076923077,1.5512820512820513,
345911,1,180,2,,180.0,,,,,,,,,,,,,,,,,
1375227,1,596,10,,596.0,,,,,6.0,2.0,,,,,,,,,,,
452483,2,3223,39,6.9930871858516905,3223.0,0.030000000000000002,0.03670183059261558,0.04664908470369221,55.97018305926156,9.0,2.0,0.3916227117592305,2.1910952528699967,1.6083772882407694,5.257586099906919,9.773813217499224,4.875395594166925,,,,,0.9413589823146137
953901,2,2624,31,7.261707317073171,2624.0,0.04,0.04182926829268292,0.03554878048780488,39.73048780487805,11.0,2.0,0.5274390243902439,3.954878048780488,1.0359756097560977,4.534756097560975,9.862195121951219,5.555487804878049,,,,,2.027439024390244
405398,2,1640,26,7.018609756097561,1640.0,0.11999999999999998,0.13114634146341467,0.19873170731707318,22.652682926829268,33.0,8.0,2.3529268292682928,1.6195121951219513,0.7,0.6,2.8712195121951223,3.272439024390244,,,,,0.5724390243902439
401530,1,1141,16,,1141.0,,,,,8.0,2.0,,,,,,,,,,,
935245,1,1706,23,6.880000000000001,1706.0,0.11,0.07,0.039999999999999994,58.79999999999999,5.0,1.0,0.10000000000000002,0.9,0.5,3.0,5.099999999999999,2.7000000000000006,,,,,0.9
466801,1,1182,24,6.87,1182.0,0.08,0.030000000000000002,0.060000000000000005,53.3,11.0,,0.3,3.9000000000000004,1.6,1.5,7.300000000000001,6.0,,,,,1.1
282411,2,2253,31,7.032849533954726,2253.0,,0.08,0.16,52.8,20.0,9.0,0.5,2.4,0.5,2.2,5.2,5.1,,,,,1.2
1063338,2,1352,27,7.025281065088758,1352.0,0.74,0.51,0.03,9.3,10.0,1.0,0.8,0.9,0.6,0.9,2.4,2.8,,,,,2.1
480267,1,1061,24,6.9,1061.0,0.25,0.12,0.04,65.4,3.0,1.0,,1.8,0.8,3.2,6.2,4.1,,,,,1.4
524000,1,2563,31,6.58,2563.0,0.04,0.04,0.03,40.5,6.0,3.0,0.2,1.9,1.1,5.0,8.5,4.6,,,,,1.3
764859,2,1366,31,6.603499267935578,1366.0,0.35,0.3,0.08569546120058565,16.156954612005855,11.0,4.0,0.7143484626647144,2.057393850658858,0.34304538799414347,0.5,2.9573938506588577,2.1713030746705715,,,,,2.013909224011713
689505,1,892,15,,892.0,,,,,3.0,1.0,,,,,,,,,,,
660438,2,953,22,5.99,953.0,0.98,0.6793599160545646,0.0187093389296957,8.62906610703043,6.0,2.0,0.3516264428121721,0.8,0.1,0.7,1.587093389296957,1.4161594963273871,,,,,1.587093389296957
351809,2,1949,30,6.813817342226782,1949.0,0.05,0.029999999999999995,0.018296562339661367,46.039456131349404,2.0,1.0,0.1,1.7829656233966136,1.102206259620318,4.942585941508466,8.193689071318625,2.842585941508466,,,,,1.1
331505,1,1967,34,6.86,1967.0,0.05,0.03,0.2,48.1,30.0,7.0,0.7,1.9,0.4,1.7,4.3,3.6,,,,,0.7
238407,1,1981,35,6.79,1981.0,0.59,0.46,0.05,13.1,10.0,2.0,0.5,0.6,,1.1,1.9,1.5,,,,,1.4
616369,2,1851,32,6.964370610480822,1851.0,0.15,0.13,0.24,29.7,44.0,11.0,2.8,1.5,0.8,0.6,3.1,5.4,,,,,1.9
527966,2,2984,37,7.194155495978553,2984.0,,0.0712064343163539,0.13215817694369975,33.93739946380697,44.0,11.0,1.9698391420911527,2.157774798927614,1.157774798927614,2.684450402144772,6.281903485254692,5.187935656836461,,,,,0.7
636695,1,981,24,,981.0,,0.09,0.07,75.0,14.0,,0.2,1.7,0.6,0.7,3.3,3.8,,,,,2.3
459463,2,2743,34,7.121100984323733,2743.0,0.38,0.3629347429821364,0.08110098432373314,16.317426175720012,38.0,9.0,1.0110098432373313,0.9779803135253372,0.3,0.916514764855997,2.1779803135253375,2.8770689026613194,,,,,0.7889901567626686
1076815,2,2741,35,6.749044144472821,2741.0,,0.0193433053630062,0.0306566946369938,59.419372491791314,10.0,2.0,0.3,1.2802991608901861,0.939401678219628,3.340897482670558,6.214629697190806,2.53283473184969,,,,,1.154031375410434
1064471,1,1174,17,,1174.0,,,,,12.0,3.0,,,,,,,,,,,
792331,1,641,21,,641.0,0.14,0.20000000000000004,0.26,41.8,14.0,3.0,3.1,0.8000000000000002,0.3,0.4000000000000001,1.5,2.1,,,,,1.0
617074,2,2591,38,6.825353145503666,2591.0,0.07,0.05,0.059204940177537635,34.572713238131996,17.0,5.0,0.5,3.0125434195291394,0.9000000000000001,1.219876495561559,5.384716325742956,3.6920494017753764,,,,,1.4
424042,1,1321,26,6.9799999999999995,1321.0,0.14,0.029999999999999995,0.11,38.4,21.0,6.0,1.0,2.7,0.9,2.2,6.1,5.5,,,,,1.0
1038950,2,1714,35,6.6655775962660435,1714.0,0.38,0.47,0.09,10.5,15.0,4.0,0.6,1.5,0.3,1.0,2.8,3.0,,,,,1.7
569384,2,2873,36,6.97135050469892,2873.0,0.029999999999999995,0.029999999999999995,0.052506091193874,34.52937695788374,28.0,8.0,0.4,2.4378350156630697,1.656387051862165,1.5004872955099198,5.81350504698921,4.781447963800905,,,,,2.00024364775496
994536,1,618,17,,618.0,,,,,8.0,2.0,,,,,,,,,,,
892932,2,1490,21,6.949194630872483,1490.0,0.07,0.06,0.1108724832214765,48.53087248322148,20.0,4.0,0.2,1.9,0.763758389261745,1.52751677852349,4.313422818791946,4.9174496644295305,,,,,1.3516778523489932
303259,1,180,2,,180.0,,,,,9.0,1.0,,,,,,,,,,,
625047,1,85,2,,85.0,,,,,2.0,,,,,,,,,,,,
541555,1,2545,30,6.829999999999999,2545.0,0.04,0.04,0.04,40.1,9.0,2.0,0.1,2.1,0.6,4.3,7.4,4.5,,,,,1.2
264372,1,2641,32,7.19,2641.0,0.2,0.23000000000000004,0.13,28.1,55.0,4.0,0.9,1.1,0.7,1.0,2.9,2.8,,,,,0.7
661145,2,2925,37,6.890902564102564,2925.0,0.030000000000000002,0.05798974358974359,0.028994871794871795,34.25282051282051,11.0,,0.44020512820512825,3.289435897435897,1.6407179487179488,3.1000000000000005,8.315076923076925,3.824615384615384,,,,,2.305538461538462
607034,1,2059,32,6.68,2059.0,0.44,0.44,0.05,10.0,13.0,1.0,0.7,0.3,0.0,1.1,1.7,2.1,,,,,1.6
108390,2,3060,34,7.062352941176471,3060.0,,,0.0,24.958823529411763,1.0,1.0,,0.0,,0.6,0.7,7.2,13.0,2.1882352941176473,71.12352941176472,0.9058823529411765,0.0
631821,1,1960,27,6.69,1960.0,0.41,0.39,0.06,9.8,12.0,3.0,0.4,0.2,0.1,0.7,1.1,1.1,,,,,1.3
668179,2,1942,31,6.695401647785788,1942.0,0.14,0.13,0.2,25.2,41.0,6.0,0.9,1.0,0.6,0.3,2.0,4.4,,,,,1.0
121483,2,2880,32,7.02875,2880.0,,,0.0,21.8125,,,,,,0.8,0.8,8.34375,12.0,2.5,70.8375,1.0,
484988,1,28,2,,28.0,,,,,1.0,,,,,,,,,,,,
1061336,1,1924,23,6.83,1924.0,,0.0,0.01,40.2,4.0,1.0,0.3,3.0,0.8,5.1,9.7,2.8,,,,,1.6
366930,2,2867,37,7.024178583885595,2867.0,,0.04113010115102895,0.18265434251831186,43.929438437391,48.0,14.0,0.4395535402860133,2.8321939309382627,1.0056505057551446,2.326543425183118,6.475688873386815,4.966096965469132,,,,,1.477397976979421
822331,2,3008,38,6.712047872340427,3008.0,,0.0,0.05700797872340426,31.277659574468085,17.0,3.0,0.2,2.2222074468085107,1.311968085106383,3.0897606382978724,7.217952127659575,2.9743351063829793,,,,,1.4957446808510637
1301775,1,1797,31,6.59,1797.0,0.1,0.12,0.12,15.4,30.0,7.0,2.5,0.8,0.4,0.5,1.7,3.4,,,,,1.1
576028,1,1312,27,6.73,1312.0,0.21,0.25,0.19,41.0,28.0,4.0,1.4,2.0,0.5,0.4000000000000001,3.1,4.9,,,,,0.8999999999999999
857818,1,605,15,,605.0,,,,,12.0,2.0,,,,,,,,,,,
766583,2,2291,27,7.243085988651244,2291.0,0.08,0.060000000000000005,0.02,44.9,8.0,,0.3,2.4,1.5,6.7,11.3,4.5,,,,,1.3
985383,2,1965,29,6.836335877862595,1965.0,0.05,0.04,0.029083969465648854,40.347328244274806,11.0,3.0,0.6641221374045801,2.236641221374046,1.2366412213740459,5.564885496183206,9.610687022900763,3.572519083969466,,,,,1.1908396946564885
573775,2,2043,38,6.578179148311307,2043.0,0.45,0.4,0.04,12.5,19.0,2.0,0.1,0.7,0.2,1.0,2.1,1.8,,,,,1.0
937955,1,482,14,,482.0,,,,,4.0,,,,,,,,,,,,
1124005,1,270,3,,270.0,,,,,4.0,1.0,,,,,,,,,,,
711625,2,2586,36,6.857107501933488,2586.0,0.04,0.030000000000000002,0.07,33.2,22.0,4.0,0.7,2.3,1.4,2.5,6.5,5.1,,,,,1.7000000000000002
709969,2,937,23,6.466990394877269,937.0,,0.20000000000000004,0.08999999999999998,21.899999999999995,13.0,3.0,1.3999999999999997,2.4,0.20000000000000004,0.9,3.7000000000000006,3.7000000000000006,,,,,1.8
404839,1,540,6,,540.0,,,,,,,,,,,,,1.0,,,,
712107,2,2790,31,6.994838709677419,2790.0,,,0.0,15.874193548387098,,,,,0.0,1.9645161290322581,1.9645161290322581,8.558064516129033,8.0,2.541935483870968,69.31290322580645,1.1580645161290322,0.1
455181,2,2663,38,6.897574164476155,2663.0,0.36,0.39,0.09391663537363876,10.940555764175741,32.0,4.0,1.0675929402929027,1.2284265865565154,0.4,0.44055576417574166,2.1351858805858055,2.702778820878708,,,,,1.2202778820878708
345886,2,1628,25,6.9914004914004915,1628.0,0.17,0.18,0.13,22.9,28.0,4.0,1.2,1.1,0.4,0.7,2.2,4.5,,,,,0.7
625651,2,2776,38,6.63582492795389,2776.0,,0.02,0.019999999999999997,27.544200288184438,11.0,,0.5052953890489914,1.8311599423631122,1.1052953890489914,1.957636887608069,5.278206051873199,4.868227665706052,,,,,1.357636887608069
662261,1,1980,23,7.03,1980.0,0.05,0.02,0.03,44.5,7.0,2.0,0.1,1.7,0.8,6.4,9.6,2.8,,,,,0.7
545647,2,2808,36,6.967781339031339,2808.0,0.07,0.04959045584045584,0.07245726495726496,43.579166666666666,19.0,1.0,0.9286680911680912,1.1,0.8,2.1754273504273507,4.12218660968661,3.645049857549858,,,,,0.7040954415954416
638793,2,1947,37,6.716764252696455,1947.0,0.35,0.1194144838212635,0.09870570107858245,19.38597842835131,17.0,5.0,1.0258859784283514,1.4,0.9805855161787366,0.7935285053929123,3.274114021571648,5.235285053929121,,,,,0.977657935285054
502722,2,1195,24,6.739623430962343,1195.0,0.3055481171548117,0.18148117154811713,0.05592468619246863,34.0107949790795,11.0,,1.2,1.7,0.4,1.3,3.5,3.6074476987447697,,,,,0.9259414225941422
593482,1,1766,24,7.279999999999999,1766.0,0.25,0.17,0.23,39.6,35.0,11.0,3.5,1.2,0.8000000000000002,0.5,2.5,4.1,,,,,0.9
596122,1,2681,33,6.86,2681.0,0.03,0.02,0.11000000000000001,36.3,27.0,5.0,0.6,1.8,1.0,2.9,6.2,4.8,,,,,1.1
948275,1,2200,34,6.93,2200.0,0.29,0.36,0.11,14.2,33.0,7.0,1.6,1.0,0.1,1.1,2.2,2.2,,,,,1.5
720518,2,2567,40,6.587650954421504,2567.0,0.3118893650175302,0.3633229450720685,0.09649396182313986,9.452746396571873,21.0,6.0,0.3,0.5,0.3,1.0350603817686015,1.9420724581223219,2.057927541877678,,,,,1.4649396182313985
1032280,2,1565,23,6.960709265175719,1565.0,0.17485623003194886,0.11090095846645368,0.08800638977635784,20.442747603833865,22.0,3.0,1.0501597444089457,1.759808306709265,0.4797444089456869,1.2196166134185304,3.6392332268370606,3.5794249201277952,,,,,0.7800638977635782
948273,2,2200,36,6.3431,2200.0,0.08,0.11,0.04,17.5,8.0,1.0,0.6,2.4,0.6,1.2,4.4,3.1,,,,,3.0
826224,1,2678,35,7.0600000000000005,2678.0,0.07,0.05,0.060000000000000005,40.9,24.0,7.0,0.4,2.2,1.4,4.2,8.2,3.8999999999999995,,,,,0.8
1071596,1,90,4,,90.0,,,,,2.0,,,,,,,,,,,,
599231,2,1738,32,6.839436133486767,1738.0,0.49,0.36,0.07,17.5,15.0,2.0,1.1,0.6,0.4,1.1,2.2,2.8,,,,,1.3
495621,2,3385,39,7.083045790251108,3385.0,0.05999999999999999,0.04,0.058410635155096,44.40995568685376,24.0,2.0,0.7,2.72384047267356,1.6874150664697196,1.2635745937961596,5.974830132939439,5.804638109305761,,,,,2.1715214180206797
676042,1,1993,32,6.75,1993.0,,0.04,0.13,28.7,22.0,5.0,1.2,2.8,0.5,1.4,4.8,4.7,,,,,1.0
341264,2,1050,15,7.56,1050.0,,,0.07,36.4,7.0,1.0,,3.7,1.5,,6.0,9.7,,,,,1.5
889435,1,739,12,,739.0,,,,,4.0,,,,,,,,,,,,
640109,2,1766,20,6.24,1766.0,,0.05999999999999999,0.01,11.7,16.0,5.0,1.1,,,2.2,2.2,1.7,,,,,1.7
634431,2,1455,29,6.702927835051547,1455.0,,0.04703092783505155,0.050742268041237125,43.09484536082474,14.0,1.0,1.3,2.6257731958762887,0.6148453608247422,1.8187628865979382,5.496494845360825,5.058969072164949,,,,,1.8999999999999997
647435,2,2602,38,6.810799385088393,2602.0,0.10023059185242122,0.09131437355880093,0.15408531898539587,17.428593389700232,32.0,7.0,1.247425057647963,2.0342813220599543,0.7920061491160645,0.5,3.419715603382014,4.2234435049961565,,,,,1.4460030745580321
250845,2,1188,17,6.05,1188.0,,,,,1.0,1.0,,,,,,,,,,,
707274,2,2777,34,6.743428159884767,2777.0,,0.022592725963269715,0.0012963629816348577,40.27781778898091,2.0,,0.3,1.5972272236226144,0.9675909254591285,6.524990997479295,9.683327331652864,2.971299963989917,,,,,1.4388908894490455
678406,1,1965,31,6.879999999999999,1965.0,0.05,0.05,0.12,27.6,20.0,4.0,0.2,2.2,1.6,2.7,6.9,3.3,,,,,1.3
303657,2,3600,40,6.859500000000001,3600.0,,,0.0,17.675,1.0,1.0,0.025,,0.0,1.05,1.05,9.26,11.0,2.95,70.025,1.285,
907559,2,836,22,6.71066985645933,836.0,,0.06717703349282296,0.04478468899521531,34.94449760765551,9.0,1.0,3.2966507177033493,1.7119617224880384,0.6358851674641147,1.6827751196172251,4.11866028708134,5.478468899521531,,,,,2.0444976076555026
555143,2,451,18,,451.0,,,,,10.0,3.0,,,,,,,,,,,
617081,1,1762,34,6.580000000000001,1762.0,0.2,0.14,0.11,20.1,17.0,4.0,0.7,1.1,0.5,0.6,2.3,4.0,,,,,1.0
625014,2,1890,21,6.92,1890.0,,,0.0,14.7,1.0,,,,,2.0,2.0,8.7,4.0,3.3,66.7,1.7,
212862,2,3510,39,6.666923076923077,3510.0,,,0.0,26.705128205128204,4.0,1.0,0.0,0.0,0.0,1.1,1.2,8.325641025641026,3.0,2.894871794871795,62.80769230769231,1.646153846153846,
290249,1,3255,37,6.92,3255.0,0.17,0.2,0.03,16.7,22.0,1.0,0.9,1.9,0.6,0.9,3.6,4.3,,,,,1.7
328480,2,2410,33,7.017045643153526,2410.0,0.08,0.13113692946058092,0.0748298755186722,48.26589211618258,21.0,1.0,0.3,2.333526970954357,0.8147717842323652,2.877261410788382,6.396016597510373,5.618755186721991,,,,,1.148298755186722
255508,2,2286,32,6.645870516185477,2286.0,0.11999999999999998,0.26174103237095364,0.13380577427821524,13.954155730533683,27.0,7.0,0.5929133858267717,0.5516185476815398,0.3258092738407699,0.6,1.5825896762904639,2.815485564304462,,,,,1.1793525809273842
309110,1,1672,29,6.95,1672.0,0.31999999999999995,0.31000000000000005,0.15,38.8,25.0,6.0,1.1,2.0,0.4,0.5,3.0,4.7,,,,,2.3
961087,2,406,17,7.06,406.0,,,,,4.0,,,,,,,,,,,,
196948,2,491,14,7.42,491.0,,,0.0,72.0,1.0,,,,2.0,10.0,12.0,3.0,,,,,3.0
396638,1,146,6,,146.0,,,,,2.0,1.0,,,,,,,,,,,
480763,2,1206,16,7.43,1206.0,,0.08,0.12,71.0,1.0,1.0,,2.0,2.3,5.3,12.0,6.0,,,,,0.3
960571,2,756,24,6.262751322751322,756.0,0.27,0.35,0.08,16.0,9.0,,1.5,0.7999999999999999,0.39999999999999997,1.5999999999999999,2.8,3.4,,,,,0.9
176553,2,2182,27,6.874087992667277,2182.0,,0.07,0.013354720439963337,48.26709440879927,7.0,1.0,0.1,1.2559120073327223,1.1223648029330888,5.276351970669111,8.2993583868011,4.0012832263978,,,,,0.4167736021998167
537382,1,1586,29,6.53,1586.0,,0.16,0.16,24.600000000000005,21.0,6.0,1.8999999999999997,1.8,0.5,0.6,3.0,4.5,,,,,1.1
125781,1,1468,34,6.9,1468.0,0.43,0.47,0.25,36.9,31.0,9.0,0.6,0.9,0.5,0.8,2.3,3.9,,,,,0.2
357885,2,3034,39,7.471723796967699,3034.0,0.28,0.12,0.18777191825972314,49.62386288727752,92.0,10.0,0.8,1.1610085695451549,1.1557020435069216,0.6,2.983289386947923,5.317501647989452,,,,,0.9721489782465392
892929,2,1419,30,6.717815362931641,1419.0,0.27,0.18,0.13,35.1,27.0,6.0,1.1,1.0,0.7,0.6,2.3,3.0,,,,,1.1
348795,1,1396,24,7.0200000000000005,1396.0,0.13,0.16,0.15,49.1,33.0,6.0,1.0,1.2,0.39999999999999997,0.5,2.1,4.8,,,,,0.6
380598,2,2615,37,6.938328871892925,2615.0,0.11,0.16,0.13849713193116636,38.558279158699804,27.0,3.0,0.4,1.777246653919694,1.0617973231357551,2.0154493307839387,5.439043977055449,4.822332695984704,,,,,1.6849713193116638
628886,2,2431,34,6.799090909090909,2431.0,0.28,0.334965034965035,0.06685314685314686,15.211188811188812,26.0,5.0,1.4433566433566434,1.4006993006993007,0.5,0.4,2.244055944055944,3.524475524475525,,,,,1.574825174825175
1186235,1,12,2,,12.0,,,,,,,,,,,,,,,,,
302371,2,2959,40,7.017347076715107,2959.0,0.46,0.3921426157485637,0.06525515376816493,12.457147685028724,28.0,8.0,0.6,0.8920919229469415,0.1,1.286988847583643,2.394896924636701,2.6418384589388304,,,,,1.4446434606285907
591916,2,1703,20,7.51,1703.0,0.11,0.06,0.03,45.60000000000001,5.0,1.0,0.2,1.2,1.5,4.2,7.1,3.8,,,,,1.0
395234,1,1619,27,6.65,1619.0,0.06,0.06,0.03,31.4,9.0,,0.6,1.9,1.0,1.3000000000000003,4.6,5.200000000000001,,,,,2.1
634131,2,2232,33,6.760681003584229,2232.0,,0.07,0.13,28.3,41.0,6.0,1.3,1.5,0.4,0.6,2.6,4.6,,,,,1.4
1034853,1,1804,24,6.8,1804.0,0.1,0.08,0.01,41.2,3.0,1.0,0.1,1.3,1.0,7.7,11.3,3.4,,,,,1.6
212723,1,2195,33,6.74,2195.0,0.21,0.07,0.07,34.7,24.0,2.0,0.3,1.8,0.9,0.4,3.2,3.5,,,,,1.7
408471,1,678,10,,678.0,,,,,10.0,2.0,,,,,,,,,,,
948272,1,81,5,,81.0,,,,,1.0,,,,,,,,,,,,
372246,2,2439,35,6.876728167281673,2439.0,0.15,0.11,0.14485854858548586,40.93480934809348,46.0,9.0,0.5140221402214022,1.579458794587946,0.6,1.0280442804428045,3.4981549815498156,3.5355473554735553,,,,,1.1
552425,2,3163,38,6.929146380018969,3163.0,,0.05957319000948467,0.10615871008536198,32.937812203604174,39.0,9.0,0.41280429971546,1.6725576983876067,0.7,1.5213404995257667,4.085361998103067,4.680493202655707,,,,,1.1786595004742333
38253,1,1656,31,6.95,1656.0,0.76,0.77,0.07,14.6,14.0,4.0,0.5,0.3,0.20000000000000004,1.1,1.5,1.7,,,,,0.6999999999999998
417913,2,2700,30,7.100666666666666,2700.0,,,0.0,21.8,,,0.0,,0.0,1.5066666666666666,1.5066666666666666,7.6066666666666665,10.0,3.0933333333333333,72.93333333333334,1.3,
319745,1,482,16,,482.0,,,,,9.0,,,,,,,,,,,,
907813,1,1494,34,6.36,1494.0,,0.08,0.08,17.8,13.0,2.0,1.0,1.1,0.5,1.0,2.7,3.6000000000000005,,,,,1.3
972465,2,906,29,6.24,906.0,0.2,0.34,0.05,7.2,6.0,3.0,0.9,0.7,0.1,0.8,1.9,1.7,,,,,1.1
375382,1,1016,22,,1016.0,,0.05,0.17,45.3,18.0,4.0,1.3,2.0,0.9,0.4,3.5,4.3,,,,,1.0
298976,2,1060,17,,1060.0,,,,,5.0,1.0,,,,,,,,,,,
298197,2,3690,41,6.900487804878049,3690.0,,,0.00926829268292683,13.74390243902439,,,,0.1,,1.4439024390243902,1.4439024390243902,7.939024390243903,7.0,2.651219512195122,65.41219512195121,1.4121951219512194,0.0
618809,2,2998,35,6.707184789859906,2998.0,0.03,0.018799199466310874,0.05759839893262174,25.61714476317545,17.0,3.0,0.40600400266844566,2.5939959973315543,1.0300200133422281,2.6240160106737824,6.436024016010674,3.315943962641761,,,,,1.0639759839893264
355628,2,2205,27,6.768843537414966,2205.0,,0.01,0.0194421768707483,44.798095238095236,5.0,1.0,0.0,1.672517006802721,1.027891156462585,6.126666666666667,9.393605442176872,2.9,,,,,1.549795918367347
385105,2,2276,31,7.0368892794376094,2276.0,,0.02,0.16734622144112477,36.17012302284711,36.0,5.0,0.592091388400703,3.605096660808436,1.236731107205624,2.2372583479789103,7.263268892794376,4.776274165202109,,,,,1.447451669595782
412045,2,2204,35,6.547903811252269,2204.0,0.08,0.03,0.09,34.1,24.0,2.0,0.1,1.6,0.9,1.1,3.8,3.4,,,,,2.7
652331,2,1496,28,6.878181818181818,1496.0,0.13,0.08,0.16954545454545453,25.755614973262034,14.0,7.0,1.2815508021390374,1.3,1.3983957219251337,2.149197860962567,5.149197860962567,3.3692513368983956,,,,,1.6245989304812836
1144700,1,2256,28,6.8,2256.0,,0.04,0.029999999999999995,37.2,8.0,1.0,0.2,1.3,1.5,5.1,8.7,3.1,,,,,0.9
275218,2,3210,36,7.031775700934579,3210.0,,,0.0,23.422429906542057,2.0,,0.1,0.028037383177570093,0.6,0.7514018691588785,0.8074766355140187,8.921495327102805,11.0,2.6579439252336448,70.77196261682244,1.1046728971962618,0.0
895326,1,1469,32,6.54,1469.0,0.18000000000000002,0.23,0.13,19.5,16.0,2.0,2.3,1.4,0.1,0.9000000000000001,2.5,3.8999999999999995,,,,,0.9000000000000001
562742,2,3150,35,6.81,3150.0,,,0.0,25.56,,,0.0,0.0,0.0,1.0,1.0,7.065714285714286,4.0,3.0,67.17428571428572,1.4714285714285715,0.0
225122,2,1848,33,6.852640692640692,1848.0,0.39,0.19,0.14,20.7,25.0,6.0,0.9,1.2,0.2,0.3,1.7,2.8,,,,,0.9
745461,1,60,3,,60.0,,,,,1.0,,,,,,,,,,,,
86202,1,1492,18,,1492.0,,,,,2.0,1.0,,,,,,,,,,,
343052,2,2642,39,7.319553368660105,2642.0,0.3065177895533686,0.29230885692657077,0.24558667676003024,28.3335352006056,58.0,14.0,2.339666919000757,1.1534443603330808,0.5813777441332324,0.853444360333081,2.5882664647993945,4.062755488266465,,,,,0.9
548188,2,3130,39,7.0758051118210865,3130.0,0.13,0.08,0.1708338658146965,31.608338658146966,51.0,14.0,1.1583067092651755,1.6166134185303513,0.7,1.4,3.933226837060703,4.041629392971246,,,,,1.2749840255591056
563137,2,1324,33,6.560256797583082,1324.0,0.42000000000000004,0.27,0.15,23.4,24.0,4.0,1.6,1.1,0.5,0.6,2.3,3.8999999999999995,,,,,1.3
334222,2,2103,31,6.755335235378032,2103.0,0.5182168330955778,0.44068473609129816,0.0861626248216833,13.856205420827388,29.0,6.0,1.7,1.8437945791726102,0.3,0.9273894436519259,3.230099857346648,2.8726105563480737,,,,,2.634236804564907
520840,1,1760,21,6.68,1760.0,,0.08,0.03,43.9,5.0,,0.4,1.3,1.1,5.7,9.0,2.6,,,,,1.0
1018912,2,344,6,7.94,344.0,,0.029999999999999995,0.13,37.0,2.0,2.0,0.5,3.5,2.0,3.0,8.5,5.0,,,,,1.5
341278,2,2673,37,6.8801010101010105,2673.0,,0.030505050505050507,0.06747474747474748,44.3969696969697,26.0,3.0,1.0797979797979798,2.3262626262626265,0.6,1.0505050505050506,4.041414141414141,5.038383838383838,,,,,1.1101010101010103
390688,2,3369,39,7.009768477292965,3369.0,0.03,0.030000000000000002,0.05,15.529029385574352,20.0,3.0,0.810685663401603,3.16260017809439,0.7,4.053428317008014,8.189314336598397,2.973285841495993,,,,,1.7305431878895814
74229,2,2364,36,7.068375634517766,2364.0,0.08,0.029390862944162433,0.1745177664974619,70.50304568527919,38.0,5.0,0.13045685279187816,2.1096446700507614,0.6939086294416245,0.9756345177664975,4.154822335025381,5.434010152284264,,,,,0.8817258883248731
834491,1,1265,29,6.570000000000001,1265.0,0.07,0.04,0.1,31.5,11.0,1.0,0.6,3.0,1.8,1.1,6.3,5.1,,,,,2.8
892221,2,1343,21,7.0200000000000005,1343.0,,0.01,0.15,61.599999999999994,26.0,5.0,0.10000000000000002,2.0,0.8999999999999999,1.1,4.6,6.0,,,,,1.7999999999999998
646824,1,95,4,,95.0,,,,,,,,,,,,,,,,,
340205,2,2510,37,6.71286454183267,2510.0,0.38,0.37950996015936256,0.06667729083665339,13.028645418326693,26.0,7.0,0.3,0.6944621513944222,0.5055378486055777,0.805219123505976,2.0107569721115537,2.1501593625498012,,,,,1.8280079681274897
834752,1,932,26,6.26,932.0,0.1,0.21,0.09,16.2,8.0,,0.6,1.3,0.1,0.6,2.0,2.8,,,,,1.2
217144,2,3243,37,7.239525131051495,3243.0,0.05999999999999999,0.05999999999999999,0.09,49.8,27.0,3.0,1.5,2.2,0.8,0.6,3.7,4.9,,,,,1.0
246968,2,1267,28,6.621689029202842,1267.0,0.4,0.43228887134964483,0.08427782162588791,16.446882399368587,18.0,3.0,0.9542225730071034,1.7313338595106553,0.3,0.7,2.6168902920284136,2.017442778216259,,,,,1.3771112865035517
506248,2,2716,38,7.129749631811487,2716.0,0.04,0.08064064801178204,0.22718703976435933,28.52754050073638,83.0,11.0,1.2576583210603829,1.9768777614138437,0.8,1.280780559646539,4.044845360824742,4.328129602356406,,,,,0.9679675994108984
498237,1,1787,22,6.62,1787.0,0.05,0.05,0.02,42.2,7.0,1.0,0.1,1.7,1.1,7.5,11.2,3.0,,,,,1.0
720038,1,1603,35,6.790000000000001,1603.0,0.22000000000000003,0.1,0.16,38.3,35.0,4.0,0.9,1.2,0.5,0.7,2.6,4.7,,,,,1.6
568158,1,1712,25,6.77,1712.0,,0.03,0.08,31.1,17.0,2.0,0.9,2.3,1.1,2.9,6.3,5.5,,,,,2.0
580560,1,1734,22,6.640000000000001,1734.0,,0.02,0.02,42.10000000000001,5.0,1.0,0.2,1.9,0.5999999999999999,5.299999999999999,8.9,3.6000000000000005,,,,,0.7
488626,2,1562,27,6.725019206145967,1562.0,,0.01,0.08,29.0,25.0,3.0,0.8,1.3,1.1,3.1000000000000005,5.9,3.3999999999999995,,,,,1.1
687609,2,1580,31,6.464999999999999,1580.0,0.2832911392405063,0.32056962025316454,0.02886075949367088,14.603164556962025,15.0,3.0,0.6227848101265823,1.0,0.4341772151898734,1.208227848101266,2.642405063291139,3.6031645569620254,,,,,1.8113924050632912
1127730,2,900,17,6.82,900.0,,,,,10.0,4.0,,,,,,,,,,,
256267,1,3134,37,7.2,3134.0,0.66,0.53,0.04,13.1,23.0,4.0,0.5,0.3,0.1,1.7,2.1,2.2,,,,,1.2
671649,1,9,1,,9.0,,,,,,,,,,,,,,,,,
258987,2,1530,20,6.754287581699346,1530.0,,0.03,0.01,58.7,1.0,,0.1,1.4,1.0,6.5,9.7,3.0,,,,,1.1
35518,1,2064,25,6.56,2064.0,0.04,0.04,0.01,39.7,5.0,1.0,0.3,1.1,1.2,4.9,8.0,3.0,,,,,0.7
861981,1,941,19,,941.0,0.1,0.06,0.04,37.4,4.0,2.0,,2.0,0.6,7.5,10.6,5.3,,,,,0.7
623024,2,1142,26,6.518371278458844,1142.0,,0.02842381786339755,0.0668476357267951,25.407530647985986,15.0,2.0,1.7635726795096323,2.0896672504378286,0.49457092819614706,2.68476357267951,5.684763572679509,4.769001751313485,,,,,1.657618213660245
423444,1,1544,27,6.77,1544.0,0.06,0.04,0.06,56.3,13.0,2.0,0.4,2.0,1.0,1.5,4.8,4.0,,,,,1.2
540536,1,1256,21,7.0,1256.0,0.36,0.26,0.19,27.099999999999998,26.0,7.0,0.8,1.9000000000000001,0.5,1.0,3.6,4.5,,,,,0.9
626953,1,1984,25,6.99,1984.0,,0.01,0.13,50.7,21.0,6.0,0.7,1.3,0.7,1.5,3.9,4.2,,,,,0.6
593412,1,2458,36,6.65,2458.0,0.22,0.25,0.06,20.2,18.0,3.0,1.2,1.8000000000000003,0.2,0.4,2.6,4.2,,,,,1.9
221322,2,2530,33,6.910181818181818,2530.0,0.04,0.03,0.09,28.3,26.0,3.0,0.4,2.5,0.8,3.1,6.8,3.9,,,,,1.1
591957,1,2151,30,6.52,2151.0,,0.04,0.06,26.2,14.0,3.0,0.3,1.4,0.5,3.4,5.7,2.7,,,,,1.2
549027,2,1438,27,6.764881780250348,1438.0,0.13,0.05999999999999999,0.18,35.2,27.0,4.0,1.4,1.4,0.10000000000000002,0.8999999999999999,2.5,3.9000000000000004,,,,,1.2
578419,1,2451,33,6.9799999999999995,2451.0,0.33,0.32,0.07,13.7,27.0,5.0,1.8,1.8,0.5,1.0,3.5,3.3,,,,,1.7
182904,1,1393,19,,1393.0,,0.03,0.03,52.4,4.0,2.0,0.2,1.4,1.4,4.7,7.9,3.2,,,,,1.4
378139,1,1814,27,6.929999999999999,1814.0,0.2,0.19,0.08,28.6,19.0,3.0,0.7,2.2,1.0,2.2,5.7,4.9,,,,,1.6
741289,2,1413,28,6.645159235668789,1413.0,,0.05000000000000001,0.17,28.600000000000005,18.0,4.0,0.5,1.1,0.7,2.5,4.4,4.4,,,,,1.6000000000000003
692070,2,1553,22,6.745891822279458,1553.0,,0.01,0.01,46.310495814552475,4.0,,0.1,1.7397295556986476,0.7,6.339729555698648,9.058918222794592,3.11873792659369,,,,,1.7009014810045073
785353,2,2517,40,6.77041716328963,2517.0,0.04,0.16390941597139452,0.04678188319427891,33.55220500595948,19.0,1.0,1.1463647199046485,2.1605482717520856,0.8965435041716331,1.0750893921334923,4.567818831942788,5.139451728247914,,,,,1.4785458879618594
337715,2,1122,27,6.3966666666666665,1122.0,0.34,0.3,0.13,10.4,10.0,3.0,1.3,0.7,0.1,0.4,1.3,2.7,,,,,2.7
336869,2,2115,30,6.8355319148936164,2115.0,0.04,0.06042553191489362,0.05829787234042553,42.38297872340426,18.0,3.0,0.5212765957446809,1.7553191489361701,1.0425531914893618,1.7553191489361701,4.9361702127659575,4.659574468085107,,,,,1.9042553191489362
338425,2,2284,33,6.677373029772329,2284.0,0.08,0.18316987740805604,0.22422066549912434,25.08336252189142,52.0,7.0,0.989492119089317,1.2157618213660244,0.5157618213660246,0.7052539404553415,2.5262697022767076,3.9106830122591942,,,,,1.0842381786339754
933908,2,653,14,7.44,653.0,,,,,7.0,1.0,,,,,,,,,,,
341263,2,2890,35,6.886366782006921,2890.0,0.1,0.13813148788927337,0.07058823529411765,41.8083044982699,18.0,3.0,0.2,1.0,1.562629757785467,5.719377162629757,9.06332179930796,2.9685121107266434,,,,,1.2186851211072665
743387,1,45,1,,45.0,,,,,1.0,,,,,,,,,,,,
939374,2,1120,14,6.79,1120.0,,,0.01,57.0,2.0,,,1.0,1.5,4.5,7.5,3.5,,,,,2.0
466783,1,900,10,,900.0,,,,,,,,,,,,,,,,,
361254,1,1809,27,6.77,1809.0,0.4,0.4,0.06,16.5,9.0,3.0,0.2,0.8,0.2,0.9,2.0,1.8,,,,,1.9
500067,2,980,29,6.741163265306122,980.0,0.1,0.15,0.09,29.4,13.0,1.0,5.6,1.9,0.6,0.3,2.8,5.9,,,,,0.5
291417,1,206,5,,206.0,,,,,,,,,,,,,,,,,
905997,2,1529,32,6.492446043165468,1529.0,0.13,0.2542053629823414,0.09450621321124918,16.12916939175932,10.0,3.0,0.5510791366906475,0.9931327665140615,0.4,0.9000000000000001,2.390124264224984,2.9489208633093527,,,,,0.9000000000000001
138927,1,976,17,,976.0,,,,,11.0,5.0,,,,,,,,,,,
461617,2,942,27,6.6115286624203815,942.0,0.18987261146496817,0.21477707006369426,0.12579617834394904,28.515923566878982,17.0,1.0,1.50828025477707,1.645859872611465,0.7121019108280254,0.8,2.945859872611465,4.999363057324841,,,,,0.8719745222929937
743951,1,168,12,,168.0,,,,,,,,,,,,,,,,,
555500,2,1746,30,6.683058419243987,1746.0,,0.02847651775486827,0.04576174112256587,34.567926689576176,2.0,1.0,0.2339060710194731,1.8,1.0678121420389461,5.94742268041237,9.211798396334478,2.125429553264605,,,,,1.433906071019473
559979,2,1531,25,6.694232527759635,1531.0,,0.02,0.018811234487263226,20.01293272370999,4.0,3.0,0.1,2.3762246897452646,1.3762246897452646,5.266427171783147,9.548595689092096,2.6930111038536904,,,,,1.7524493794905291
495625,2,2435,34,6.735605749486654,2435.0,0.04,0.021108829568788505,0.04776180698151951,58.57433264887064,7.0,1.0,0.3,2.5334702258726898,0.8554414784394251,3.455852156057495,7.567145790554415,4.010677618069815,,,,,1.5002053388090348
281989,1,3273,37,7.35,3273.0,0.03,0.03,0.17,29.699999999999996,78.0,12.0,0.6,1.6,1.2,1.4,4.4,5.700000000000001,,,,,0.9000000000000001
419648,1,138,6,,138.0,,,,,2.0,,,,,,,,,,,,
985806,2,370,11,6.75,370.0,,,,,2.0,,,,,,,,,,,,
85288,2,291,10,6.43,291.0,,,,,6.0,1.0,,,,,,,,,,,
531404,2,2713,38,6.86312937707335,2713.0,0.07007371913011427,0.010733505344636934,0.019266494655363068,43.35672687062293,12.0,1.0,,1.611979358643568,1.5,1.88997419830446,5.625912274235164,3.5733505344636933,,,,,0.8999999999999999
658115,2,1799,30,6.763035019455254,1799.0,0.06,0.03699833240689272,0.09499722067815454,22.690605892162313,15.0,4.0,0.7,1.820011117287382,1.0,2.8200111172873816,5.910005558643691,3.920066703724291,,,,,1.0100611450806005
624942,2,641,15,6.07,641.0,,,,,10.0,2.0,,,,,,,,,,,
374139,2,891,13,7.21,891.0,,,,,9.0,2.0,,,,,,,,,,,
620164,1,1943,37,6.55,1943.0,,0.07,0.15,18.5,20.0,2.0,2.8,1.8,0.3,0.5,2.6,3.3,,,,,0.6
834487,2,1847,35,6.604991878722252,1847.0,0.05000000000000001,0.04,0.047704385489983764,32.03010286951814,10.0,2.0,0.5,2.3081754195993502,0.328695181375203,2.4966973470492695,5.613914455874392,3.3024363833243093,,,,,1.6483486735246344
834742,1,1703,29,6.559999999999999,1703.0,0.11,0.27,0.05,13.0,14.0,3.0,1.0,1.5,0.6,1.3,3.6,3.4,,,,,1.0
193098,1,2558,31,6.880000000000001,2558.0,,0.05,0.08,31.0,16.0,6.0,1.2,1.5,1.1,3.7,6.6,3.6000000000000005,,,,,1.1
533568,2,3509,39,6.959250498717583,3509.0,0.080775149615275,0.04538614990025648,0.010769449985750926,32.2844970076945,7.0,1.0,0.330777999430037,1.8153889997150185,1.330777999430037,5.053861499002565,8.930777999430038,3.261555998860074,,,,,0.930777999430037
462070,1,1019,19,6.43,1019.0,,0.03,0.03,42.4,3.0,,0.2,3.6,1.5,1.4,7.0,4.5,,,,,2.4
1453066,2,123,7,6.44,123.0,,,,,,,,,,,,,,,,,
441170,1,2554,31,6.989999999999999,2554.0,0.04,0.02,0.07,30.100000000000005,16.0,4.0,1.0,1.7000000000000002,1.5,3.1,6.4,5.4,,,,,1.2
142021,1,2689,38,7.0,2689.0,0.030000000000000002,0.07,0.17,32.8,58.0,13.0,1.1,0.8999999999999999,0.8999999999999999,0.6,2.6,4.3,,,,,0.7
935281,1,77,2,,77.0,,,,,,,,,,,,,,,,,
18944,2,2304,34,7.2596875,2304.0,,0.013125000000000001,0.0384375,75.3296875,13.0,1.0,0.3,1.60625,1.2234375,4.9578125,8.15625,3.0140625,,,,,0.684375
451801,1,78,3,,78.0,,,,,,,,,,,,,,,,,
505674,2,934,24,6.71,934.0,0.5785653104925054,0.3151605995717345,0.08130620985010704,19.475802997858676,17.0,2.0,1.8999999999999997,1.2,0.3,0.8,1.4130620985010707,5.014989293361885,,,,,0.9869379014989295
357628,1,639,20,,639.0,0.28,0.25,0.05999999999999999,15.2,9.0,,0.8,0.4,0.3,1.0,1.7,3.5,,,,,1.4
1061122,1,1709,28,6.34,1709.0,0.16,0.11,0.02,10.0,4.0,,0.8,1.5,0.2,0.4,2.2,2.8,,,,,2.1
363057,2,1881,35,6.589043062200957,1881.0,,0.08,0.08,31.4,25.0,3.0,0.7,1.8,0.4,0.7,3.0,4.9,,,,,1.0
355861,2,1765,32,6.537943342776205,1765.0,0.17,0.26703682719546745,0.17670821529745043,16.455977337110482,17.0,6.0,1.4374504249291784,0.6999999999999998,0.1,0.3,1.2078186968838525,3.5123512747875356,,,,,1.2625495750708213
1050120,1,45,1,,45.0,,,,,1.0,,,,,,,,,,,,
1054934,2,313,11,6.31,313.0,,,,,3.0,1.0,,,,,,,,,,,
242359,1,720,8,,720.0,,,,,,,,,,,,,3.0,,,,
639733,2,1068,28,6.67685393258427,1068.0,0.2491011235955056,0.16247191011235954,0.06747191011235955,26.003370786516854,16.0,,1.7,1.2,0.1758426966292135,0.2,1.549438202247191,3.6483146067415726,,,,,1.6191011235955055
632896,1,1103,24,6.82,1103.0,,0.07,0.13,49.6,10.0,2.0,0.6,2.0,1.2,4.9,8.6,3.8,,,,,1.2
371371,1,438,8,,438.0,,,,,1.0,,,,,,,,,,,,
102146,2,2139,30,6.9268489948574095,2139.0,0.04,0.03,0.06,58.0,15.0,4.0,0.2,1.6,1.3,4.7,8.3,3.3,,,,,1.1
631002,2,1113,38,6.554806828391734,1113.0,0.62,0.5304672057502245,0.10371069182389937,14.106648697214736,14.0,2.0,1.264061096136568,1.3,0.6,1.3550763701707096,3.357412398921833,2.679694519317161,,,,,1.0820305480682841
630995,1,13,1,,13.0,,,,,,,,,,,,,,,,,
628498,2,932,28,6.410000000000001,932.0,0.1,0.23,0.13,15.6,15.0,2.0,1.6,0.9,0.6,0.8,2.2,4.0,,,,,1.3
59016,1,421,11,,421.0,,,,,,,,,,,,,,,,,
783396,2,1202,31,6.458494176372713,1202.0,0.09,0.1225540765391015,0.10191347753743761,18.16372712146423,21.0,4.0,1.1276206322795341,1.6915141430948417,1.0,0.8084858569051581,3.776622296173045,3.0106489184692182,,,,,1.329783693843594
666547,1,509,10,,509.0,,,,,9.0,2.0,,,,,,,,,,,
124419,2,3150,35,6.835714285714285,3150.0,,,0.0,18.63142857142857,,,0.0,,0.0,1.282857142857143,1.282857142857143,7.937142857142857,5.0,2.7742857142857145,64.06571428571428,1.5657142857142856,
780630,1,86,2,,86.0,,,,,,,,,,,,,,,,,
251876,2,2748,33,7.060043668122271,2748.0,0.03,0.01,0.06,24.0,21.0,4.0,1.1,2.3,1.2,3.3000000000000003,7.5,3.6999999999999997,,,,,0.9
74857,2,491,14,7.42,491.0,,,0.0,72.0,1.0,,,,2.0,10.0,12.0,3.0,,,,,3.0
277384,1,3309,37,6.71,3309.0,,0.02,0.01,42.3,3.0,,0.1,1.4,0.6,6.6,8.9,2.4,,,,,1.0
284430,1,3240,36,7.08,3240.0,,,0.0,22.8,2.0,1.0,0.1,,,1.4,1.4,8.3,10.0,4.1,72.5,1.6,0.0
834483,1,90,1,,90.0,,,,,,,,,,,,,,,,,
707230,1,705,16,,705.0,,,,,4.0,,,,,,,,,,,,
284854,2,2006,36,6.58797108673978,2006.0,,0.11999999999999998,0.15,32.7,39.0,7.0,0.6,1.7,0.5,1.0,3.2,3.7,,,,,1.7
289255,1,1358,24,6.620000000000001,1358.0,,0.02,0.1,31.5,16.0,2.0,0.8,2.5,1.1,2.6,6.2,3.0,,,,,0.9
568835,1,1865,27,6.82,1865.0,0.05,0.09,0.22,26.1,36.0,10.0,0.7,0.8,1.0,1.4,3.8,4.2,,,,,1.5
1124136,2,1506,19,7.33,1506.0,,0.1,0.31,10.8,27.0,4.0,2.1,1.3,1.3,1.7,4.2,2.9,,,,,0.8
198008,1,1853,31,6.82,1853.0,0.49,0.51,0.06,18.9,22.0,1.0,0.7,0.7,0.2,0.9,1.9,2.7,,,,,1.2
278359,1,1902,35,6.79,1902.0,0.66,0.49,0.07,15.8,17.0,3.0,0.6,0.4,0.0,0.8,1.5,2.3,,,,,1.8
501418,1,1084,27,6.5,1084.0,0.08,0.05,0.15,29.3,23.0,4.0,0.4,2.8,1.2,3.3,7.5,3.1,,,,,1.5
1312698,1,193,7,,193.0,,,,,4.0,,,,,,,,,,,,
238266,1,2150,27,6.72,2150.0,0.04,0.05,0.03,51.5,3.0,,,1.0,1.2,5.4,8.7,3.3,,,,,1.3
362086,2,2343,33,6.724443021766966,2343.0,0.12,0.21,0.16,28.6,39.0,9.0,0.9,1.2,0.1,0.9,2.4,3.8000000000000003,,,,,1.4
46413,2,3065,39,6.898636215334421,3065.0,0.530231647634584,0.5510603588907015,0.04817292006525286,6.995367047308321,16.0,3.0,0.12557911908646005,0.6657748776508972,0.2,1.3780750407830342,2.4292332789559543,1.3780750407830342,,,,,1.570766721044046
226012,2,3600,40,7.133500000000001,3600.0,,,0.0005,13.46,1.0,,,,,0.88,0.88,8.260000000000002,13.0,3.145,75.455,1.025,
248738,2,3465,39,6.888571428571429,3465.0,,,0.0,19.602597402597404,,,,,,1.2584415584415585,1.2584415584415585,8.094805194805195,8.0,2.9909090909090907,70.39740259740259,1.2584415584415585,0.12077922077922078
449796,2,3253,37,6.901500153704274,3253.0,0.09,0.08,0.030000000000000002,43.77267138026437,13.0,2.0,0.2166000614817092,1.2,1.027666769136182,6.3387334767906545,9.405533353827236,3.516200430371964,,,,,1.2557331693821088
710671,2,830,15,6.23,830.0,,,,,3.0,,,,,,,,,,,,
696764,1,248,12,,248.0,,,,,3.0,,,,,,,,,,,,
718034,2,1742,33,6.721710677382319,1742.0,0.06,0.12134328358208957,0.18129735935706084,21.569001148105627,30.0,9.0,1.2004592422502869,2.5,0.9717566016073479,1.4,4.886107921928817,4.8287026406429385,,,,,2.3712973593570603
742521,1,374,12,,374.0,,,,,1.0,,,,,,,,,,,,
622988,2,1309,31,6.465103132161955,1309.0,0.15,0.16,0.1,18.2,14.0,3.0,1.0,1.1,0.1,0.5,1.9,6.2,,,,,1.3
625660,2,1909,35,6.796228391828182,1909.0,0.05,0.1196280775275013,0.16094290204295444,25.615400733368254,39.0,7.0,0.5999999999999999,1.5942902042954425,0.7282870612886327,1.13399685699319,3.8188580408590886,3.9962807752750127,,,,,1.0
527972,1,50,2,,50.0,,,,,1.0,,,,,,,,,,,,
525140,1,239,11,,239.0,,,,,1.0,1.0,,,,,,,,,,,
517842,2,861,22,6.07,861.0,0.11,0.05000000000000001,0.06,27.5,5.0,,0.4000000000000001,3.0,0.5,3.7000000000000006,7.400000000000001,3.1,,,,,0.6999999999999998
909758,2,312,13,6.04,312.0,,0.029999999999999995,0.01,67.7,3.0,1.0,,1.9,1.9,2.6,6.4,7.7,,,,,0.6
912392,2,476,13,6.59,476.0,,,,,8.0,,,,,,,,,,,,
285323,1,744,19,,744.0,0.12,0.04,0.1,40.2,4.0,2.0,0.7,1.5,0.8,3.6,6.2,5.2,,,,,1.6
286415,1,810,9,,810.0,,,,,,,,,,,,,2.0,,,,
298583,1,1339,17,,1339.0,,,,,6.0,1.0,,,,,,,,,,,
293169,1,483,14,,483.0,,,,,11.0,3.0,,,,,,,,,,,
476219,1,44,1,,44.0,,,,,,,,,,,,,,,,,
192009,2,1786,30,6.96010078387458,1786.0,,0.0462374020156775,0.08188129899216126,49.8043673012318,41.0,5.0,0.7846584546472564,1.7376259798432252,1.1905935050391938,1.328219484882419,4.644568868980963,5.309406494960807,,,,,2.156438969764838
213670,2,2406,36,6.845798004987531,2406.0,,0.05999999999999999,0.02958852867830424,29.541895261845386,16.0,1.0,0.4205735660847881,1.5123441396508728,1.1,1.9110972568578555,4.769950124688279,4.253491271820448,,,,,1.5711970074812969
221309,1,81,5,,81.0,,,,,1.0,,,,,,,,,,,,
465967,2,637,26,,637.0,0.14,0.03,0.07,53.20000000000001,6.0,2.0,0.7,1.7000000000000002,1.0,3.7999999999999994,6.800000000000001,5.9,,,,,1.6
177467,2,1484,25,7.135485175202156,1484.0,0.6699999999999999,0.4570215633423181,0.15,30.623045822102426,28.0,5.0,1.3618598382749327,1.027088948787062,0.3,1.1812668463611862,2.581266846361186,2.636792452830189,,,,,0.9993261455525606
439022,1,937,13,,937.0,,,,,,,,,,,,,,,,,
243879,1,693,24,6.2,693.0,0.13,0.11,0.01,26.099999999999998,2.0,,0.6,1.7,0.7999999999999999,1.5999999999999999,4.4,3.8000000000000003,,,,,1.9000000000000001
246291,2,1316,19,7.630000000000001,1316.0,,,0.01,46.0,1.0,,,,5.0,8.0,16.0,2.0,,,,,1.0
367466,1,1394,24,6.720000000000001,1394.0,,0.02,0.12,34.2,13.0,3.0,0.5,2.0,1.1,1.6999999999999997,4.8,3.6000000000000005,,,,,1.8000000000000003
35773,2,1352,27,7.025281065088758,1352.0,0.74,0.51,0.03,9.3,10.0,1.0,0.8,0.9,0.6,0.9,2.4,2.8,,,,,2.1
356197,1,1690,27,6.96,1690.0,0.05,0.06,0.14,25.3,21.0,6.0,1.1,2.2,1.5,2.1,6.1,4.4,,,,,1.4
395122,1,2069,32,6.64,2069.0,,0.03,0.09,38.1,24.0,3.0,0.2,1.9,0.6,1.8,4.6,4.4,,,,,1.9
191217,2,1929,29,6.9362674961119755,1929.0,0.1,0.02,0.14208916537065835,44.69657853810264,25.0,6.0,0.3,1.5,0.7,3.3474339035769827,5.662674961119751,3.018662519440124,,,,,0.7
335225,1,1773,32,6.73,1773.0,0.15,0.1,0.07,42.9,17.0,2.0,0.4,2.8,1.0,1.1,5.0,4.9,,,,,1.4
175446,2,3248,37,6.865400246305419,3248.0,,0.018460591133004925,0.056151477832512314,44.17598522167488,18.0,2.0,0.7692118226600986,2.0153940886699506,1.1923029556650246,2.0847290640394087,5.7155172413793105,4.476785714285715,,,,,1.0461206896551725
342048,1,929,20,6.27,929.0,0.1,0.11,0.06,23.8,10.0,2.0,1.0,1.4,0.4,0.9,2.9,2.6,,,,,1.5
340376,1,178,9,,178.0,,,,,2.0,,,,,,,,,,,,
1063340,2,1158,22,6.541899827288428,1158.0,,0.09,0.03,13.6,6.0,1.0,1.2,1.8000000000000003,1.2,0.2,3.2,4.2,,,,,1.3
74294,1,2348,34,6.71,2348.0,0.08,0.05,0.02,37.4,7.0,1.0,0.2,1.3,1.0,4.9,7.9,3.1,,,,,1.5
7607,2,618,12,6.48,618.0,,,,,8.0,1.0,,,,,,,,,,,
603696,1,2480,37,6.640000000000001,2480.0,0.15,0.13,0.09,32.2,34.0,7.0,0.5,1.6,0.7,0.5,3.0,3.5,,,,,1.3
636093,1,610,8,,610.0,,,,,1.0,,,,,,,,,,,,
357884,1,2150,28,6.68,2150.0,,0.07,0.01,45.3,3.0,1.0,0.1,1.2,1.2,5.2,8.9,3.6,,,,,0.6
895480,2,1562,27,6.725019206145967,1562.0,,0.01,0.08,29.0,25.0,3.0,0.8,1.3,1.1,3.1000000000000005,5.9,3.3999999999999995,,,,,1.1
765467,2,531,10,6.390000000000001,531.0,,,0.0,24.0,2.0,,,,,3.0,3.0,4.0,,,,,
165467,2,1980,22,6.97,1980.0,,,0.0,19.818181818181817,,,,0.1,0.1,0.6818181818181818,0.7727272727272727,9.272727272727273,6.0,2.590909090909091,68.93636363636364,1.2272727272727273,
819590,2,267,12,6.16,267.0,,,,,5.0,,,,,,,,,,,,
230784,1,923,25,6.43,923.0,,0.06999999999999999,0.04,46.1,8.0,,0.8,1.8,1.4,1.8,5.3,5.4,,,,,1.1
126751,2,2238,35,6.95,2238.0,0.04,0.029999999999999995,0.15,41.3,30.0,6.0,1.4,2.4,0.9,0.8,4.4,7.6,,,,,2.2
129674,2,3199,39,6.584635823694905,3199.0,0.03,0.03,0.12,24.800000000000004,28.0,11.0,0.2,1.9,0.9000000000000001,2.6000000000000005,5.9,2.8,,,,,0.9000000000000001
710677,2,1084,21,6.72,1084.0,,0.02875461254612546,0.02875461254612546,37.171033210332105,6.0,,0.4,1.0501845018450184,1.0,2.0879151291512916,4.363376383763837,4.27619926199262,,,,,1.6501845018450183
145769,2,2867,37,7.024178583885595,2867.0,,0.04113010115102895,0.18265434251831186,43.929438437391,48.0,14.0,0.4395535402860133,2.8321939309382627,1.0056505057551446,2.326543425183118,6.475688873386815,4.966096965469132,,,,,1.477397976979421
513031,1,1060,30,6.27,1060.0,,0.03,0.08,25.2,12.0,3.0,0.4,1.8,1.0,1.9,4.9,5.8,,,,,1.4
526050,1,1526,27,6.790000000000001,1526.0,0.18,0.060000000000000005,0.060000000000000005,35.0,7.0,2.0,0.5,2.4,0.7999999999999999,3.6,7.7,5.2,,,,,1.2
466807,2,141,3,6.63,141.0,,,0.03,15.599999999999998,1.0,,,2.0,,0.7,2.7,2.0,,,,,2.0
466298,2,2624,31,7.261707317073171,2624.0,0.04,0.04182926829268292,0.03554878048780488,39.73048780487805,11.0,2.0,0.5274390243902439,3.954878048780488,1.0359756097560977,4.534756097560975,9.862195121951219,5.555487804878049,,,,,2.027439024390244
517753,2,2226,35,6.803400718778077,2226.0,0.04,0.04,0.05695417789757413,32.8233153638814,10.0,1.0,0.2,3.0644654088050314,1.2609164420485175,2.792902066486972,7.723360287511231,4.217250673854448,,,,,1.3152291105121294
434990,1,12,1,,12.0,,,,,,,,,,,,,,,,,
557057,2,1097,20,6.34035551504102,1097.0,0.09,0.3188696444849589,0.11343664539653599,17.7538742023701,9.0,2.0,0.8,1.0,0.4,1.64257064721969,3.0097538742023704,2.35742935278031,,,,,1.0
469669,1,524,15,,524.0,,,,,5.0,1.0,,,,,,,,,,,
457931,1,470,10,,470.0,,,,,1.0,,,,,,,,,,,,
448628,2,1936,27,7.20202479338843,1936.0,,0.01,0.12200413223140495,37.746745867768595,30.0,2.0,1.8200413223140495,2.333367768595042,1.353357438016529,2.846694214876033,6.860072314049587,4.4333677685950414,,,,,1.5866735537190084
798114,1,754,19,,754.0,,0.02,0.05,32.8,13.0,1.0,1.9,3.0,1.1,0.5,4.7,6.2,,,,,2.1
127108,2,3411,38,7.268944591029023,3411.0,0.06,0.05841688654353562,0.010527704485488128,51.07176781002638,17.0,2.0,0.2,1.8633245382585752,1.336939313984169,6.431662269129288,10.389709762532982,4.6102902374670185,,,,,1.2841688654353562
128969,2,3420,38,7.072631578947369,3420.0,,0.0,0.0,22.63157894736842,,,,0.12105263157894737,0.0,1.2421052631578948,1.3631578947368421,8.536842105263158,10.0,3.5789473684210527,69.60526315789474,1.5947368421052632,
278837,2,2671,38,6.902792961437664,2671.0,0.1,0.08,0.16,22.5,39.0,7.0,1.2,1.2,0.6,1.2,3.0,3.5,,,,,0.4
168157,1,1332,19,,1332.0,0.07,0.05000000000000001,0.030000000000000002,32.2,6.0,,0.3,2.4,0.8000000000000002,2.3,6.0,3.5999999999999996,,,,,0.8000000000000002
834744,1,280,13,,280.0,,,,,4.0,,,,,,,,,,,,
205562,1,1259,27,6.66,1259.0,0.21,0.14,0.11,41.5,19.0,1.0,1.4,1.9,0.4,0.1,2.6,4.1,,,,,1.4
711382,1,129,7,,129.0,,,,,1.0,,,,,,,,,,,,
397676,2,390,5,6.42,390.0,,,,,,,,,,,,,1.0,,50.0,,
288255,1,41,2,,41.0,,,,,,,,,,,,,,,,,
289257,2,1367,30,6.599019751280176,1367.0,0.71,0.1736649597659108,0.028141916605705926,26.146964155084127,11.0,,0.7,1.8792245793708853,0.7,1.3349670811997074,4.030577907827359,4.572128749085589,,,,,1.127871250914411
195488,1,3103,35,6.84,3103.0,,,0.0,22.199999999999996,,,,0.0,,1.3,1.3,8.6,6.0,3.3999999999999995,71.2,1.4,0.0
632741,1,898,23,6.62,898.0,0.3,0.17000000000000004,0.09,16.2,11.0,1.0,0.6,1.3,1.1,1.0,3.6,3.9,,,,,0.6
525578,2,2175,31,6.9559310344827585,2175.0,0.09,0.15,0.019172413793103447,47.172413793103445,12.0,1.0,0.4,2.242758620689655,1.6744827586206896,3.6241379310344826,8.275172413793104,5.059310344827586,,,,,1.3255172413793104
293388,2,1498,22,6.14,1498.0,,0.03,0.02761014686248331,33.57109479305741,10.0,,0.1,1.4716955941255006,0.7,2.383644859813084,4.707543391188251,4.088050734312416,,,,,1.6477970627503338
705813,1,805,21,,805.0,,0.03,0.13,27.3,9.0,2.0,1.7,1.3,1.1,2.7,5.8,4.9,,,,,1.2
525438,1,180,2,,180.0,,,,,,,,,,,,,,,,,
59375,1,2064,25,6.56,2064.0,0.04,0.04,0.01,39.7,5.0,1.0,0.3,1.1,1.2,4.9,8.0,3.0,,,,,0.7
610083,1,818,16,,818.0,,,,,12.0,3.0,,,,,,,,,,,
72047,2,1208,34,6.789039735099338,1208.0,0.4,0.36,0.31,39.7,32.0,9.0,1.0,1.2,1.0,0.2,2.3,3.8,,,,,0.4
213260,2,2351,37,6.872654189706507,2351.0,0.08,0.10840493407060826,0.22609953211399408,26.802552105487024,47.0,9.0,0.7088472990216927,1.9867290514674607,0.7088472990216927,0.9752020416843895,3.7105912377711614,3.7459804338579326,,,,,1.3778817524457676
709215,1,74,4,,74.0,,,,,,,,,,,,,,,,,
560705,1,705,18,,705.0,,,,,8.0,1.0,,,,,,,,,,,
898352,2,388,13,,388.0,,,,,1.0,1.0,,,,,,,,,,,
229804,1,718,16,,718.0,,,,,1.0,,,,,,,,,,,,
188888,1,150,9,,150.0,,,,,2.0,,,,,,,,,,,,
216464,2,900,17,6.82,900.0,,,,,10.0,4.0,,,,,,,,,,,
257062,2,2210,34,6.820950226244344,2210.0,0.20278280542986427,0.30803167420814487,0.21619909502262444,14.967194570135746,42.0,16.0,0.2332579185520362,1.2237556561085974,0.6142533936651584,1.2237556561085974,3.0617647058823527,3.4710407239819006,,,,,0.8855203619909502
175449,2,1299,28,6.767005388760585,1299.0,,0.029999999999999995,0.1320708237105466,56.12563510392611,16.0,4.0,0.9,1.5,0.9427251732101618,0.9427251732101618,3.4299461123941493,6.581062355658198,,,,,1.4524249422632796
557147,2,2880,32,7.70875,2880.0,,,0.0,25.53125,,,0.0,0.2,0.1,1.3125,1.59375,9.374999999999998,17.0,2.40625,79.28125000000001,0.7,
262939,2,2815,36,6.900781527531084,2815.0,,0.02,0.11872113676731794,31.1651865008881,38.0,6.0,0.5159857904085258,1.677619893428064,0.8063943161634103,2.742451154529307,5.323268206039077,5.935168738898756,,,,,1.0
155025,1,298,4,,298.0,,,,,,,,,,,,,,,,,
766723,2,277,9,,277.0,,,,,2.0,,,,,,,,,,,,
929899,1,1710,27,6.64,1710.0,,0.0,0.06,30.3,17.0,2.0,0.4,1.8,1.7,3.7,7.5,4.3,,,,,0.5
245744,1,659,20,,659.0,0.14,0.27,0.15,12.2,3.0,2.0,0.3,1.9,0.3,0.5,2.7,3.0,,,,,1.2
617059,1,180,2,,180.0,,,,,,,,,,,,,,,,,
1232057,2,516,13,6.130000000000001,516.0,,,,,6.0,2.0,,,,,,,,,,,
346289,2,679,10,6.59,679.0,,0.07,0.01,36.0,1.0,,,,2.7,4.0,7.3,2.0,,,,,
341277,1,11,1,,11.0,,,,,,,,,,,,,,,,,
590690,2,1128,23,6.715248226950354,1128.0,0.17,0.17,0.09,19.4,14.0,2.0,1.1,1.9,0.9,1.3,4.4,4.7,,,,,1.1
15715,1,1902,35,6.79,1902.0,0.66,0.49,0.07,15.8,17.0,3.0,0.6,0.4,0.0,0.8,1.5,2.3,,,,,1.8
618813,2,509,12,6.129999999999999,509.0,,,,,3.0,1.0,,,,,,,,,,,
583510,1,198,12,,198.0,,,,,,,,,,,,,,,,,
40888,1,103,2,6.4,103.0,,0.03,0.18,37.6,1.0,,,2.6,4.4,0.9,7.9,0.9,,,,,4.4
638124,1,759,14,,759.0,,,,,2.0,,,,,,,,,,,,
295065,2,2959,40,7.017347076715107,2959.0,0.46,0.3921426157485637,0.06525515376816493,12.457147685028724,28.0,8.0,0.6,0.8920919229469415,0.1,1.286988847583643,2.394896924636701,2.6418384589388304,,,,,1.4446434606285907
298575,2,501,29,7.790000000000001,501.0,0.42,0.20000000000000004,0.3,19.3,13.0,1.0,1.3,1.1,0.4000000000000001,1.1,2.7999999999999994,2.5,,,,,2.3
412829,1,1568,32,6.65,1568.0,,0.04,0.02,47.4,2.0,1.0,0.2,2.1,0.9,4.1,8.0,4.0,,,,,1.1
668183,1,356,16,,356.0,,,,,10.0,1.0,,,,,,,,,,,
538006,1,1686,26,6.419999999999999,1686.0,,0.02,0.01,31.399999999999995,3.0,,0.20000000000000004,1.8,0.8000000000000002,1.8999999999999997,4.900000000000001,4.4,,,,,1.6000000000000003
429790,1,738,19,,738.0,0.12000000000000001,0.08,0.060000000000000005,22.8,3.0,,0.5,1.3,0.6,1.0,3.4,3.8000000000000003,,,,,2.0
268642,1,353,5,,353.0,,,,,1.0,,,,,,,,,,,,
523972,2,2867,37,7.024178583885595,2867.0,,0.04113010115102895,0.18265434251831186,43.929438437391,48.0,14.0,0.4395535402860133,2.8321939309382627,1.0056505057551446,2.326543425183118,6.475688873386815,4.966096965469132,,,,,1.477397976979421
610622,1,182,13,,182.0,,,,,2.0,1.0,,,,,,,,,,,
710679,1,155,6,,155.0,,,,,2.0,,,,,,,,,,,,
388513,1,700,18,,700.0,,,,,3.0,1.0,,,,,,,,,,,
320271,1,585,12,,585.0,,,,,4.0,1.0,,,,,,,,,,,
86784,1,1546,23,6.72,1546.0,,0.01,0.02,31.3,7.0,1.0,0.10000000000000002,1.3999999999999997,0.5,3.9,5.900000000000001,2.6,,,,,0.6
490606,1,450,5,,450.0,,,,,,,,,,,,,2.0,,,,
12282,1,2610,31,6.860000000000001,2610.0,,0.01,0.04,64.9,11.0,1.0,0.4,1.9,1.3,4.3,8.3,4.9,,,,,0.7
947431,1,833,14,,833.0,,,,,,,,,,,,,,,,,
112515,2,2911,34,7.10273445551357,2911.0,0.03,0.07387495705942976,0.05903126073514255,71.3613878392305,13.0,3.0,0.6,1.2660941257299896,1.0404671934043284,5.2581243558914466,8.169529371350052,5.159841978701477,,,,,0.729062177945723
127048,1,562,18,,562.0,,,,,4.0,2.0,,,,,,,,,,,
99353,1,473,10,,473.0,,,,,3.0,,,,,,,,,,,,
29170,2,180,11,6.56,180.0,,,,,3.0,,,,,,,,,,,,
35047,1,2533,32,6.96,2533.0,0.04,0.08,0.04,47.5,17.0,2.0,0.4,1.3,1.1,2.0,4.8,5.9,,,,,1.2
23287,1,2272,29,6.77,2272.0,,0.09,0.03,29.5,7.0,,0.6,1.8,1.2,3.1,6.4,3.2,,,,,1.0
40433,1,1298,28,6.67,1298.0,0.28,0.26,0.12,23.0,26.0,1.0,0.6,1.5,0.5,0.3,2.3,4.4,,,,,1.1
268670,1,1171,28,6.7,1171.0,,0.07,0.17,31.099999999999998,23.0,5.0,0.5,2.2,0.8,2.2,5.6,3.6,,,,,2.9
300168,1,444,23,,444.0,,0.030000000000000002,0.04,44.0,4.0,,1.3999999999999997,3.6,1.8,2.0,7.5,7.7,,,,,1.6000000000000003
282421,1,545,17,,545.0,,,,,7.0,,,,,,,,,,,,
413262,1,265,13,,265.0,,,,,2.0,1.0,,,,,,,,,,,
538996,1,648,12,,648.0,,,,,2.0,,,,,,,,,,,,
355624,1,140,2,6.48,140.0,,0.02,0.030000000000000002,22.5,,,1.3,1.9,,,1.9,3.9,,,,,1.9
286384,1,1236,15,,1236.0,,,,,3.0,,,,,,,,,,,,
216870,1,2272,29,6.77,2272.0,,0.09,0.03,29.5,7.0,,0.6,1.8,1.2,3.1,6.4,3.2,,,,,1.0
276111,1,2064,25,6.56,2064.0,0.04,0.04,0.01,39.7,5.0,1.0,0.3,1.1,1.2,4.9,8.0,3.0,,,,,0.7
43003,1,2272,29,6.77,2272.0,,0.09,0.03,29.5,7.0,,0.6,1.8,1.2,3.1,6.4,3.2,,,,,1.0
59561,1,1390,32,6.78,1390.0,0.05999999999999999,0.05999999999999999,0.09,51.3,25.0,3.0,0.5,2.7,0.8,1.0,4.9,4.4,,,,,1.0
61812,2,2720,33,7.119323529411764,2720.0,,0.02,0.16,42.9,30.0,7.0,0.3,1.4,1.2,3.4000000000000004,6.0,4.8,,,,,0.8999999999999999
57500,1,1218,17,,1218.0,,,,,3.0,1.0,,,,,,,,,,,
1081496,1,84,7,,84.0,,,,,,,,,,,,,,,,,
7980,1,421,11,,421.0,,,,,,,,,,,,,,,,,
8538,1,1312,27,6.73,1312.0,0.21,0.25,0.19,41.0,28.0,4.0,1.4,2.0,0.5,0.4000000000000001,3.1,4.9,,,,,0.8999999999999999
7922,2,2900,36,7.429931034482759,2900.0,0.029999999999999995,0.09648275862068965,0.08586206896551724,70.93689655172415,33.0,4.0,0.12344827586206897,2.5055172413793105,1.6,2.693793103448276,6.993448275862069,3.606206896551724,,,,,1.0648275862068968
7612,1,976,17,,976.0,,,,,11.0,5.0,,,,,,,,,,,
1331450,1,55,2,,55.0,,,,,,,,,,,,,,,,,
1268764,2,743,15,6.58,743.0,,,,,4.0,,,,,,,,,,,,
1296876,1,211,7,,211.0,,,,,2.0,1.0,,,,,,,,,,,
635347,2,2633,40,6.956198252943412,2633.0,0.36,0.21,0.1427155336118496,24.223281428028866,41.0,9.0,1.2380174705658944,1.1760349411317887,0.4,0.5054310672236992,2.1923281428028862,3.815343714394227,,,,,1.1674135966578048
37501,2,1851,32,6.964370610480822,1851.0,0.15,0.13,0.24,29.7,44.0,11.0,2.8,1.5,0.8,0.6,3.1,5.4,,,,,1.9
358250,1,639,8,,639.0,,,,,,,,,,,,,,,,,
505493,1,534,8,,534.0,,,,,3.0,,,,,,,,,,,,
15951,2,2129,35,7.321681540629403,2129.0,0.3,0.33,0.24,44.9,50.0,11.0,0.7,1.4,0.6,1.0,3.1,4.4,,,,,1.2
625657,1,90,1,,90.0,,,,,,,,,,,,,,,,,
627290,1,652,21,,652.0,0.14,0.1,0.02,35.5,1.0,,0.3,2.2,1.0,2.5,5.8,4.4,,,,,2.5
249513,1,1753,28,6.78,1753.0,,0.02,0.05,19.4,11.0,1.0,0.3,2.4,1.6,3.0,7.2,3.7,,,,,1.1
169497,1,646,15,,646.0,,,,,2.0,,,,,,,,,,,,
921345,1,87,7,,87.0,,,,,1.0,1.0,,,,,,,,,,,
263727,1,22,3,,22.0,,,,,,,,,,,,,,,,,
255501,1,600,11,,600.0,,,,,1.0,,,,,,,,,,,,
533354,1,792,10,,792.0,,,,,,,,,,,,,,,,,
882710,1,100,2,,100.0,,,,,,,,,,,,,,,,,
225593,2,2009,35,6.797406669985067,2009.0,0.32,0.32,0.12,17.3,34.0,5.0,0.5,1.7,0.8,1.0,3.6,3.4,,,,,1.1
177847,1,315,12,,315.0,,,,,11.0,,,,,,,,,,,,
891923,1,71,2,,71.0,,,,,2.0,,,,,,,,,,,,
895458,2,379,13,7.52,379.0,1.86,0.4799999999999999,0.22,9.3,4.0,3.0,3.7,,,2.8,3.7,6.5,,,,,2.8
1038512,2,423,18,7.0,423.0,,,0.02,64.0,3.0,1.0,,1.0,1.0,7.0,9.0,3.0,,,,,3.0
85295,2,668,15,6.52,668.0,,,0.0,18.0,3.0,,,1.0,,2.0,3.0,3.0,,,,,1.0
431190,2,337,14,6.36,337.0,,,,,4.0,,,,,,,,,,,,
278296,1,2070,24,6.74,2070.0,,0.02,0.02,43.9,7.0,1.0,,1.1,0.7,5.3,8.5,2.7,,,,,1.0
126737,1,171,8,,171.0,,,,,3.0,,,,,,,,,,,,
560483,2,505,15,6.22,505.0,,0.41,0.01,10.4,4.0,,0.7,1.3,,1.3,3.3,2.6,,,,,2.0
706947,1,278,9,,278.0,,,,,2.0,,,,,,,,,,,,
720286,2,2854,32,7.848465311843028,2854.0,0.442249474421864,0.31846531184302734,0.28990889978976875,32.16944639103013,91.0,13.0,0.5,1.451366503153469,0.6504555010511562,1.3630693763139454,3.4901191310441484,4.828871758934828,,,,,1.0630693763139454
515744,1,2543,30,7.87,2543.0,0.45999999999999996,0.39,0.3,29.9,92.0,19.0,0.9000000000000001,1.2,0.5,0.6,2.3,4.3,,,,,1.2
651580,2,2981,35,7.462284468299228,2981.0,0.18,0.13765514927876552,0.21382757463938273,49.71965783294196,42.0,8.0,1.0228446829922846,1.715431063401543,0.9154310634015431,1.9611204293861122,4.838275746393828,5.355518282455551,,,,,1.1462931902046294
800175,2,2100,31,7.205066666666666,2100.0,0.22,0.26,0.15,24.7,28.0,4.0,2.3,2.0,0.5,0.9,3.4,5.3,,,,,1.5
1004741,2,2626,33,7.218095963442498,2626.0,0.08,0.06480578827113481,0.21658035034272657,31.897410510281798,50.0,12.0,1.0506473724295506,1.2177456207159179,0.6506473724295506,0.7987052551408987,2.7506473724295506,3.75064737242955,,,,,1.0506473724295506
532676,2,1889,27,7.055389094759132,1889.0,0.5253785071466385,0.4807676019057703,0.09922710428798306,13.523028057173107,33.0,8.0,0.24616199047114876,0.3538380095288513,0.33848597141344633,0.9384330333509795,1.784595023822128,1.2615140285865538,,,,,0.7076760190577026
456623,2,2800,33,7.715375,2800.0,0.29,0.28525,0.29875,49.9875,83.0,10.0,1.09875,0.745,0.6,0.245,1.5225,5.18875,,,,,0.3
703497,2,2784,32,7.749396551724137,2784.0,0.27,0.20191810344827585,0.23323275862068968,34.519396551724135,100.0,15.0,0.8323275862068965,1.9616379310344827,0.8323275862068965,0.4515086206896552,3.3616379310344824,4.954525862068965,,,,,1.0323275862068966
448981,2,2384,32,7.592688758389261,2384.0,0.5300209731543624,0.3252139261744967,0.30676174496644293,24.032382550335573,60.0,12.0,1.3492869127516778,1.1492869127516776,0.4830956375838926,0.6985738255033558,2.381669463087248,3.030956375838927,,,,,1.3492869127516778
499721,2,2696,32,7.458486646884272,2696.0,0.08,0.07454005934718103,0.10091988130563798,55.132344213649844,38.0,1.0,0.9,1.1270029673590505,0.56973293768546,0.53026706231454,2.3026706231454006,6.0816023738872405,,,,,0.7362017804154303
964582,2,778,13,7.460000000000001,778.0,0.3,0.06,0.13,34.6,13.0,3.0,2.1,0.6,1.8,1.2,3.6,5.3,,,,,1.8
617520,2,3150,35,7.241428571428571,3150.0,,,0.0,18.028571428571432,1.0,,0.0,0.0,,0.8857142857142857,0.8857142857142857,7.457142857142857,15.0,1.8285714285714285,70.2,0.8,
645173,2,2179,34,6.790761817347407,2179.0,0.2861220743460303,0.39461220743460296,0.09000000000000001,15.015511702615878,26.0,4.0,0.5538779256539696,1.0077558513079394,0.07687012391005048,0.4,1.7231298760899496,2.48462597521799,,,,,1.422992198256081
546212,2,2397,28,7.450000000000001,2397.0,0.10999999999999999,0.1,0.030000000000000002,48.5,4.0,1.0,0.1,1.8000000000000003,1.4,7.9,11.8,3.6000000000000005,,,,,1.4
419845,2,3063,35,7.641064316030035,3063.0,0.20327456741756444,0.27,0.23654913483512893,48.10888018282729,81.0,10.0,0.8168135814560888,1.7823049298073783,1.3504407443682662,1.2831864185439112,4.615932092719556,5.165491348351289,,,,,0.9008814887365328
865414,2,1975,28,7.0083898734177215,1975.0,0.27246582278481013,0.28506835443037976,0.1069518987341772,18.869518987341774,27.0,3.0,0.5506835443037974,1.486987341772152,0.7941772151898734,0.4565063291139241,2.8565063291139237,3.224658227848101,,,,,1.4941772151898733
185245,2,2512,29,7.39,2512.0,0.62,0.51,0.11,12.9,31.0,7.0,0.7,0.6,0.1,1.3,2.1,1.7000000000000002,,,,,2.4
520454,2,2736,32,7.2064035087719285,2736.0,0.04,0.04872807017543859,0.01,55.58991228070175,5.0,,0.3,0.9017543859649124,0.8,5.57280701754386,7.950877192982457,3.187280701754386,,,,,0.5
521872,2,2363,29,6.942001692763436,2363.0,0.4602454506982649,0.35861193398222596,0.07126534066864157,8.1,27.0,3.0,0.8506136267456623,0.6,0.3379602200592467,0.9265340668641557,1.7885738468049088,1.8644942869234022,,,,,2.897545493017351
756991,2,2298,33,7.2018363794604,2298.0,0.3557702349869452,0.2671801566579634,0.25619669277632723,23.85147954743255,45.0,9.0,1.680983463881636,2.009834638816362,0.6760661444734551,1.0809834638816365,3.9478677110530893,3.3429503916449086,,,,,1.6859007832898174
843397,2,1730,26,7.095462427745664,1730.0,,0.06893063583815029,0.09641618497109826,42.272832369942186,20.0,2.0,0.8213872832369942,3.8823699421965316,1.4465317919075145,3.203757225433526,8.764739884393064,4.614450867052023,,,,,1.6855491329479768
517300,2,2820,32,7.12627659574468,2820.0,0.04,0.052021276595744674,0.055212765957446806,47.57872340425532,6.0,3.0,0.1,1.2319148936170212,1.0319148936170213,4.915957446808511,7.8,2.7882978723404257,,,,,1.124468085106383
432112,2,1982,28,6.893809283551968,1982.0,0.06,0.14604944500504544,0.07800706357214936,36.240211907164486,7.0,,0.33985872855701305,1.420635721493441,1.0199293642785066,1.4,3.920635721493441,4.38042381432896,,,,,1.6206357214934408
516751,2,556,17,6.65,556.0,0.39,0.4,0.32,20.5,12.0,2.0,1.2,1.2,0.8,1.2,3.5,5.8,,,,,1.9
515051,2,2042,33,7.107468168462292,2042.0,0.6154162585700295,0.5294270323212537,0.08434378060724779,12.777815866797257,30.0,2.0,0.4188540646425074,0.4188540646425074,0.1,1.707394711067581,2.2696865817825667,2.3434378060724774,,,,,1.8491674828599411
514256,2,2522,35,6.992505947660586,2522.0,0.11103092783505154,0.14808881839809676,0.16191118160190326,21.564789849325933,39.0,10.0,1.1,0.4485329103885805,0.2808881839809675,0.6514670896114195,1.3808881839809677,3.373513084853291,,,,,0.3161776367961935
263905,2,2578,32,7.149643134212569,2578.0,0.11,0.11841737781225757,0.09643910007757953,32.5155159038014,22.0,3.0,0.1,1.4762606671838636,1.3,2.820868890612878,6.025911559348333,3.2050426687354534,,,,,0.9000000000000001
746180,2,1851,33,7.2617179902755264,1851.0,0.4841815235008104,0.3222366288492707,0.1386061588330632,28.766288492706646,29.0,3.0,0.5,1.927714748784441,0.9777957860615883,1.9944894651539709,5.444408427876824,5.449918962722852,,,,,2.638897893030794
220793,2,1990,26,7.251155778894473,1990.0,0.05,0.09,0.11,48.4,19.0,2.0,0.5,2.6,1.2,2.5,6.5,3.0,,,,,0.6
387687,2,2283,27,7.4,2283.0,0.16,0.07,0.08,33.9,7.0,1.0,0.1,1.4,0.7,8.1,10.9,2.7,,,,,1.1
381833,2,3049,34,7.170331256149558,3049.0,,0.037379468678255166,0.08819285011479175,40.50121351262709,25.0,4.0,0.28524106264348964,1.5147589373565102,1.9737946867825515,2.0557231879304694,6.0295178747130205,4.11475893735651,,,,,1.6852410626434897
400713,2,2577,31,6.8879511059371366,2577.0,0.08,0.1306558013193636,0.08649592549476136,33.80717889018238,22.0,1.0,0.2,1.5350407450523866,0.9,1.5715172681412495,4.1831975164920445,3.1247962747380673,,,,,2.063523476911137
464259,2,2042,33,7.107468168462292,2042.0,0.6154162585700295,0.5294270323212537,0.08434378060724779,12.777815866797257,30.0,2.0,0.4188540646425074,0.4188540646425074,0.1,1.707394711067581,2.2696865817825667,2.3434378060724774,,,,,1.8491674828599411
516722,2,2255,31,7.161760532150776,2255.0,0.2425321507760532,0.26145898004434587,0.23560088691796008,31.064168514412415,43.0,7.0,1.2253215077605324,0.6560088691796009,0.6879822616407982,0.8866962305986696,2.3120177383592018,3.681330376940133,,,,,1.581330376940133
393621,2,2015,28,7.207538461538462,2015.0,0.10000000000000002,0.15784615384615383,0.13030769230769232,49.150769230769235,22.0,3.0,0.4000000000000001,2.416923076923077,1.3,1.3753846153846154,5.4507692307692315,5.189230769230769,,,,,1.8999999999999997
354587,1,845,25,6.77,845.0,0.53,0.45,0.13,11.0,11.0,4.0,0.9,0.4,0.1,1.6,2.3,2.3,,,,,2.3
691920,2,2426,32,7.184505358615004,2426.0,0.04,0.04533388293487222,0.09950123660346248,43.868219291014015,19.0,2.0,0.7699917559769167,2.2366859027205277,1.2116652926628195,2.1049876339653752,5.9300082440230835,6.6016900247320685,,,,,1.3349958779884585
574660,1,638,12,,638.0,,,,,,,,,,,,,,,,,
570423,2,1744,25,6.815074541284403,1744.0,,0.028813073394495414,0.04643922018348624,35.105619266055044,11.0,1.0,0.2,2.052522935779817,0.7017775229357799,1.8694380733944955,4.888130733944954,2.8830848623853207,,,,,0.811869266055046
851111,2,1336,29,6.622926646706587,1336.0,0.2032335329341317,0.3000074850299401,0.14677395209580837,15.625673652694609,19.0,1.0,0.6677395209580838,0.8258233532934133,0.4677395209580838,1.4290419161676646,2.7580838323353296,2.438697604790419,,,,,1.9645209580838323
257668,2,2934,35,7.195419222903886,2934.0,,0.01794137695978187,0.0648738922972052,44.43340149965917,10.0,1.0,0.37436946148602596,2.0743694614860257,0.8256305385139742,1.9590320381731425,5.171847307430129,3.574369461486026,,,,,0.8768916155419223
852980,1,1905,26,7.25,1905.0,0.24,0.08,0.04,40.5,5.0,3.0,0.2,1.5,1.4,7.3,11.3,3.1,,,,,0.7
370287,2,2261,31,7.05,2261.0,0.48000000000000004,0.3767669172932331,0.15270676691729326,14.090225563909774,35.0,7.0,0.9,0.28270676691729324,0.2,0.5,1.0654135338345865,2.830827067669173,,,,,1.5308270676691729
331059,2,190,5,,190.0,,,,,,,,,,,,,,,,,
381714,2,2026,30,7.05,2026.0,0.09,0.1,0.11,39.1,17.0,4.0,0.5,1.8,1.1,1.0,4.0,5.6,,,,,1.1
985172,2,916,12,7.39,916.0,,0.03,0.03,78.0,5.0,,0.4,2.0,2.0,3.8,8.2,5.8,,,,,1.6
520073,2,2501,32,7.28999600159936,2501.0,0.04,0.05333066773290684,0.06499800079968014,62.099880047980804,13.0,3.0,0.1,1.5333466613354658,1.3,4.066653338664533,7.3166333466613365,4.5833266693322665,,,,,1.5999600159936025
1127813,2,1288,24,6.825807453416148,1288.0,0.2825776397515528,0.21274844720496894,0.1474223602484472,36.698602484472055,29.0,3.0,0.6161490683229813,1.5419254658385093,0.462888198757764,0.6209627329192546,2.6838509316770187,3.304813664596274,,,,,1.4354037267080746
518472,1,180,2,,180.0,,,,,1.0,,,,,,,,,,,,
544586,2,1371,32,6.863311451495259,1371.0,0.08,0.18331145149525893,0.11973012399708242,42.597301239970825,11.0,,0.912837345003647,2.3716265499635303,0.9770240700218819,2.6560904449307077,6.407439824945295,5.664186725018235,,,,,1.7614879649890591
756494,2,2309,28,7.114374187960156,2309.0,0.04,0.03575573841489822,0.21726721524469467,31.68969250757904,34.0,13.0,0.7,2.4212213079255087,1.1424426158510177,2.6196188826331746,6.3514508445214375,4.653053269813772,,,,,2.021221307925509
729266,2,2204,31,7.11801724137931,2204.0,0.1,0.11413793103448276,0.1531896551724138,36.01982758620689,29.0,6.0,0.47068965517241385,1.6586206896551725,1.6146551724137932,4.197413793103448,7.626724137931034,3.9439655172413794,,,,,1.3999999999999997
371856,2,1647,29,6.74,1647.0,,0.03,0.03,39.6,3.0,,,1.5,0.7,4.3,7.0,2.1,,,,,1.1
700385,2,2400,32,6.872599999999999,2400.0,,0.028025,0.05,24.264125,15.0,2.0,0.379,1.849375,1.250625,2.692625,6.14325,3.630875,,,,,1.70125
372535,2,3019,36,7.164438555813184,3019.0,0.22,0.1277807220934084,0.21829082477641604,27.986982444518052,46.0,11.0,1.0341835044716794,1.0683670089433588,0.6196422656508778,0.9829082477641603,2.9709175223583966,4.276018549188473,,,,,0.7145412388208017
814269,2,2365,29,7.209999999999999,2365.0,0.15287526427061313,0.13160676532769555,0.0736786469344609,31.53784355179704,25.0,1.0,0.5264270613107822,1.6183932346723044,0.8816067653276956,1.928752642706131,4.628752642706131,3.663213530655391,,,,,0.6367864693446089
875947,2,848,19,6.960000000000001,848.0,,0.15,0.12000000000000001,41.3,14.0,1.0,0.2,2.0,0.4,3.1,5.6,3.6,,,,,1.6
624340,1,1383,18,7.129999999999999,1383.0,0.07,0.02,0.04,51.8,3.0,,0.1,1.0,1.2,6.6,10.0,3.5,,,,,1.2
222805,2,909,14,7.01,909.0,,0.05,0.01,52.7,,,,1.1,1.1,3.3999999999999995,6.2,2.8,,,,,0.8
619279,2,2434,34,6.858245686113394,2434.0,0.13,0.18368529170090386,0.06701725554642564,22.67017255546426,22.0,1.0,0.4000000000000001,2.642111750205423,0.5175431388660641,1.4403451109285128,4.882456861133936,3.894741166803615,,,,,2.0421117502054233
351419,2,3150,35,6.807142857142857,3150.0,,,0.008571428571428572,19.88571428571429,3.0,1.0,,,,0.4857142857142857,0.4857142857142857,6.085714285714285,9.0,2.1714285714285713,63.9,1.2285714285714286,0.0
649303,2,2327,32,6.946261280618822,2327.0,,0.030597335625268587,0.09761065749892567,33.12677266867211,22.0,1.0,0.5059733562526859,2.010399656209712,0.9238934250107435,2.694026643747314,5.910399656209712,3.9776536312849156,,,,,1.241813493768801
652270,2,1962,22,7.00605504587156,1962.0,,0.050825688073394486,0.056330275229357796,41.3394495412844,10.0,2.0,0.21834862385321102,1.2036697247706425,1.2183486238532109,5.269724770642202,8.68348623853211,3.8100917431192665,,,,,1.31651376146789
368468,2,1989,24,7.054570135746606,1989.0,0.1,0.07135746606334842,0.12371040723981902,40.592307692307685,30.0,4.0,1.3049773755656109,1.1728506787330315,0.4407239819004525,2.0085972850678733,3.8357466063348418,4.942081447963801,,,,,1.3049773755656109
260677,2,2850,32,7.172315789473685,2850.0,,,0.0,12.526315789473685,,,,0.1,,1.3494736842105262,1.3494736842105262,7.408421052631579,7.0,3.3442105263157895,71.34631578947369,1.3505263157894736,0.0
673114,2,1351,27,6.4324056254626205,1351.0,0.09,0.21572168763878607,0.13620281273131013,19.176461880088823,15.0,4.0,0.9882309400444115,0.7951887490747596,0.5,0.7213915618060696,2.1641746854182085,2.5213915618060696,,,,,0.7620281273131014
866670,2,2382,30,7.025591939546599,2382.0,0.27,0.16,0.05546599496221662,17.13954659949622,19.0,1.0,1.0546599496221665,1.4604534005037781,0.9,2.6395465994962217,5.018639798488665,3.8942065491183877,,,,,1.2151133501259446
736202,2,1732,28,6.966258660508083,1732.0,0.7804272517321016,0.6725750577367207,0.09705542725173212,8.62147806004619,15.0,3.0,0.6803695150115473,0.3,0.1,1.4,1.8,2.2570438799076213,,,,,2.388337182448037
1009031,2,796,23,6.5586432160804025,796.0,0.13,0.13,0.17,20.0,13.0,1.0,2.7,0.8,0.3,0.9,1.9,4.2,,,,,0.8
248054,2,1259,30,6.744821286735504,1259.0,0.35699761715647343,0.35461477362986493,0.217823669579031,20.44972200158856,15.0,5.0,0.4849880857823669,1.3761715647339159,0.610881652104845,1.8999999999999997,3.8476568705321683,2.7782366957903095,,,,,2.5714853057982525
245030,2,2734,32,6.851389904901244,2734.0,0.04,0.08013167520117045,0.06496708119970739,32.89005120702267,19.0,1.0,0.5874177029992684,0.7370885149963424,0.674835405998537,1.974835405998537,3.911265544989027,2.9,,,,,0.7370885149963424
614898,2,2334,31,7.2,2334.0,0.04,0.08,0.02,26.2,7.0,,0.3,2.0,2.0,5.9,11.0,5.9,,,,,1.7
362570,2,722,23,6.71,722.0,0.75,0.81,0.15,34.4,9.0,1.0,1.0,0.5,0.1,1.3,1.9,4.0,,,,,0.4
817700,2,1217,30,6.95,1217.0,0.08,0.14,0.23,34.8,25.0,10.0,1.3,1.9,1.1,2.2,5.5,3.9,,,,,2.3
378953,2,1488,19,6.8,1488.0,,0.17,0.04,34.0,3.0,,0.4,2.2,1.4,4.8,10.4,4.6,,,,,2.0
334477,2,2790,31,7.218064516129031,2790.0,,,0.0,15.535483870967742,1.0,,,,,0.7483870967741936,0.7483870967741936,6.187096774193549,18.0,2.3483870967741933,80.52580645161291,0.5483870967741935,
216240,2,2810,32,7.5340427046263345,2810.0,0.06516725978647687,0.03,0.1815729537366548,40.66740213523131,49.0,7.0,0.5,1.6,1.0,2.1786476868327402,5.07864768683274,4.07864768683274,,,,,0.6629181494661922
250844,2,1842,22,7.2,1842.0,,0.03,0.04,56.8,5.0,1.0,0.3,1.4,2.1,4.9,9.2,4.1,,,,,1.6
515050,2,2939,34,6.949074515141205,2939.0,0.04,0.008587955086764206,0.11435182034705682,18.963661109220826,22.0,2.0,0.49884314392650564,1.7706022456617898,1.3011568560734943,2.1706022456617897,5.5564817965294315,3.4717591017352842,,,,,0.7282408982647159
300538,2,2227,33,6.92961383026493,2227.0,0.12160754378087114,0.1670094297260889,0.12639874270318815,18.277817691962284,40.0,3.0,0.7,1.3819937135159406,0.5639874270318814,1.1900314324202965,3.4819937135159407,3.837943421643467,,,,,1.4299057027391107
623553,2,2393,32,6.95556623485165,2393.0,0.07229419139155871,0.14538236523192646,0.23250731299623903,18.57308817384037,46.0,5.0,1.8788967822816547,1.5788967822816546,0.9672795653990806,0.9058086084412871,3.6654408692018388,3.186544086920184,,,,,1.2730881738403677
671145,2,1921,25,7.12492972410203,1921.0,,0.03875585632483082,0.017188964081207705,57.414731910463296,7.0,1.0,0.19999999999999998,1.203227485684539,1.0529932326913065,5.947006767308694,8.91889640812077,3.859448204060385,,,,,1.0907860489328474
745284,2,854,15,6.6,854.0,0.31,0.74,0.16,19.2,16.0,7.0,0.6,0.6,,1.3,1.9,0.6,,,,,2.2
1037971,1,2297,29,6.82,2297.0,0.2,0.14,0.16,12.8,26.0,4.0,0.7,0.8,0.5,1.3,2.9,3.3,,,,,0.7
280701,1,47,4,,47.0,,,,,1.0,,,,,,,,,,,,
279570,1,996,16,6.59,996.0,,0.06,0.05,32.6,4.0,,0.6,1.2,1.1,1.2,3.9,4.8,,,,,1.6
401534,2,1070,17,6.950000000000001,1070.0,0.23,0.18,0.21,30.6,17.0,3.0,1.2,0.9000000000000001,0.7,0.5,2.1,2.3,,,,,1.6
713071,2,2241,33,7.034578313253012,2241.0,0.23,0.2280722891566265,0.19867469879518074,11.127710843373494,48.0,10.0,1.6409638554216868,1.427710843373494,0.5132530120481927,0.9939759036144579,3.1409638554216865,3.2927710843373497,,,,,1.380722891566265
565852,2,1457,17,7.16,1457.0,,0.13,0.019999999999999997,32.2,9.0,2.0,0.9,3.5,0.9,3.5,8.3,7.0,,,,,1.3
293829,2,2340,27,7.338846153846155,2340.0,0.1,0.17653846153846156,0.07230769230769231,53.715384615384615,20.0,2.0,0.2,1.0769230769230769,1.1615384615384616,6.5115384615384615,9.434615384615384,4.592307692307692,,,,,0.6038461538461538
866001,2,2829,33,7.151590668080595,2829.0,0.09908801696712619,0.0972746553552492,0.09840933191940614,33.78176033934252,19.0,2.0,0.29544008483563095,1.8431601272534461,1.5477200424178155,5.831813361611876,9.570413573700955,3.5908801696712613,,,,,1.3477200424178155
431708,2,2399,31,6.99137557315548,2399.0,0.31,0.19604835348061692,0.08154647769904125,16.188661942476028,35.0,4.0,1.4872863693205505,1.6859107961650688,0.7140892038349311,0.6,3.0013755731554816,4.757732388495206,,,,,1.7281784076698623
584231,2,2850,32,7.096287719298245,2850.0,,0.05371228070175439,0.05528421052631579,27.95150877192982,12.0,1.0,0.03143859649122807,1.42140350877193,1.4414736842105262,6.495649122807017,10.02140350877193,2.874245614035088,,,,,0.915719298245614
501769,2,2303,34,6.994433347807208,2303.0,0.08,0.1,0.2517151541467651,20.289752496743375,42.0,8.0,1.7516717325227966,1.9964394268345638,0.7276161528441164,1.006904038211029,3.8654798089448548,3.5690403821102907,,,,,1.793095961788971
395659,2,1711,34,6.743167738164815,1711.0,0.5,0.5885797779076563,0.10346580946814728,12.337638807714788,15.0,4.0,0.4841613091759205,0.6851548801870251,0.14488603156049096,1.0,1.7739333722969024,1.7739333722969024,,,,,1.0
227538,2,2700,30,7.0216666666666665,2700.0,0.04,0.07333333333333333,0.03833333333333333,27.016666666666666,11.0,1.0,0.2,0.75,0.9666666666666667,7.566666666666666,9.783333333333333,2.45,,,,,1.0
689628,1,269,10,,269.0,,,,,2.0,,,,,,,,,,,,
603149,1,1610,28,6.74,1610.0,0.17000000000000004,0.23,0.09,15.3,17.0,,0.5,0.8,0.3,1.2,2.5,3.2,,,,,0.9
1131030,2,1454,17,7.29,1454.0,0.17,0.04,0.01,57.8,1.0,,0.3,0.8,0.5,6.7,9.2,3.7,,,,,0.8
654117,2,1540,35,6.467532467532467,1540.0,0.25,0.3789285714285714,0.10431818181818182,9.294805194805194,16.0,3.0,0.1,1.0675324675324678,0.4,1.2811688311688312,2.8081168831168832,1.3246753246753247,,,,,2.82987012987013
666616,2,2267,31,6.695932951036612,2267.0,0.23,0.3137979708866343,0.07642699602999559,11.600220555800618,29.0,2.0,1.4761799735333039,1.0,0.5642699602999559,1.3523599470666077,2.9332598147331272,3.590560211733569,,,,,1.5382002646669608
524403,2,2402,30,7.080041631973355,2402.0,0.14,0.1383263946711074,0.04,35.74388009991674,11.0,,0.7175686927560366,2.5510407993338884,1.6175686927560367,3.4154870940882596,7.917568692756037,3.750624479600333,,,,,1.683263946711074
804933,2,1150,23,6.568260869565218,1150.0,0.3130434782608696,0.2952173913043478,0.05434782608695652,11.343478260869565,7.0,1.0,0.7913043478260869,0.7130434782608696,0.4,0.782608695652174,1.9521739130434783,2.356521739130435,,,,,1.7956521739130435
911400,2,2623,31,7.127792603888677,2623.0,0.3048799085017156,0.26635150590926415,0.09195196340068623,20.31200914982844,29.0,5.0,1.2366374380480367,1.3707205489897063,0.8,1.0609607319862753,3.3340831109416698,4.553602744948533,,,,,0.8292794510102937
640692,2,2144,28,6.65964552238806,2144.0,,0.01621268656716418,0.032070895522388065,33.01660447761194,2.0,,0.1621268656716418,1.358582089552239,1.196455223880597,6.872761194029851,10.069216417910448,2.924253731343284,,,,,2.2757462686567163
426326,2,2202,27,7.092870118074478,2202.0,0.0817983651226158,0.07176657584014533,0.10233424159854677,21.08769300635786,9.0,4.0,0.9410081743869212,1.2413260672116257,1.0646684831970936,2.7176657584014534,5.270663033605813,5.011671207992733,,,,,0.7353315168029063
281917,2,1746,30,6.809381443298969,1746.0,0.33,0.058453608247422684,0.1145360824742268,31.790721649484535,19.0,4.0,1.0608247422680412,1.8453608247422681,0.9536082474226805,3.0237113402061855,5.891752577319588,3.3762886597938144,,,,,1.1309278350515464
279242,2,1999,30,6.846158079039521,1999.0,0.18152576288144073,0.1296048024012006,0.21502751375687842,17.303951975987992,31.0,4.0,1.223161580790395,1.6536768384192095,0.4576288144072036,0.6192096048024012,2.8305152576288144,3.7576288144072034,,,,,2.192096048024012
266768,1,1905,26,7.25,1905.0,0.24,0.08,0.04,40.5,5.0,3.0,0.2,1.5,1.4,7.3,11.3,3.1,,,,,0.7
461512,1,302,10,,302.0,,,,,1.0,,,,,,,,,,,,
318468,2,2392,33,6.820877926421405,2392.0,0.3,0.22434364548494984,0.1078469899665552,14.529933110367892,24.0,2.0,0.3,1.359489966555184,0.9459866220735786,1.3135033444816053,3.859489966555184,3.037959866220736,,,,,2.518979933110368
491589,1,841,12,,841.0,,,,,3.0,,,,,,,,,,,,
355692,2,929,14,6.64,929.0,,0.18,0.09,14.9,20.0,4.0,,1.5,0.5,,2.1,2.6,,,,,1.0
389624,2,3150,35,7.1657142857142855,3150.0,,,0.0014285714285714286,12.142857142857142,1.0,1.0,,0.0,,1.2285714285714286,1.3142857142857143,8.914285714285715,14.0,2.5428571428571427,70.37142857142857,1.0571428571428572,
382535,2,1352,24,6.54,1352.0,,0.02375739644970414,0.10154585798816568,23.66301775147929,7.0,2.0,0.1,1.8939349112426034,0.7906065088757397,2.684541420118343,5.650295857988166,2.759097633136095,,,,,1.9187869822485206
344299,1,521,8,,521.0,,,,,,,,,,,,,,,,,
314944,1,180,2,,180.0,,,,,3.0,,,,,,,,,,,,
645880,1,1719,26,6.63,1719.0,,0.1,0.11,20.9,17.0,1.0,0.5999999999999999,2.0,1.8000000000000003,1.6,5.5,5.700000000000001,,,,,1.9
622461,2,2315,28,6.785520518358531,2315.0,0.05,0.06645788336933045,0.04,34.13330453563715,15.0,1.0,0.7729157667386609,1.254168466522678,1.6723974082073436,1.4635421166306695,4.508336933045356,4.818747300215983,,,,,1.427084233261339
375667,2,102,5,6.25,102.0,,0.20000000000000004,0.12,39.2,3.0,,,,,2.7000000000000006,2.7000000000000006,0.9,,,,,2.7000000000000006
381834,2,2061,29,6.903008248423096,2061.0,0.05,0.09438136826783115,0.08936438622028142,27.755167394468707,18.0,3.0,0.5,2.3438136826783116,1.1936438622028143,1.5749150897622515,5.368558951965066,5.180591945657447,,,,,1.4000000000000001
1106216,2,1082,17,6.63,1082.0,,0.32,0.21,6.5,28.0,5.0,1.1,0.2,0.4,,0.7,3.6,,,,,1.6
371627,2,1929,30,6.87011923276309,1929.0,0.2802177293934681,0.3175842405391395,0.13978227060653187,17.850492483151893,25.0,5.0,1.0340590979782271,1.3780196993260756,0.5900984966303784,1.3,2.982374287195438,4.865940902021773,,,,,1.9879212026956972
1141473,1,168,9,,168.0,,,,,,,,,,,,,,,,,
166277,2,1666,30,7.095594237695077,1666.0,0.1576890756302521,0.05505402160864346,0.08,44.5531212484994,17.0,3.0,0.9505402160864345,1.1978391356542617,1.2494597839135653,2.12202881152461,4.694597839135654,5.92202881152461,,,,,1.75594237695078
170620,2,213,3,,213.0,,,,,3.0,1.0,,,,,,,,,,,
255451,2,931,19,6.93,931.0,1.54,0.7,0.14,40.8,23.0,7.0,0.8,1.5,0.8,,2.3,2.3,,,,,1.5
706618,2,1559,21,7.2299999999999995,1559.0,0.05999999999999999,0.05000000000000001,0.10000000000000002,18.0,14.0,4.0,0.4000000000000001,2.2,1.2,2.3,5.8,3.7999999999999994,,,,,1.5
263962,1,1698,28,6.54,1698.0,0.16,0.08,0.13,24.6,22.0,8.0,1.4,0.8,0.4,1.1,2.3,4.7,,,,,0.4
522030,2,229,6,6.47,229.0,,0.08,0.04,6.4,2.0,,0.6,1.2,,2.3,3.5,2.9,,,,,1.2
465408,2,745,19,,745.0,0.13,0.17,0.03,45.4,,,0.4,1.7,0.8,2.7,5.6,3.0,,,,,0.9
401769,2,929,14,6.380000000000001,929.0,,0.009999999999999998,0.009999999999999998,25.4,,,,0.4,0.4,11.2,12.5,1.7,,,,,2.6
585055,1,817,10,,817.0,,,,,3.0,,,,,,,,,,,,
421045,1,90,1,,90.0,,,,,,,,,,,,,,,,,
526448,2,2160,24,7.6,2160.0,,,0.0,13.6,,,,,,1.7,1.7,8.6,14.0,2.7,85.1,0.5,
424022,2,2970,33,6.842424242424243,2970.0,,0.01,0.008484848484848484,12.06060606060606,,,,,,1.1151515151515152,1.1151515151515152,6.569696969696969,9.0,1.9636363636363636,62.31515151515151,1.206060606060606,0.0
402625,2,2630,33,7.183254752851711,2630.0,0.08,0.17047148288973382,0.1669809885931559,34.72760456273764,43.0,6.0,0.7162737642585552,1.5186311787072244,1.2674524714828899,1.3976425855513306,4.33490494296578,5.9,,,,,0.7674524714828898
555159,2,3150,35,6.935714285714286,3150.0,0.054285714285714284,0.08714285714285715,0.03571428571428571,23.114285714285714,6.0,1.0,0.1,1.3142857142857143,0.8857142857142857,4.371428571428571,7.057142857142857,2.5142857142857142,,,,,0.6857142857142857
281552,2,2393,33,6.787250313414125,2393.0,0.340451316339323,0.32,0.09549937317175095,15.790973673213538,32.0,5.0,1.2274968658587548,0.8725031341412454,0.5725031341412453,0.9580025073129962,2.5740075219389884,3.1435018804847474,,,,,2.641997492687004
360451,2,2774,33,6.994844989185292,2774.0,0.08,0.04513338139870224,0.09188896899783706,19.434895457822638,18.0,3.0,0.43244412400865173,2.283777937995674,1.2188896899783708,2.6,6.4377793799567415,4.702667627974044,,,,,2.2513338139870225
1012421,2,836,19,6.580000000000001,836.0,0.24,0.15,0.04,11.7,6.0,1.0,1.4,1.0,0.2,,1.2,2.9,,,,,1.0
538978,2,2626,33,7.218095963442498,2626.0,0.08,0.06480578827113481,0.21658035034272657,31.897410510281798,50.0,12.0,1.0506473724295506,1.2177456207159179,0.6506473724295506,0.7987052551408987,2.7506473724295506,3.75064737242955,,,,,1.0506473724295506
449722,2,1923,31,6.62,1923.0,0.1,0.36,0.16999999999999998,12.6,32.0,4.0,0.1,0.5,0.2,1.0,1.8,2.1,,,,,2.0
727569,2,1080,21,7.42,1080.0,0.21,0.048138888888888884,0.07,22.32814814814815,10.0,1.0,,2.413981481481482,1.3139814814814814,2.9349074074074073,6.923333333333333,3.088425925925926,,,,,1.1790740740740742
274694,2,2310,29,6.48,2310.0,0.04,0.05,0.02,31.5,4.0,1.0,,0.5,0.9,5.2,7.3,3.3,,,,,1.3
906774,1,1710,24,6.9,1710.0,0.11,0.15,0.12,31.0,19.0,2.0,0.8,2.3,0.9,1.2,4.4,4.2,,,,,1.2
230946,2,300,4,7.51,300.0,,,0.0,14.6,,,,,,2.6,2.6,7.3,1.0,4.3,83.3,0.9,0.4
452464,1,1587,22,6.82,1587.0,0.11,0.17,0.17,17.4,27.0,7.0,1.9,1.0,0.6,0.3,2.2,4.0,,,,,1.3
815346,2,2217,29,7.271032927379342,2217.0,,0.026120884077582316,0.11327469553450609,25.616869643662607,17.0,5.0,0.7581867388362652,1.3,2.058186738836265,5.206044203879117,9.044835363103292,4.355164636896708,,,,,1.2866486242670274
189485,1,207,8,,207.0,,,,,3.0,,,,,,,,,,,,
889462,1,2142,28,7.11,2142.0,0.21,0.25,0.27,19.4,47.0,8.0,1.6,0.8,0.4,0.7,1.8,4.4,,,,,0.3
214238,2,1676,19,6.985990453460621,1676.0,0.1034964200477327,0.06933174224343676,0.008389021479713604,35.18782816229117,1.0,,0.09999999999999999,1.216109785202864,1.216109785202864,6.112768496420048,9.377207637231503,2.609427207637231,,,,,1.364439140811456
149928,2,925,16,7.81,925.0,0.42,0.05,0.010000000000000002,43.39999999999999,3.0,1.0,,1.6999999999999997,0.8,7.9,10.900000000000002,2.8999999999999995,,,,,1.0
555146,2,1559,18,7.25,1559.0,,,0.01,25.0,1.0,,,,,1.2,1.2,11.2,6.0,2.0,66.7,1.0,
448983,2,371,9,,371.0,,,,,4.0,1.0,,,,,,,,,,,
787305,2,1517,29,6.639195781147,1517.0,0.1184838497033619,0.19497692814765988,0.18924192485168093,20.110415293342122,22.0,4.0,0.8900461437046803,1.57251153592617,0.5625576796308503,1.5,3.6350692155570203,4.462557679630851,,,,,0.7549769281476598
582074,2,2275,33,6.4999736263736265,2275.0,0.23420219780219778,0.19631648351648354,0.05289230769230769,10.857846153846154,14.0,1.0,0.35525274725274725,0.8447472527472528,0.6,1.055252747252747,2.555252747252747,2.9210109890109894,,,,,2.481582417582418
582232,1,45,1,,45.0,,,,,,,,,,,,,,,,,
334440,1,1399,23,6.84,1399.0,0.06,0.08,0.15,23.9,23.0,4.0,0.9000000000000001,1.6999999999999997,1.0,1.0,3.8,4.1,,,,,1.6999999999999997
486204,2,1525,17,7.02,1525.0,,0.0,0.01,35.0,1.0,,0.4,1.6,2.6,6.4,11.4,2.4,,,,,0.2
368982,1,168,7,,168.0,,,,,2.0,,,,,,,,,,,,
1109232,2,183,12,,183.0,,,,,,,,,,,,,,,,,
636601,2,1166,19,6.3487307032590055,1166.0,0.1,0.08734133790737565,0.05945111492281304,29.947341337907375,3.0,,0.3109777015437393,1.016466552315609,1.178902229845626,2.4312178387650087,5.027444253859348,2.525728987993139,,,,,0.542195540308748
375857,2,1009,18,6.33,1009.0,,0.01,0.04,32.2,18.0,1.0,0.6,1.3,1.0,1.3,3.5,4.8,,,,,2.6
585082,2,1467,31,6.616278118609407,1467.0,,0.05785276073619632,0.09130879345603271,26.61308793456033,17.0,4.0,0.8785276073619631,1.986912065439673,0.7047034764826176,1.3130879345603272,4.2654396728016355,4.960736196319018,,,,,2.0738241308793457
312891,2,720,8,6.77,720.0,,,0.0,10.0,,,,,,2.0,2.0,6.5,1.0,1.8,63.6,1.0,
520060,1,1404,21,6.259999999999999,1404.0,,0.03,0.02,24.4,3.0,,0.1,0.8,0.6,5.3,7.200000000000001,2.8,,,,,1.1
598101,2,2886,34,6.821663201663202,2886.0,0.04,0.02155925155925156,0.16715176715176713,24.250727650727654,47.0,8.0,0.8,1.612889812889813,0.822037422037422,1.844074844074844,4.5634095634095635,4.6,,,,,1.1688149688149687
700933,1,429,7,,429.0,,,,,3.0,1.0,,,,,,,,,,,
293231,2,815,11,6.510000000000001,815.0,,,0.07,25.7,9.0,2.0,0.2,1.8,1.2,2.3,5.8,2.3,,,,,1.8
567023,2,1904,34,6.444143907563026,1904.0,0.4258718487394958,0.4417279411764706,0.10103466386554621,8.593224789915967,24.0,4.0,0.23103991596638657,0.36207983193277316,0.2,0.413813025210084,0.9551995798319328,1.855199579831933,,,,,1.762079831932773
697724,2,345,7,,345.0,,,,,,,,,,,,,,,,,
697728,2,323,15,5.93,323.0,,,,,6.0,2.0,,,,,,,,,,,
1030739,2,1855,30,6.68,1855.0,0.19,0.13,0.16,14.5,32.0,7.0,1.3,1.0,0.7,1.2,3.0,3.4,,,,,0.8
498015,2,2752,35,6.86421511627907,2752.0,,0.06509447674418606,0.09509447674418606,23.603125,29.0,4.0,0.4,2.2509447674418603,1.2981104651162791,3.469186046511628,7.25094476744186,3.967296511627907,,,,,0.9163517441860466
1033394,1,1648,24,6.75,1648.0,0.16,0.19,0.1,8.7,14.0,3.0,0.7,0.9,0.5,0.7,2.0,2.6,,,,,1.4
939065,1,1397,25,6.49,1397.0,,0.04,0.07,28.3,16.0,1.0,0.4,2.6,0.8,1.5,5.3,3.7,,,,,2.4
516749,2,62,4,,62.0,,,,,1.0,,,,,,,,,,,,
1120902,1,170,2,,170.0,,,,,1.0,,,,,,,,,,,,
918327,2,1260,14,6.31,1260.0,,,0.0,19.3,1.0,1.0,,,,0.8,0.8,4.8,3.0,1.0,36.4,1.8,
419672,1,1513,25,6.469999999999999,1513.0,0.18,0.23,0.1,16.7,14.0,2.0,1.5,1.1,0.2,0.7,2.1,3.5,,,,,2.6
373374,2,698,24,6.66,698.0,0.39,0.26,0.1,19.1,13.0,1.0,2.9,2.5,1.2,1.6999999999999997,5.6,7.0,,,,,1.6999999999999997
623274,2,1234,23,6.566029173419773,1234.0,0.09,0.09,0.05649108589951378,23.120907617504052,7.0,,1.0,2.0700162074554296,2.1,1.180064829821718,5.6202593192868715,3.4752836304700163,,,,,1.9250405186385737
810558,2,1751,27,6.65252427184466,1751.0,0.20999999999999996,0.05501427755568247,0.024997144488863508,29.500171330668188,4.0,1.0,0.4,0.8499143346659053,1.4251284980011423,5.075328383780697,7.775328383780697,2.8000571102227303,,,,,1.0501998857795547
811544,2,1133,28,6.35,1133.0,,0.02,0.08074139452780228,32.36813768755517,12.0,1.0,0.6331862312444837,1.991703442188879,0.4,1.6248896734333627,4.1668137687555165,3.983406884377758,,,,,1.2
273945,2,3063,35,6.939588638589618,3063.0,,0.03,0.04603330068560235,27.552105778648382,23.0,4.0,0.7867776689520078,2.228109696376102,1.0471106758080313,2.2,5.761998041136141,4.141332027424094,,,,,0.26611165523996083
315252,2,1674,30,6.500083632019115,1674.0,0.2134767025089606,0.21095579450418162,0.14217443249701314,17.44958183990442,29.0,5.0,1.509557945041816,1.4,0.49390681003584236,0.5782556750298686,2.5565113500597367,4.643488649940262,,,,,2.180884109916368
238058,2,520,13,6.35,520.0,,0.22,0.04,16.0,6.0,,1.5,1.0,0.5,1.0,3.5,4.5,,,,,1.5
333802,1,639,15,,639.0,0.28,0.23999999999999996,0.04,18.3,4.0,,1.4,0.8,0.4,0.4,1.7,5.6,,,,,1.5
297034,2,1996,29,6.9,1996.0,0.05,0.12,0.18,24.5,37.0,6.0,0.4,1.3,1.0,1.2,3.6,3.5,,,,,2.1
267383,1,324,13,,324.0,,,,,4.0,,,,,,,,,,,,
301037,1,1458,22,7.170000000000001,1458.0,0.05999999999999999,0.11999999999999998,0.07,24.0,10.0,1.0,,2.4,1.8,5.6,10.2,2.5,,,,,1.6
606526,2,2227,33,6.92961383026493,2227.0,0.12160754378087114,0.1670094297260889,0.12639874270318815,18.277817691962284,40.0,3.0,0.7,1.3819937135159406,0.5639874270318814,1.1900314324202965,3.4819937135159407,3.837943421643467,,,,,1.4299057027391107
607814,1,1089,17,6.7,1089.0,0.25,0.060000000000000005,0.05,31.1,10.0,,1.0,2.4,1.4,1.4,5.3,4.2,,,,,1.9
842780,2,2769,33,7.223643914770677,2769.0,0.04,0.12794510653665583,0.129534127843987,31.943011917659803,35.0,4.0,1.6523293607800646,2.1252076561935715,1.1,1.6841097869266881,5.034525099313832,6.866305525460454,,,,,1.461646803900325
352599,2,2326,34,6.765335339638866,2326.0,0.19315133276010318,0.21054600171969046,0.13,20.855588993981083,33.0,4.0,0.3456577815993121,1.6913155631986243,0.6086844368013757,1.2630266552020637,3.8630266552020633,4.391315563198624,,,,,1.7
285868,2,2152,31,6.750873605947956,2152.0,0.05000000000000001,0.06273234200743494,0.1109014869888476,22.836338289962825,19.0,4.0,0.8726765799256506,1.2361988847583645,0.5273234200743494,2.018169144981413,3.899860594795539,4.791263940520445,,,,,0.7454925650557621
673429,1,102,2,,102.0,,,,,,,,,,,,,,,,,
320864,1,2562,29,6.93,2562.0,0.04,0.03,0.06,33.2,20.0,1.0,0.5,2.0,1.5,5.6,9.7,4.1,,,,,1.0
829380,2,2300,28,6.801182608695653,2300.0,0.09,0.09544347826086957,0.008382608695652174,30.570434782608697,2.0,,,1.0382608695652173,1.4191304347826086,5.545565217391305,9.089739130434783,3.067652173913044,,,,,1.2
820252,2,1532,26,6.763746736292428,1532.0,0.47011749347258486,0.4286422976501305,0.06466057441253265,6.757832898172324,13.0,1.0,1.8920365535248045,0.7386422976501305,0.33067885117493473,0.6772845953002611,1.8466057441253263,3.593211488250653,,,,,2.1
353559,2,1844,25,6.536106290672451,1844.0,0.42,0.04887744034707158,0.027689804772234275,34.972234273318875,3.0,2.0,0.4000000000000001,1.703958785249458,1.0653470715835143,4.3267353579175705,7.684490238611713,3.7310195227765726,,,,,1.9425704989154013
486083,2,688,17,,688.0,,,,,5.0,,,,,,,,,,,,
654591,2,2918,34,6.791542152159012,2918.0,,0.026922549691569563,0.06538382453735436,16.953666895133654,21.0,1.0,0.5384509938313913,2.2307745030843042,1.0538382453735438,2.2231322823851953,5.423132282385196,3.323029472241261,,,,,1.7845784784098697
48067,1,2222,26,7.16,2222.0,0.32,0.31,0.16,15.400000000000002,45.0,7.0,0.2,0.3,0.1,1.7,2.3,1.0,,,,,1.7
379634,1,974,13,,974.0,,,,,,,,,,,,,,,,,
376127,1,109,7,,109.0,,,,,5.0,,,,,,,,,,,,
391905,2,1570,28,6.740573248407642,1570.0,,0.029999999999999995,0.08579617834394905,25.60127388535032,4.0,1.0,0.33503184713375794,2.035031847133758,1.7299363057324841,4.435031847133758,9.521019108280255,4.156050955414012,,,,,1.7299363057324841
15570,1,1681,19,6.89,1681.0,,,0.0,19.1,1.0,,,,,1.3999999999999997,1.3999999999999997,7.400000000000001,3.0,3.0,71.8,1.2,
588260,1,422,21,6.2,422.0,0.85,0.28,0.04,8.1,4.0,,0.2,,,1.1,1.5,1.3,,,,,2.3
447101,2,1247,23,6.817064955894147,1247.0,0.2923897353648757,0.11651964715316761,0.04,24.27297514033681,7.0,2.0,0.4293504410585406,1.3467522052927026,1.1293504410585404,2.1184442662389733,5.0477947072975144,2.988051323175622,,,,,1.417401764234162
250907,1,2241,26,6.87,2241.0,0.04,0.030000000000000002,0.02,29.5,6.0,,0.2,1.2,1.1,4.9,8.1,3.5,,,,,0.9
917404,2,377,11,,377.0,,,,,3.0,,,,,,,,,,,,
457743,1,652,21,,652.0,0.14,0.51,0.04,10.2,7.0,2.0,0.7,0.8,0.3,1.0,2.1,1.8000000000000003,,,,,1.5
539469,2,507,14,,507.0,,,,,4.0,,,,,,,,,,,,
863190,2,2287,29,7.016777437691299,2287.0,0.05,0.08219938784433757,0.12780061215566246,17.211762133799734,21.0,9.0,1.8915609969392218,2.652426759947529,1.4593353738522081,2.3644512461740272,6.803323130738959,4.762658504591167,,,,,1.5
455016,2,462,8,7.2,462.0,,,0.13,22.9,4.0,2.0,0.4,1.1,1.3,2.6,5.3,4.2,,,,,0.2
685854,2,1522,30,6.6495137976346905,1522.0,0.15,0.12957950065703025,0.04412614980289093,20.822470433639946,10.0,2.0,1.0174770039421814,2.4587385019710903,0.6587385019710906,0.8629434954007885,3.9804204993429697,3.6867279894875162,,,,,1.1042049934296978
687617,1,451,12,,451.0,,,,,1.0,,,,,,,,,,,,
693412,2,986,29,6.373853955375253,986.0,0.3627180527383367,0.4610344827586207,0.05135902636916836,9.90872210953347,11.0,1.0,0.6,0.6559837728194727,0.4,1.2135902636916835,2.08316430020284,2.986409736308316,,,,,3.6799188640973632
667974,1,514,16,,514.0,0.35,0.52,0.16,12.3,6.0,2.0,0.5,1.1,0.2,1.6,3.2,2.8,,,,,2.8
1021819,1,1260,14,,1260.0,,,,,8.0,1.0,,,,,,,,,,,
430488,1,554,13,,554.0,,,,,3.0,1.0,,,,,,,,,,,
720281,2,873,15,,873.0,,,0.02,29.5,5.0,1.0,,0.8,1.6,10.6,13.1,0.8,,,,,
700755,2,2767,31,6.777473798337549,2767.0,0.04,0.06609685580050596,0.05349475966750993,34.382724972894835,7.0,1.0,,1.1951572099747019,1.6520419226599208,5.039031441994941,9.173220093964582,3.343115287314782,,,,,1.1479580773400795
702149,1,1503,19,7.03,1503.0,,0.02,0.03,33.0,2.0,1.0,,2.0,1.3,5.3,9.0,5.6,,,,,1.2
702869,1,2145,27,7.9,2145.0,0.63,0.54,0.31,35.5,52.0,11.0,2.0,1.4,0.4,0.3,2.2,3.9,,,,,1.0
748804,2,2715,33,7.859999999999999,2715.0,0.57,0.37,0.31,30.5,82.0,15.0,2.8,0.9,0.4,0.2,1.6,4.0,,,,,0.6
627207,2,1669,29,7.391521869382864,1669.0,0.9728220491312162,0.7832654284002396,0.12325943678849612,14.878190533253445,18.0,5.0,0.9086878370281605,0.4,0.23043738765727984,0.4,1.1239065308568004,3.3717195925704013,,,,,0.7
718303,1,77,1,,77.0,,,,,1.0,,,,,,,,,,,,
859035,2,2359,29,7.026841882153456,2359.0,0.13,0.1128105129292073,0.22061042814752016,44.68757948283171,44.0,8.0,0.8531581178465452,1.6,0.5812632471386181,0.8,2.9376854599406528,5.300211954217889,,,,,1.4936837643069096
997903,2,1176,19,7.12,1176.0,,0.11,0.09,33.2,11.0,3.0,0.4,2.7,1.5,1.5,6.1,3.4,,,,,0.4
552655,2,2239,29,7.32,2239.0,0.65,0.71,0.14,16.3,25.0,6.0,0.6,1.0,0.2,0.7,2.0,2.4,,,,,0.7
408574,2,2460,31,7.96,2460.0,0.3,0.09,0.37,64.2,96.0,28.0,0.5,2.2,1.0,2.1,5.7,4.9,,,,,0.6
917911,2,2809,33,7.602808828764685,2809.0,0.39,0.23453186187255254,0.39817728729085083,21.67390530437878,80.0,18.0,2.836703453186187,0.9182271270914917,0.3091135635457458,0.4,1.490886436454254,4.372160911356355,,,,,0.5546813812744749
900909,2,1816,25,7.368452643171807,1816.0,0.16,0.23458149779735682,0.18843612334801765,42.34454845814979,24.0,5.0,0.95181718061674,2.265088105726872,0.31927312775330396,0.8192731277533041,3.5036343612334804,4.0036343612334795,,,,,1.2710903083700442
559327,2,2940,33,7.213469387755102,2940.0,0.13,0.060000000000000005,0.04306122448979592,69.43469387755103,11.0,3.0,0.3,1.8142857142857143,1.063265306122449,4.591836734693878,8.438775510204081,4.624489795918366,,,,,0.9
347900,1,2381,28,7.37,2381.0,0.04,0.04,0.09,68.3,24.0,1.0,0.6,1.7,1.9,2.6,6.5,6.0,,,,,1.2
323910,2,2341,29,7.740696283639471,2341.0,0.04,0.06455360956856045,0.2023750533959846,62.43605296881674,37.0,15.0,1.0108927808628791,2.4692866296454508,1.6217855617257584,2.0039299444681764,6.262323793250747,7.526783425886373,,,,,0.7
601495,2,2816,35,7.3834375,2816.0,0.12688920454545458,0.13517045454545454,0.28422230113636365,41.47066761363636,56.0,8.0,1.5715553977272727,1.4767400568181819,1.2,0.5,3.1439985795454546,6.514666193181818,,,,,0.8431107954545454
895334,1,2144,28,7.12,2144.0,0.13,0.1,0.02,59.1,5.0,1.0,0.2,1.1,1.5,5.2,8.6,2.5,,,,,0.7
361104,2,2383,29,7.484599244649601,2383.0,0.07455308434746118,0.05478808224926563,0.18075115400755348,49.898111624003356,29.0,11.0,1.7225346202266048,2.092488459924465,0.5,1.092488459924465,3.962442299622325,6.10986151909358,,,,,0.6849769198489299
589128,2,2761,34,7.4699094530967045,2761.0,0.8817421224194132,0.7228504165157552,0.05752263672582397,10.790836653386455,25.0,2.0,0.2,0.4,0.1,0.8917421224194134,1.4421948569358929,1.5,,,,,0.8587106120970663
667965,2,1939,27,7.56,1939.0,0.09,0.02,0.11,44.0,22.0,4.0,0.8,3.1,2.0,1.5,6.7,6.1,,,,,1.2
646707,2,3021,36,7.055580933465739,3021.0,0.03,0.046425024826216486,0.03910625620655412,54.55650446871897,11.0,,0.2089374379344588,1.2714995034756702,1.244687189672294,4.091062562065541,7.4804369414101295,4.482125124131082,,,,,0.7553128103277061
541134,1,2833,32,7.63,2833.0,0.06,0.07,0.28,28.699999999999996,98.0,16.0,0.4,2.8,1.0,1.9,5.9,4.6,,,,,1.5
372267,2,2496,32,7.407083333333334,2496.0,0.56,0.3909935897435898,0.1810576923076923,22.594871794871796,46.0,6.0,0.1,1.2,0.1596153846153846,0.8801282051282052,2.130448717948718,2.2900641025641026,,,,,1.0602564102564103
397486,2,1549,28,7.251678502259523,1549.0,0.42,0.29,0.3,31.900000000000002,30.0,6.0,2.3,0.6,0.3,0.7999999999999999,1.7,4.9,,,,,1.0
578804,2,2425,32,7.31,2425.0,0.42,0.45,0.31,34.5,54.0,11.0,0.7,1.3,0.6,1.1,3.2,4.1,,,,,0.6
586429,2,1931,36,6.9752925945106155,1931.0,0.18377006732263076,0.0813982392542724,0.03699119627136199,63.89311237700674,8.0,4.0,0.20000000000000004,1.4720352149145521,1.397876747799068,6.138581046090108,9.968669083376488,2.958052822371828,,,,,1.13008803728638
485584,1,1092,17,6.93,1092.0,,0.05,0.08,45.5,10.0,,0.9,2.3,0.8,1.6,5.0,5.7,,,,,1.2
983677,1,2954,34,7.37,2954.0,0.11999999999999998,0.09000000000000001,0.17,34.6,51.0,9.0,1.0,2.2,1.2,2.0,5.6,5.9,,,,,0.8
855731,1,2058,28,7.43,2058.0,0.17,0.1,0.17,36.9,37.0,9.0,1.6,3.0,1.0,2.9,7.3,4.8,,,,,0.9
361074,2,2399,32,7.09034597749062,2399.0,0.1087203001250521,0.07668611921634014,0.10436015006252605,38.57144643601501,31.0,6.0,0.3,3.2779074614422674,1.1331388078365987,3.188953730721134,8.066861192163401,4.488953730721134,,,,,1.5779074614422677
371001,1,1797,24,6.92,1797.0,,0.01,0.03,65.9,1.0,,0.9,0.6,1.9,5.1,8.2,4.7,,,,,0.4
593519,2,1124,22,7.19,1124.0,0.57,0.64,0.3,22.0,33.0,8.0,0.2,0.7,0.1,0.5,1.2,2.8,,,,,0.7
377468,1,2210,26,6.91,2210.0,,0.05,0.07,54.1,13.0,,0.1,1.1,1.5,5.0,8.1,4.2,,,,,1.2
384461,1,803,10,,803.0,,,,,11.0,1.0,,,,,,,,,,,
598791,2,2768,32,7.171542630057804,2768.0,0.07,0.10189306358381502,0.06763367052023121,55.09465317919075,13.0,2.0,0.3,1.0810693641618498,0.9,5.01954479768786,7.6248916184971085,4.0668713872832365,,,,,0.8615245664739883
1189172,2,1765,22,6.87,1765.0,0.05,0.03,0.02,49.0,5.0,1.0,,0.9,0.7,4.8,6.9,3.7,,,,,0.2
735701,2,557,9,7.6,557.0,0.51,0.37999999999999995,0.42999999999999994,43.5,13.0,3.0,1.5,2.6,,,2.6,3.6,,,,,0.5
571149,2,3078,37,7.526140350877193,3078.0,0.3249122807017544,0.21982456140350878,0.2063157894736842,35.9421052631579,55.0,11.0,0.8789473684210527,1.6350877192982456,1.212280701754386,1.0298245614035089,4.068421052631579,4.847368421052632,,,,,0.7263157894736841
479643,1,2845,33,6.93,2845.0,0.06,0.07,0.03,53.4,8.0,1.0,0.0,1.3,0.9,5.9,8.9,3.7,,,,,0.6
547499,2,3087,35,7.464849368318755,3087.0,0.09,0.059484936831875605,0.17133138969873662,44.65801749271137,48.0,7.0,0.6,3.2742468415937807,0.6,2.894849368318756,7.369096209912537,5.430029154518951,,,,,0.9000000000000001
678546,2,1114,22,7.28,1114.0,0.48490125673249557,0.7606552962298024,0.060000000000000005,13.107181328545781,8.0,2.0,0.7254937163375225,0.6464093357271095,,0.8045780969479354,1.4300718132854577,2.3071813285457807,,,,,1.5
565436,1,2924,34,7.04,2924.0,,0.01,0.05,31.5,8.0,,0.6,3.0,1.7,2.2,7.1,3.8,,,,,0.9
925862,1,1062,28,6.9,1062.0,0.34,0.23,0.28,35.3,22.0,6.0,1.8,1.6,0.3,0.7,2.6,4.4,,,,,0.8
1105532,2,1369,28,6.908655953250548,1369.0,0.14,0.13,0.07,40.5,11.0,1.0,0.7,4.0,1.3,2.1,7.8,5.9,,,,,1.0
355816,1,1344,18,7.0,1344.0,0.07,0.05,0.05,56.7,3.0,1.0,0.3,1.1,0.9000000000000001,6.799999999999999,9.8,3.2,,,,,0.9000000000000001
550829,2,3060,34,6.937058823529412,3060.0,,,0.0,30.576470588235296,2.0,,0.0,,0.0,1.2117647058823529,1.2117647058823529,9.75,7.0,2.6647058823529415,67.15588235294118,1.3,0.0
203853,1,20,2,,20.0,,,,,,,,,,,,,,,,,
1162160,1,32,4,,32.0,,,,,,,,,,,,,,,,,
542684,2,2941,36,7.383250595035703,2941.0,0.3946344780686842,0.2901632097925876,0.27748044882692957,24.604046242774565,74.0,10.0,0.8178850731043863,0.7910574634478069,0.7894253655219312,1.1552873172390343,2.826827609656579,3.7016320979258754,,,,,0.3910574634478069
593837,1,946,29,6.78,946.0,0.38,0.4,0.21,29.0,20.0,7.0,0.9,1.9,0.1,0.6,2.6,4.9,,,,,1.7
710886,1,1419,20,6.94,1419.0,0.19,0.14,0.21000000000000002,18.0,21.0,5.0,1.6,1.0,0.3,0.9000000000000001,2.2,3.2,,,,,1.0
1002305,2,2291,32,7.232989960715844,2291.0,0.13,0.1983718900043649,0.35179397642950677,23.893670886075945,66.0,8.0,2.489698821475338,0.7940200785683108,0.3,0.22989960715844612,1.3,3.556481885639459,,,,,0.5
365394,1,983,17,,983.0,0.09,0.12,0.28,42.1,24.0,5.0,0.9,1.7,1.1,1.7,4.9,5.4,,,,,1.0
548348,2,1275,23,6.89,1275.0,0.14,0.16,0.16,43.3,20.0,2.0,0.3,2.3,0.5,3.1,6.3,4.9,,,,,1.8000000000000003
1111063,1,1135,19,6.93,1135.0,0.08,0.13,0.11,44.3,15.0,1.0,0.7,1.6,0.6,0.4,2.6,3.9,,,,,0.5
793099,1,2090,24,7.45,2090.0,0.22,0.25,0.13,41.5,20.0,2.0,1.6,2.6,0.9,1.8,5.7,6.1,,,,,1.0
416660,2,2834,34,7.29591037402964,2834.0,0.09999999999999999,0.047642907551164425,0.1411785462244178,47.56587861679605,44.0,4.0,0.5,2.0705363443895552,1.3469654199011996,2.193930839802399,5.899647141848976,5.241425546930134,,,,,1.4117854622441777
765743,1,2724,31,7.099999999999999,2724.0,0.07,0.04,0.08,47.9,17.0,5.0,0.3,1.2,1.1,5.0,8.1,3.0999999999999996,,,,,1.2
761326,1,2040,25,6.99,2040.0,,0.02,0.03,51.1,6.0,1.0,0.1,0.9,0.7,6.5,8.8,4.1,,,,,0.8
694186,2,2603,35,7.169028044563965,2603.0,0.35,0.36,0.14,27.600000000000005,38.0,6.0,0.5,1.2,0.6,0.7,2.7,4.2,,,,,1.1
315254,2,2503,32,7.030000000000001,2503.0,0.10999999999999999,0.12,0.10999999999999999,39.5,31.0,8.0,0.6,2.3,1.0,3.0,6.6,3.8,,,,,1.1
577394,1,1218,17,7.109999999999999,1218.0,0.15,0.09,0.2,30.7,21.0,5.0,1.0,1.3,0.5,2.0,4.2,5.2,,,,,0.7
957241,2,1539,23,6.820864197530864,1539.0,,0.038641975308641975,0.11481481481481481,39.28395061728395,17.0,1.0,0.8,2.2271604938271605,1.3617283950617283,1.8654320987654318,5.519753086419754,6.519753086419754,,,,,0.548148148148148
704772,1,2052,23,6.7,2052.0,,,0.0,17.7,2.0,,0.1,,,1.1,1.1,9.0,6.0,3.1,66.4,1.6,0.0
782476,2,2087,29,6.977728797316723,2087.0,0.14,0.15811212266411118,0.20528030666027788,16.282894106372783,37.0,11.0,1.8,1.3943938667944418,0.5,0.6,2.518878773358888,4.4318639195016765,,,,,0.9
374212,1,876,17,,876.0,,0.12,0.13,44.9,16.0,,0.5,2.1,1.2,1.8,5.5,4.0,,,,,0.3
591363,2,2548,35,7.146028257456829,2548.0,0.35130298273155414,0.2698901098901099,0.28788069073783357,24.397802197802196,55.0,12.0,1.0,1.7788069073783361,0.4777080062794349,0.8717425431711147,3.256514913657771,3.8141287284144427,,,,,1.1282574568288855
331560,1,205,7,,205.0,,,,,,,,,,,,,,,,,
1045344,2,979,15,7.71,979.0,1.1,0.77,0.14,17.1,9.0,2.0,,1.6999999999999997,,1.1,2.8,3.3,,,,,3.3
468309,2,2324,29,7.165697074010327,2324.0,,0.055421686746987955,0.051617900172117044,47.1526678141136,13.0,1.0,0.8,2.8542168674698796,1.6,3.6070567986230633,8.476075731497417,4.800688468158348,,,,,1.3542168674698796
657957,1,2042,28,7.22,2042.0,0.26,0.15,0.2,34.5,52.0,12.0,1.3,0.7,0.4,1.1,2.8,4.7,,,,,0.4
598491,1,828,22,7.11,828.0,0.11,0.3,0.34,35.8,31.0,5.0,1.8,1.6000000000000003,0.20000000000000004,1.7,3.9,4.2,,,,,1.3
899163,2,2577,35,7.011431897555297,2577.0,0.04,0.06580908032596042,0.12047729918509896,42.97450523864959,30.0,4.0,0.610477299185099,2.8066356228172293,1.1047729918509894,1.7466821885913857,5.941909196740396,4.926658905704308,,,,,1.1476135040745052
701055,1,1793,26,6.87,1793.0,0.05,0.06,0.25,36.1,28.0,10.0,0.6,1.4,1.0,2.6,5.2,3.4,,,,,1.1
869067,2,2971,34,6.988000673174015,2971.0,,0.05,0.1379535509929317,34.844631437226525,29.0,4.0,0.6,2.1460451026590377,0.7,2.6511612251767085,6.05627734769438,5.361393470212049,,,,,1.5767418377650622
196829,1,2970,33,6.93,2970.0,,,0.0,25.8,1.0,,0.0,,,1.2,1.2,10.1,9.0,2.7,66.9,1.3,0.0
559324,2,1849,27,7.0785667928610065,1849.0,,0.08673336938885884,0.05244997295835587,49.13098972417524,9.0,1.0,0.2,2.718334234721471,1.2489994591671174,3.2203353163872364,7.787669010275825,5.442833964305029,,,,,1.163331530557058
486604,1,1710,19,7.14,1710.0,,,0.0,28.9,,,,,0.1,0.8,0.9,9.2,5.0,3.3,72.9,1.2,
801886,1,2044,33,6.92,2044.0,0.09,0.15,0.21,25.7,41.0,9.0,2.6,1.1,0.4,0.9,2.4,4.7,,,,,0.6
928592,2,3229,36,6.844063177454321,3229.0,0.69,0.030052647878600187,0.03759368225456798,46.66903065964694,13.0,3.0,0.2,2.2160421183028807,1.5,6.1556209352740785,10.519262929699599,4.087705171879839,,,,,1.09197894084856
577455,2,2649,33,7.1866515666289175,2649.0,0.22,0.23508116270290677,0.24,24.772744431861078,46.0,11.0,1.802076255190638,0.7685919214798038,0.3,0.49214798036995094,1.6371838429596073,4.545035862589656,,,,,0.49214798036995094
987370,2,843,17,6.87,843.0,,,0.02,63.4,5.0,,,0.9,2.8,0.9,4.6,4.6,,,,,0.9
634427,1,1349,24,6.68,1349.0,0.2,0.26,0.15,18.9,18.0,3.0,1.4,1.5,1.1,0.5,3.3,4.6,,,,,1.3
805451,2,2829,33,6.905683987274656,2829.0,0.04,0.07331919406150583,0.02095440084835631,57.14655355249205,7.0,,0.6,1.0286320254506893,0.7904559915164369,4.380487804878048,7.237751855779428,5.0,,,,,0.7522799575821845
959106,2,1616,30,6.957574257425742,1616.0,0.16366336633663367,0.268960396039604,0.16311881188118812,27.693564356435644,28.0,7.0,1.983168316831683,2.6103960396039607,0.20396039603960398,1.0,3.7103960396039604,4.748019801980197,,,,,1.6896039603960396
412941,2,2269,34,7.132155134420449,2269.0,0.21,0.32,0.11,34.8,34.0,1.0,0.4,1.8,1.2,1.9,5.2,5.1,,,,,1.1
412932,1,323,13,,323.0,,,,,3.0,1.0,,,,,,,,,,,
1066953,2,1077,23,7.170817084493965,1077.0,0.11,0.11415970287836584,0.26517177344475396,35.362488393686164,16.0,3.0,0.9295264623955432,4.92544103992572,1.4,2.565088207985144,8.691179201485609,4.234911792014856,,,,,1.4
866328,2,2731,34,7.15,2731.0,0.17,0.24,0.27,16.6,79.0,20.0,1.0,1.4,0.4,0.3,2.1,2.7,,,,,1.0
426849,2,3330,37,7.16891891891892,3330.0,,,0.0,23.13783783783784,2.0,,0.0,,0.0,1.091891891891892,1.091891891891892,9.367567567567567,11.0,4.124324324324325,73.8972972972973,1.4945945945945946,
386914,2,1566,27,7.319999999999999,1566.0,0.35,0.58,0.17,18.5,30.0,10.0,0.6,0.9,0.1,0.6,1.6,1.5,,,,,1.0
1095107,2,528,12,8.06,528.0,0.57,0.5,0.32,76.3,8.0,1.0,2.3,2.8,1.1,0.6,4.6,5.1,,,,,1.1
333640,1,3060,34,7.01,3060.0,,0.0,0.01,28.4,2.0,1.0,,,,0.8,0.8,10.2,11.0,4.1,69.2,1.8,0.0
339337,2,1072,20,7.42,1072.0,0.22,0.1353917910447761,0.02752798507462687,61.56753731343283,1.0,,0.3,0.9472014925373134,0.8730410447761194,5.928078358208956,8.198880597014925,3.4763992537313437,,,,,0.7
719209,2,3407,38,6.8339213384208986,3407.0,0.03,0.02,0.028943351922512475,51.654358673319635,10.0,3.0,0.09999999999999999,1.1260346345758732,1.0845318461990021,5.036601115350748,8.073202230701495,4.641502788376871,,,,,0.7316994423246258
272206,1,3042,34,7.320000000000001,3042.0,0.36,0.32,0.09999999999999999,12.9,48.0,9.0,0.3,0.6,0.19999999999999998,1.4000000000000001,2.2,1.7,,,,,0.9
313094,2,955,22,6.62,955.0,,0.04,0.07000000000000002,31.8,5.0,3.0,0.5,1.7,0.8,3.5,6.6,3.2,,,,,0.8
422760,2,2865,35,7.083633507853404,2865.0,0.42,0.3387888307155323,0.08468760907504363,18.916020942408377,31.0,4.0,0.6091797556719023,0.9734380453752182,0.3,0.7,2.2183595113438046,3.1275392670157065,,,,,1.036719022687609
987366,2,733,10,7.380000000000001,733.0,,0.029999999999999995,0.02,89.5,1.0,1.0,0.5,1.0,0.5,2.0,4.0,5.5,,,,,1.0
343463,1,152,8,,152.0,,,,,3.0,1.0,,,,,,,,,,,
464598,1,391,18,,391.0,0.69,1.12,0.08,9.9,6.0,2.0,0.5,0.2,0.5,1.4,2.1,2.1,,,,,1.2
781270,1,858,16,,858.0,,,,,8.0,1.0,,,,,,,,,,,
340459,2,2386,30,7.149388097233864,2386.0,0.29,0.2022715842414082,0.06704526404023471,23.156789606035208,25.0,3.0,0.2,2.040905280804694,0.7606035205364627,1.9575859178541493,5.018189438390612,3.0212070410729255,,,,,2.029547359597653
479649,2,479,12,,479.0,,,,,10.0,3.0,,,,,,,,,,,
503638,2,2200,32,7.253854545454546,2200.0,0.28808181818181816,0.2700000000000001,0.2776909090909091,28.29927272727273,55.0,11.0,1.3999999999999997,0.6115454545454545,0.4884545454545454,0.5154545454545455,1.703909090909091,4.1886363636363635,,,,,0.523090909090909
1255744,2,1210,16,6.67,1210.0,,,0.2,24.7,16.0,2.0,0.3,2.3,1.0,2.0,6.0,2.0,,,,,1.7
134425,1,421,8,,421.0,,,,,6.0,2.0,,,,,,,,,,,
559333,1,516,17,,516.0,0.17,0.16,0.28,52.3,4.0,2.0,1.2,3.5,2.8,1.4,7.7,6.5,,,,,1.9
735700,2,2157,32,6.939545665275846,2157.0,0.20407510431154383,0.28180343069077424,0.1640936485859991,21.17705146036161,31.0,7.0,2.1,1.4727399165507649,0.5181733889661567,0.6136300417246174,2.6090866944830786,3.6591098748261475,,,,,1.1
800995,2,1609,27,7.024449968924798,1609.0,0.11541951522684898,0.09409571162212554,0.23722809198259792,25.53244251087632,36.0,6.0,2.056619018023617,1.7494095711622126,0.5686761963952766,0.7,2.8084524549409573,3.84580484773151,,,,,0.6
429916,1,720,8,,720.0,,,,,,,,,,,,,1.0,,,,
374326,2,639,19,,639.0,,0.1,0.14,27.9,9.0,3.0,0.7,1.3,0.6,1.3,3.1,4.3,,,,,1.7
671738,2,3337,38,7.057881330536411,3337.0,0.29481270602337434,0.5253940665268205,0.10294575966436918,16.858915193287384,35.0,10.0,0.9618219958046149,1.213694935570872,0.210788133053641,0.589211866946359,2.035271201678154,3.4647287983218455,,,,,1.446059334731795
314915,2,1961,30,6.708363080061193,1961.0,,0.047251402345741975,0.10154003059663437,34.54268230494645,20.0,4.0,0.29999999999999993,1.996685364609893,1.3241713411524734,3.4966853646098928,7.077970423253441,4.273686894441611,,,,,0.5758286588475267
248658,2,3105,35,6.970289855072464,3105.0,,,0.0,22.594202898550726,,,0.0,0.0,,0.8768115942028986,0.8768115942028986,10.05072463768116,9.0,3.4057971014492754,72.42028985507247,1.3333333333333333,
339328,1,1356,19,6.96,1356.0,0.07,0.04,0.15,37.7,15.0,3.0,0.3,1.5,1.1,2.3,5.1,3.6,,,,,1.2
288253,2,419,9,7.07,419.0,,,0.01,55.7,1.0,,,1.3,2.0,6.7,10.0,2.0,,,,,0.7
725816,2,2880,32,6.7299999999999995,2880.0,,,0.0,24.75625,2.0,,0.1,,,1.0250000000000001,1.0250000000000001,9.6375,6.0,3.971875,72.75625,1.48125,
613781,2,3086,37,7.193752430330526,3086.0,0.05999999999999999,0.05,0.13862605314322746,30.802527543745953,37.0,9.0,0.9349967595593001,1.8212572909915747,1.456254050550875,3.4262475696694747,7.121257290991575,4.128775113415425,,,,,0.88250162022035
570597,2,2022,26,6.9386498516320465,2022.0,0.13805637982195848,0.06801186943620179,0.027997032640949555,42.62596439169139,7.0,,0.2,1.3,1.2,5.993471810089021,9.48679525222552,3.5399109792284866,,,,,1.253412462908012
988406,2,889,13,5.940000000000001,889.0,,0.14,0.01,18.2,11.0,4.0,,2.5,1.0,1.0,5.1,1.5,,,,,2.5
816974,2,1857,33,6.774561120086161,1857.0,0.18,0.08287022078621434,0.12643511039310715,46.932633279483035,29.0,5.0,0.4712977921378568,1.8148088314485729,0.9,0.710877759827679,3.565266558966074,3.910877759827679,,,,,0.710877759827679
432694,1,2631,32,6.89,2631.0,0.17,0.1,0.11000000000000001,23.9,35.0,2.0,0.9,1.6,0.8,1.5,4.2,5.3,,,,,1.0
426280,2,2983,36,7.17796513576936,2983.0,0.21075427422058332,0.1679751927589675,0.06619845792826014,44.98481394569226,16.0,4.0,0.6949379818974187,1.4,1.6443178008716057,3.4481394569225614,7.116526986255447,5.4341937646664435,,,,,0.5050620181025812
205006,2,1669,29,7.391521869382864,1669.0,0.9728220491312162,0.7832654284002396,0.12325943678849612,14.878190533253445,18.0,5.0,0.9086878370281605,0.4,0.23043738765727984,0.4,1.1239065308568004,3.3717195925704013,,,,,0.7
167329,2,134,3,,134.0,,,,,5.0,1.0,,,,,,,,,,,
258353,1,160,2,7.360000000000001,160.0,0.56,0.11000000000000001,0.52,22.5,4.0,1.0,1.7,0.6,0.6,1.1,2.3,3.4,,,,,0.6
369319,2,2396,33,6.704365609348915,2396.0,0.3,0.4184474123539232,0.07112687813021704,13.87746243739566,25.0,3.0,0.1,0.6,0.2,1.7338063439065108,2.3887312186978296,1.832387312186978,,,,,0.9661936560934892
400548,1,540,8,,540.0,,,,,7.0,,,,,,,,,,,,
387197,2,2873,33,7.013832231117299,2873.0,,,0.016265227984684997,28.38746954403063,5.0,2.0,0.0,0.12506091193874,,1.45036547163244,1.4879568395405498,12.01423599025409,8.0,2.7506091193874,66.04939088061259,1.45036547163244,0.0
1087982,1,366,11,,366.0,,,,,3.0,1.0,,,,,,,,,,,
671737,2,2389,38,7.078434491419004,2389.0,0.1878401004604437,0.24275429049811634,0.23993721222268732,24.7089158643784,56.0,15.0,0.865257429886982,1.8760569275847634,0.47245709501883637,1.082628714943491,3.431142737547091,2.8934282126412723,,,,,0.5586856425282545
682568,1,1144,15,,1144.0,,,,,15.0,4.0,,,,,,,,,,,
1064184,2,1829,29,6.976697648988518,1829.0,0.06,0.12843083652269,0.08,25.961126298523784,19.0,4.0,1.4983597594313833,3.1313832695461996,0.8,1.1,5.090869327501367,4.82646254784035,,,,,1.5594860579551668
640026,1,1652,24,6.780000000000001,1652.0,0.27,0.20999999999999996,0.08,21.4,16.0,3.0,0.8,1.3,1.0,0.7,3.2,3.9,,,,,1.6
369554,1,2811,33,6.94,2811.0,0.03,0.09,0.08,31.3,25.0,5.0,0.3,1.5,0.5,2.6,5.2,3.6,,,,,0.9
1126894,1,45,1,,45.0,,,,,,,,,,,,,,,,,
775257,2,532,21,6.3664661654135335,532.0,0.19,0.2,0.29,26.5,10.0,3.0,1.1,0.8,0.4,1.3,2.5,3.6,,,,,1.1
182932,2,1949,31,7.090944073884043,1949.0,0.3,0.20494612621857364,0.08167265264238072,28.42616726526424,23.0,3.0,0.14181631605951772,2.2916367367880963,0.6999999999999998,1.0585428424833248,4.449820420728579,3.9,,,,,1.1916367367880965
790669,1,2851,32,7.21,2851.0,,0.0,0.01,23.4,3.0,1.0,0.1,,,1.3,1.3,10.5,3.0,4.7,74.5,1.6,
215094,1,90,1,,90.0,,,,,,,,,,,,,,,,,
875581,2,1044,26,6.62566091954023,1044.0,0.19,0.26,0.21,20.4,13.0,3.0,1.3,0.5,0.2,0.5,1.1,4.4,,,,,0.6
228645,2,1954,29,7.1421494370522005,1954.0,0.4,0.3138382804503582,0.1564790174002047,18.571136131013304,51.0,7.0,0.3,0.6,0.2,1.2,2.0,1.6880245649948824,,,,,1.5088024564994882
703772,1,1362,19,6.740000000000001,1362.0,0.4000000000000001,0.19000000000000003,0.08,10.8,11.0,2.0,0.20000000000000004,0.3,0.10000000000000002,0.8999999999999999,1.7000000000000002,2.0,,,,,1.7000000000000002
129554,2,1287,21,7.243146853146853,1287.0,0.32,0.292004662004662,0.31801864801864804,46.48368298368298,37.0,5.0,0.717016317016317,1.17995337995338,0.6,0.4228438228438229,2.3114219114219114,4.517249417249417,,,,,0.6000000000000001
733438,2,152,9,,152.0,,,,,3.0,1.0,,,,,,,,,,,
396077,1,990,11,,990.0,,,,,,,,,,,,,5.0,,,,
430797,2,2615,34,6.865086042065008,2615.0,0.04,0.018994263862332696,0.02,46.73101338432122,9.0,1.0,0.1,1.6502868068833652,1.0,6.129598470363288,9.43074569789675,3.819541108986615,,,,,0.9698279158699808
464454,2,723,17,7.03,723.0,,,,,5.0,,,,,,,,,,,,
536477,2,2646,33,6.907634164777021,2646.0,0.15,0.1272260015117158,0.07768707482993198,33.57460317460317,24.0,6.0,1.1508692365835222,2.108087679516251,1.219652305366591,1.6705215419501134,5.337566137566138,6.101738473167045,,,,,1.2884353741496597
543501,1,626,20,6.39,626.0,0.29,0.3,0.13,25.3,8.0,1.0,0.7,1.2,0.4,1.6,3.2999999999999994,4.2,,,,,1.2
566013,2,2114,28,7.090804162724692,2114.0,0.3400000000000001,0.31,0.11839167455061496,18.828713339640494,34.0,6.0,1.3,1.3229895931882687,0.5229895931882687,0.8344843897824031,2.5919583727530746,3.6620624408703875,,,,,0.6
406609,1,414,18,,414.0,0.22,0.22,0.06,42.4,4.0,,0.20000000000000004,2.6,1.1,1.1,5.0,4.3,,,,,1.3
326329,2,3285,37,6.92,3285.0,0.030000000000000002,0.05917808219178082,0.06589041095890412,55.12602739726027,17.0,4.0,0.3,0.7917808219178082,1.0917808219178085,6.236986301369863,9.604109589041096,3.734246575342466,,,,,0.7493150684931507
806245,2,2840,33,7.242288732394366,2840.0,0.19207746478873244,0.15232394366197183,0.13626760563380283,28.774295774647886,42.0,6.0,1.2883802816901408,1.9161971830985915,1.1,1.0058098591549296,4.304577464788732,6.251056338028167,,,,,0.7522887323943662
653725,2,2403,32,6.880565959217645,2403.0,0.13,0.11929671244277987,0.11318352059925095,29.59979192675822,29.0,6.0,0.7146483562213898,2.1707032875572203,1.2318352059925095,1.8414065751144402,5.34394506866417,2.819725343320849,,,,,0.7267582188930504
315283,2,2066,32,7.090687318489835,2066.0,0.54,0.43,0.07,15.6,27.0,4.0,0.7,0.5,0.2,1.2,2.2,2.7,,,,,1.3
457341,1,349,9,,349.0,,,,,7.0,2.0,,,,,,,,,,,
1233996,2,407,9,7.62,407.0,,0.52,0.16,26.7,4.0,2.0,2.2,3.6,0.9,2.2,6.7,3.1,,,,,0.4000000000000001
671735,2,3143,38,6.923942093541203,3143.0,0.030000000000000002,0.10298440979955457,0.12200445434298442,30.71314031180401,40.0,5.0,0.7498886414253898,1.5501113585746102,0.4,0.5302895322939867,2.6503340757238307,4.9,,,,,0.9503340757238308
529223,2,1867,29,6.798237814675951,1867.0,0.06,0.0486877343331548,0.16049812533476163,26.503642206748793,32.0,7.0,0.3,1.7950187466523833,0.9212640599892876,3.416282806641671,6.398178896625603,3.878735940010712,,,,,1.0475093733261918
900072,2,2757,36,6.81746826260428,2757.0,0.16392455567645992,0.07240478781284004,0.01873413130214001,23.92020311933261,13.0,,0.2,2.4848023213638015,1.6746826260428003,2.4050779833151976,7.0772216177004,3.846826260428001,,,,,1.435437069278201
987376,1,138,5,,138.0,,,,,2.0,,,,,,,,,,,,
542858,2,2951,35,6.678891901050491,2951.0,,0.05725516773974923,0.03817011182649949,46.53737716028464,7.0,2.0,0.20914944086750256,0.9091494408675026,1.1548966452050153,7.880413419179939,11.299356150457472,3.8451033547949844,,,,,1.2457472043375126
894050,2,533,19,,533.0,0.17,0.14,0.02,54.2,2.0,,,1.7,1.2,5.6,8.6,4.1,,,,,0.9
453121,2,3154,37,6.859153455928979,3154.0,0.34,0.33645529486366516,0.11407419150285353,16.813760304375396,23.0,7.0,0.3592580849714648,0.7,0.09999999999999999,0.7,1.7984147114774889,2.601585288522511,,,,,1.0846544071020925
205940,2,1049,29,6.700076263107721,1049.0,0.2,0.26085795996186845,0.29959008579599616,30.813060057197333,18.0,3.0,2.3,1.134699714013346,1.1261201143946615,1.917159199237369,4.164918970448046,4.082078169685415,,,,,0.7
865281,1,2044,28,7.19,2044.0,0.31,0.13,0.08,22.6,34.0,3.0,0.5,1.8,1.1,1.7,4.8,3.9,,,,,0.8
256718,1,55,1,,55.0,,,,,,,,,,,,,,,,,
936294,2,104,3,,104.0,,,,,,,,,,,,,,,,,
257987,1,541,17,,541.0,0.17,0.12000000000000001,0.25,29.3,7.0,,0.2,3.3,1.5,4.7,9.6,3.7,,,,,2.2
747017,2,1054,19,7.67,1054.0,,0.09,0.12,52.4,10.0,3.0,,3.2,0.4,1.6,5.2,6.0,,,,,
918365,2,77,2,,77.0,,,,,3.0,1.0,,,,,,,,,,,
656800,1,1371,23,6.59,1371.0,0.19999999999999998,0.11999999999999998,0.02,28.7,6.0,,1.1,2.5,0.7999999999999999,4.3,8.4,4.9,,,,,1.2
578544,2,2424,32,6.97,2424.0,0.39,0.34,0.06,17.6,32.0,4.0,0.7,1.8999999999999997,0.8,1.1,4.0,3.1,,,,,1.7999999999999998
59145,1,282,5,,282.0,,,,,,,,,,,,,,,,,
631904,1,2845,32,6.57,2845.0,0.06,0.04,0.04,40.6,11.0,2.0,0.2,1.3,1.0,5.9,8.8,3.3,,,,,0.9
369552,2,1950,31,6.91,1950.0,0.23,0.17,0.16000000000000003,32.7,26.0,5.0,0.4,1.9,0.6,2.1,4.7,3.9,,,,,1.2
618086,2,887,14,,887.0,,,,,3.0,,,,,,,,,,,,
361066,2,287,8,6.71,287.0,,0.09,0.22999999999999998,33.3,7.0,1.0,0.6,0.6,0.6,1.8,3.1,1.8,,,,,0.6
361082,2,450,5,7.659999999999999,450.0,,,0.01,25.0,,,,,,0.3,0.3,13.7,1.0,5.7,77.3,1.7,
332530,2,1147,15,7.4,1147.0,,,0.03,43.3,8.0,,0.3,1.0,0.3,4.7,6.0,5.0,,,,,
393239,2,2469,33,6.913511543134872,2469.0,0.11,0.21,0.21,19.2,41.0,11.0,1.3,0.5,0.3,0.7,1.6,3.0,,,,,0.2
605395,2,3159,36,6.805014245014244,3159.0,0.05758784425451092,0.06867046533713202,0.039002849002849,43.22269705603039,9.0,1.0,0.1,0.99667616334283,0.9,7.087274453941121,10.06039886039886,3.0595441595441595,,,,,0.7066476733143399
604813,2,962,25,6.431112266112266,962.0,0.41,0.58,0.08,14.800000000000002,14.0,2.0,1.0,0.5,0.4000000000000001,0.8000000000000002,2.0,3.2999999999999994,,,,,1.7
1008564,1,585,7,,585.0,,,,,2.0,,,,,,,,,,,,
1347762,1,192,10,,192.0,,,,,1.0,,,,,,,,,,,,
422932,2,1523,21,6.33,1523.0,0.07,0.0840446487196323,0.049500984898227185,21.78450426789232,8.0,1.0,,1.4772816808929745,0.45318450426789236,3.521339461588969,5.793630991464216,2.1227183191070256,,,,,0.5595535128036769
503640,1,1320,16,,1320.0,,,,,7.0,1.0,,,,,,,,,,,
4380,2,1481,27,6.804686022957461,1481.0,0.3074341661039838,0.16041863605671844,0.2197906819716408,21.248953409858203,37.0,5.0,0.4,1.161647535449021,0.7,2.040445644834571,4.176569885212693,2.8319378798109387,,,,,0.7914922349763673
517811,2,54,6,,54.0,,,,,,,,,,,,,,,,,
576682,2,2390,30,6.785430962343097,2390.0,,0.02,0.04771548117154812,24.771966527196653,17.0,3.0,0.742887029288703,1.8515062761506278,1.9743514644351463,3.468535564853556,7.582970711297071,4.868744769874477,,,,,1.0543096234309624
627069,2,2484,33,6.85,2484.0,0.04,0.07,0.04,35.7,16.0,,0.5,2.3,1.3,5.6,10.4,3.2,,,,,1.3
388220,1,511,9,,511.0,,,,,6.0,,,,,,,,,,,,
559325,1,1665,24,6.99,1665.0,,0.03,0.1,37.9,11.0,3.0,0.6,3.6,1.6,3.2,9.4,5.8,,,,,1.2
595940,1,1531,23,6.54,1531.0,0.12,0.09,0.11,27.0,17.0,2.0,0.5,2.4,1.1,1.9000000000000001,5.8,4.0,,,,,0.9
482141,2,468,11,6.33,468.0,,0.14,0.02,35.3,2.0,,,1.3,2.0,4.7,8.0,3.3,,,,,2.0
237244,2,2317,31,7.269999999999999,2317.0,0.12000000000000001,0.1,0.14,24.8,36.0,2.0,0.6,1.7,1.1,3.8,7.0,3.4,,,,,0.7
412937,1,1626,25,6.59,1626.0,,0.01,0.04,30.399999999999995,7.0,1.0,0.3,2.2,1.1,4.4,8.2,4.0,,,,,1.0
324344,1,2177,34,6.85,2177.0,0.08,0.11,0.19,21.3,45.0,9.0,0.7,1.6,0.4,1.0,3.1,4.2,,,,,0.7
1175048,2,1481,27,6.804686022957461,1481.0,0.3074341661039838,0.16041863605671844,0.2197906819716408,21.248953409858203,37.0,5.0,0.4,1.161647535449021,0.7,2.040445644834571,4.176569885212693,2.8319378798109387,,,,,0.7914922349763673
42460,2,2456,33,7.671050488599348,2456.0,0.32651465798045604,0.2145358306188925,0.31224755700325735,30.867182410423453,60.0,20.0,0.5806188925081434,1.645358306188925,1.070928338762215,1.7030944625407167,4.538762214983714,3.364739413680782,,,,,1.1
659521,2,1846,24,6.871820151679307,1846.0,0.35,0.058624052004333696,0.061375947995666306,34.164355362946914,19.0,2.0,0.786240520043337,2.4036836403033583,1.8963163596966413,1.8614301191765983,6.4614301191765975,5.117443120260021,,,,,1.8761646803900325
361112,2,1744,32,6.698211009174312,1744.0,0.06,0.02701834862385321,0.09727064220183486,40.841743119266056,12.0,2.0,0.1,0.9552752293577982,1.0,2.52545871559633,4.8807339449541285,5.306192660550459,,,,,1.0
202788,2,1897,30,7.012920400632578,1897.0,,0.08430680021085926,0.04715340010542963,58.13863995782815,9.0,,0.2,1.586136004217185,0.8620453347390616,5.491249341064839,8.801476014760148,4.590511333684765,,,,,1.4
508639,1,838,18,6.650000000000001,838.0,0.21,0.36,0.13,18.9,13.0,2.0,1.6000000000000003,2.3,0.3,0.3,3.0,6.3,,,,,1.7
513963,1,361,10,,361.0,,,,,5.0,3.0,,,,,,,,,,,
656132,2,1728,29,6.7402546296296295,1728.0,0.06,0.02,0.13130208333333335,32.8879050925926,15.0,3.0,0.6,2.051678240740741,1.1159722222222224,2.7260416666666663,6.303356481481482,4.9966435185185185,,,,,1.4193287037037035
53696,2,2970,33,6.9351515151515155,2970.0,,,0.0,19.863636363636363,2.0,,,,,0.7,0.7,8.469696969696969,6.0,2.5,68.67575757575757,1.093939393939394,
381469,1,90,1,,90.0,,,,,,,,,,,,,1.0,,,,
557410,1,39,2,,39.0,,,,,,,,,,,,,,,,,
439292,1,1200,18,6.58,1200.0,0.38,0.4,0.08,13.5,9.0,1.0,0.5,1.0,0.1,0.3,1.3,2.0,,,,,1.3
541020,1,2746,32,6.95,2746.0,0.03,0.03,0.09,32.4,26.0,3.0,0.9,2.8,1.3,3.7,8.3,5.2,,,,,0.7
540927,1,2030,32,6.79,2030.0,0.27,0.14,0.16,15.4,25.0,7.0,0.9,1.2,0.3,0.6,2.0,3.9,,,,,1.4
227039,1,1056,13,,1056.0,,,,,34.0,10.0,,,,,,,,,,,
182582,2,3023,34,7.31,3023.0,0.06,0.07,0.2,45.60000000000001,57.0,9.0,0.7,1.6999999999999997,1.1,2.4,5.4,8.4,,,,,1.3
891835,2,2946,34,6.679164969450102,2946.0,0.33,0.038248472505091655,0.01,41.21568228105906,8.0,,0.2,0.9091649694501018,1.2725050916496945,5.727494908350306,9.663340122199592,2.518329938900204,,,,,1.0633401221995928
686845,2,283,6,,283.0,,,,,3.0,,,,,,,,,,,,
678641,2,1851,29,6.704149108589951,1851.0,0.12,0.1166612641815235,0.026110210696920582,31.994165316045382,10.0,2.0,0.09999999999999999,1.6444084278768234,1.4833063209076174,7.113938411669368,11.0,3.3471636952998383,,,,,1.1860615883306322
679597,2,351,12,6.59,351.0,,0.31,0.22,11.7,6.0,3.0,,0.7,,1.5,2.2,7.3,,,,,1.5
301696,2,3000,34,7.194800000000001,3000.0,,,0.019399999999999997,27.72,3.0,2.0,,,,1.376,1.376,9.687999999999999,7.0,3.718,72.292,1.47,
729010,1,2790,31,6.6,2790.0,,,0.0,18.3,1.0,,,0.1,,0.8,0.9,9.3,6.0,4.1,66.3,2.1,
528652,2,539,20,,539.0,,0.04,0.1,36.4,5.0,1.0,0.2,1.4,0.7,3.8,6.1,5.0,,,,,1.0
566043,1,905,15,,905.0,,,,,10.0,,,,,,,,,,,,
980576,1,329,8,,329.0,,,,,7.0,1.0,,,,,,,,,,,
428502,1,2821,32,6.99,2821.0,0.16,0.1,0.12,25.9,37.0,7.0,0.3,1.6,0.7,2.8,5.6,4.3,,,,,1.2
964426,2,1209,27,6.9784863523573195,1209.0,0.08,0.13,0.23000000000000004,49.8,22.0,6.0,1.2,1.7999999999999998,0.8,0.3,3.0,5.5,,,,,1.7999999999999998
554389,1,2880,32,7.42,2880.0,,,0.0,15.6,2.0,2.0,0.1,0.0,0.0,0.8,0.8,8.5,19.0,1.7,76.4,0.5,
742803,2,1912,27,7.121767782426778,1912.0,,0.08,0.14529288702928872,44.38002092050209,21.0,3.0,0.2,2.380020920502092,1.9,0.9,5.143514644351464,5.23765690376569,,,,,1.5706066945606694
487834,2,2023,24,7.267889273356402,2023.0,0.05,0.03,0.04,44.5,4.0,2.0,0.1,0.8,1.3,4.8,7.4,3.8,,,,,0.8
371256,1,1127,13,,1127.0,,,,,20.0,2.0,,,,,,,,,,,
491296,1,1612,29,6.94,1612.0,0.22,0.19000000000000003,0.26,25.0,35.0,10.0,1.5,1.2,0.5,0.7,2.3,4.0,,,,,1.1
539252,1,1745,24,7.180000000000001,1745.0,,0.030000000000000002,0.12000000000000001,32.6,24.0,1.0,1.0,2.1,1.4,2.9,6.6,3.8,,,,,2.2
553663,1,1608,20,7.25,1608.0,0.05999999999999999,0.010000000000000002,0.11999999999999998,38.2,21.0,5.0,0.8,1.5,0.8,2.6,5.0,3.7,,,,,0.9
324351,1,2269,26,7.39,2269.0,0.08,0.09,0.01,51.0,4.0,,0.4,1.3,1.4,4.4,7.5,4.9,,,,,0.9
457673,1,635,13,,635.0,,,,,19.0,3.0,,,,,,,,,,,
919262,1,329,8,,329.0,,,,,9.0,2.0,,,,,,,,,,,
1305935,1,910,15,,910.0,,,,,11.0,2.0,,,,,,,,,,,
733579,1,106,6,,106.0,,,,,3.0,1.0,,,,,,,,,,,
334557,1,1983,30,7.07,1983.0,0.18,0.26,0.23,24.4,52.0,11.0,0.6,1.0,0.7,0.3,2.1,3.9,,,,,0.9
242273,1,1586,21,6.89,1586.0,,0.01,0.11,51.6,14.0,4.0,0.20000000000000004,1.8,0.6999999999999998,1.2,4.0,3.6,,,,,1.3999999999999997
676318,1,320,8,,320.0,,,,,6.0,1.0,,,,,,,,,,,
330126,1,1308,25,6.7,1308.0,0.34,0.49,0.18,14.2,16.0,5.0,0.7,0.3,0.3,0.8,1.4,1.1,,,,,1.3
401394,1,1466,27,7.02,1466.0,0.12,0.12,0.09999999999999999,52.199999999999996,20.0,4.0,0.7999999999999999,2.1,1.4000000000000001,1.2,4.7,4.4,,,,,1.4000000000000001
521127,2,2198,29,7.2556050955414015,2198.0,0.77,0.8139854413102822,0.057952684258416744,13.164877161055506,21.0,1.0,0.3286624203821656,0.1,0.1,0.3286624203821656,0.6163785259326661,1.8,,,,,0.9
262523,1,2111,25,7.21,2111.0,0.09,0.07,0.1,37.1,21.0,8.0,1.0,2.6,0.9,2.9,6.6,3.9,,,,,1.2
654099,1,973,19,7.22,973.0,0.09,0.1,0.1,51.3,16.0,,1.4,1.7,0.6,1.0,3.6,5.9,,,,,1.1
256977,1,1311,21,7.260000000000001,1311.0,0.14,0.21,0.31,28.400000000000002,38.0,7.0,1.7,0.9,0.19999999999999998,0.19999999999999998,1.3,3.6999999999999997,,,,,1.4
905184,1,2354,29,7.199999999999999,2354.0,0.34,0.47,0.1,6.5,29.0,8.0,2.2,0.5,0.1,1.0,1.6,2.4,,,,,2.8
906748,1,837,14,,837.0,,,,,15.0,1.0,,,,,,,,,,,
1010577,2,838,19,7.24,838.0,,0.05,0.03,36.0,6.0,,0.8,4.6,1.2,1.0,6.9,5.1,,,,,2.0
386726,1,347,21,,347.0,0.52,0.48,0.61,42.8,12.0,4.0,0.8,0.8,0.3,,1.0,4.4,,,,,0.5
221958,1,286,10,,286.0,,,,,4.0,1.0,,,,,,,,,,,
462977,2,934,13,8.03,934.0,,0.09,0.27,24.0,30.0,5.0,2.0,1.0,,,1.0,2.0,,,,,1.0
162571,1,1488,22,7.380000000000001,1488.0,0.3,0.31,0.2,40.2,35.0,5.0,1.0,2.1,0.7,0.3,3.1,5.9,,,,,1.9
357117,1,1935,22,7.170000000000001,1935.0,,,0.0,17.4,,,0.0,0.0,0.0,0.7,0.8,7.7,7.0,2.0,67.7,0.9,0.0
317806,1,182,5,,182.0,,,,,1.0,,,,,,,,,,,,
417575,2,2562,30,7.206533957845434,2562.0,0.14126463700234193,0.13810304449648714,0.058594847775175644,29.201873536299765,30.0,4.0,0.5,1.5526932084309133,1.0,2.3508196721311476,4.964871194379391,5.0,,,,,1.8421545667447308
701325,2,1323,18,6.89,1323.0,,0.01,0.17,42.1,22.0,2.0,0.6,2.6,0.9,2.6,6.6000000000000005,4.7,,,,,1.6
536507,1,947,16,,947.0,,,,,6.0,1.0,,,,,,,,,,,
257448,2,1783,28,7.127571508693213,1783.0,0.16,0.24141895681435782,0.22807627593942792,28.2019068984857,38.0,5.0,2.860572069545709,1.4747616376892878,0.9,,2.3293325855300053,4.7091418956814355,,,,,1.1009534492428492
325924,1,1922,22,6.91,1922.0,,0.04,0.03,46.7,3.0,,0.2,1.4,1.4,3.2,6.4,4.1,,,,,1.5
379168,2,1744,24,6.684518348623854,1744.0,,0.07309633027522937,0.021548165137614678,24.3723623853211,8.0,,1.1,1.7587155963302754,0.9000000000000001,3.232912844036697,6.22454128440367,3.707110091743119,,,,,1.7670871559633026
375376,1,1349,15,,1349.0,,,,,2.0,,,,,,,,,,,,
381348,1,99,4,,99.0,,,,,2.0,,,,,,,,,,,,
354741,2,1810,26,6.55,1810.0,0.20000000000000004,0.41,0.060000000000000005,7.900000000000001,16.0,3.0,0.6999999999999998,0.6,0.10000000000000002,1.0,2.0,1.3,,,,,1.3
249157,2,1362,19,6.76555066079295,1362.0,0.14,0.07,0.028678414096916297,23.376211453744492,14.0,,0.3,0.9066079295154185,0.8132158590308369,1.2916299559471367,3.4784140969162993,2.879295154185022,,,,,1.2801762114537445
258027,1,598,14,,598.0,,,,,9.0,1.0,,,,,,,,,,,
206386,1,1336,18,7.21,1336.0,0.27,0.09,0.01,35.0,4.0,1.0,0.3,1.3,1.2,6.2,9.2,3.5,,,,,0.6
307058,1,1261,24,7.32,1261.0,0.71,0.68,0.2,17.6,25.0,5.0,0.6,1.1,0.2,0.6,1.9000000000000001,2.1,,,,,1.7
311178,1,1918,24,7.12,1918.0,0.05,0.04,0.12,34.3,21.0,6.0,0.9,1.7,1.0,2.0,4.8,4.4,,,,,0.6
422466,1,849,11,,849.0,,,,,2.0,,,,,,,,,,,,
137648,1,1175,15,,1175.0,,,,,1.0,1.0,,,,,,,,,,,
429551,1,557,13,,557.0,,,,,10.0,1.0,,,,,,,,,,,
290273,1,2404,30,6.949999999999999,2404.0,,0.04,0.05999999999999999,39.5,26.0,2.0,0.3,1.2,1.0,3.4,5.8,3.5999999999999996,,,,,1.8999999999999997
282810,1,1537,23,6.88,1537.0,0.06,0.14,0.12,21.3,20.0,1.0,1.7,1.1,0.1,0.4,1.6,4.4,,,,,1.8
368942,1,2577,34,6.959999999999999,2577.0,0.17,0.13,0.13,29.400000000000002,46.0,9.0,1.5999999999999999,0.7999999999999999,0.6,0.39999999999999997,1.9000000000000001,4.2,,,,,0.9
735354,1,341,7,,341.0,,,,,1.0,,,,,,,,,,,,
282199,1,1347,17,6.84,1347.0,,0.03,0.01,34.3,3.0,,0.20000000000000004,1.4,0.7,6.400000000000001,9.5,3.9000000000000004,,,,,0.8999999999999999
554251,1,1660,26,7.02,1660.0,0.16,0.05,0.11,25.3,22.0,6.0,1.4,1.1,1.1,4.0,6.4,4.2,,,,,1.2
1082582,1,341,4,,341.0,,,,,,,,,,,,,,,,,
384060,1,786,16,,786.0,,,,,9.0,1.0,,,,,,,,,,,
339829,2,2492,31,6.904582664526485,2492.0,,0.01,0.03891653290529695,31.892134831460673,13.0,1.0,0.2,1.771107544141252,1.07223113964687,3.0963884430176565,6.457784911717496,2.843338683788122,,,,,1.578330658105939
623561,1,2742,31,7.09,2742.0,0.029999999999999995,0.049999999999999996,0.23000000000000004,34.5,39.0,14.0,0.7,1.5999999999999999,1.3,2.5,5.9,3.8000000000000003,,,,,0.9
1031590,1,1163,20,6.66,1163.0,0.15,0.04,0.02,23.8,7.0,,1.6,2.5,0.9,0.8,4.4,4.8,,,,,2.2
878247,1,90,1,,90.0,,,,,,,,,,,,,,,,,
113707,1,265,7,,265.0,,,,,4.0,,,,,,,,,,,,
481117,2,304,10,6.919999999999999,304.0,,,,,6.0,2.0,,,,,,,,,,,
182688,1,1054,22,6.63,1054.0,,0.0,0.05,35.7,4.0,,0.4,2.1,1.5,1.1,5.1,5.5,,,,,1.8
1083607,1,1002,20,6.66,1002.0,0.27,0.11,0.1,22.9,11.0,1.0,0.8,1.3,0.4,0.6,2.4,4.0,,,,,1.1
1108145,1,1352,16,,1352.0,,,,,13.0,2.0,,,,,,,,,,,
398808,1,980,13,,980.0,,,,,7.0,1.0,,,,,,,,,,,
435288,2,2243,27,7.109135086937138,2243.0,0.21,0.12000000000000001,0.11679001337494428,55.61604993312528,37.0,4.0,1.1,1.6719126170307623,0.7521622826571556,0.6,3.287962550156041,5.343825234061525,,,,,1.4799375835934017
353403,2,2427,29,6.860333745364647,2427.0,0.12,0.04,0.0492583436341162,44.006551297898646,22.0,3.0,0.5,1.4814585908529048,0.6,1.5556242274412855,3.940791100123609,4.348084054388134,,,,,1.0370828182941905
644244,1,2605,31,6.96,2605.0,,0.01,0.029999999999999995,50.8,9.0,2.0,0.2,1.5,1.7,1.9,5.7,4.9,,,,,0.9
9852,1,8,1,,8.0,,,,,,,,,,,,,,,,,
586746,2,2963,33,6.883830577117786,2963.0,0.06,0.08,0.06817752278096524,27.76284171447857,22.0,5.0,0.7,1.6,0.9030374620317247,2.9392507593655077,5.587613904826189,2.745325683428957,,,,,0.7
586744,2,2319,26,6.939159120310479,2319.0,0.08,0.07,0.01961190168175938,54.044243208279426,6.0,2.0,0.1,1.3,0.7,5.480595084087969,8.364165588615784,3.0776196636481243,,,,,0.42328589909443726
435808,1,1520,29,6.52,1520.0,0.12000000000000001,0.07,0.07,28.8,20.0,2.0,0.8,2.4,0.8,1.1,4.6,3.6,,,,,2.8
905189,1,1400,21,6.85,1400.0,0.45,0.34,0.13,9.7,13.0,3.0,1.0,1.4,0.6,0.6,2.6,2.4,,,,,2.5
896234,1,1600,26,7.16,1600.0,0.17,0.2,0.26,35.7,33.0,5.0,1.2,2.3,0.7,0.8,3.9,4.8,,,,,2.2
81455,1,564,8,,564.0,,,,,6.0,2.0,,,,,,,,,,,
451677,1,3072,36,8.07,3072.0,0.5,0.51,0.47,32.3,135.0,25.0,1.2,0.8000000000000002,0.3,1.0,2.2,3.9,,,,,0.9
990148,1,2247,34,6.99,2247.0,,0.19,0.31,32.6,66.0,13.0,2.4,1.2,0.2,0.5,1.9000000000000001,4.2,,,,,0.9
503883,1,360,4,,360.0,,,,,,,,,,,,,,,,,
893661,1,2668,33,6.99,2668.0,0.1,0.05999999999999999,0.029999999999999995,61.39999999999999,6.0,2.0,0.1,1.2,0.9000000000000001,3.8999999999999995,6.700000000000001,3.2,,,,,1.2
780136,1,3076,39,7.26,3076.0,0.18,0.14,0.12,43.9,33.0,6.0,0.2,1.1,1.3,2.8,5.7,4.6,,,,,0.9
1105541,1,2739,36,6.9,2739.0,0.07,0.06,0.07,26.8,28.0,3.0,0.7,2.0,1.2,1.6,5.0,4.3,,,,,1.5
717329,2,2757,43,7.334573812114617,2757.0,0.7144903881030107,0.6466086325716358,0.13,12.744903881030105,42.0,8.0,0.6720348204570185,1.0,0.21864345302865432,0.6093217265143273,1.8254261878853826,1.9838955386289447,,,,,0.6720348204570185
699783,1,1995,30,6.83,1995.0,0.05,0.11999999999999998,0.05,54.1,10.0,,0.7,1.9,0.9,1.4,4.5,5.4,,,,,1.4
945021,1,3099,38,7.55,3099.0,0.08999999999999998,0.1,0.22,32.8,61.0,14.0,1.4,2.0,1.2,2.5,5.9,5.8,,,,,0.7
683571,1,80,4,,80.0,,,,,,,,,,,,,,,,,
742451,2,3086,40,7.459241736876216,3086.0,0.2661244329228775,0.22274789371354506,0.28749837977965004,26.661244329228776,70.0,10.0,1.8749837977965003,1.3349967595593002,0.608749189889825,0.8174983797796501,2.7524951393389503,2.973752430330525,,,,,0.8
981196,2,3236,42,7.138566131025957,3236.0,0.06,0.05365883807169345,0.10678615574783684,45.59283065512979,35.0,4.0,0.3,1.7,1.2401730531520394,2.7678615574783683,5.956242274412856,3.3196538936959206,,,,,0.6678615574783683
820474,2,3333,38,7.31056705670567,3333.0,0.24,0.16516651665166518,0.13202220222022204,36.35967596759676,51.0,7.0,1.0696669666966698,1.4617761776177618,0.7404440444044403,2.849444944494449,5.441554155415542,4.697779777977798,,,,,0.5696669666966696
888785,2,1553,25,6.92,1553.0,0.54,0.74,0.06,9.9,14.0,2.0,0.4,0.2,0.2,1.3,1.8,2.9,,,,,1.7
903611,1,1902,22,7.6,1902.0,0.28,0.18,0.21,26.3,46.0,9.0,2.1,2.9,0.8,1.4,5.2,5.0,,,,,1.5
592403,2,2987,38,7.329999999999999,2987.0,0.12,0.07,0.18999999999999997,48.5,40.0,7.0,0.6,1.9,0.9000000000000001,0.7,3.7,5.9,,,,,1.3
800948,1,178,2,,178.0,,,,,,,,,,,,,,,,,
428920,2,3110,36,7.402154340836013,3110.0,0.029999999999999995,0.0865273311897106,0.07115755627009647,43.27459807073955,13.0,4.0,0.3405144694533762,3.405787781350482,1.5942122186495178,4.405787781350483,9.840514469453378,3.6231511254019293,,,,,1.434726688102894
1019174,2,3779,42,7.119280232865837,3779.0,,0.020000000000000004,0.05714210108494311,67.36395871923789,17.0,3.0,0.1,1.7214077798359353,1.4214342418629267,7.0714474728764225,11.050013231013496,3.6071976713416247,,,,,0.6071447472876422
897510,2,1735,31,6.6462536023054755,1735.0,0.5,0.42380403458213256,0.05873198847262248,12.227377521613834,18.0,2.0,0.4,0.8,0.3,1.0,2.2048991354466856,2.4,,,,,1.8302593659942363
916623,1,2885,38,7.019999999999999,2885.0,0.34,0.42000000000000004,0.13,12.8,30.0,9.0,0.2,1.3,0.3,0.9,2.6,1.2,,,,,1.2
1033919,1,528,6,,528.0,,,,,7.0,1.0,,,,,,,,,,,
708454,2,1330,38,6.629999999999999,1330.0,0.55,0.44999999999999996,0.07,18.9,15.0,2.0,0.3,1.3,0.20000000000000004,1.0,2.6,3.4000000000000004,,,,,2.8
655021,2,2383,32,7.159714645404951,2383.0,,0.02,0.03,33.94733529164919,10.0,1.0,0.5,3.378094838438942,1.7050776332354176,1.8584137641628202,7.219681074276123,6.275870751154008,,,,,1.7415862358371803
1011936,1,84,5,,84.0,,,,,2.0,1.0,,,,,,,,,,,
680218,2,2880,32,7.048749999999999,2880.0,,0.0,0.0,18.343750000000004,1.0,1.0,0.3,0.0,,1.0250000000000001,1.0250000000000001,9.1125,9.0,3.359375,72.625,1.246875,0.3
743122,2,1922,30,7.238335067637876,1922.0,0.16,0.08157127991675338,0.2212382934443288,55.71290322580645,31.0,6.0,0.6669094693028097,2.1173777315296567,1.2578563995837668,1.7314255983350675,5.362851196670135,4.926430801248698,,,,,0.47190426638917793
463527,1,2835,32,7.17,2835.0,,,0.0,19.9,1.0,1.0,,0.0,,0.9,1.0,6.3,16.0,1.9,75.0,0.6,
356081,2,3956,44,7.479107684529828,3956.0,0.11338473205257836,0.13249241658240646,0.1173230535894843,53.459378159757335,52.0,7.0,0.4821536905965622,2.482153690596562,1.3,2.892922143579373,7.192922143579373,5.326769464105156,,,,,1.1178463094034379
842420,2,2464,36,6.813534902597402,2464.0,0.11999999999999998,0.12882305194805196,0.11059253246753246,32.75925324675325,28.0,3.0,0.6941152597402597,2.9117694805194803,1.0117694805194806,1.3882305194805193,5.6,4.90588474025974,,,,,1.858806818181818
283196,1,122,3,,122.0,,,,,1.0,,,,,,,,,,,,
707621,1,1223,15,,1223.0,,,,,20.0,6.0,,,,,,,,,,,
723487,2,1415,22,6.933667844522969,1415.0,,0.02,0.14,52.9,17.0,2.0,0.1,2.0,0.8,1.8,5.0,5.5,,,,,0.9
1054839,2,1021,26,8.21,1021.0,0.4,0.13220372184133206,0.31696376101860924,30.772967678746326,22.0,7.0,1.766111655239961,0.4779627815866797,0.5085210577864839,0.41018609206660134,1.4746327130264445,3.142409402546523,,,,,0.7
432403,1,3290,38,7.44,3290.0,0.14,0.16,0.17,31.8,62.0,8.0,0.6,2.1,1.2,1.6,5.2,5.0,,,,,1.3
569845,1,450,5,,450.0,,,,,11.0,1.0,,,,,,,,,,,
864306,1,240,3,,240.0,,,,,2.0,,,,,,,,,,,,
840149,1,175,3,,175.0,,,,,,,,,,,,,,,,,
748445,2,863,23,7.78,863.0,,0.01581691772885284,0.08290845886442641,59.60811123986095,10.0,,0.6999999999999998,1.9673232908458866,1.6928157589803015,1.2673232908458865,5.0274623406720735,7.810776361529549,,,,,0.6127462340672074
415522,1,2838,35,7.54,2838.0,0.32,0.27,0.28,45.0,100.0,15.0,0.6,0.6,0.4,0.3,1.4,5.4,,,,,0.5
509463,2,1698,29,6.944628975265017,1698.0,0.11,0.10000000000000002,0.08999999999999998,24.7,10.0,2.0,1.1,1.6000000000000003,0.3,0.9,2.9,5.8,,,,,0.9
446491,2,2476,35,7.31135702746365,2476.0,0.38,0.30902261712439416,0.10609046849757674,34.97031502423263,33.0,4.0,0.4,1.841357027463651,0.7951130856219709,2.143982229402262,4.880452342487883,3.6048869143780293,,,,,1.3612681744749595
738774,1,3071,35,6.88,3071.0,,0.03,0.04,42.8,14.0,2.0,0.1,1.7,1.6,4.5,8.6,3.5,,,,,1.3
684159,1,1825,31,6.86,1825.0,0.49,0.43,0.14,14.3,19.0,4.0,0.9,0.9,0.2,0.7,2.0,3.8,,,,,1.6
1038348,2,1859,32,6.789279182356106,1859.0,,0.08526089295320065,0.030000000000000002,33.871167294244216,12.0,1.0,0.8,3.240182894029048,1.3113501882732652,1.6,6.625766541151157,5.362883270575579,,,,,2.4257665411511566
715653,2,895,17,7.06,895.0,,0.02,0.23,23.5,25.0,9.0,0.7,1.4,,,2.8,4.8,,,,,0.7
668587,1,2554,30,7.349999999999999,2554.0,0.11,0.029999999999999995,0.27,27.200000000000003,58.0,17.0,0.8,2.6,1.7999999999999998,2.7,7.300000000000001,4.9,,,,,1.2
659518,2,114,5,6.55,114.0,,,,,2.0,,,,,,,,,,,,
867357,1,2910,36,7.06,2910.0,0.34,0.5,0.07,8.2,29.0,3.0,0.7,0.8,0.2,1.3,2.5,1.8,,,,,2.2
1043003,1,132,4,,132.0,,,,,1.0,,,,,,,,,,,,
780147,1,2756,37,6.98,2756.0,0.26,0.33,0.14,17.7,28.0,10.0,2.3,1.0,0.7,1.0,2.7,3.9,,,,,0.7
387143,1,3395,38,7.2,3395.0,0.03,0.07,0.21,37.6,86.0,12.0,0.5,2.2,1.6,1.5,5.7,4.7,,,,,1.2
923838,2,2327,37,6.707971637301246,2327.0,0.30811345079501506,0.4412978083369144,0.1010141813493769,10.201418134937686,24.0,6.0,1.189858186506231,0.4,0.13042544048130641,0.8492909325311561,1.4101418134937687,2.9202836269875374,,,,,1.1594327460249247
847279,1,1427,25,6.69,1427.0,0.44,0.4600000000000001,0.09000000000000001,13.8,22.0,2.0,1.5,0.9,0.2,0.3,1.5,2.6,,,,,1.8
497663,1,3014,36,6.95,3014.0,0.06,0.06,0.02,56.2,1.0,,0.1,2.3,0.7,5.0,8.7,3.5,,,,,0.8
624913,2,2629,34,7.27,2629.0,0.32,0.27,0.19,31.1,54.0,5.0,2.6,1.1,0.6,0.4,2.1,5.6,,,,,1.0
805484,2,2417,29,6.730144807612743,2417.0,0.16,0.05,0.01,37.63835333057509,3.0,,0.3,1.1854364915184112,1.4072817542407943,4.301944559371122,7.640297889946215,3.4708729830368226,,,,,0.4
137576,2,3629,42,7.507971893083494,3629.0,0.19,0.20840451915128133,0.20782584734086526,63.507412510333424,70.0,14.0,0.4217415265913475,1.0507302287131441,0.5782584734086526,1.320281069165059,3.3492697712868558,5.171011297878204,,,,,0.4855056489391017
707159,1,1491,30,6.970000000000001,1491.0,,0.12,0.38,40.0,51.0,11.0,0.9,0.5,0.19999999999999998,0.39999999999999997,1.4000000000000001,3.6999999999999997,,,,,0.39999999999999997
499758,2,1527,28,7.143641126391618,1527.0,0.3546758349705304,0.3992272429600524,0.2128552717747217,30.768958742632616,28.0,5.0,0.8,1.7935166994106089,0.3,0.9688277668631304,3.5467583497053043,3.397380484610347,,,,,1.8973804846103473
501737,2,3600,40,7.265,3600.0,,,0.0,22.67,,,,0.1,,1.165,1.26,7.78,9.0,2.93,71.48500000000001,1.145,0.0
580434,1,2859,32,6.96,2859.0,,,0.0,22.4,,,,0.1,,1.1,1.2,9.0,7.0,3.4,69.9,1.5,
486039,1,2653,38,7.14,2653.0,0.07,0.17,0.25,28.6,60.0,10.0,0.4,1.0,0.5,0.5,2.0,3.5,,,,,0.5
913660,1,2849,33,6.9,2849.0,0.03,0.03,0.03,51.1,7.0,1.0,0.1,1.6,1.3,6.2,9.7,4.3,,,,,1.7
450958,1,2622,32,7.6000000000000005,2622.0,0.17,0.13,0.08,39.9,20.0,3.0,0.19999999999999998,1.4,1.5999999999999999,5.6,9.0,3.8000000000000003,,,,,1.2
650712,2,3110,37,7.272636655948553,3110.0,0.32299035369774914,0.2203858520900322,0.17392282958199357,27.24244372990354,60.0,10.0,1.6607717041800643,1.117363344051447,0.5173633440514469,0.42604501607717044,2.0607717041800644,3.9176848874598065,,,,,0.5
1310437,1,2458,33,7.08,2458.0,0.37,0.37,0.13,17.3,46.0,8.0,1.4,0.6,0.4,0.6,1.6999999999999997,4.0,,,,,1.5
588866,1,800,23,6.41,800.0,0.11,0.13,0.16,44.6,10.0,1.0,0.5,1.3,0.8,0.7,2.8,4.1,,,,,0.9
877124,1,1279,16,,1279.0,,,,,4.0,,,,,,,,,,,,
565016,2,3217,39,6.915875038856076,3217.0,0.06,0.06664283493938453,0.01916070873484613,33.2610817531862,11.0,1.0,0.0,1.7328566987876906,1.8167858253030775,6.776251165682313,11.200714951818464,2.7328566987876903,,,,,0.8167858253030774
417228,2,536,11,6.37,536.0,,0.31,0.05,22.1,2.0,,0.7,,0.7,1.5,2.2,3.7,,,,,3.0
814491,2,3276,41,6.885448717948718,3276.0,0.18,0.23299450549450548,0.07688644688644689,21.5771978021978,36.0,7.0,1.7455128205128205,1.2532967032967033,0.3,0.2,1.7143772893772895,3.7323260073260074,,,,,1.4377289377289377
893659,2,1564,29,6.897512787723786,1564.0,,0.08,0.11999999999999998,44.4,19.0,3.0,0.1,1.2,0.8,3.1,5.2,4.8,,,,,1.0
449444,2,1337,26,6.890919970082273,1337.0,0.5393193717277487,0.491600598354525,0.143679880329095,14.31039640987285,20.0,3.0,1.0,1.318399401645475,0.3,0.3,1.86320119670905,3.2839940164547494,,,,,1.1103964098728496
1105547,2,1380,15,6.54,1380.0,,,0.0,20.5,2.0,,,,,1.5,1.5,6.0,6.0,1.8,46.7,2.0,
207015,1,3088,35,7.03,3088.0,0.29,0.38,0.1,15.7,33.0,10.0,0.6,0.8,0.2,1.6,2.8,2.8999999999999995,,,,,1.2
578680,2,1288,32,7.16,1288.0,,0.05,0.25,42.9,38.0,4.0,0.3,2.2,0.6,2.2,5.3,4.6,,,,,0.5
854325,1,3034,38,6.99,3034.0,0.06,0.04,0.04,38.1,20.0,2.0,0.6,2.8,1.5,2.2,6.9,6.4,,,,,2.2
543302,2,3082,39,7.258968202465931,3082.0,0.42,0.30901362751460093,0.2099805321219987,27.999740428293318,53.0,13.0,0.8699545749513304,0.8399740428293316,0.6,0.8,2.3400389357560023,3.5600259571706685,,,,,0.4199870214146658
580765,2,2523,32,6.914649227110583,2523.0,0.07,0.07,0.05392390011890607,24.93139120095125,7.0,,0.7107015457788347,1.2892984542211654,0.8,3.4570749108204515,5.903567181926278,4.071343638525565,,,,,0.7107015457788347
775981,1,2989,36,7.2,2989.0,0.09,0.06,0.09,33.6,43.0,6.0,0.8,2.6,1.4,1.7,6.0,5.2,,,,,0.6
655902,1,3322,38,6.96,3322.0,0.11,0.12,0.08,47.0,20.0,5.0,0.4000000000000001,1.2,1.3999999999999997,6.900000000000001,10.300000000000002,3.9,,,,,0.6999999999999998
952439,2,1302,31,6.620000000000001,1302.0,0.35,0.45000000000000007,0.05,12.3,15.0,1.0,1.5,0.8,0.3,0.4,1.5,2.0,,,,,2.2
649022,2,1021,19,7.2,1021.0,,,,,5.0,,,,,,,,,,,,
1263687,2,918,17,,918.0,,,,,2.0,1.0,,,,,,,,,,,
1285174,2,1446,35,6.610000000000001,1446.0,0.32,0.33,0.14,16.1,21.0,6.0,1.6,0.6,0.4,0.6,1.6,3.1,,,,,1.5
912436,2,1047,26,,1047.0,0.09,0.11,0.25,31.2,19.0,7.0,1.9,1.9,0.7,0.5,3.3,3.9,,,,,1.1
910176,2,3230,39,7.005789473684211,3230.0,0.17,0.05789473684210526,0.13947368421052633,32.24210526315789,37.0,4.0,1.1789473684210527,0.9368421052631579,0.6894736842105263,1.6368421052631579,3.4526315789473685,5.6421052631578945,,,,,0.4052631578947368
708455,1,2796,32,7.04,2796.0,0.06,0.09,0.16,31.4,35.0,6.0,0.4,1.5,0.7,1.3,4.0,4.5,,,,,0.8
949337,2,1651,24,7.194245911568746,1651.0,0.26866747425802545,0.06610539067231981,0.12695941853422169,18.793700787401576,16.0,4.0,1.6542701393095096,1.9881889763779528,1.1,0.8932162325863113,4.0,5.103270745003028,,,,,1.0
364896,2,1589,35,6.48,1589.0,0.4,0.44,0.1,15.1,15.0,2.0,1.0,0.8,0.2,0.7,1.8,3.0,,,,,1.0
563139,2,2850,36,6.731677192982456,2850.0,0.03,0.06,0.06640701754385965,36.51382456140351,12.0,4.0,0.30898245614035086,1.6449122807017547,1.1550877192982454,3.969473684210527,7.251508771929824,4.20659649122807,,,,,0.6730526315789473
852953,2,3452,42,7.14404403244496,3452.0,0.15877172653534186,0.2492931633835458,0.13947856315179608,26.98586326767092,42.0,10.0,1.241714947856315,1.284356894553882,0.40521436848203946,1.4052143684820393,3.1895712630359214,5.042641946697565,,,,,1.457358053302433
685106,2,3195,36,7.260985915492958,3195.0,,,0.0,19.93943661971831,,,,0.0,,1.5492957746478873,1.5492957746478873,7.483098591549296,8.0,4.3,73.14788732394368,1.5676056338028168,
997474,2,1528,20,7.429999999999999,1528.0,0.5,0.14,0.05999999999999999,70.0,4.0,,,2.5,1.3,5.5,10.3,3.5,,,,,1.3
408562,2,1649,23,6.956197695573075,1649.0,0.06,0.041091570648878105,0.12637355973317163,23.591570648878108,16.0,3.0,0.6,1.252819890842935,1.1235900545785324,4.0,7.054578532443905,3.3964827167980594,,,,,0.5890842935112189
570781,1,1310,25,6.71,1310.0,0.14,0.08,0.19,37.0,23.0,5.0,0.8,1.3,2.1,1.2,4.8,4.9,,,,,1.8
1122196,2,1254,25,6.772838915470494,1254.0,0.45999999999999996,0.63,0.05999999999999999,13.9,9.0,1.0,0.7,0.5,,0.9,1.4,2.5,,,,,1.7
820146,2,3620,42,6.804640883977902,3620.0,0.08,0.057513812154696135,0.009502762430939227,36.34088397790055,1.0,,0.14475138121546963,1.2441988950276244,0.7397790055248619,4.929834254143646,7.533701657458564,3.4342541436464087,,,,,0.8099447513812155
1176295,1,1771,27,6.91,1771.0,0.56,0.58,0.08,9.699999999999998,14.0,3.0,0.3,0.6,0.20000000000000004,1.8999999999999997,2.7999999999999994,1.8,,,,,1.3999999999999997
540315,1,545,11,,545.0,,,,,7.0,,,,,,,,,,,,
617377,2,2924,33,6.937995896032832,2924.0,,,0.0,16.7015731874145,3.0,1.0,,0.10000000000000002,,0.7015731874145006,0.7923392612859098,7.820041039671683,8.0,3.1538303693570455,71.03043775649795,1.336935704514364,
475208,1,3494,39,6.93,3494.0,0.05,0.07,0.10999999999999999,29.8,36.0,5.0,1.0,1.4,0.8,2.9,5.3,3.9,,,,,1.0
480975,1,2233,30,7.02,2233.0,0.28,0.29,0.18,17.7,37.0,10.0,1.3,1.4,0.6,1.1,3.5,4.0,,,,,1.3
660746,2,2052,29,7.123859649122807,2052.0,0.05,0.07175438596491228,0.0375438596491228,47.117543859649125,11.0,,,1.868421052631579,0.956140350877193,4.682456140350877,7.868421052631579,4.135087719298245,,,,,1.5473684210526317
592924,2,3870,43,6.876046511627907,3870.0,,,0.0006976744186046512,21.183720930232557,3.0,,,0.0,0.0,1.3,1.3930232558139535,8.467441860465117,14.0,2.8348837209302324,64.84883720930233,1.5813953488372092,
1264666,2,1599,22,6.8,1599.0,,0.07,0.13,21.2,11.0,2.0,1.1,1.9,1.1,1.1,4.2,4.5,,,,,1.1
502239,1,347,4,,347.0,,,,,4.0,1.0,,,,,,,,,,,
502302,1,1393,28,6.7,1393.0,0.06,0.13,0.16,36.2,31.0,4.0,0.8,1.2,0.5,1.2,3.0,3.3,,,,,0.3
538072,2,2448,34,6.852132352941177,2448.0,0.04,0.12669117647058822,0.018897058823529413,30.511764705882353,7.0,,0.2,1.4330882352941177,1.0,4.508823529411765,7.508823529411764,4.301470588235294,,,,,1.5551470588235294
903513,2,2049,36,6.779326500732065,2049.0,0.19,0.11838945827232795,0.12187408491947291,23.764275256222547,28.0,4.0,0.6838945827232796,2.203367496339678,0.2,0.8677891654465594,3.3469985358711565,5.0469985358711575,,,,,1.559736456808199
490884,1,265,7,,265.0,,,,,3.0,,,,,,,,,,,,
504245,2,3636,41,7.301732673267327,3636.0,0.029999999999999995,0.05,0.040742574257425744,29.71930693069307,19.0,3.0,0.5,4.144554455445544,1.7925742574257426,2.792574257425742,9.370297029702972,6.074257425742574,,,,,1.4851485148514851
486051,2,2135,28,6.66,2135.0,,0.022585480093676814,0.04689461358313818,54.58768149882904,11.0,,0.18187353629976583,0.8517096018735364,1.0956908665105387,5.4,7.875925058548009,4.230163934426229,,,,,1.1387822014051523
268112,1,2095,27,6.69,2095.0,0.13,0.21,0.13,11.6,26.0,9.0,1.5,1.5,0.3,0.6,2.5,4.1,,,,,1.2
685679,2,2005,23,6.7611072319201995,2005.0,,0.028049875311720696,0.11926683291770573,26.5513216957606,21.0,4.0,0.21341645885286784,1.4488279301745637,0.480498753117207,2.4804987531172067,4.582992518703242,2.7951620947630924,,,,,0.6073316708229427
348791,2,2144,32,7.25539645522388,2144.0,0.2916277985074627,0.16823227611940297,0.2933955223880597,28.43162313432836,61.0,15.0,1.0493003731343282,1.7995335820895522,0.8,0.7,3.0483675373134327,4.133955223880597,,,,,0.8
1019173,2,1785,27,7.057999999999999,1785.0,0.05,0.07771428571428574,0.04942857142857143,36.96285714285714,17.0,,0.5,3.2685714285714287,1.5171428571428571,2.745714285714286,8.19142857142857,4.365714285714286,,,,,1.1
743381,2,1199,24,,1199.0,,0.01,0.02,76.2,3.0,1.0,0.2,1.6,0.4,4.2,6.4,4.1,,,,,1.0
743379,1,990,11,,990.0,,,,,,,,,,,,,4.0,,,,
743629,1,2722,35,6.82,2722.0,0.09999999999999999,0.12,0.08,19.2,26.0,2.0,1.5999999999999999,1.7,0.7,0.7999999999999999,3.1999999999999997,4.1,,,,,1.0
745178,1,2607,33,7.289999999999999,2607.0,0.24,0.24,0.18,32.5,46.0,9.0,1.5,1.8,0.6,1.4,3.9,5.8,,,,,1.1
1027253,2,1170,13,7.05,1170.0,,0.01,0.1,49.3,5.0,3.0,0.3,1.0,1.0,7.0,10.7,7.7,,,,,2.0
594227,2,1030,28,6.89,1030.0,0.09,0.14,0.2,36.8,19.0,6.0,0.8,1.3,1.2,3.3,6.2,2.7,,,,,0.5
395523,1,2836,36,6.94,2836.0,0.38,0.48,0.05,12.3,27.0,4.0,0.3,0.3,0.0,1.1,1.4,1.4,,,,,1.0
585068,2,3665,42,7.079986357435198,3665.0,0.07062755798090041,0.09000000000000001,0.03778990450204638,43.053478854024554,11.0,2.0,0.1,1.5178717598908595,1.1663028649386085,5.763165075034107,9.425238744884037,4.125238744884038,,,,,1.0926330150068213
400131,2,3255,38,6.861981566820276,3255.0,0.06,0.05,0.042764976958525346,47.735023041474655,10.0,2.0,0.1,1.5944700460829493,2.0944700460829493,4.700460829493087,9.05069124423963,3.205069124423963,,,,,1.444700460829493
727528,2,3257,39,7.049791218913111,3257.0,0.030000000000000002,0.05552655818237643,0.15436905127417871,35.991034694504144,43.0,6.0,0.9055265581823765,2.0,1.0668406509057415,1.9171016272643537,5.156831439975439,5.023150138163955,,,,,1.6000000000000003
719456,2,2704,35,6.929896449704143,2704.0,0.15,0.1830251479289941,0.14800295857988166,17.62862426035503,30.0,6.0,0.11997041420118343,2.630103550295858,0.6399408284023668,2.710281065088757,6.190310650887573,2.3,,,,,0.8999999999999999
706063,2,2390,32,7.093556485355648,2390.0,0.10824267782426777,0.08661087866108785,0.04548117154811716,50.984100418410044,13.0,,0.3,2.211297071129707,0.8564853556485356,4.590376569037657,8.216317991631799,3.4435146443514646,,,,,1.0242677824267783
490967,1,5,2,,5.0,,,,,,,,,,,,,,,,,
292806,1,552,12,,552.0,,,,,11.0,2.0,,,,,,,,,,,
236168,2,3705,42,7.426639676113361,3705.0,0.1445748987854251,0.09510121457489877,0.04000000000000001,69.5085020242915,22.0,3.0,0.1145748987854251,2.0,1.185425101214575,4.002024291497976,8.145748987854251,4.039676113360324,,,,,0.8562753036437247
705991,1,1373,18,,1373.0,,,,,22.0,2.0,,,,,,,,,,,
741142,1,59,1,,59.0,,,,,,,,,,,,,,,,,
682032,2,1998,33,6.92936936936937,1998.0,0.40369369369369373,0.28495495495495493,0.10747747747747748,16.03243243243243,17.0,1.0,1.137837837837838,1.3126126126126128,0.5747747747747747,0.5252252252252253,2.5,2.4495495495495496,,,,,0.5747747747747747
728924,1,2514,32,6.829999999999999,2514.0,,0.030000000000000002,0.02,43.6,3.0,1.0,0.1,0.8999999999999999,1.0,5.5,8.3,3.7999999999999994,,,,,0.8999999999999999
606967,1,1855,26,6.910000000000001,1855.0,0.29,0.28,0.21000000000000002,33.8,28.0,6.0,1.0,1.2,0.4,1.0,2.7,4.0,,,,,0.6
570572,2,2624,34,6.772637195121952,2624.0,0.04,0.07,0.10548780487804879,34.60289634146341,23.0,5.0,0.4,1.6617378048780487,0.4,2.8332317073170734,5.274390243902439,3.161737804878049,,,,,0.5
562948,1,899,19,,899.0,,,,,6.0,1.0,,,,,,,,,,,
579089,2,2513,30,6.89041384799045,2513.0,0.33,0.0675208913649025,0.01892558694787107,33.4983684838838,6.0,1.0,0.2,1.924791086350975,1.3892558694787107,6.464464783127736,10.942976522085157,3.182650218861918,,,,,0.8214882610425787
846826,1,1325,17,,1325.0,,,,,8.0,3.0,,,,,,,,,,,
592400,2,2224,35,6.94794964028777,2224.0,0.09,0.10467625899280576,0.10534172661870504,42.66079136690648,32.0,4.0,1.0133093525179855,1.9732014388489207,0.9733812949640288,1.1066546762589928,4.1532374100719425,5.4330935251798556,,,,,0.6933453237410071
844516,1,693,14,,693.0,,,,,8.0,2.0,,,,,,,,,,,
583899,2,2384,37,7.044387583892617,2384.0,0.15568791946308724,0.09792785234899327,0.20944630872483222,24.388926174496646,51.0,7.0,1.645302013422819,1.7,0.5566275167785235,0.5660234899328859,2.8226510067114092,5.1226510067114095,,,,,0.7886744966442953
920585,2,1543,27,7.076655865197666,1543.0,,0.04699935191186002,0.16316267012313673,33.46830848995464,25.0,5.0,1.2349967595593,2.353337653920933,1.1766688269604666,2.413350615683733,5.9433570965651334,5.1200259235256,,,,,1.3533376539209332
805889,1,1177,23,6.75,1177.0,0.54,0.68,0.11,10.6,16.0,3.0,0.4,0.6,0.4,1.1,2.3,3.5,,,,,0.8999999999999999
979410,2,702,23,6.97,702.0,0.15,0.363931623931624,0.12170940170940171,10.523076923076923,14.0,4.0,0.5051282051282051,0.6,,,0.6,2.3290598290598292,,,,,0.882905982905983
1055055,1,1497,27,7.11,1497.0,0.18,0.1,0.06,37.0,13.0,,0.5,2.9,1.9,1.8,6.8,6.4,,,,,0.8
140808,2,3900,43,7.077846153846155,3900.0,,,0.0,21.28,3.0,,,0.0,0.0,0.8815384615384615,0.9769230769230769,9.141538461538461,11.0,3.5723076923076924,72.34615384615384,1.3584615384615384,
418553,1,24,1,,24.0,,,,,,,,,,,,,,,,,
481628,2,2993,37,7.004279986635483,2993.0,0.05826595389241563,0.029398596725693282,0.19037754761109257,33.60517875041764,58.0,9.0,0.5939859672569329,1.2,1.0639158035415972,2.7518877380554625,5.037621115937187,4.469929836284664,,,,,0.6
454336,1,2036,32,6.6,2036.0,,0.06,0.06,38.7,19.0,3.0,0.6,1.5,1.0,3.3,6.4,4.4,,,,,1.3
452584,2,1846,30,6.808461538461539,1846.0,0.45,0.5,0.16,12.5,24.0,8.0,0.9,0.8000000000000002,0.10000000000000002,0.8000000000000002,1.7,3.2000000000000006,,,,,1.3
492715,1,2178,30,6.98,2178.0,0.17,0.18,0.09,30.300000000000004,26.0,4.0,0.6,1.6,1.0,1.8,4.5,3.5,,,,,1.1
348756,2,2619,39,6.7663459335624285,2619.0,0.04,0.08,0.04744940817105766,38.55101183657885,14.0,,0.6,1.5530355097365405,1.3426116838487971,3.027835051546392,6.397976326842306,5.844635357006491,,,,,0.8191294387170677
502247,2,1600,36,6.9999375,1600.0,,0.11195000000000001,0.1739625,25.499375,28.0,4.0,0.7402500000000001,3.4088125000000002,1.6999999999999997,2.4886875,7.677375,3.99875,,,,,1.1603750000000002
14933,2,1735,31,6.6462536023054755,1735.0,0.5,0.42380403458213256,0.05873198847262248,12.227377521613834,18.0,2.0,0.4,0.8,0.3,1.0,2.2048991354466856,2.4,,,,,1.8302593659942363
340166,1,142,5,,142.0,,,,,1.0,,,,,,,,,,,,
673432,1,723,14,,723.0,,,,,10.0,,,,,,,,,,,,
679050,2,3133,37,7.352211937440153,3133.0,0.12,0.16454835620810726,0.2138940312799234,26.50280880944781,83.0,17.0,0.6389403127992339,2.1454835620810724,2.138940312799234,3.5520268113629117,8.144238748803065,5.684423874880306,,,,,0.6
669632,2,1190,28,,1190.0,,0.06411764705882353,0.05670588235294117,43.25647058823529,6.0,4.0,0.2,1.3411764705882354,0.9,3.7741176470588234,6.198823529411764,3.9105882352941173,,,,,2.368235294117647
503162,2,2276,32,6.98,2276.0,0.25,0.2,0.11,25.4,28.0,3.0,0.7,2.3,0.6,1.1,4.2,4.1,,,,,1.5
973805,1,865,20,,865.0,0.31,0.45,0.04,8.4,8.0,,1.2,1.6,0.6,0.8,3.3,2.5,,,,,2.5
338637,1,2290,33,6.9,2290.0,,0.030000000000000002,0.14,30.3,33.0,10.0,0.4,2.2,1.5,2.8,6.8,3.9,,,,,1.6
655143,1,2183,30,7.04,2183.0,,0.02,0.02,40.7,5.0,1.0,0.1,1.9,1.8,7.2,11.9,3.8999999999999995,,,,,1.4
344864,1,1155,22,,1155.0,0.08,0.13,0.07,35.5,4.0,1.0,0.2,1.9,0.8,5.9,9.0,3.0,,,,,0.9
102226,1,2722,36,7.37,2722.0,0.43,0.38999999999999996,0.27,34.9,75.0,14.0,1.3,1.3,0.3,0.6,2.2,4.1,,,,,1.3
1233680,2,1885,26,6.836615384615385,1885.0,0.1,0.07,0.028387267904509284,38.36450928381962,5.0,,0.41612732095490723,1.896763925729443,2.0322546419098146,5.288753315649868,9.901644562334218,4.564509283819629,,,,,0.783872679045093
1184726,1,58,4,,58.0,,,,,1.0,,,,,,,,,,,,
360338,2,3330,37,7.136486486486486,3330.0,,,0.0,18.73783783783784,,,0.1,0.1,,1.2513513513513514,1.3432432432432433,9.802702702702703,10.0,3.4351351351351354,71.52702702702703,1.3567567567567567,0.0
1105542,1,65,4,,65.0,,,,,3.0,1.0,,,,,,,,,,,
627205,1,658,16,,658.0,,,,,8.0,1.0,,,,,,,,,,,
632088,2,860,19,6.03,860.0,,0.02,0.02,38.7,11.0,2.0,0.3,0.3,0.7,2.0,3.7,4.7,,,,,1.3
249303,2,2210,38,6.594941176470589,2210.0,0.2885248868778281,0.3096244343891403,0.08201809954751133,13.956923076923077,20.0,2.0,0.5302714932126698,0.8,0.2,1.4,2.5,2.300904977375566,,,,,1.4605429864253392
781812,2,2411,28,6.736876814599752,2411.0,,0.03,0.057013687266694306,32.453214433844884,12.0,1.0,0.3,0.9269182911654916,1.0,4.9789713811696386,7.51630029033596,2.647739527167151,,,,,0.4
743395,1,2701,33,7.030000000000001,2701.0,0.07,0.1,0.07,27.6,17.0,4.0,1.2,2.9,1.5,1.5,6.0,6.4,,,,,1.3
745202,2,2962,36,6.915131667792033,2962.0,0.03,0.019149223497636734,0.032552329507089806,30.818973666441593,14.0,2.0,0.1,1.1319378798109385,1.3404456448345712,8.021336934503713,11.25327481431465,3.9914922349763673,,,,,0.4255232950708981
911985,2,1890,21,7.05,1890.0,,,0.0,25.5,,,,,,2.0,2.0,8.0,7.0,1.0,66.7,0.5,
845566,1,769,10,,769.0,,,,,3.0,,,,,,,,,,,,
851699,1,457,15,,457.0,,,,,4.0,,,,,,,,,,,,
810285,2,783,16,,783.0,,,,,9.0,1.0,,,,,,,,,,,
129586,2,2434,32,7.28595727198028,2434.0,0.27,0.025406737880032868,0.07946179129005752,56.621651602300744,23.0,3.0,1.1864831552999178,2.2216516023007395,1.4838537387017254,3.3918652423993425,7.356820049301561,6.23253903040263,,,,,0.9946179129005752
699980,1,96,3,,96.0,,,,,,,,,,,,,,,,,
694509,1,970,12,,970.0,,,,,,,,,,,,,,,,,
157396,2,2157,38,7.174334724153917,2157.0,0.18,0.1325359295317571,0.24104311543810847,38.3702364394993,55.0,11.0,0.3,1.319425127491887,0.8776077885952712,1.5522484932777005,3.8418173388966164,5.277607788595271,,,,,1.1
268327,1,707,16,,707.0,,,,,20.0,3.0,,,,,,,,,,,
497175,2,3414,42,6.836965436438195,3414.0,0.25,0.3408670181605155,0.08086701816051553,13.95635618043351,39.0,3.0,0.3,0.2173403632103105,0.2,1.2,1.6523140011716462,1.5130052724077327,,,,,1.2
522788,2,1260,31,6.22,1260.0,0.29,0.31,0.029999999999999995,9.9,5.0,1.0,0.6,0.6,0.1,0.9,1.7,2.3,,,,,0.6
532858,1,376,5,,376.0,,,,,2.0,,,,,,,,,,,,
418661,2,3529,42,7.166630773590253,3529.0,0.05,0.07255029753471239,0.031020119013884954,41.0171720034004,17.0,1.0,1.0948994049305754,2.456106545763672,1.2591952394446018,2.0693964295834517,6.284698214791726,6.171408330971946,,,,,1.1897988098611503
507455,1,1776,32,6.72,1776.0,,0.060000000000000005,0.13,28.899999999999995,25.0,3.0,0.3,2.5,1.0,2.7000000000000006,6.5,3.2000000000000006,,,,,1.8
401598,2,2154,34,6.926513463324048,2154.0,0.13,0.07,0.13,28.6,34.0,2.0,0.6,1.9,1.2,1.4,4.8,5.6,,,,,1.6
463610,2,1094,16,6.390000000000001,1094.0,,0.02,0.02,71.0,1.0,,,2.5,2.0,4.5,10.0,5.5,,,,,0.5
477460,1,1556,19,,1556.0,,,,,,,,,,,,,5.0,,,,
412945,2,1779,30,6.78,1779.0,,0.06,0.09,40.2,18.0,3.0,0.2,3.3,0.9000000000000001,2.0,6.5,5.0,,,,,2.7
458734,1,2282,28,6.87,2282.0,,0.01,0.03,49.1,6.0,1.0,0.3,2.4,0.8,5.2,9.1,4.1,,,,,0.9000000000000001
393686,1,1620,18,,1620.0,,,,,,,,,,,,,3.0,,,,
491298,2,3718,42,6.634658418504572,3718.0,0.08,0.07677783754706832,0.0343571812802582,31.927380311995698,15.0,1.0,0.2,1.4290478752017213,1.0,4.925712748789672,8.212856374394836,2.5726196880043033,,,,,0.8338891877353416
272539,1,1380,18,,1380.0,,,,,1.0,,,,,,,,,,,,
320440,1,40,7,,40.0,,,,,,,,,,,,,,,,,
244221,2,3282,37,7.426553930530165,3282.0,0.06,0.05000000000000001,0.0383546617915905,50.46590493601462,13.0,2.0,0.0,1.5,1.083546617915905,7.712340036563072,10.905393053016454,3.480712979890311,,,,,1.0
409153,1,371,9,,371.0,,,,,9.0,2.0,,,,,,,,,,,
1293796,2,1152,22,6.91,1152.0,0.16,0.22999999999999998,0.14,18.9,22.0,4.0,3.0,1.8,0.2,0.5,2.6,4.4,,,,,1.7
289648,2,1165,23,6.652575107296137,1165.0,0.19,0.20399141630901288,0.11077253218884121,13.876824034334764,15.0,8.0,0.7,1.2613733905579398,0.6476394849785407,0.8077253218884121,2.7167381974248928,3.0506437768240344,,,,,1.0
974374,2,1464,26,7.14969262295082,1464.0,0.4285587431693989,0.25898907103825136,0.19569672131147542,34.40642076502732,33.0,5.0,2.5993852459016393,1.7525273224043714,0.8139344262295082,0.7,3.3810109289617487,6.861407103825137,,,,,1.1759562841530056
232271,1,170,9,,170.0,,,,,6.0,3.0,,,,,,,,,,,
929876,2,1018,30,6.675068762278978,1018.0,0.51,0.12349705304518664,0.33104125736738704,29.169548133595285,20.0,6.0,1.8349705304518664,1.1699410609037328,0.5,0.7475442043222004,2.4174852652259333,4.8055009823182715,,,,,0.7475442043222004
307800,1,1872,22,6.89,1872.0,0.29,0.43,0.05,16.0,15.0,1.0,1.0,0.6,,1.1,1.6,2.1,,,,,1.0
717604,2,3224,37,6.673346774193548,3224.0,0.03,0.048464640198511176,0.03795285359801489,34.68464640198511,11.0,2.0,0.4,2.1437034739454095,1.1,5.340539702233251,9.179125310173697,3.3818858560794043,,,,,1.0614143920595533
129588,2,2758,34,7.090707034082668,2758.0,,0.019155184916606234,0.08084481508339376,35.40862944162436,26.0,2.0,0.46758520667150105,2.2662073966642495,2.025344452501813,2.507070340826686,7.207070340826686,5.457759245830312,,,,,1.0760333575054386
733410,2,1890,30,6.77,1890.0,,0.09,0.09,16.7,16.0,3.0,0.8,3.5,1.0,1.2,5.8,5.9,,,,,1.3
733309,1,2710,31,6.95,2710.0,,0.03,0.06,23.4,15.0,4.0,0.5,2.3,1.2,4.3,8.0,3.8,,,,,0.9
463738,2,3275,41,6.9234687022900765,3275.0,,0.03245496183206106,0.10145648854961832,29.281984732824426,32.0,6.0,0.5,1.9409160305343511,1.0245496183206106,2.401801526717557,5.767267175572519,4.449099236641222,,,,,0.9754503816793892
835775,2,665,13,7.32,665.0,0.36,0.36,0.13,27.2,15.0,2.0,2.2,0.7,0.7,0.7,2.2,1.8,,,,,0.4
903223,2,1980,22,6.56,1980.0,,0.0,0.0,16.8,,,,,,1.0,1.0,8.6,6.0,2.4,61.0,1.5,
813437,1,472,17,,472.0,,,,,8.0,,,,,,,,,,,,
208552,2,2301,32,6.972346805736636,2301.0,0.13,0.2053063885267275,0.14765319426336376,30.2374185136897,39.0,8.0,0.5,2.63129074315515,1.184354628422425,1.9078226857887872,6.2625814863103,5.301694915254237,,,,,1.684354628422425
840688,1,2568,34,6.859999999999999,2568.0,0.04,0.01,0.09,30.4,25.0,4.0,0.6,2.3,1.4,2.1,6.2,6.2,,,,,1.1
211637,1,1182,24,,1182.0,0.08,0.060000000000000005,0.01,30.200000000000003,2.0,,,2.8,1.7999999999999998,10.1,16.7,2.7,,,,,2.1
947363,2,2673,33,6.751717171717171,2673.0,,0.0004489337822671156,0.020448933782267118,26.647699214365883,4.0,,0.3,1.2493827160493827,1.6314253647586983,4.269809203142537,7.7191919191919185,3.2301907968574635,,,,,0.22693602693602694
148365,2,2148,29,7.070837988826815,2148.0,0.24,0.14365921787709499,0.1914245810055866,23.016480446927375,27.0,8.0,0.3874301675977654,2.2513966480446927,0.5251396648044693,1.562290502793296,4.9513966480446925,3.7371508379888265,,,,,0.9120111731843575
170646,2,2202,29,7.077656675749319,2202.0,,0.0441008174386921,0.16238419618528613,40.476294277929156,30.0,5.0,0.1,1.8707084468664852,0.794141689373297,3.7414168937329704,6.917983651226158,3.7702997275204364,,,,,1.170708446866485
409490,1,1591,18,,1591.0,,,,,,,,,,,,,3.0,,,,
1049965,2,953,19,,953.0,,,,,4.0,,,,,,,,,,,,
1053160,2,1279,29,6.93,1279.0,0.18,0.2021110242376857,0.05155590304925723,27.407818608287723,9.0,2.0,1.2,3.289992181391712,1.5366692728694293,1.9466770914777172,7.457779515246286,4.946677091477717,,,,,2.5266614542611414
501749,2,2109,24,6.414054054054054,2109.0,0.05,0.04,0.01,47.86842105263158,3.0,1.0,0.0,1.2591749644381223,0.7768136557610241,5.048790896159317,7.6103840682788055,2.740825035561878,,,,,0.4743954480796586
486053,2,1097,31,6.280045578851413,1097.0,,0.07,0.1,29.5,7.0,2.0,0.5,1.3,0.3,1.3,3.1,2.9,,,,,1.0
340343,2,2635,41,6.848724857685009,2635.0,0.27,0.18693358633776092,0.11089563567362427,20.225920303605314,34.0,4.0,1.2198102466793168,1.6009487666034155,0.5702846299810246,0.6603795066413662,2.9316129032258065,3.5622770398481967,,,,,1.4712333965844404
621965,2,1341,21,,1341.0,,0.09,0.029999999999999995,41.1,2.0,,0.09999999999999999,1.2,1.0,6.1,9.8,3.1,,,,,1.4
623095,1,196,7,,196.0,,,,,3.0,,,,,,,,,,,,
627329,1,2618,31,7.049999999999999,2618.0,0.07,0.11,0.15,15.7,40.0,8.0,0.9000000000000001,2.0,1.2,2.4,5.9,3.8999999999999995,,,,,1.5
627939,1,523,14,,523.0,,,,,3.0,,,,,,,,,,,,
583919,2,532,17,,532.0,,,,,6.0,,,,,,,,,,,,
355501,1,970,12,,970.0,,,,,,,,,,,,,,,,,
1112904,1,584,21,,584.0,0.15,0.22999999999999998,0.15,22.5,11.0,3.0,2.8,3.9,0.3,0.5,4.6,5.7,,,,,1.2
1006449,1,222,11,,222.0,,,,,2.0,,,,,,,,,,,,
671682,2,3054,37,6.951001964636541,3054.0,0.08387033398821217,0.08176817288801572,0.12237721021611002,35.7475442043222,37.0,3.0,0.6088408644400786,1.6646365422396858,0.7237721021611001,1.5734774066797643,4.335363457760314,5.06188605108055,,,,,1.1176817288801573
1030663,2,2997,37,6.871621621621622,2997.0,0.030000000000000002,0.0663963963963964,0.0190990990990991,44.29909909909911,7.0,,0.209009009009009,1.754054054054054,1.209009009009009,6.335135135135135,10.18018018018018,3.0279279279279283,,,,,1.545945945945946
1033005,1,145,5,,145.0,,,,,,,,,,,,,,,,,
1274489,1,76,2,,76.0,,,,,,,,,,,,,,,,,
869462,2,863,23,7.78,863.0,,0.01581691772885284,0.08290845886442641,59.60811123986095,10.0,,0.6999999999999998,1.9673232908458866,1.6928157589803015,1.2673232908458865,5.0274623406720735,7.810776361529549,,,,,0.6127462340672074
217879,1,1002,16,,1002.0,,,,,13.0,2.0,,,,,,,,,,,
452296,2,970,14,6.83,970.0,,0.09,0.14,46.8,10.0,1.0,1.5,,1.0,2.0,3.0,4.0,,,,,1.5
1194136,2,1070,20,6.73,1070.0,,0.09,0.19,29.7,15.0,4.0,2.9,1.7,,0.4,2.1,3.3,,,,,0.8
1120020,2,1077,16,6.96,1077.0,,0.02,0.04,28.9,8.0,2.0,,2.8,2.1,2.8,8.5,4.2,,,,,1.4
890272,1,10,1,,10.0,,,,,,,,,,,,,,,,,
1332184,2,2518,32,6.55,2518.0,0.18,0.28,0.08,9.1,18.0,6.0,1.3,0.8,0.2,0.3,1.3,3.3000000000000003,,,,,1.4
1250976,1,67,2,,67.0,,,,,,,,,,,,,,,,,
956050,1,1159,33,6.31,1159.0,0.08,0.09,0.14,15.2,13.0,1.0,2.1,1.2,0.6,1.7,3.8,3.0,,,,,0.9000000000000001
154351,2,3600,40,6.911499999999999,3600.0,,0.029999999999999995,0.0,20.915,2.0,,0.0,,0.1,1.0,1.0950000000000002,7.45,10.0,2.615,63.86999999999999,1.475,0.1
159098,1,151,2,7.04,151.0,,0.01,0.13,28.6,3.0,,,4.2,1.2,3.6,8.9,5.4,,,,,0.6
1186563,2,667,13,,667.0,,,,,3.0,,,,,,,,,,,,
183120,1,73,1,,73.0,,,,,1.0,,,,,,,,,,,,
902401,2,1936,40,6.849979338842975,1936.0,0.1,0.2721487603305785,0.15113636363636365,27.76301652892562,38.0,2.0,1.1822314049586777,1.440495867768595,1.1303719008264463,1.3493801652892563,3.9708677685950415,4.472107438016529,,,,,0.7202479338842975
929494,2,1971,36,6.400081177067478,1971.0,0.2,0.24080669710806696,0.04770167427701674,8.169761542364283,17.0,,0.9693556570268899,0.4149162861491628,0.2,0.8770167427701674,1.6612886859462201,2.123389142567225,,,,,2.8621004566210044
250543,1,1801,21,7.02,1801.0,,,0.0,24.7,,,,0.0,,1.5,1.6000000000000003,7.7,8.0,2.7000000000000006,71.1,1.1,
400649,1,2552,32,6.91,2552.0,0.18,0.16,0.12000000000000001,28.599999999999998,37.0,5.0,0.8,1.2,0.8,0.9,3.0,4.8,,,,,1.0
840836,1,163,3,,163.0,,,,,1.0,,,,,,,,,,,,
338673,1,1463,26,6.719999999999999,1463.0,0.12,0.04,0.25,15.4,26.0,9.0,1.3,1.5,0.6,0.5,2.5,4.1,,,,,0.7
579084,1,2531,29,6.840000000000001,2531.0,0.04,0.08,0.14,25.4,41.0,2.0,1.1,1.9,1.0,2.6,5.6,3.9,,,,,0.7
225569,1,2300,33,6.92,2300.0,0.2,0.13,0.07,28.1,19.0,3.0,0.3,1.2,1.1,0.9,3.4,3.9,,,,,1.3
384587,1,633,15,,633.0,,,,,6.0,2.0,,,,,,,,,,,
1063263,2,977,22,6.44,977.0,,0.11,0.14,29.0,17.0,4.0,2.2,,0.7,,0.7,5.2,,,,,0.7
338665,1,3240,36,7.1,3240.0,,,0.02,24.5,2.0,,0.0,0.0,0.0,1.0,1.1,7.3,8.0,3.1,67.5,1.5,
1053147,1,401,8,,401.0,,,,,1.0,,,,,,,,,,,,
664973,2,1130,20,6.08,1130.0,,0.05,0.04,22.0,1.0,,,1.3,1.3,1.3,4.0,4.0,,,,,0.7
1057857,1,1323,24,6.45,1323.0,0.07,0.2,0.09,14.6,10.0,1.0,1.2,0.9,0.4,1.0,2.2,3.6,,,,,0.7
50219,1,1023,12,,1023.0,,,,,,,,,,,,,1.0,,,,
1075579,1,279,4,,279.0,,,,,,,,,,,,,,,,,
1241698,1,148,7,,148.0,,,,,2.0,,,,,,,,,,,,
1314671,2,521,17,7.31,521.0,0.41,0.73,0.11,13.5,6.0,1.0,1.2,0.8,0.4,0.8,2.5,2.5,,,,,0.4
1284784,2,978,26,,978.0,0.19,0.39,0.06,11.4,8.0,2.0,1.0,0.8,0.4,0.5,1.7,4.9,,,,,2.2
1132628,1,346,19,,346.0,,,,,3.0,,,,,,,,,,,,
1137664,2,206,18,,206.0,,,,,4.0,1.0,,,,,,,,,,,
355689,1,1595,30,6.490000000000001,1595.0,0.34,0.3,0.08999999999999998,12.1,22.0,3.0,0.7,0.6,0.1,1.1,1.8,3.2,,,,,2.8
1124880,1,921,16,,921.0,,,,,8.0,1.0,,,,,,,,,,,
591032,2,1580,25,7.14,1580.0,,0.09,0.06145569620253165,31.76645569620253,7.0,1.0,0.2170886075949367,1.6683544303797468,0.8803797468354431,3.0316455696202533,5.912025316455696,5.612025316455696,,,,,1.7974683544303798
1159786,2,267,13,6.049999999999999,267.0,,0.21,0.029999999999999995,13.0,4.0,1.0,1.6,1.0,0.5,1.0,3.1000000000000005,3.1000000000000005,,,,,1.0
919173,2,977,22,6.55,977.0,,0.07,0.0,15.9,3.0,,1.5,2.3,0.8,5.3,9.8,4.5,,,,,2.3
921995,1,1655,27,6.63,1655.0,,0.03,0.03,40.4,8.0,1.0,0.4,2.0,1.2,4.7,8.9,3.9,,,,,1.4
265763,1,135,2,5.62,135.0,,0.03,0.11,23.3,2.0,1.0,,0.7,,,0.7,4.7,,,,,1.3
937117,2,560,20,,560.0,,,,,4.0,,,,,,,,,,,,
937111,2,901,17,6.39,901.0,,0.01,0.03,35.9,6.0,,2.0,0.7,,5.9,7.2,3.8999999999999995,,,,,0.7
538970,2,1103,35,6.819709882139619,1103.0,0.40366273798730734,0.3691840435176791,0.23405258386219405,43.7365367180417,23.0,6.0,0.8578422484134179,0.8,0.4,1.457842248413418,2.6454215775158656,6.334632819582956,,,,,0.8562103354487761
207623,2,2699,32,7.23665802148944,2699.0,,0.04,0.02,55.12704705446461,4.0,,0.2,1.3399777695442756,1.7200074101519083,5.993293812523157,9.833271582067432,4.820044460911449,,,,,0.8133382734346053
1010044,2,661,11,6.38,661.0,0.36,0.09,0.15,22.5,9.0,3.0,2.5,0.4,0.4,1.1,2.5,4.7,,,,,0.7
423112,1,1706,22,6.52,1706.0,,0.06,0.019999999999999997,35.6,4.0,2.0,0.20000000000000004,1.7,0.6,3.7000000000000006,6.5,2.3,,,,,0.6999999999999998
568373,2,491,21,,491.0,,0.12,0.1,46.0,7.0,1.0,0.2,2.7,0.6,1.5,4.8,4.6,,,,,1.5
481116,1,2096,36,6.83,2096.0,0.13,0.19,0.29,30.7,62.0,14.0,0.6,1.1,0.3,1.0,2.4,4.6,,,,,0.9
521225,2,2561,32,6.8063881296368605,2561.0,,0.030000000000000002,0.027891448652869976,47.72819211245607,4.0,,0.1,1.015657946114799,1.08945724326435,6.884654431862553,9.674111675126904,3.236743459586099,,,,,1.0578289730573995
708453,1,818,11,,818.0,,,,,5.0,3.0,,,,,,,,,,,
926993,2,3145,37,7.281112877583466,3145.0,0.19,0.19858505564387915,0.0954531001589825,21.205087440381558,33.0,7.0,0.9399046104928458,1.4257551669316375,1.0,1.0,3.6141494435612085,4.09141494435612,,,,,1.1828298887122417
991268,1,1414,20,7.35,1414.0,0.83,0.7600000000000001,0.060000000000000005,11.3,10.0,1.0,1.2,0.1,0.2,0.1,0.4,2.2,,,,,1.1
461496,1,2325,27,7.65,2325.0,0.12,0.11,0.1,59.3,29.0,2.0,0.3,2.2,0.8,1.0,4.4,6.4,,,,,1.0
974982,1,1297,17,,1297.0,,0.07,0.04,68.8,3.0,,,0.8000000000000002,0.8999999999999999,4.1,6.2,5.2,,,,,1.8999999999999997
1138758,1,873,20,6.97,873.0,0.21,0.16999999999999998,0.26,32.8,19.0,3.0,1.6000000000000003,1.5,0.6,1.2,3.4,5.7,,,,,0.5
357153,2,3177,36,7.346345609065156,3177.0,,,0.0,24.097450424929182,,,,,,1.0660056657223798,1.0660056657223798,6.798016997167139,22.0,1.9339943342776205,81.69971671388102,0.5,
549006,2,2776,32,7.47942363112392,2776.0,0.07,0.04,0.07416426512968301,79.74834293948128,18.0,3.0,0.3,1.512463976945245,1.029178674351585,3.3069884726224785,6.390273775216139,5.173559077809798,,,,,0.8194524495677235
957653,2,1194,29,6.81,1194.0,0.08,0.21,0.29,25.5,37.0,7.0,1.7,1.6,0.5,1.0,3.2,4.9,,,,,0.6
572675,2,2485,32,7.423903420523139,2485.0,0.21412474849094568,0.2204426559356137,0.1223943661971831,33.849698189134806,33.0,4.0,0.8782696177062375,2.0696177062374246,1.0891348088531188,1.267404426559356,4.604426559356137,4.917303822937626,,,,,1.7456740442655936
756990,2,2378,31,7.129999999999999,2378.0,0.08,0.11,0.12,41.4,19.0,4.0,0.5,1.1,1.0,1.4,4.1,4.8,,,,,1.0
670103,2,1790,30,7.2900670391061455,1790.0,0.36,0.33,0.37,26.4,42.0,9.0,1.9,1.6,0.2,0.4,2.1,3.6,,,,,1.3
699704,2,1844,34,7.239810195227765,1844.0,0.24670281995661608,0.2931453362255965,0.2531453362255965,31.2632863340564,46.0,13.0,0.8,2.3318329718004343,0.8880151843817787,0.3198481561822126,3.539696312364425,4.691757049891541,,,,,1.7359544468546637
504087,2,1833,25,7.138052373158756,1833.0,0.05,0.07674849972722314,0.05674849972722313,56.97375886524823,12.0,3.0,0.2,1.7024549918166942,1.156901254773595,2.4487725040916533,5.767484997272231,4.016257501363884,,,,,0.6113475177304964
424784,2,2912,36,7.8204739010989,2912.0,0.9542513736263737,0.7711813186813188,0.17677197802197803,15.013118131868133,47.0,13.0,1.1412087912087912,0.5,0.1,0.5,1.2,1.7632554945054946,,,,,1.4514423076923075
606752,2,2293,32,7.491522023549935,2293.0,0.66694286960314,0.5028172699520279,0.22304404709986916,37.417357174007854,44.0,10.0,2.1782381160052333,0.9913214129960751,0.24566070649803748,0.5543392935019624,1.791321412996075,3.6086785870039253,,,,,0.8
548193,2,1342,19,7.0,1342.0,,0.029999999999999995,0.0889344262295082,74.44426229508197,6.0,3.0,0.4,1.1,0.4,3.7860655737704922,5.601639344262296,3.7524590163934426,,,,,1.1
324503,2,2816,35,7.490426136363637,2816.0,0.8288920454545454,0.767567471590909,0.11111150568181817,15.1328125,38.0,8.0,0.5687855113636364,0.6317471590909091,0.0,0.5,1.2000000000000002,2.5259232954545454,,,,,0.5370383522727272
982575,1,2711,32,7.12,2711.0,0.13,0.17,0.15,25.7,43.0,11.0,0.5,1.5,0.4,1.4,3.4,4.1,,,,,2.5
735573,2,2316,29,7.327059585492228,2316.0,0.2,0.28,0.08,39.1,22.0,6.0,1.0,2.0,0.7,1.0,3.9000000000000004,4.2,,,,,2.0
1004725,2,1368,31,6.851403508771931,1368.0,0.62,0.36345029239766086,0.2277777777777778,16.226900584795324,17.0,8.0,1.5830409356725146,2.056140350877193,0.4,0.5,2.8976608187134505,3.719298245614035,,,,,2.4
701979,2,2230,33,7.378381165919283,2230.0,0.28496860986547085,0.15130493273542603,0.19242152466367712,31.55408071748879,33.0,9.0,2.1490582959641253,1.0,0.4751569506726457,0.4751569506726457,1.9503139013452915,4.374529147982063,,,,,0.8621076233183856
650568,1,1858,25,7.2,1858.0,0.05,0.1,0.06,58.7,10.0,1.0,0.2,1.5,1.4,4.2,7.5,3.2,,,,,1.2
426620,2,275,7,7.5,275.0,0.69,0.47,0.11,26.0,2.0,,1.0,2.4,0.3,,2.8,4.5,,,,,0.7
1162012,1,819,16,,819.0,,,,,10.0,2.0,,,,,,,,,,,
537844,1,2880,32,7.1,2880.0,,,0.0,14.6,,,,,,0.6,0.6,6.1,13.0,2.3,75.3,0.8,
1000674,2,1716,31,7.452400932400932,1716.0,0.25820512820512825,0.22107226107226108,0.256037296037296,27.482517482517483,50.0,6.0,3.1,1.2503496503496503,0.5,0.2,1.9303030303030306,5.0004662004662,,,,,1.0
634461,2,1673,33,6.933389121338911,1673.0,0.28,0.29,0.08999999999999998,18.5,18.0,3.0,1.4,1.1,0.5,0.3,1.9,4.8,,,,,1.9
357233,2,1914,33,7.042037617554859,1914.0,0.15,0.14474399164054338,0.08300940438871475,30.49080459770115,24.0,3.0,0.4086729362591432,1.7867293625914316,0.9,1.1954022988505748,3.986729362591432,2.969905956112853,,,,,1.4653082549634273
629773,1,2960,33,7.279999999999999,2960.0,,,0.0,25.7,,,0.0,,,1.6,1.6,7.3,12.0,2.3,69.2,1.0,
877139,2,2337,31,7.375293110825844,2337.0,0.04,0.07,0.1765896448438169,28.8081728712024,32.0,9.0,1.0858793324775353,2.5376551133932392,1.2,2.1564826700898587,6.214120667522464,4.06234488660676,,,,,2.3623448866067607
504073,2,1381,19,6.940000000000001,1381.0,,,0.17000000000000004,66.5,6.0,3.0,0.9,1.8,0.5,7.4,11.1,3.2,,,,,0.9
520662,2,2510,33,7.223577689243028,2510.0,0.12000000000000001,0.15178884462151396,0.14892828685258963,22.08211155378486,53.0,14.0,0.8356972111553784,1.3249800796812747,0.47856573705179284,0.6,2.428525896414343,4.553585657370518,,,,,0.7464143426294821
519184,2,1911,25,7.12,1911.0,0.05,0.05,0.17,37.6,25.0,5.0,1.6,1.7,0.8,1.7,4.3,4.1,,,,,0.8
532444,2,617,16,7.61,617.0,1.12,1.47,0.02,9.5,13.0,3.0,0.6,0.6,0.6,,1.1,0.6,,,,,1.7
958937,1,754,18,,754.0,,0.1,0.08,42.5,6.0,2.0,1.2,1.8,0.4,0.4,2.6,5.5,,,,,3.0
946883,2,1803,27,7.024348308374931,1803.0,0.06,0.05,0.07448141985579589,42.01275651691625,13.0,1.0,0.45518580144204107,1.9097060454797559,0.8110371602884082,3.032445923460898,6.020077648363839,3.066222961730449,,,,,1.1331114808652247
223367,1,2294,28,7.44,2294.0,0.11999999999999998,0.1,0.17,43.9,56.0,6.0,0.5,2.0,0.8999999999999999,0.8999999999999999,4.0,4.7,,,,,0.8999999999999999
707572,2,2302,33,7.13,2302.0,0.4,0.38,0.1,30.700000000000003,20.0,7.0,1.5,1.0,0.2,0.9,2.2,3.2,,,,,1.2
605396,2,3042,35,7.329349112426034,3042.0,0.03,0.02,0.13526627218934914,43.60236686390533,39.0,2.0,0.7,2.7230769230769227,0.8118343195266272,1.4355029585798815,5.158579881656805,4.505325443786982,,,,,0.9005917159763314
491693,2,461,9,7.09,461.0,,,,,1.0,,,,,,,,,,,,
569376,2,2996,37,7.051975967957277,2996.0,0.630260347129506,0.41918558077436585,0.07441922563417891,15.428771695594126,23.0,2.0,0.754939919893191,0.4,0.3,1.1819759679572763,1.8188918558077436,2.2738317757009345,,,,,0.8
935480,2,1193,21,6.97,1193.0,0.08,0.0,0.05,31.0,9.0,1.0,0.6,3.3,0.9,2.7,6.9,4.6,,,,,1.1
671915,2,1955,28,7.239790281329924,1955.0,0.05,0.03,0.05080306905370845,64.98107416879796,10.0,2.0,0.2,2.2963682864450132,1.7,1.6116624040920715,5.6554475703324805,5.660613810741688,,,,,1.8
461943,1,505,14,,505.0,,,,,8.0,1.0,,,,,,,,,,,
1191154,2,1745,22,7.11,1745.0,0.05,0.08,0.01,46.1,6.0,,0.2,1.2,1.7,4.7,8.6,4.1,,,,,0.9
243028,2,2948,35,7.5218181818181815,2948.0,0.07,0.03727272727272727,0.04090909090909091,73.95454545454545,9.0,,,0.609090909090909,1.4545454545454546,5.7272727272727275,8.58181818181818,4.881818181818181,,,,,1.2090909090909092
1045972,2,1047,21,6.98,1047.0,0.18,0.12,0.18,51.2,19.0,2.0,0.8,1.0,0.7,0.8,2.5,3.1,,,,,0.7
495601,2,2524,33,7.09,2524.0,0.04,0.04,0.11999999999999998,46.7,33.0,7.0,0.2,1.5,0.8,1.5,4.0,4.0,,,,,0.6
1061975,2,2738,33,7.20718042366691,2738.0,0.15,0.1,0.12112490869247627,26.990430971512055,26.0,5.0,1.578889700511322,2.930971512052593,1.0986121256391526,0.7380569758948137,4.897224251278305,5.18027757487217,,,,,2.339444850255661
485395,2,2481,29,7.110000000000001,2481.0,0.08,0.09,0.05,70.2,8.0,,0.3,1.0,1.0,4.2,6.5,3.0,,,,,1.7
671669,1,1959,30,6.72,1959.0,0.09,0.1,0.15,15.3,26.0,3.0,1.9,0.7,0.1,0.1,1.0,3.5,,,,,1.5
261927,2,2206,29,7.61,2206.0,0.59,0.45,0.21,42.4,50.0,6.0,0.4,1.3,0.4,0.7,2.4,2.6,,,,,1.0
478365,1,1320,21,7.03,1320.0,0.14,0.05,0.17,36.3,12.0,3.0,0.7,1.6,1.2,1.8,4.7,3.8,,,,,1.3
580193,2,1871,24,6.86,1871.0,,0.0,0.02,53.4,2.0,1.0,0.3,1.7,0.9,3.5,6.7,3.9,,,,,0.9
1082774,1,1630,19,7.08,1630.0,0.11,0.04,0.09,31.2,14.0,4.0,0.9,2.6,0.7,0.9,4.4,5.5,,,,,1.4
546186,2,1438,24,7.150890125173852,1438.0,,0.07,0.17432545201668986,42.837134909596664,18.0,5.0,1.488038942976356,2.3432545201668984,0.7791376912378304,1.9664116828929068,5.155980528511821,2.977607788595271,,,,,1.8447844228094576
524315,1,1834,31,7.08,1834.0,0.05,0.06,0.15,50.5,20.0,3.0,0.5,2.4,0.9,1.6,5.3,5.7,,,,,2.0
1053206,2,1646,33,6.5761968408262454,1646.0,0.3,0.23948967193195628,0.06948967193195625,16.44629404617254,17.0,1.0,0.7517618469015795,1.0070473876063184,0.34665856622114216,0.41725394896719326,1.7709599027946537,3.669015795868773,,,,,1.0258809234507897
937729,1,1163,22,6.72,1163.0,0.08,0.1,0.09,38.3,8.0,,1.9,2.5,1.1,0.9,4.7,5.1,,,,,2.4
452607,2,646,11,7.519999999999999,646.0,,0.19,0.17,53.9,11.0,4.0,0.5,0.5,2.1,1.5999999999999999,4.2,2.1,,,,,0.5
699592,2,152,10,,152.0,,,,,3.0,,,,,,,,,,,,
627224,2,2335,30,6.82,2335.0,0.24,0.28,0.07,13.8,29.0,4.0,1.0,1.0,0.0,0.5,1.7,2.6,,,,,1.8
1086636,1,941,23,6.53,941.0,,0.06,0.06,50.5,4.0,1.0,0.3,2.4,0.4,2.9,5.7,4.4,,,,,1.4
420196,1,2790,31,7.16,2790.0,0.16,0.10999999999999999,0.030000000000000002,57.8,7.0,,0.2,1.5,1.0,5.1,8.2,3.3,,,,,1.1
955253,2,2792,32,6.5823925501432665,2792.0,,0.03,0.01,38.812392550143265,3.0,,0.8000000000000002,1.6309813753581663,1.0,4.038037249283668,7.107055873925501,4.106196275071634,,,,,1.0
906948,1,1321,28,6.63,1321.0,0.07,0.23000000000000004,0.15,31.3,12.0,2.0,1.8,2.1,0.7,0.7999999999999999,3.6,5.5,,,,,1.5999999999999999
234811,2,3240,36,7.129999999999999,3240.0,,,0.0,21.155555555555555,,,,,0.3,0.6777777777777778,0.7111111111111111,7.777777777777778,15.0,2.2777777777777777,73.82222222222222,0.7666666666666667,
645588,1,270,3,,270.0,,,,,2.0,1.0,,,,,,,,,,,
413118,1,938,11,,938.0,,,,,5.0,2.0,,,,,,,,,,,
646739,1,57,3,,57.0,,,,,,,,,,,,,,,,,
478317,2,2482,30,7.119999999999999,2482.0,0.18,0.1,0.12,26.1,24.0,7.0,1.5,2.2,1.1,1.7,5.1,4.3,,,,,1.7
394134,1,3060,34,6.839999999999999,3060.0,0.06,0.04,0.03,47.0,8.0,,0.3,1.3,1.4,5.8,9.0,4.0,,,,,1.1
512913,2,183,9,,183.0,,,,,2.0,,,,,,,,,,,,
669956,1,1838,29,7.1,1838.0,,0.02,0.18,44.4,39.0,9.0,0.7,1.1,0.9,1.9,4.1,4.2,,,,,0.6
709727,1,1722,21,6.880000000000001,1722.0,0.05,0.06,0.009999999999999998,38.3,4.0,1.0,0.3,1.4,1.3,5.8,9.3,3.2,,,,,1.0
609518,1,2770,33,7.280000000000001,2770.0,0.13,0.13,0.14,39.0,57.0,8.0,0.4,1.7,0.9,0.7,3.3,5.4,,,,,1.2
656409,2,1958,27,7.038018386108274,1958.0,0.05,0.05,0.009999999999999998,50.252247191011236,4.0,,0.3,1.3133299284984679,1.786670071501532,6.039938712972421,9.666598569969358,4.146680286006129,,,,,0.9600102145045966
344457,2,3330,37,7.093513513513514,3330.0,,,0.0,28.86216216216216,,,,0.0,,0.6675675675675675,0.6675675675675675,6.802702702702702,17.0,2.710810810810811,74.89729729729729,0.9324324324324325,
549038,2,2841,32,7.203389651531151,2841.0,0.11,0.03,0.1261985216473073,30.42882787750792,31.0,8.0,0.5190073917634636,2.095036958817318,0.8190073917634636,3.0665258711721224,6.252059134107708,4.066525871172122,,,,,1.9049630411826821
898721,2,1621,22,6.867958050586059,1621.0,,0.06,0.03863047501542258,27.449475632325726,10.0,1.0,1.0794571252313387,2.065761875385564,1.1,2.5698951264651453,5.846637877853177,5.568476249228871,,,,,1.506847624922887
394328,2,2065,33,6.936653753026634,2065.0,0.15,0.0766731234866828,0.1933268765133172,30.700193704600483,45.0,8.0,3.811283292978208,1.0219854721549637,0.26653753026634386,0.4000000000000001,1.6774334140435836,3.8552542372881358,,,,,0.4
419936,1,2892,33,7.139999999999999,2892.0,0.56,0.54,0.029999999999999995,12.9,26.0,,0.7999999999999999,0.39999999999999997,0.09999999999999999,1.4,2.1,2.4,,,,,1.4
420189,2,3023,35,6.9771452199801525,3023.0,,0.03821369500496196,0.07535891498511413,41.2095931194178,17.0,5.0,0.1,1.9714521998015215,0.7,2.2982467747270925,5.060767449553424,4.3,,,,,1.3910684750248097
1063292,2,1262,32,6.465832012678288,1262.0,0.38,0.4297939778129952,0.09218700475435816,8.038510301109351,13.0,3.0,0.6291600633914421,0.7020602218700476,0.1,0.3,1.2583201267828843,2.2,,,,,2.9530903328050715
868101,2,3051,36,7.16,3051.0,0.16,0.2583480825958702,0.18404129793510324,20.871681415929203,46.0,13.0,0.8817109144542773,1.3174041297935104,0.6082595870206489,1.033038348082596,3.108259587020649,4.65693215339233,,,,,1.066961651917404
868622,2,2788,36,6.834099713055953,2788.0,0.14,0.029071018651362978,0.07721305595408895,39.668866571018654,23.0,1.0,0.6371592539454806,2.00928981348637,1.1021879483500718,1.6743185078909613,4.9672166427546625,5.083608321377332,,,,,0.6628407460545194
695454,2,1656,22,6.893067632850243,1656.0,0.12,0.16910628019323673,0.2190096618357488,10.891062801932366,28.0,11.0,2.1099033816425123,1.8584541062801931,0.5,,2.5386473429951693,3.7099033816425124,,,,,1.7801932367149758
428786,1,2703,33,6.919999999999999,2703.0,0.17,0.12000000000000001,0.15,32.2,41.0,9.0,0.6,0.9000000000000001,0.1,0.5,1.6999999999999997,2.8,,,,,1.3
724035,2,2521,33,6.633359777865927,2521.0,0.04,0.07583498611662039,0.02861166203887346,29.852915509718365,14.0,1.0,0.7,1.4652915509718365,1.0347084490281635,2.4889329631098773,5.461166203887346,3.809758032526775,,,,,1.8208250694168981
429309,1,2834,33,7.190000000000001,2834.0,0.03,0.03,0.17,64.0,53.0,12.0,0.4,1.9,1.0,0.9,4.1,4.6,,,,,1.1
719646,2,3150,35,6.95,3150.0,,0.0,0.0,17.5,1.0,,,0.1,,1.2,1.3,8.8,7.0,3.4,67.5,1.6,
1134199,1,153,2,,153.0,,,,,2.0,,,,,,,,,,,,
984540,1,848,20,6.88,848.0,0.11,0.04,0.16,46.9,19.0,2.0,0.6999999999999998,1.8999999999999997,1.0,0.5,3.6,4.1,,,,,1.6000000000000003
258005,2,3068,36,7.317757496740548,3068.0,0.19,0.14704041720990874,0.1817601043024772,32.08396349413299,60.0,13.0,1.0911994784876142,1.4264015645371577,0.5735984354628423,0.3911994784876141,2.5440026075619295,5.394393741851369,,,,,1.0
1092964,1,43,6,,43.0,,,,,1.0,,,,,,,,,,,,
487167,1,1890,21,6.79,1890.0,,,0.0,23.3,,,,,,1.3,1.3,8.4,3.0,3.7,67.0,1.8,0.0
862628,2,2612,30,6.673767228177642,2612.0,,0.05,0.02,40.08131699846861,6.0,,0.12756508422664625,0.8724349157733539,0.9,5.637825421133231,7.9068912710566615,2.813782542113323,,,,,1.3482388973966308
877140,2,1570,26,6.806891719745223,1570.0,,0.05712101910828026,0.11151592356687899,29.33184713375796,26.0,3.0,0.7,2.999235668789809,0.7143949044585987,1.1,4.826496815286624,4.169681528662421,,,,,1.9704458598726113
625206,1,48,1,,48.0,,,,,,,,,,,,,,,,,
553062,2,1153,16,,1153.0,,,,,5.0,2.0,,,,,,,,,,,
405564,1,593,18,,593.0,,0.12,0.11,69.4,4.0,,0.2,2.4,1.8,1.2,5.6,4.9,,,,,1.5
439465,1,2854,33,7.02,2854.0,0.16,0.14,0.08,18.7,25.0,5.0,0.8,1.6,0.9,2.7,5.4,4.3,,,,,0.9
401535,1,2880,32,6.880000000000001,2880.0,,0.0,0.0,17.4,4.0,1.0,,,,0.8,0.8,8.6,9.0,2.4,65.5,1.3,
732096,2,2828,35,7.101909476661953,2828.0,0.2,0.13172560113154175,0.0880905233380481,23.475530410183875,48.0,6.0,1.4381895332390382,1.3427157001414427,0.3127298444130127,1.0318246110325318,2.8127298444130124,3.6236209335219236,,,,,1.6236209335219234
1047860,2,1723,26,6.954242600116077,1723.0,0.3159663377829367,0.36325594892629137,0.0793905977945444,11.108821822402787,28.0,4.0,0.7193267556587348,1.5430644225188623,1.0596633778293674,1.2298316889146836,3.8325594892629136,2.6684852002321535,,,,,1.759663377829367
921533,1,179,6,,179.0,,,,,,,,,,,,,,,,,
1057523,2,188,8,,188.0,,,,,2.0,1.0,,,,,,,,,,,
284883,2,1365,30,6.34,1365.0,0.42,0.36,0.02,13.3,6.0,1.0,0.4,0.6,0.1,0.2,1.1,1.7,,,,,1.7
703324,2,2145,30,7.00018648018648,2145.0,0.2972447552447552,0.2367179487179487,0.16275524475524475,19.496596736596736,33.0,6.0,1.575850815850816,1.3086713286713287,0.5637762237762237,0.9154778554778555,2.924149184149184,3.4517016317016314,,,,,1.3965967365967367
351738,1,2373,30,7.09,2373.0,0.08,0.16,0.16,32.9,40.0,9.0,0.5,1.9,0.5,1.7,4.6,4.5,,,,,1.0
657155,2,3023,34,6.71,3023.0,0.03,0.04,0.03,39.2,16.0,1.0,0.1,1.0,1.1,5.1,8.0,2.8,,,,,1.0
808475,1,751,12,,751.0,,,,,5.0,1.0,,,,,,,,,,,
378482,1,2528,29,6.799999999999999,2528.0,,,0.01,15.3,1.0,,,0.1,,1.2,1.3,8.7,7.0,2.8,64.0,1.6,0.1
504072,2,360,4,6.65,360.0,,,0.0,17.5,,,,,,,,9.5,2.0,1.0,50.0,1.0,
179308,1,848,20,6.88,848.0,0.11,0.04,0.16,46.9,19.0,2.0,0.6999999999999998,1.8999999999999997,1.0,0.5,3.6,4.1,,,,,1.6000000000000003
139396,1,19,3,,19.0,,,,,,,,,,,,,,,,,
931900,1,1521,32,6.55,1521.0,0.36,0.44,0.029999999999999995,9.0,10.0,1.0,0.7000000000000001,0.5,,0.7999999999999999,1.4000000000000001,2.6999999999999997,,,,,0.9
1233701,1,94,2,,94.0,,,,,,,,,,,,,,,,,
931415,1,59,8,,59.0,,,,,,,,,,,,,,,,,
544784,2,1265,20,7.166837944664031,1265.0,0.09,0.11,0.08359683794466403,34.60671936758893,18.0,2.0,0.7640316205533597,1.3292490118577076,0.7719367588932806,1.6774703557312254,4.0932806324110675,5.056126482213439,,,,,0.6146245059288538
989929,1,2199,25,6.73,2199.0,,0.08,0.06,28.9,6.0,1.0,0.3,2.5,1.0,6.1,10.3,3.5,,,,,1.1
791528,2,1275,31,6.601466666666666,1275.0,0.07,0.08,0.20999999999999996,23.0,30.0,4.0,1.4,1.4,0.7,0.4,2.4,3.9,,,,,1.2
1006448,1,50,4,,50.0,,,,,,,,,,,,,,,,,
698539,2,2445,34,6.565276073619632,2445.0,0.04,0.03,0.03,36.8,7.0,2.0,0.1,1.0,0.7,2.2,4.1,3.4,,,,,0.9
816135,2,1898,27,6.83,1898.0,0.19,0.18,0.08,16.2,30.0,4.0,0.7,2.5,0.5,1.1,4.4,4.8,,,,,1.5
666971,1,84,5,,84.0,,,,,1.0,1.0,,,,,,,,,,,
663254,2,2058,24,7.16,2058.0,0.04,0.04,0.11,29.9,19.0,7.0,0.7,2.4,0.9,4.2,8.1,2.7,,,,,1.5
337799,2,2239,34,6.833912460920053,2239.0,,0.05397052255471193,0.03638231353282716,24.488834301027243,11.0,2.0,0.3,3.084412684234033,1.3879410451094238,2.491469405984815,7.315587315765967,4.351764180437695,,,,,1.5241179097811524
670710,2,2520,28,6.526428571428571,2520.0,,,0.0,13.625,,,,,,0.8785714285714286,0.8785714285714286,7.285714285714286,6.0,2.7464285714285714,61.02142857142857,1.7821428571428573,0.0
652332,2,99,4,6.5600000000000005,99.0,,,,,2.0,1.0,,,,,,,,,,,
395632,2,2653,35,7.283094609875612,2653.0,0.04,0.07908028646814927,0.07678100263852243,30.278100263852245,28.0,5.0,1.4632114587259706,3.2713154918959666,1.982774217866566,3.1597813795702976,8.923068224651338,5.575838673200151,,,,,1.1770071617037317
836547,1,2580,32,7.169999999999999,2580.0,0.14,0.17,0.14,32.9,43.0,6.0,0.7,2.0,0.6,0.8,3.5,5.7,,,,,1.7
290391,1,57,4,,57.0,,,,,3.0,2.0,,,,,,,,,,,
422850,1,2661,30,7.089999999999999,2661.0,,0.02,0.07,33.2,20.0,2.0,1.7,1.3,0.9,2.7,5.2,5.7,,,,,0.7
54470,1,13,1,,13.0,,,,,,,,,,,,,,,,,
388545,2,2192,29,6.868622262773723,2192.0,0.09,0.13041970802919708,0.10616788321167883,25.968886861313866,21.0,6.0,0.6712591240875911,1.7724452554744528,0.5808394160583942,1.9149635036496353,4.535310218978102,3.865875912408759,,,,,1.6958029197080293
236997,1,287,4,,287.0,,,,,8.0,,,,,,,,,,,,
687743,1,1447,18,6.69,1447.0,,0.05,0.04,41.5,9.0,,1.0,0.6,0.7,1.2,2.6,4.3,,,,,1.2
709166,2,2227,33,6.646259541984733,2227.0,0.31,0.19717557251908396,0.04725190839694657,25.40381679389313,13.0,3.0,1.0,0.5732824427480916,0.30916030534351147,0.4,1.3824427480916033,2.980916030534351,,,,,1.6717557251908397
684348,2,2711,32,6.738129841386942,2711.0,0.04,0.05701217263002582,0.04900405754334195,30.958945038731095,21.0,4.0,0.4,2.0,0.8199188491331613,3.020324603467355,6.180081150866839,3.4298782736997415,,,,,1.3
735051,1,695,13,,695.0,,,,,8.0,,,,,,,,,,,,
688881,2,1748,31,6.763318077803204,1748.0,0.35,0.2611899313501144,0.07475972540045767,16.148054919908468,26.0,2.0,2.1189931350114417,1.826086956521739,0.48810068649885585,0.7524027459954233,3.214187643020595,3.569107551487414,,,,,2.111899313501144
1294105,1,40,3,,40.0,,,,,1.0,,,,,,,,,,,,
879236,2,2943,33,7.089266055045871,2943.0,0.14834862385321101,0.09266055045871559,0.02091743119266055,37.22752293577982,12.0,,0.20917431192660552,2.0275229357798166,1.389908256880734,6.845871559633027,11.245871559633027,3.8816513761467886,,,,,1.9724770642201834
829434,2,2338,31,6.776052181351583,2338.0,,0.02,0.0523781009409752,38.40842600513259,14.0,,0.1,2.104875962360992,1.2,1.5405474764756202,5.06218990590248,4.182164242942687,,,,,2.0108212147134306
627221,1,831,13,,831.0,,,,,5.0,,,,,,,,,,,,
797572,2,874,10,,874.0,,,,,3.0,,,,,,,,,,,,
291939,2,2306,32,6.885784908933218,2306.0,0.3134865568083261,0.3455680832610581,0.14324371205550737,25.909193408499565,41.0,9.0,0.47675628794449265,2.081352992194276,0.6,1.1232437120555074,4.046487424111015,3.781352992194276,,,,,1.8767562879444928
195736,1,1129,20,6.91,1129.0,0.08,0.06,0.08,69.2,8.0,1.0,0.3,1.7,1.4,1.6,4.9,4.3,,,,,1.1
407907,2,2347,29,6.6858457605453765,2347.0,,0.0,0.02890498508734554,35.46987643800597,8.0,2.0,0.2547507456327226,1.986152535151257,1.0876011930123561,3.9,7.451853429910524,4.237196420962932,,,,,0.6547507456327226
324806,1,2776,33,7.059999999999999,2776.0,0.1,0.18,0.15,17.6,40.0,8.0,0.9,1.3,0.4,0.9,2.7,3.9,,,,,0.8
367468,1,223,5,,223.0,,,,,3.0,1.0,,,,,,,,,,,
1078918,1,1,1,,1.0,,,,,,,,,,,,,,,,,
658674,2,2865,33,6.739319371727749,2865.0,,0.0,0.01,44.25130890052356,4.0,,0.4,1.3125654450261781,1.031413612565445,5.7502617801047125,9.125130890052356,4.2497382198952875,,,,,0.9
319623,1,1853,27,6.6,1853.0,,0.02,0.04,33.6,12.0,2.0,0.2,1.1,0.6,2.2,4.1,5.4,,,,,1.0
1028162,1,573,23,,573.0,0.47000000000000003,0.31,0.16,22.6,7.0,1.0,1.3,2.4,0.9000000000000001,0.5,3.8000000000000003,5.5,,,,,0.9000000000000001
1004681,2,1560,24,6.758,1560.0,0.06,0.032999999999999995,0.163,35.13999999999999,20.0,5.0,0.8,2.06,1.4299999999999997,1.97,5.61,6.14,,,,,1.6099999999999999
329723,2,2673,36,7.0900224466891135,2673.0,0.14,0.13750093527871307,0.24875420875420878,21.049906472128693,36.0,16.0,1.1,2.168724279835391,0.5,0.781257014590348,3.518742985409652,4.993752338196782,,,,,1.5062476618032172
670718,2,51,3,,51.0,,,,,,,,,,,,,,,,,
617679,2,1238,32,6.55529886914378,1238.0,,0.02,0.029999999999999995,38.3,8.0,,0.2,2.9,2.1,1.6,6.7,6.3,,,,,1.7
847484,2,1400,20,6.765785714285714,1400.0,,0.02,0.05368571428571428,26.572999999999997,6.0,1.0,0.8420714285714286,1.894714285714286,0.6105,3.4894285714285713,6.473571428571429,3.3842142857142856,,,,,1.0526428571428572
973249,2,1425,17,7.07,1425.0,0.26,0.08,0.17,17.6,15.0,2.0,1.0,1.0,0.5,1.0,2.6,3.9,,,,,0.3
959979,2,733,20,6.14,733.0,0.26,0.09,0.11,38.9,15.0,1.0,0.09999999999999999,1.0,1.3,1.4,3.6999999999999997,5.8999999999999995,,,,,0.9
396342,1,90,1,,90.0,,,,,1.0,,,,,,,,,,,,
424881,1,702,14,,702.0,,,,,4.0,,,,,,,,,,,,
575716,1,462,9,,462.0,,,,,6.0,,,,,,,,,,,,
539807,1,2715,31,6.58,2715.0,,0.01,0.04,34.7,8.0,1.0,0.2,1.2,1.2,4.7,8.0,2.1,,,,,1.0
947404,2,1594,21,6.782848180677541,1594.0,0.07,0.16491217063989963,0.19761606022584693,15.049121706398996,37.0,6.0,2.076160602258469,0.8793601003764115,0.5,0.2,1.7174404015056461,3.9348808030112923,,,,,1.0
609361,2,2815,33,6.824120781527531,2815.0,0.09493783303730018,0.05095914742451154,0.03712255772646537,60.02628774422735,14.0,5.0,0.2,1.1863232682060392,1.119182948490231,6.01651865008881,8.880994671403197,3.741030195381883,,,,,1.2424511545293073
815652,1,672,19,6.31,672.0,,0.1,0.08,15.8,5.0,2.0,0.8,1.3,0.4,0.1,2.0,4.4,,,,,1.6
862554,1,128,2,,128.0,,,,,2.0,,,,,,,,,,,,
525602,1,1145,26,6.35,1145.0,0.31,0.44,0.030000000000000002,10.9,5.0,,1.1,0.5,0.3,0.9,1.8,2.7,,,,,2.8
566677,2,2347,29,6.6858457605453765,2347.0,,0.0,0.02890498508734554,35.46987643800597,8.0,2.0,0.2547507456327226,1.986152535151257,1.0876011930123561,3.9,7.451853429910524,4.237196420962932,,,,,0.6547507456327226
729140,2,1690,24,6.703893491124259,1690.0,,0.001349112426035503,0.0867455621301775,29.065443786982254,18.0,2.0,0.10000000000000002,1.639289940828402,1.1,1.9190532544378698,4.863905325443787,4.117869822485207,,,,,1.0797633136094675
826719,1,9,3,,9.0,,,,,,,,,,,,,,,,,
898715,1,42,1,,42.0,,,,,1.0,,,,,,,,,,,,
816572,2,2113,30,6.66892569805963,2113.0,,0.03,0.0017037387600567914,55.907051585423574,2.0,,0.5914813061997161,1.1766682442025558,1.274443918599148,6.182962612399432,9.54259346900142,3.9511121628017043,,,,,0.5914813061997161
815384,2,2676,34,6.788535127055306,2676.0,,0.060000000000000005,0.0273542600896861,33.20224215246637,15.0,2.0,0.2,1.5853512705530641,1.620627802690583,5.0,8.785351270553063,3.905979073243647,,,,,1.7735426008968609
461629,1,689,10,,689.0,,,,,2.0,1.0,,,,,,,,,,,
537477,2,2174,28,6.477378104875805,2174.0,,0.01,0.01,24.08785648574057,3.0,,0.0,1.0923643054277827,1.3119595216191353,6.696688132474701,9.801011959521619,1.9554737810487584,,,,,1.3162833486660532
461903,1,996,12,,996.0,,,,,1.0,,,,,,,,,,,,
147128,1,13,1,,13.0,,,,,,,,,,,,,,,,,
934031,2,2030,29,6.71704433497537,2030.0,0.05,0.028226600985221673,0.06532019704433498,31.460591133004925,18.0,,0.5911330049261084,2.184729064039409,1.4064039408866995,3.729064039408867,7.729064039408867,2.997536945812808,,,,,1.5911330049261083
741517,2,2563,35,6.621740148263753,2563.0,0.35,0.21269605930550137,0.06456496293406164,10.545220444791259,25.0,5.0,0.6,1.3452204447912601,0.3,1.1634802965275066,2.899570815450644,2.744791260241904,,,,,1.3817401482637535
804661,1,2053,33,6.57,2053.0,0.04,0.24,0.08,10.9,23.0,5.0,0.6,0.5,0.0,0.8,1.4,1.8,,,,,1.5
929868,1,10,1,,10.0,,,,,,,,,,,,,,,,,
1083369,1,180,2,,180.0,,,,,,,,,,,,,1.0,,,,
405690,1,1731,31,6.58,1731.0,0.05000000000000001,0.07,0.05000000000000001,22.100000000000005,15.0,3.0,1.1,1.3999999999999997,0.5,0.9,2.7999999999999994,3.7000000000000006,,,,,0.9
594926,2,3013,37,7.011689346166611,3013.0,0.2,0.08716893461666113,0.1352339860604049,22.11506803849983,35.0,8.0,1.0641553269166943,0.9358446730833058,1.0881845336873548,0.6985728509790907,2.8136408894789247,2.8806505144374377,,,,,0.3
1064121,1,353,16,,353.0,,,,,1.0,,,,,,,,,,,,
1094885,1,1356,22,6.77,1356.0,,0.01,0.02,30.5,5.0,1.0,1.1,2.3,2.5,4.4,9.9,5.1,,,,,1.8
375392,2,2424,30,6.55,2424.0,0.11,0.05,0.04,27.0,13.0,1.0,0.8,1.7999999999999998,0.6,1.6,4.3,3.7000000000000006,,,,,1.5
1135545,2,915,19,7.13,915.0,,0.2,0.15,24.0,9.0,1.0,0.8,0.8,1.5,0.8,3.0,8.3,,,,,1.5
401526,2,2588,31,7.088207109737248,2588.0,0.36,0.06683153013910356,0.13754250386398761,32.84744976816074,47.0,7.0,0.4,2.6670788253477586,1.0479134466769706,1.1520865533230293,5.219165378670788,4.467078825347759,,,,,1.5670788253477588
631996,1,1377,19,6.85,1377.0,0.07,0.04,0.08,34.8,15.0,2.0,0.9,1.0,0.9,1.4,3.3,5.1,,,,,1.2
371245,1,994,15,,994.0,,,,,7.0,1.0,,,,,,,,,,,
1178475,1,86,4,,86.0,,,,,1.0,,,,,,,,,,,,
355369,1,1236,22,6.33,1236.0,0.07,0.27,0.02,11.4,8.0,,0.2,0.4,0.2,1.6,2.3,2.0,,,,,1.7
637792,2,70,4,6.95,70.0,,,,,,,,,,,,,,,,,
392777,1,1095,14,,1095.0,,,,,1.0,,,,,,,,,,,,
1015624,1,1258,25,6.36,1258.0,0.14,0.25,0.1,10.3,13.0,1.0,1.9,1.1,1.0,0.4,2.6,4.1,,,,,0.7
684061,2,2085,29,6.74,2085.0,,0.03,0.07,25.5,14.0,4.0,1.5,2.0,0.7,3.1,5.8,3.1,,,,,2.0
700479,2,257,17,6.1,257.0,,,,,4.0,,,,,,,,,,,,
702911,1,989,21,6.33,989.0,0.27,0.23,0.02,13.0,8.0,1.0,0.7,0.4,0.2,0.9,1.6,2.1,,,,,1.3
390478,1,114,4,,114.0,,,,,3.0,,,,,,,,,,,,
574758,1,566,12,,566.0,,,,,4.0,,,,,,,,,,,,
332220,2,434,11,6.78,434.0,,0.02,0.04,23.7,3.0,,2.6,1.5,,4.1,5.7,3.1,,,,,1.0
973703,2,1214,29,6.47,1214.0,,0.17,0.17,12.0,24.0,6.0,1.3,0.3,0.5,0.5,1.4,3.6999999999999997,,,,,1.2
985683,2,1786,27,6.511623740201568,1786.0,,0.01387458006718925,0.03418812989921613,39.197424412094065,2.0,1.0,0.46125419932810746,1.0643896976483762,0.477491601343785,5.619372900335946,7.822508398656215,2.2774916013437854,,,,,1.1450167973124301
14349,1,819,17,,819.0,,0.02,0.01,65.9,,,,0.8,1.8,5.8,8.9,3.0,,,,,1.3
174694,1,1040,16,,1040.0,,,,,15.0,4.0,,,,,,,,,,,
623072,1,1313,17,6.9,1313.0,,0.01,0.1,27.1,17.0,4.0,0.7,1.6,0.7,2.1,4.5,3.6,,,,,0.9
681829,1,58,1,,58.0,,,,,,,,,,,,,,,,,
649087,1,832,17,,832.0,,0.030000000000000002,0.05,29.9,8.0,1.0,0.6,2.6000000000000005,0.6,3.7,7.799999999999999,3.6000000000000005,,,,,1.3000000000000003
412372,2,900,10,7.54,900.0,,,0.0,30.5,,,,,,1.5,1.5,6.0,3.0,2.0,100.0,,
544895,1,2825,33,6.98,2825.0,0.13,0.15,0.12,15.0,44.0,8.0,1.5,1.5,0.4,0.7,2.6,4.3,,,,,1.3
607144,2,2101,29,6.918300809138507,2101.0,0.1,0.03,0.027886720609233695,40.37920038077106,13.0,3.0,0.4,2.452070442646359,1.421132793907663,2.089433603046168,6.241504045692528,5.878867206092337,,,,,1.8211327939076631
403290,2,1919,34,6.585497655028661,1919.0,0.1,0.16693590411672748,0.0955862428348098,17.238718082334554,25.0,7.0,1.1693590411672745,1.593694632621157,0.8441375716519021,0.7,3.137832204273059,4.1702449192287645,,,,,1.8747785304846274
351894,2,2989,34,6.954911341585815,2989.0,0.12077617932418871,0.0708397457343593,0.032646370023419205,36.65115423218468,16.0,2.0,0.39096687855470064,0.7909668785547007,1.0277350284376046,5.972264971562395,8.545801271328203,3.6361324857811974,,,,,1.2729006356641017
1061378,1,5,1,,5.0,,,,,,,,,,,,,,,,,
1061283,2,267,15,6.45,267.0,,,,,1.0,,,,,,,,,,,,
653415,1,9,3,,9.0,,,,,,,,,,,,,,,,,
581121,2,2730,32,6.96785347985348,2730.0,0.11,0.06410989010989011,0.13785347985347987,26.226959706959708,29.0,6.0,0.11963369963369964,1.1803663003663003,1.0,3.782197802197802,6.6232967032967025,3.241098901098901,,,,,1.3821978021978023
581140,2,1162,26,6.6416179001721165,1162.0,0.09,0.10967297762478485,0.15580034423407918,16.22925989672978,22.0,7.0,1.2774526678141134,1.8870912220309812,0.4,0.4258175559380379,2.6612736660929435,3.503270223752151,,,,,1.9452667814113593
514514,2,2090,34,6.710258373205741,2090.0,0.4325071770334928,0.4651291866028709,0.06377033492822967,11.460191387559808,20.0,2.0,0.1,1.2622966507177034,0.7,0.6800956937799042,2.671196172248804,2.0932057416267944,,,,,2.3665071770334927
1074496,1,407,14,,407.0,,,,,3.0,,,,,,,,,,,,
657429,2,454,18,,454.0,,,,,9.0,2.0,,,,,,,,,,,
383807,1,1212,17,6.63,1212.0,0.44999999999999996,0.4,0.04,8.8,9.0,1.0,0.1,0.2,0.1,1.3,1.7000000000000002,1.2,,,,,1.2
1219689,2,1443,31,6.363180873180873,1443.0,,0.08,0.06363825363825365,20.624532224532228,15.0,3.0,1.2,1.3787941787941786,0.753014553014553,0.5742203742203742,2.7848232848232852,4.839501039501039,,,,,1.2
617267,2,249,8,6.06,249.0,,0.31,0.04,12.699999999999998,4.0,,,,,,0.4000000000000001,3.6,,,,,
388548,2,1327,21,6.669999999999999,1327.0,,0.02,0.05,43.3,12.0,2.0,0.2,1.5,1.7,1.3,4.6,3.7,,,,,1.2
503858,2,1620,26,6.651012345679012,1620.0,,0.023061728395061726,0.036938271604938275,37.912839506172844,9.0,3.0,0.7,2.308148148148148,1.1612345679012346,2.7325925925925927,7.132592592592592,3.916296296296296,,,,,2.584691358024692
1133954,2,418,24,,418.0,0.68,0.8399999999999999,0.06,7.7,4.0,,0.2,0.2,,3.6,3.9,1.8,,,,,3.4
631472,1,895,11,,895.0,,,,,8.0,2.0,,,,,,,,,,,
633377,1,497,6,,497.0,,,,,,,,,,,,,,,,,
637808,2,457,6,7.35,457.0,,0.0,0.0,40.3,1.0,,,1.0,1.7,8.3,11.0,4.7,,,,,1.0
638269,1,993,14,,993.0,,,,,4.0,,,,,,,,,,,,
1173926,2,434,11,6.78,434.0,,0.02,0.04,23.7,3.0,,2.6,1.5,,4.1,5.7,3.1,,,,,1.0
367651,2,1710,19,7.67,1710.0,,,0.0,31.3,1.0,,,,,0.7,0.7,10.7,7.0,4.0,85.7,0.7,
912703,1,1673,21,6.88,1673.0,0.05,0.05,0.12,20.9,18.0,4.0,0.6,1.8,1.1,3.0,6.2,3.0,,,,,1.4
448466,1,1678,27,7.12,1678.0,0.38,0.23,0.08,27.1,20.0,4.0,1.7,1.9,0.5,0.5,2.9,5.8,,,,,2.3
740159,2,2535,29,6.899112426035503,2535.0,0.08,0.047869822485207096,0.02,29.96508875739645,9.0,,0.2532544378698225,1.7893491124260354,1.657396449704142,6.218934911242603,10.29112426035503,3.927810650887574,,,,,1.657396449704142
807124,2,1211,27,6.5107844756399675,1211.0,0.2240875309661437,0.4347398843930636,0.0693476465730801,8.778695293146162,12.0,1.0,0.8,0.8,0.2,0.8426094137076797,1.6295623451692816,1.7,,,,,1.9426094137076797
216118,2,1381,19,6.940000000000001,1381.0,,,0.17000000000000004,66.5,6.0,3.0,0.9,1.8,0.5,7.4,11.1,3.2,,,,,0.9
198006,2,1887,26,6.955612082670905,1887.0,0.05,0.020000000000000004,0.127154213036566,32.449814520402754,25.0,4.0,0.2,1.2758876523582405,0.9525702172760996,2.9525702172760995,5.31897191308956,3.2802331743508213,,,,,1.1335983041865394
862352,2,1005,24,6.280089552238806,1005.0,0.1,0.24,0.09,10.4,12.0,4.0,0.6,1.5,0.1,1.1,2.8,1.8,,,,,2.2
890557,2,1890,21,6.884285714285714,1890.0,0.060000000000000005,0.06999999999999999,0.019999999999999997,52.08571428571429,6.0,,0.21428571428571427,0.9142857142857143,1.6857142857142857,5.414285714285715,8.757142857142858,3.1285714285714286,,,,,0.8714285714285714
678991,1,224,5,,224.0,,,,,,,,,,,,,,,,,
999072,2,1042,22,6.58,1042.0,0.17,0.19,0.21,14.8,13.0,4.0,1.0,1.7,0.5,0.7,3.1,4.5,,,,,1.4
305946,1,2313,27,6.9,2313.0,0.04,0.07,0.08,14.5,24.0,7.0,0.8,1.6,0.7,3.4,6.2,3.3,,,,,0.9000000000000001
670715,2,1844,34,7.239810195227765,1844.0,0.24670281995661608,0.2931453362255965,0.2531453362255965,31.2632863340564,46.0,13.0,0.8,2.3318329718004343,0.8880151843817787,0.3198481561822126,3.539696312364425,4.691757049891541,,,,,1.7359544468546637
324804,1,7,1,,7.0,,,,,,,,,,,,,,,,,
723733,1,8,1,,8.0,,,,,1.0,,,,,,,,,,,,
725049,1,1317,16,,1317.0,,,,,9.0,,,,,,,,,,,,
470796,1,1158,17,6.1,1158.0,0.08,0.060000000000000005,0.01,42.7,1.0,,0.1,0.7,0.9,6.3,8.9,1.5,,,,,1.0
294321,2,1903,30,6.95,1903.0,0.11,0.04000000000000001,0.01993168681029953,43.5242774566474,6.0,,0.4,2.2276931161324227,2.042564372044141,7.789227535470311,12.488544403573306,4.372990015764582,,,,,0.9567524960588545
699632,2,2752,33,7.052114825581396,2752.0,0.19146438953488376,0.2082122093023256,0.18195130813953486,19.81137354651163,47.0,16.0,1.8130087209302328,1.3414607558139535,0.5,0.9065043604651164,2.715443313953488,4.878052325581395,,,,,1.0
984093,2,1440,16,6.61,1440.0,,0.02,0.01,58.0,2.0,,0.3,1.7,2.3,4.0,8.0,4.7,,,,,0.7
929090,2,1549,24,7.36614590058102,1549.0,1.044661071659135,0.6673466752743705,0.1680568108457069,14.503163331181408,20.0,5.0,1.006003873466753,0.9865719819238219,0.39999999999999997,0.46714009038089094,1.9597159457714655,3.1745642349903163,,,,,0.9865719819238219
926978,1,269,3,,269.0,,,,,5.0,1.0,,,,,,,,,,,
881116,2,2294,32,7.577297297297297,2294.0,0.27529206625980823,0.2195989537925022,0.15824760244115083,27.511682650392327,42.0,7.0,2.8843068875326936,2.1197035745422843,0.9215344376634699,0.747079337401918,3.7883173496076727,5.898169136878814,,,,,1.7156931124673058
514887,1,2037,31,7.44,2037.0,0.4,0.24,0.48,29.1,71.0,24.0,2.4,0.3,0.3,0.1,0.7,3.8,,,,,0.2
1240763,2,2794,32,7.530000000000001,2794.0,0.07,0.07,0.12000000000000001,59.599999999999994,33.0,6.0,0.8000000000000002,2.0,1.1,2.6,6.0,7.099999999999999,,,,,1.7000000000000002
742770,1,1116,17,6.88,1116.0,0.32,0.35,0.1,9.0,19.0,4.0,0.8,0.2,,0.2,0.5,1.6,,,,,1.0
1099668,1,1685,22,7.059999999999999,1685.0,0.05,0.06,0.06,47.4,13.0,3.0,0.5,2.2,1.0,3.8,7.5,5.8,,,,,1.3
1380311,2,2623,34,6.9965268776210445,2623.0,0.3,0.2568051849027831,0.17388867708730463,18.3582920320244,46.0,12.0,2.748608463591308,0.9708349218452154,0.2194433854365231,0.1,1.3708349218452154,2.4166603126191384,,,,,1.0097216927182615
941418,2,1877,30,7.06375599360682,1877.0,0.21,0.1802184336707512,0.0865210442194992,25.16521044219499,18.0,4.0,1.157059136920618,1.6163026105487481,1.151092168353756,1.794033031433138,4.87773042088439,4.834789557805008,,,,,1.8000000000000003
514888,1,172,3,,172.0,,,,,2.0,1.0,,,,,,,,,,,
742095,2,2453,29,7.252678353037098,2453.0,0.04,0.05124745209947004,0.1162780269058296,72.31145536078272,20.0,4.0,0.16237260497350184,1.7251528740317978,2.2503057480635955,4.187525479005299,8.513086017121893,5.901019160211986,,,,,0.8251528740317977
581106,2,2912,35,7.340851648351648,2912.0,0.3404945054945055,0.37626373626373627,0.12304945054945055,32.65714285714286,49.0,7.0,0.6593406593406592,1.0813186813186815,0.6914835164835165,1.1406593406593408,3.3134615384615387,4.2118131868131865,,,,,1.3203296703296703
372240,2,2895,33,7.178549222797927,2895.0,0.09238341968911919,0.05621761658031088,0.06248704663212436,48.49222797927461,15.0,,,1.4751295336787564,1.0621761658031088,4.437823834196891,7.562694300518134,2.387046632124352,,,,,0.8
668529,1,804,10,,804.0,,,,,8.0,3.0,,,,,,,,,,,
467720,2,1384,26,7.029999999999999,1384.0,0.67,0.65,0.05,14.0,19.0,,2.3,0.8,0.3,0.3,1.5,3.1,,,,,0.7
343475,1,916,11,,916.0,,,,,3.0,,,,,,,,,,,,
953004,2,2923,35,7.529849469722888,2923.0,0.15561409510776603,0.17338351009237085,0.24776941498460486,29.640095791994526,63.0,18.0,1.8442353746151214,3.12192952446117,1.0111529250769757,1.2219295244611699,5.677317824153267,5.888470749230243,,,,,0.9776941498460486
370997,2,2934,33,6.808527607361963,2934.0,,,0.009202453987730062,23.591411042944785,3.0,1.0,0.1,,,0.9478527607361963,0.9478527607361963,7.3276073619631905,8.0,2.576073619631902,66.4239263803681,1.2920245398773007,
787907,1,1198,25,6.66,1198.0,0.08,0.1,0.12,48.6,19.0,1.0,0.5,1.7,1.0,1.1,4.5,5.3,,,,,1.5
927970,2,2516,31,6.926303656597775,2516.0,0.08,0.09862480127186009,0.1273926868044515,37.891414944356114,31.0,9.0,0.7,1.726073131955485,0.8630365659777425,1.7905405405405406,4.755007949125596,4.0739268680445155,,,,,0.5630365659777424
528451,2,2950,36,7.281545762711865,2950.0,0.39999999999999997,0.3368203389830508,0.1319762711864407,19.16122033898305,35.0,7.0,0.9375932203389831,1.0,0.3,0.7999999999999999,2.3,3.2484406779661015,,,,,0.7
432175,2,2410,32,7.3369377593361,2410.0,0.07368464730290455,0.03795850622406639,0.2608132780082988,48.824730290456436,52.0,12.0,0.489792531120332,1.4183402489626555,1.7102074688796678,2.6897925311203323,6.281659751037345,4.961244813278008,,,,,0.9612448132780085
623772,2,2378,31,7.1,2378.0,0.04,0.04,0.09,27.6,28.0,5.0,0.6,2.1,1.1,2.8,6.2,5.0,,,,,1.0
186644,2,2666,33,7.482918229557389,2666.0,0.36857464366091525,0.33755438859714926,0.24649662415603904,27.43285821455364,63.0,8.0,1.0295573893473369,1.691972993248312,0.3,0.540510127531883,2.5189797449362343,3.905476369092273,,,,,1.345986496624156
22832,2,1457,28,6.85,1457.0,0.06,0.11,0.16,41.3,27.0,4.0,0.5,1.6,1.4,1.0,4.2,5.9,,,,,1.4
1072751,2,649,18,,649.0,0.43,0.48,0.08,12.2,11.0,,0.4,0.9000000000000001,0.7,0.9000000000000001,2.7,2.3,,,,,1.3
489929,1,457,6,,457.0,,,,,13.0,3.0,,,,,,,,,,,
524081,1,2491,30,7.22,2491.0,0.25,0.3,0.18,33.6,39.0,6.0,0.8,1.2,0.7,1.1,2.9,3.8,,,,,1.1
1030382,2,1877,30,6.650021310602025,1877.0,0.36,0.37858284496537026,0.04714437932871604,11.07852956846031,14.0,1.0,1.1142781033564197,0.885668620138519,0.2,0.6499733617474693,1.6356419818859882,2.0499733617474694,,,,,1.1642514651038893
357003,2,1712,22,7.002021028037384,1712.0,0.13,0.0815303738317757,0.01677570093457944,46.23820093457943,4.0,1.0,0.3,1.350817757009346,1.4016355140186918,6.116939252336448,9.53551401869159,3.8338785046728967,,,,,1.4491822429906542
308552,2,2359,33,7.39,2359.0,0.51,0.39,0.33,26.4,57.0,13.0,1.0,0.6,0.6,0.7,2.0,3.6,,,,,0.6
848856,2,1984,25,7.1738961693548395,1984.0,0.10000000000000002,0.08677923387096774,0.13141129032258067,41.88467741935484,26.0,3.0,0.6677923387096774,1.7463205645161293,0.9785282258064517,2.8610383064516136,6.039566532258066,4.646320564516129,,,,,1.2033770161290323
288067,2,1968,26,7.188201219512195,1968.0,,0.05,0.23426829268292684,47.22301829268292,36.0,5.0,0.5,2.221341463414634,0.8426829268292684,1.9786585365853657,5.203353658536586,4.560670731707317,,,,,1.0966463414634144
267160,1,208,3,,208.0,,,,,3.0,1.0,,,,,,,,,,,
742518,2,2222,32,6.949950495049506,2222.0,0.05,0.037326732673267325,0.05599009900990099,33.34009900990099,12.0,1.0,0.6,2.5267326732673268,1.2064356435643564,1.5064356435643564,5.7995049504950495,5.505940594059406,,,,,1.75990099009901
382429,2,1620,18,7.78,1620.0,0.2,0.08,0.04,50.0,13.0,2.0,0.8,2.4,2.6,3.0,8.0,5.8,,,,,1.4
471004,2,2790,31,7.328709677419355,2790.0,0.09935483870967743,0.08483870967741935,0.07645161290322582,57.05806451612903,11.0,4.0,0.11612903225806452,1.0193548387096774,1.103225806451613,6.380645161290323,9.219354838709677,4.161290322580645,,,,,1.0838709677419356
805054,2,1369,28,6.9454565376187,1369.0,0.15,0.09140978816654494,0.10263696128560995,50.78305332359386,10.0,2.0,0.6,2.389554419284149,2.740467494521549,1.8368151935719506,7.128195763330899,5.333162892622352,,,,,1.6613586559532507
464373,2,2790,31,7.353548387096775,2790.0,,,0.0,19.73548387096774,,,,0.5,0.0,0.8870967741935484,1.038709677419355,9.82258064516129,10.0,3.041935483870968,73.97741935483872,1.0,
937680,1,807,23,6.6899999999999995,807.0,0.33,0.2,0.21,20.1,18.0,,2.8,1.0,,0.7,1.6999999999999997,3.0,,,,,0.6
144244,1,2174,28,6.97,2174.0,0.08,0.06,0.06,76.0,2.0,,0.0,1.2,1.2,3.7,6.7,4.8,,,,,0.9
637271,1,22,1,,22.0,,,,,,,,,,,,,,,,,
645589,1,1303,20,7.0,1303.0,0.21,0.24,0.23,28.2,26.0,3.0,1.7,1.3,0.3,0.3,2.0,5.1,,,,,1.0
697716,1,52,2,,52.0,,,,,4.0,1.0,,,,,,,,,,,
675278,2,3009,36,7.115663010967098,3009.0,,0.01,0.058092389498172144,57.642472582253234,22.0,1.0,0.48092389498172144,1.623695579926886,0.7858424725822533,2.676304420073114,5.752608840146228,4.214157527417747,,,,,0.8476902625456962
651735,2,1449,18,7.09,1449.0,,0.08,0.11000000000000001,45.0,11.0,1.0,0.8000000000000002,5.3,1.2,2.4,8.9,4.5,,,,,2.4
322293,2,3147,36,7.3982268827454725,3147.0,0.06,0.09,0.16284080076263105,55.62183031458532,58.0,8.0,0.38856053384175404,1.5571973307912297,1.211439466158246,3.6715919923736893,6.820305052430887,4.171591992373689,,,,,0.677121067683508
587298,1,477,6,,477.0,,,,,10.0,1.0,,,,,,,,,,,
706963,1,2339,29,6.98,2339.0,,0.02,0.09,49.7,11.0,3.0,0.1,1.6,1.2,4.5,8.1,4.0,,,,,1.4
542690,2,1236,17,,1236.0,,,,,2.0,,,,,,,,,,,,
515613,2,2309,31,7.01,2309.0,0.16,0.13,0.13,33.1,36.0,10.0,0.4,1.5,0.8,1.6,4.0,3.0,,,,,0.7
685145,2,1376,24,6.686976744186046,1376.0,0.33,0.21142441860465117,0.12063953488372094,17.157267441860466,13.0,1.0,0.8857558139534883,1.331686046511628,0.6825581395348836,0.6,2.5348837209302326,2.7857558139534886,,,,,1.158720930232558
677278,2,806,15,7.279999999999999,806.0,0.51,0.89,0.27,28.0,6.0,2.0,2.0,1.5,0.5,,2.0,5.6,,,,,1.0
1084714,2,1520,28,6.752684210526316,1520.0,0.29,0.24731578947368427,0.19094736842105264,21.125526315789475,16.0,4.0,1.5634210526315786,1.6273684210526316,0.5455263157894736,0.8089473684210525,3.136315789473684,3.5360526315789467,,,,,1.5089473684210526
543311,1,244,3,,244.0,,,,,4.0,3.0,,,,,,,,,,,
1034532,2,1877,36,6.892743740010656,1877.0,0.33353223228556206,0.25917954182205644,0.2707884922749068,17.919872136387855,31.0,7.0,1.9520511454448588,1.6400639318060735,0.8,1.016089504528503,3.5441662226957913,5.2,,,,,1.4239744272775705
1042873,2,1862,26,6.719999999999999,1862.0,,0.01,0.03,76.8,6.0,,0.3,2.1,2.2,2.9,7.6,5.4,,,,,1.2
652537,2,1557,29,6.525260115606937,1557.0,0.2,0.4107514450867052,0.06335260115606937,11.873410404624279,9.0,1.0,0.4,1.1601156069364162,0.2,1.2462427745664741,2.632947976878613,2.2867052023121386,,,,,1.6803468208092487
1026588,2,2470,34,6.994129554655871,2470.0,0.04,0.058744939271255056,0.048542510121457494,60.571255060728745,13.0,4.0,0.0437246963562753,1.6708502024291498,1.4834008097165992,7.243724696356275,11.572874493927126,3.4874493927125507,,,,,1.0437246963562754
1047097,1,149,7,,149.0,,,,,4.0,1.0,,,,,,,,,,,
533632,2,1155,18,7.75,1155.0,0.44,0.17,0.24,30.199999999999996,28.0,4.0,2.0,1.5,1.5,0.2,3.3,3.7,,,,,1.3000000000000003
264423,1,197,6,,197.0,,,,,,,,,,,,,,,,,
462837,2,2817,36,6.653865814696487,2817.0,0.07,0.071782037628683,0.1255449059282925,25.208981185658505,21.0,5.0,0.2,1.337628682996095,0.673269435569755,2.3801916932907345,4.4821796237131695,3.298012069577565,,,,,0.4000000000000001
445616,2,2996,35,7.763991989319093,2996.0,0.13,0.11447263017356475,0.2555273698264352,35.159679572763686,67.0,13.0,1.9951935914552734,2.8162883845126836,0.789452603471295,1.5,5.153671562082777,6.007343124165554,,,,,1.1552736982643523
400797,2,2919,37,7.440191846522781,2919.0,0.4043268242548818,0.2126927029804728,0.1730763960260363,36.18557725248373,48.0,11.0,1.5278862624186367,1.756731757451182,0.6432682425488181,0.9855772524837273,3.456731757451182,4.472113737581363,,,,,1.0442274751627272
372445,1,398,10,,398.0,,,,,6.0,2.0,,,,,,,,,,,
814992,2,1724,29,6.8512587006960555,1724.0,0.3145185614849188,0.41404872389791186,0.06269141531322507,31.61455916473318,14.0,3.0,0.5182714617169374,1.6999999999999997,0.5451856148491879,1.744199535962877,3.6787703016241298,3.564443155452436,,,,,0.9538283062645012
223972,2,3045,34,7.156009852216749,3045.0,,,0.0,25.11822660098522,,,,0.1,,0.6527093596059113,0.7408866995073892,8.118226600985222,13.0,3.4408866995073892,76.38472906403942,1.0645320197044337,0.0
747487,2,1294,32,7.10176197836167,1294.0,0.5532534775888717,0.21173106646058734,0.21543276661514682,39.33075734157651,33.0,5.0,0.7304482225656879,1.5695517774343122,0.8,1.0086553323029366,3.3259659969088102,7.162982998454405,,,,,0.9000000000000001
183321,1,1208,25,6.78,1208.0,,0.0,0.17,33.9,19.0,1.0,1.9,2.2,1.3,3.2,6.8,5.7,,,,,1.8
358422,2,2470,32,6.67,2470.0,0.04,0.04,0.029999999999999995,62.2,5.0,,0.1,0.8,0.7,5.6,7.6,2.9,,,,,0.4
258039,1,398,11,,398.0,,,,,,,,,,,,,,,,,
293279,2,2109,32,6.86,2109.0,,0.026728307254623045,0.12796586059743953,69.899573257468,23.0,1.0,0.22389758179231867,1.4115220483641537,1.0079658605974395,0.8681365576102419,3.287624466571835,4.392034139402561,,,,,0.8238975817923186
293326,2,2258,26,7.362116917626218,2258.0,0.11827280779450841,0.16942426926483614,0.17480956598759967,57.4905225863596,44.0,6.0,0.553852967227635,2.00770593445527,0.8134632418069089,0.6865367581930912,3.5807794508414523,3.3673162090345437,,,,,0.853852967227635
741931,2,2427,31,7.23852492789452,2427.0,0.04,0.1069180057684384,0.16229501442109603,39.01508034610631,35.0,6.0,0.530819942315616,1.5075401730531521,1.0,2.115409971157808,5.022950144210959,4.6232797692624645,,,,,0.892459826946848
722375,2,2497,32,7.1063195835002,2497.0,0.18,0.09804565478574288,0.06390869042851421,33.242370845014015,19.0,3.0,0.4413696435722867,1.5827392871445733,1.3977172607128556,4.185022026431718,7.563195835002004,4.921826191429715,,,,,0.9218261914297158
542697,2,1432,27,7.016256983240223,1432.0,0.33,0.15,0.10999999999999999,30.100000000000005,13.0,3.0,0.8999999999999999,3.0999999999999996,1.5,2.6,7.300000000000001,4.7,,,,,1.8999999999999997
588649,2,3032,35,6.508126649076517,3032.0,,0.0,0.01,65.23601583113457,3.0,2.0,0.09999999999999999,1.0851583113456464,0.6890501319261213,4.433575197889182,7.156200527704485,3.5367414248021105,,,,,0.4296833773087071
413942,2,2921,33,7.039958918178706,2921.0,0.07,0.037689147552208146,0.046918863402944204,43.29188634029442,9.0,3.0,0.3077028414926395,1.9690516946251284,1.446217048955837,2.0309483053748716,6.09229715850736,5.292160219103048,,,,,1.2614857925368026
460934,2,3088,36,6.982312176165803,3088.0,0.1,0.08688471502590674,0.0533160621761658,42.37590673575129,15.0,1.0,0.11457253886010363,1.889443005181347,1.1728626943005183,7.025129533678757,11.058290155440414,3.4814119170984457,,,,,0.7185880829015544
457979,1,2880,32,6.74,2880.0,,,0.0,23.1,,,0.1,,,1.2,1.2,7.4,9.0,3.0,65.5,1.6,
400542,1,1465,17,7.16,1465.0,0.11999999999999998,0.15,0.14,35.7,10.0,3.0,1.2,2.9,2.0,3.7,9.2,4.1,,,,,1.7
487466,2,2572,31,6.870000000000001,2572.0,0.07,0.06,0.02,57.8,7.0,2.0,0.2,1.2,1.7,5.2,8.8,3.8,,,,,1.0
343337,2,2489,33,7.393993571715549,2489.0,0.43695460024106064,0.3126396143029329,0.24319807151466455,23.18240257131378,59.0,16.0,1.4759742868621937,1.679188429087987,0.9,1.0175974286862195,3.8263961430293287,4.40879871434311,,,,,1.473603856970671
431811,1,1172,17,7.050000000000001,1172.0,0.46,0.44999999999999996,0.26,33.4,18.0,4.0,0.7,0.2,0.4,0.4,1.0,0.8,,,,,0.8999999999999999
462833,2,2590,37,6.831196911196911,2590.0,,0.04,0.05478764478764479,47.757528957528955,10.0,1.0,0.43474903474903476,2.3173745173745175,1.538996138996139,1.3868725868725869,5.525868725868726,4.569111969111969,,,,,0.4
542525,2,1547,29,6.719146735617324,1547.0,0.13,0.16584356819650936,0.12499676793794441,34.2928894634777,22.0,4.0,0.6083387201034259,1.18338720103426,0.6667097608274078,0.974983839689722,2.9167420814479637,3.4001292824822236,,,,,1.4250808015513898
531927,2,1779,28,7.065739179314222,1779.0,0.3557391793142215,0.2998707138842046,0.06548060708263069,23.66857785272625,24.0,2.0,0.554806070826307,2.149353569421023,0.8301292861157954,1.5506464305789769,4.720517144463181,4.106745362563237,,,,,1.6150646430578977
750798,1,1273,21,6.8,1273.0,,0.01,0.03,65.0,6.0,,0.6,1.8,1.6,1.4,5.1,5.2,,,,,1.1
925199,1,25,1,,25.0,,,,,,,,,,,,,,,,,
1146228,2,1876,33,7.1450746268656715,1876.0,0.16,0.08507462686567163,0.22395522388059702,69.7902985074627,32.0,7.0,0.8,2.6350746268656713,1.5365671641791048,1.673134328358209,6.244776119402984,5.366417910447761,,,,,1.4492537313432836
627936,1,450,5,7.31,450.0,0.2,0.1,0.22,45.4,12.0,4.0,0.2,2.0,0.8,2.2,5.2,6.2,,,,,1.6
685642,1,428,5,6.85,428.0,,0.09,0.11,45.8,2.0,,1.1,1.3,0.8,2.5,4.6,4.2,,,,,1.9
1007138,2,2658,37,7.020966892400301,2658.0,0.08,0.17531602708803612,0.15185854025583148,20.76877351392024,37.0,4.0,2.090707298720843,1.8063205417607222,0.7843867569601204,1.690707298720843,4.650188111361927,4.968773513920241,,,,,1.5312264860797593
599215,1,2610,31,7.24,2610.0,0.48,0.43,0.16,26.3,57.0,12.0,1.2,0.4,0.2,1.4,2.0,2.1,,,,,0.4
572051,1,2413,27,7.23,2413.0,,0.04,0.14,39.9,30.0,6.0,0.7,1.8000000000000003,0.9000000000000001,2.9,6.3,5.6,,,,,1.4
518583,2,3025,37,6.983368595041322,3025.0,0.3561719008264463,0.391401652892562,0.13,10.530743801652893,39.0,8.0,0.6700826446280992,0.8579504132231406,0.2,0.9280330578512397,2.0719669421487605,2.157950413223141,,,,,1.1
462838,2,2077,34,7.05044776119403,2077.0,,0.022103996148290804,0.15896003851709195,36.609918151179585,31.0,7.0,1.4316803081367355,1.6631198844487243,1.8683196918632643,3.09480019258546,7.042079922965816,4.342079922965816,,,,,0.678960038517092
880517,2,1795,30,6.72,1795.0,0.16,0.29,0.18,15.7,31.0,6.0,1.1,1.8,0.3,1.0,3.1,4.4,,,,,1.0
926988,2,1775,30,6.885667605633803,1775.0,0.05,0.02,0.1,31.9,21.0,4.0,0.5,2.7,1.1,3.9,8.2,4.2,,,,,0.9
448854,1,456,11,,456.0,,,,,5.0,1.0,,,,,,,,,,,
788445,1,40,3,,40.0,,,,,1.0,,,,,,,,,,,,
793873,1,1463,21,6.95,1463.0,0.18,0.19000000000000003,0.2,13.2,24.0,10.0,0.7,1.0,0.3,1.0,2.4,3.6,,,,,0.6
634859,2,1021,26,6.9397551420176296,1021.0,0.46,0.42,0.21,19.2,12.0,4.0,1.7,2.4,1.2,0.8,4.6,3.7,,,,,1.8
403692,2,2378,31,7.1,2378.0,0.04,0.04,0.09,27.6,28.0,5.0,0.6,2.1,1.1,2.8,6.2,5.0,,,,,1.0
371002,1,1621,19,7.04,1621.0,0.06,0.04,0.06,70.5,13.0,1.0,,0.9,1.1,6.900000000000001,10.199999999999998,3.4,,,,,0.4000000000000001
268216,1,457,6,,457.0,,,,,13.0,3.0,,,,,,,,,,,
235275,2,1217,19,7.58,1217.0,0.2,0.05,0.02,60.9,2.0,,0.2,2.2,1.6,4.0,8.6,4.0,,,,,0.6
335003,1,1588,23,6.89,1588.0,,0.02,0.16,35.1,24.0,7.0,0.5,1.8,0.7,3.1,5.8,3.7,,,,,1.8
1267429,2,519,21,,519.0,0.99,0.6,0.16,20.8,10.0,5.0,1.2,0.4,0.2,0.8,1.4,2.2,,,,,1.8
789094,2,937,21,6.761739594450374,937.0,0.22999999999999998,0.21,0.17169690501600857,27.7008537886873,14.0,3.0,0.3,0.8665955176093917,0.683351120597652,1.816435432230523,3.3497331910352184,4.883137673425827,,,,,0.6
805056,2,726,18,7.290000000000001,726.0,0.59,0.54,0.13,22.9,8.0,,1.5,0.9000000000000001,,1.5,2.4,4.1,,,,,1.2
799986,1,203,4,,203.0,,,,,,,,,,,,,,,,,
162101,2,2790,31,7.385483870967742,2790.0,,,0.0,26.848387096774193,,,,0.0,,0.8,0.8,10.95483870967742,12.0,3.4096774193548387,76.28387096774193,1.0838709677419356,
257988,1,2677,32,7.120000000000001,2677.0,0.13,0.07,0.17,40.2,36.0,8.0,1.0,1.5,0.7999999999999999,3.0,5.5,4.7,,,,,0.39999999999999997
875608,2,2053,34,6.606307842182171,2053.0,,0.030000000000000002,0.028163662932294203,31.8,9.0,,0.2,3.381636629322942,1.2570871894788116,2.3509011203117387,7.60798830979055,4.3347296639064785,,,,,2.4367267413541156
689634,2,1048,17,6.93,1048.0,,0.009999999999999998,0.019999999999999997,59.20000000000001,2.0,,0.20000000000000004,2.3,1.6000000000000003,7.0,11.9,5.7,,,,,1.3999999999999997
412517,2,760,13,7.2,760.0,,0.02,0.06,69.7,5.0,,0.2,0.8,1.5,6.2,9.0,2.5,,,,,0.3
325994,1,721,9,,721.0,,,,,1.0,1.0,,,,,,,,,,,
116598,1,1263,29,6.57,1263.0,0.43000000000000005,0.5,0.14,28.4,15.0,2.0,0.1,1.3,0.3,0.7,2.3,2.1,,,,,1.2
565435,2,2190,32,7.067534246575343,2190.0,0.22,0.22095890410958904,0.22465753424657534,38.727397260273975,49.0,8.0,0.2,1.2753424657534247,0.8068493150684931,1.5410958904109588,3.8068493150684932,2.765753424657534,,,,,2.3068493150684932
807417,2,2447,29,7.464572946465058,2447.0,0.2,0.153379648549244,0.07691867592970984,48.27654270535349,11.0,3.0,0.5367797302819779,1.7,1.4073559460563956,7.202983244789537,10.777932161830813,4.741152431548835,,,,,1.2220678381691867
1011147,1,2163,33,7.03,2163.0,0.29,0.21,0.17,22.6,40.0,7.0,2.1,0.9,0.2,0.4,1.5,4.8,,,,,0.3
475949,2,2698,40,7.561100815418828,2698.0,0.6037509266123053,0.5037509266123054,0.2723276501111935,37.502594514455154,65.0,9.0,0.9116382505559674,1.1941808747220162,0.6,0.6,2.4185322461082284,4.3523721275018525,,,,,1.1650852483320977
420931,1,2836,36,7.24,2836.0,0.43999999999999995,0.48999999999999994,0.13,16.4,34.0,14.0,0.7,1.1,0.6,0.5,2.3,3.1,,,,,1.8
422763,2,2853,34,7.525688748685594,2853.0,0.19,0.19,0.16,52.1,45.0,12.0,0.9,2.7,0.6,2.0,5.7,4.8,,,,,2.1
496656,1,1734,30,6.769999999999999,1734.0,0.1,0.13,0.25,48.60000000000001,37.0,6.0,0.5,1.0,0.5,1.1,3.0,3.6000000000000005,,,,,1.1999999999999997
341049,2,810,9,7.97,810.0,,0.01,0.029999999999999995,82.5,2.0,1.0,,1.5,2.0,9.0,13.0,5.0,,,,,0.5
300716,2,2688,37,7.493072916666667,2688.0,0.21,0.12252604166666667,0.2976748511904762,52.347061011904756,61.0,15.0,0.5,2.1321800595238094,0.5707961309523809,4.761383928571429,7.770796130952381,3.8257440476190476,,,,,0.5
637446,2,636,9,7.27,636.0,,,0.05,48.0,10.0,3.0,,2.0,1.3,4.7,8.0,1.3,,,,,0.7
647280,1,1608,22,6.92,1608.0,0.45,0.33,0.13,11.4,20.0,3.0,0.6,1.1,0.1,1.3,2.5,3.4,,,,,2.7
658531,2,1855,33,6.82,1855.0,0.05,0.1492722371967655,0.0992722371967655,37.338005390835576,25.0,4.0,0.74366576819407,2.0908355795148252,0.7,0.607277628032345,3.5345013477088947,5.578167115902965,,,,,1.6
740596,2,3074,40,7.151886792452831,3074.0,0.4350943396226415,0.4466037735849056,0.11226415094339623,16.647169811320754,52.0,7.0,1.2,0.9716981132075472,0.24528301886792453,0.5,1.7226415094339622,3.411320754716981,,,,,1.883018867924528
862297,1,1949,25,7.08,1949.0,,0.04,0.02,56.4,,,0.2,1.5,1.6,5.0,8.9,4.9,,,,,0.7
795657,2,2493,40,7.146024869634978,2493.0,0.11,0.19,0.18,20.8,43.0,8.0,2.1,1.1,0.6,0.9,2.7,3.7,,,,,1.2
389253,2,2342,28,7.222288642186165,2342.0,,0.05,0.019231426131511527,77.56891545687446,7.0,,0.1,0.9615713065755764,0.6691716481639625,6.6925704526046115,9.123228010247653,3.684628522630231,,,,,0.6846285226302306
432982,1,498,9,,498.0,,,,,13.0,4.0,,,,,,,,,,,
439497,1,3098,37,7.370000000000001,3098.0,,0.02,0.08,79.4,15.0,4.0,0.2,0.9000000000000001,1.1,6.299999999999999,8.8,4.5,,,,,1.2
539677,2,1548,29,6.945516795865633,1548.0,0.12,0.14,0.27,36.4,39.0,4.0,2.6,1.3,0.4,0.5,2.2,3.9,,,,,1.2
853110,2,2222,33,7.2053105310531045,2222.0,0.35,0.3124752475247524,0.16452745274527455,34.02610261026103,25.0,6.0,1.147884788478848,2.1846984698469845,0.8794779477947795,1.0547254725472548,4.1189018901890195,4.5325832583258325,,,,,1.0136813681368138
163656,1,1482,27,6.99,1482.0,,0.07,0.12,45.4,28.0,5.0,1.2,2.9,1.1,1.8,6.0,5.6,,,,,1.8
670987,2,2982,37,7.040563380281691,2982.0,0.53,0.45,0.08732394366197183,9.285915492957747,22.0,4.0,0.9000000000000001,0.8961770623742455,0.7,0.5114688128772636,2.0808853118712274,1.9847082494969819,,,,,1.6961770623742451
434223,1,144,2,,144.0,,,,,,,,,,,,,,,,,
654257,2,558,11,6.26,558.0,,0.4699999999999999,0.21,10.900000000000002,9.0,,,,,2.7,4.5,,,,,,1.8000000000000003
527896,1,696,16,,696.0,,,,,22.0,3.0,,,,,,,,,,,
586538,1,2794,38,7.16,2794.0,0.13,0.19,0.25,25.0,67.0,12.0,1.6,1.0,0.4,0.5,2.1,4.3,,,,,0.8
504090,1,226,8,,226.0,,,,,2.0,,,,,,,,,,,,
956604,2,2046,30,6.733352883675464,2046.0,0.05,0.02,0.02,24.641739980449657,12.0,1.0,0.9681329423264907,1.1920332355816228,1.279667644183773,1.6079667644183773,4.355767350928641,5.048631476050831,,,,,1.3362658846529814
1171460,1,22,2,,22.0,,,,,,,,,,,,,,,,,
295330,1,489,13,,489.0,,,,,5.0,3.0,,,,,,,,,,,
367992,1,1290,18,,1290.0,,,,,29.0,5.0,,,,,,,,,,,
674809,2,2082,26,7.10985590778098,2082.0,0.05,0.05827089337175792,0.12481268011527379,28.908645533141208,25.0,4.0,1.1,2.4086455331412107,1.0913544668587898,0.9,4.548126801152737,6.182708933717579,,,,,1.8654178674351585
225744,2,2675,31,7.43818691588785,2675.0,0.58,0.3999065420560748,0.1333644859813084,19.246168224299065,39.0,4.0,0.5,0.8,0.3,1.0,2.025981308411215,4.085607476635514,,,,,0.8730841121495327
647384,2,1919,35,7.187665450755602,1919.0,0.3762636789994789,0.33357998957790513,0.13575820739968733,29.745492443981238,33.0,5.0,1.7875455966649298,1.9,0.4,0.9408546117769672,3.341636268890047,3.5750911933298597,,,,,1.2708181344450233
567151,1,1482,27,6.99,1482.0,,0.07,0.12,45.4,28.0,5.0,1.2,2.9,1.1,1.8,6.0,5.6,,,,,1.8
471690,1,837,21,,837.0,0.11000000000000001,0.03,0.1,47.60000000000001,8.0,1.0,1.1,1.8000000000000003,0.8,1.5,4.3,2.6000000000000005,,,,,0.5
183293,1,412,8,,412.0,,,,,7.0,2.0,,,,,,,,,,,
390177,1,320,12,,320.0,,,,,8.0,2.0,,,,,,,,,,,
346315,2,1029,15,7.26,1029.0,,0.029999999999999995,0.33,23.0,7.0,1.0,,2.0,,5.0,8.0,1.0,,,,,1.0
485672,1,2699,35,7.34,2699.0,0.22999999999999998,0.22,0.22999999999999998,29.600000000000005,49.0,11.0,1.5,1.8999999999999997,0.8000000000000002,0.6,3.2000000000000006,4.4,,,,,1.6000000000000003
569385,1,1280,20,6.970000000000001,1280.0,0.21000000000000002,0.23000000000000004,0.09,34.4,19.0,1.0,1.1,1.6,1.3,1.9,4.9,6.0,,,,,1.1
1082993,2,1355,26,7.236516605166051,1355.0,0.43,0.37,0.21999999999999997,20.6,24.0,5.0,1.5,2.4,0.9,1.7,5.2,4.5,,,,,1.6
1001839,1,3129,36,7.09,3129.0,0.05999999999999999,0.07,0.029999999999999995,36.5,10.0,1.0,0.4,1.5,1.3,6.7,10.6,4.0,,,,,0.9
173591,2,2431,35,7.378325791855203,2431.0,0.3,0.23000000000000004,0.17,30.0,51.0,6.0,1.8000000000000003,1.6,0.9000000000000001,1.5,4.1,3.8999999999999995,,,,,1.1
235767,1,2014,24,7.21,2014.0,,0.04,0.04,59.3,10.0,1.0,0.0,1.1,0.4,6.7,8.8,3.7,,,,,0.8
120977,2,3377,39,7.443858454249334,3377.0,0.06,0.06946698252887179,0.12573586023097424,65.51830026650875,36.0,6.0,0.5,1.5,1.026650873556411,1.431981048267693,4.337311222978975,6.162688777021025,,,,,0.973349126443589
931102,1,2386,34,6.74,2386.0,0.10999999999999999,0.14,0.06,16.7,23.0,3.0,0.8,2.1,1.0,1.2,4.6,3.6,,,,,1.3
718318,2,2431,40,6.879958864664747,2431.0,0.1481365693130399,0.17925133689839573,0.14333607568901685,26.77778691896339,41.0,8.0,2.8147264500205678,1.037021801727684,0.3518305224187577,0.5370218017276841,2.092513368983957,5.77778691896339,,,,,1.7592348827642945
403574,1,2900,34,7.52,2900.0,0.19,0.07,0.14,72.8,39.0,5.0,0.7,2.2,1.2,1.8,5.8,7.5,,,,,1.0
399162,2,2563,30,7.6612095200936405,2563.0,0.08,0.07731564572766289,0.059328911431915723,50.63886071010534,20.0,1.0,0.5932891143191572,4.3268435427233705,2.286578228638314,1.7127584861490441,8.32618025751073,6.986578228638314,,,,,1.834217713616855
403568,1,2288,28,7.14,2288.0,0.04,0.02,0.03,57.1,6.0,2.0,0.0,1.0,1.4,7.1,9.8,3.7,,,,,0.4
544148,1,530,9,,530.0,,,,,5.0,1.0,,,,,,,,,,,
463751,1,1124,13,,1124.0,,,,,17.0,5.0,,,,,,,,,,,
575610,2,793,20,6.58,793.0,0.37,0.61,0.04,11.0,7.0,,1.0,0.4,0.1,0.7,1.2,2.1,,,,,1.0
128899,1,3420,38,6.98,3420.0,,,0.0,21.5,2.0,,,0.0,,0.6,0.7,8.1,12.0,2.7,70.7,1.1,0.0
981516,1,169,2,,169.0,,,,,,,,,,,,,,,,,
808452,2,2965,36,6.624475548060708,2965.0,,0.03,0.02,36.7,8.0,,0.1,1.1,1.0,7.1,10.5,2.9,,,,,0.9
258916,1,124,2,,124.0,,,,,4.0,,,,,,,,,,,,
468264,2,1263,32,6.558028503562946,1263.0,0.07,0.19,0.29,44.3,27.0,6.0,1.2,1.2,0.1,0.9,2.3,5.4,,,,,1.5
1208182,2,671,16,6.42,671.0,,,,,7.0,1.0,,,,,,,,,,,
399369,1,1743,26,6.98,1743.0,,0.02,0.03,29.8,11.0,,0.4,2.8,0.9,1.1,5.0,5.1,,,,,0.5
504386,2,2888,38,7.094619113573408,2888.0,0.26,0.15,0.13203601108033242,28.595152354570637,35.0,10.0,1.2875346260387812,1.2890581717451524,0.7890581717451525,2.1711218836565096,4.598476454293628,4.1890581717451525,,,,,0.9109418282548477
388171,1,1300,24,6.82,1300.0,,0.01,0.1,66.7,9.0,,0.4,2.1,0.8,3.5,7.0,4.4,,,,,1.3
481244,1,45,2,,45.0,,,,,1.0,1.0,,,,,,,,,,,
670883,1,515,13,,515.0,,,,,3.0,,,,,,,,,,,,
503865,1,1862,27,6.78,1862.0,,0.06,0.06,28.9,25.0,,0.8,1.9,0.8,2.7,5.8,4.1,,,,,0.8
646189,1,1533,34,6.5,1533.0,0.18,0.14,0.17,14.5,24.0,4.0,1.6,1.5,0.4,0.5,2.4,3.6,,,,,1.8
978150,1,126,7,,126.0,,,,,1.0,,,,,,,,,,,,
875208,1,688,15,,688.0,,,,,10.0,4.0,,,,,,,,,,,
482802,2,771,28,7.73,771.0,0.38,0.37,0.16,19.5,10.0,5.0,0.5,1.3,1.1,2.9,5.7,3.8,,,,,1.8
29006,1,7,1,,7.0,,,,,,,,,,,,,,,,,
465715,1,661,17,,661.0,,,,,10.0,1.0,,,,,,,,,,,
504856,2,3156,36,7.474011406844108,3156.0,0.12,0.04657794676806084,0.26374524714828895,19.721863117870722,84.0,12.0,0.7513307984790873,1.9941064638783268,1.5684410646387832,3.1454372623574143,7.250760456273765,5.288212927756653,,,,,0.8828897338403042
375434,1,1959,32,6.86,1959.0,,0.03,0.02,30.7,4.0,,0.2,2.1,1.3,5.4,9.3,3.5,,,,,0.9
624751,1,1063,20,,1063.0,,0.13,0.2,38.0,21.0,1.0,1.2,1.7,1.0,0.8,3.6,4.7,,,,,0.9
425865,1,2319,31,7.130000000000001,2319.0,0.11999999999999998,0.16,0.21,39.1,45.0,7.0,1.3,1.4,0.4,1.1,3.1,3.9000000000000004,,,,,1.6
256773,1,2556,35,6.929999999999999,2556.0,,0.02,0.11000000000000001,45.3,30.0,2.0,0.7,1.2,1.0,1.2,3.7,4.6,,,,,0.8
764386,1,407,10,,407.0,,,,,2.0,,,,,,,,,,,,
344107,2,2431,35,7.378325791855203,2431.0,0.3,0.23000000000000004,0.17,30.0,51.0,6.0,1.8000000000000003,1.6,0.9000000000000001,1.5,4.1,3.8999999999999995,,,,,1.1
360661,2,2426,37,6.761162407254741,2426.0,0.37038746908491343,0.3607749381698269,0.08703215169002472,12.05482275350371,29.0,7.0,0.3148392415498763,0.4,0.1,1.6851607584501236,2.462901896125309,1.8887056883759274,,,,,1.0554822753503712
511802,1,2178,26,6.9,2178.0,0.12000000000000001,0.11,0.01,44.0,5.0,,0.1,0.9,1.2,6.9,9.6,2.8,,,,,0.8
1360186,1,1419,17,,1419.0,,,,,14.0,2.0,,,,,,,,,,,
503768,2,1270,20,6.1,1270.0,,0.16,0.09,13.6,15.0,2.0,,1.5,,2.3,3.8,0.8,,,,,3.0
251309,1,912,12,,912.0,,,,,6.0,1.0,,,,,,,,,,,
801420,2,3354,39,6.863917710196779,3354.0,0.18459749552772808,0.162737030411449,0.07892665474060824,21.53953488372093,34.0,2.0,0.31073345259391766,1.4053667262969587,0.6892665474060822,1.2161001788908765,3.7161001788908767,3.324865831842576,,,,,1.337567084078712
734424,1,2562,29,7.08,2562.0,0.18,0.08,0.13,16.0,29.0,7.0,0.09999999999999999,1.0,0.7999999999999999,3.1999999999999997,5.5,3.5,,,,,1.1
143424,1,425,9,,425.0,,,,,9.0,,,,,,,,,,,,
207006,1,884,14,,884.0,,,,,2.0,1.0,,,,,,,,,,,
895074,1,1228,18,,1228.0,,,,,5.0,,,,,,,,,,,,
484838,2,1260,14,7.99,1260.0,,,0.0,43.5,,,,,,0.5,0.5,9.5,2.0,3.5,87.5,0.5,
698548,1,1054,27,6.29,1054.0,0.34,0.26,0.02,7.3,6.0,,0.8,0.9,0.3,0.9,2.1,2.0,,,,,2.9
727023,1,38,2,,38.0,,,,,,,,,,,,,,,,,
470606,1,449,13,,449.0,,,,,10.0,2.0,,,,,,,,,,,
567114,1,1102,14,,1102.0,,,,,1.0,,,,,,,,,,,,
929994,1,1912,28,7.37,1912.0,0.42,0.22,0.22999999999999998,31.0,37.0,9.0,2.4,1.6,0.3,0.3,2.3,4.9,,,,,1.4
1075577,1,1574,19,7.0,1574.0,,0.04,0.02,56.89999999999999,4.0,1.0,0.3,2.1,1.5,4.6,8.6,5.0,,,,,1.2
671591,1,100,3,,100.0,,,,,4.0,1.0,,,,,,,,,,,
915418,1,1707,20,7.31,1707.0,0.05,0.09,0.06,61.2,9.0,3.0,0.3,1.1,1.2,7.4,10.5,4.4,,,,,0.4
462832,1,2027,25,7.31,2027.0,,0.04,0.04,47.6,17.0,,0.8,2.8,1.4,1.2,5.5,6.6,,,,,0.8
847278,2,1142,19,7.41,1142.0,0.7058669001751314,0.7547460595446586,0.09339754816112084,12.95201401050788,13.0,4.0,0.9150612959719789,0.2,0.2,0.4849387040280211,0.8169877408056043,1.6359019264448336,,,,,1.7301225919439578
1089004,2,1780,28,7.130000000000001,1780.0,0.11,0.07,0.039999999999999994,49.4,17.0,2.0,0.7,2.2,1.8,2.2,6.6,5.4,,,,,1.4
1236853,2,1532,28,6.96,1532.0,0.31,0.6,0.23000000000000004,21.1,39.0,8.0,2.3,1.4000000000000001,0.19999999999999998,0.6,2.1,3.6999999999999997,,,,,0.7000000000000001
610405,2,1469,22,7.0495643294758334,1469.0,0.13,0.23632402995234852,0.19908100748808713,42.07739959155888,36.0,8.0,0.5,1.244860449285228,0.7,1.1,3.2070115724982977,3.93784887678693,,,,,0.5183798502382573
881297,1,64,3,,64.0,,,,,1.0,,,,,,,,,,,,
1282860,1,2271,26,7.25,2271.0,0.08,0.1,0.05,42.4,7.0,2.0,0.1,1.6,0.8,6.3,9.5,4.2,,,,,0.6
671114,2,1631,27,7.041477621091354,1631.0,0.3904843654199877,0.16969957081545062,0.23494175352544447,32.12587369711834,27.0,8.0,0.893071735131821,1.786143470263642,0.8,0.6,3.3683629675045985,4.596076026977315,,,,,1.1
1003622,2,2386,33,7.489999999999999,2386.0,0.5611483654652137,0.5111483654652138,0.2256831517183571,18.279421626152555,51.0,16.0,1.7710393964794635,1.1810561609388097,0.8952640402347024,1.1,3.1242246437552392,5.085792120704107,,,,,0.8378876781223805
352596,1,2018,29,7.58,2018.0,0.67,0.53,0.18,37.0,52.0,6.0,1.4,1.7,0.3,0.6,2.7,4.3,,,,,1.2
1169411,2,654,13,7.659999999999999,654.0,,0.01,0.11,31.7,5.0,,2.7,3.0,1.0,1.3,5.3,8.7,,,,,0.7
553328,1,1211,16,,1211.0,0.07,0.11,0.12,42.8,15.0,,1.6,2.7,1.0,1.0,4.8,6.3,,,,,1.5
1041861,1,951,22,6.81,951.0,0.09,0.23,0.25,26.5,21.0,5.0,2.2,2.7,1.4,0.9,5.3,4.7,,,,,1.9
960463,2,1877,32,6.787218966435802,1877.0,0.12,0.13090037293553541,0.07636654235482153,17.708524240809805,18.0,3.0,2.472509323388386,2.272988811933937,0.38183271177410766,0.6090037293553543,3.5001598295151846,5.290996270644646,,,,,1.809323388385722
961937,2,2707,33,7.284536387144439,2707.0,,0.02,0.09,43.9,32.0,5.0,1.3,2.7,1.2,1.7,5.9,6.6,,,,,1.1
409517,2,1657,30,6.979312009656004,1657.0,0.48776704888352446,0.4981472540736271,0.20102595051297528,15.691007845503922,37.0,5.0,1.1,1.715027157513579,0.23862401931200963,0.8,2.7841279420639706,3.283705491852746,,,,,1.8000000000000003
803052,2,1915,33,6.730626631853785,1915.0,0.19,0.16,0.15,9.4,21.0,9.0,1.9,0.9,0.8,0.6,2.3,2.9,,,,,0.6
683891,2,2761,32,6.95,2761.0,,0.046055776892430275,0.019243027888446212,61.10956175298805,5.0,1.0,0.1,1.4227091633466136,1.3621513944223107,4.330278884462151,7.8302788844621505,3.616733067729083,,,,,0.5
696164,1,1012,13,,1012.0,,,,,5.0,,,,,,,,,,,,
369567,1,1323,23,7.24,1323.0,0.41,0.5,0.25,16.6,33.0,8.0,1.6,1.3,0.3,2.2,3.9,3.2,,,,,1.6
476915,2,2388,31,7.407696817420436,2388.0,0.04,0.06763400335008377,0.121892797319933,34.44543551088777,34.0,4.0,1.3,2.78107202680067,1.409463986599665,1.9,6.28643216080402,5.866247906197655,,,,,1.1236599664991627
467236,2,3019,35,7.196624710168931,3019.0,0.23,0.2312885061278569,0.12261344816164292,24.07876780390858,28.0,4.0,0.5174229877442862,0.8522689632328586,0.5784034448492879,2.004173567406426,3.891288506127857,3.6696919509771453,,,,,0.6
715956,2,526,12,7.05,526.0,,0.3,0.33,27.4,6.0,,2.9,2.0,,0.5,2.4,5.4,,,,,1.0
1111663,1,2139,29,6.96,2139.0,0.59,0.59,0.04,7.900000000000001,11.0,6.0,0.8,0.6,0.3,1.7,2.7,1.9,,,,,1.4
610400,1,216,3,,216.0,,,,,7.0,3.0,,,,,,,,,,,
504147,2,2526,31,6.888705463182899,2526.0,0.04,0.04479809976247031,0.17520190023752968,23.439073634204274,29.0,13.0,0.747980997624703,1.236579572446556,0.6105700712589073,1.4471496437054632,3.473159144893112,3.6276722090261284,,,,,0.7894299287410926
1167696,1,1,1,,1.0,,,,,,,,,,,,,,,,,
439351,2,2658,31,7.189300225733635,2658.0,0.15,0.17085778781038374,0.17,40.48961625282167,44.0,11.0,1.3,0.879683972911964,0.610158013544018,1.479683972911964,3.1492099322799096,4.0,,,,,1.0593679458239278
953893,1,486,15,,486.0,,,,,10.0,2.0,,,,,,,,,,,
643088,2,2281,33,7.307387110916266,2281.0,0.5567251205611573,0.4854844366505919,0.08093380096448925,9.020210434020166,26.0,7.0,1.1626479614204297,0.7,0.2,1.3,2.206619903551074,1.706619903551074,,,,,1.759929855326611
629011,2,3150,35,7.001714285714285,3150.0,,,0.0,19.06571428571429,,,,,,0.8428571428571429,0.8428571428571429,8.574285714285715,11.0,2.3714285714285714,66.13142857142857,1.2142857142857142,0.1
657575,2,2623,31,7.266889058330155,2623.0,0.15,0.18233320625238275,0.11533358749523445,32.321997712542895,20.0,9.0,2.2,2.2833396873808613,0.7155547083492184,0.6544414792222646,3.815554708349218,6.568890583301563,,,,,1.8922226458253906
652632,1,267,3,,267.0,,,,,4.0,1.0,,,,,,,,,,,
1113024,2,568,15,6.68,568.0,,,,,8.0,1.0,,,,,,,,,,,
856068,2,1322,21,7.11,1322.0,0.07,0.12586989409984872,0.05655824508320726,25.411119515885023,14.0,2.0,0.4,1.5344175491679273,1.2,5.85143721633888,9.341301059001513,2.603252647503782,,,,,0.5
822958,2,1217,15,7.67,1217.0,,0.030000000000000002,0.01,84.5,4.0,,,1.8,1.2,3.6999999999999997,8.0,8.6,,,,,0.6
974365,1,814,20,6.75,814.0,0.22000000000000003,0.1,0.19,17.1,12.0,3.0,3.0,2.7,0.2,1.1,4.1,5.5,,,,,1.5
604320,2,2082,27,7.235504322766571,2082.0,0.54,0.0677521613832853,0.24711815561959655,42.68414985590778,47.0,10.0,1.5080691642651298,1.7838616714697408,1.2,2.0968299711815566,5.308069164265129,5.345244956772335,,,,,0.6
822601,1,799,16,,799.0,0.34,0.58,0.08,7.5,8.0,2.0,1.0,1.5,0.1,0.2,1.8,2.6,,,,,0.8
847257,1,1626,25,6.77,1626.0,,0.01,0.030000000000000002,39.6,6.0,,0.3,1.1,0.6999999999999998,6.0,8.2,3.5,,,,,1.3
526895,2,2477,31,7.318102543399273,2477.0,0.16,0.10454985870004038,0.2767299152200242,45.135930561162695,51.0,11.0,0.2109002825999193,2.6236980218005654,0.9308033911990312,1.012797739200646,4.834598304400485,4.696205086798547,,,,,0.9109002825999193
912078,2,1434,24,6.905753138075314,1434.0,0.2514504881450488,0.31000697350069734,0.16855648535564852,15.900139470013947,19.0,6.0,3.2856345885634584,0.7,0.48570432357043236,1.0,2.0283821478382147,3.6286610878661087,,,,,1.3429567642956763
1048618,2,1094,24,6.64,1094.0,,0.02,0.01,24.7,2.0,,0.8,3.0,1.3,1.1,5.5,5.9,,,,,0.6
245034,2,2942,34,7.117552685248131,2942.0,0.07,0.07510537049626105,0.08877634262406527,34.63800135961931,27.0,6.0,0.3,1.614343983684568,1.238817131203263,2.765397688647179,6.106322229775663,5.7122365737593475,,,,,1.2734194425560843
403808,2,2966,33,7.36883344571814,2966.0,0.057208361429534726,0.09813890761968981,0.12816250842886043,45.5885704652731,37.0,13.0,0.4818610923803102,2.0632501685772087,1.1544167228590696,5.854652730950776,9.972555630478759,4.063486176668914,,,,,0.5
404260,1,1000,21,6.86,1000.0,,0.03,0.19,48.0,13.0,2.0,0.7,1.8,0.7,2.3,5.0,5.3,,,,,0.5
566626,1,2311,30,6.86,2311.0,0.51,0.52,0.06,5.6,11.0,3.0,0.7,0.6,0.1,0.5,1.3,2.8,,,,,1.3
251303,2,2487,32,6.911081624447125,2487.0,0.35,0.24885404101326902,0.16133092078809813,17.676156011258545,44.0,12.0,0.6,0.4,0.07430639324487333,0.6,1.2,2.9371531966224365,,,,,0.8
619657,1,1020,23,6.44,1020.0,,0.02,0.12,28.1,12.0,2.0,0.9,1.2,0.5,1.1,2.9,3.3,,,,,2.7
652047,2,1542,27,6.798664072632944,1542.0,0.13,0.1856679636835279,0.22850843060959794,24.201686121919586,34.0,8.0,1.1228274967574579,1.2,0.9220492866407263,0.9448767833981842,2.9346303501945523,2.933073929961089,,,,,1.4559014267185473
620832,2,1079,15,,1079.0,,,,,7.0,,,,,,,,,,,,
639027,2,2847,33,7.298703898840885,2847.0,0.09999999999999999,0.07810326659641728,0.11146469968387777,25.04573234984194,40.0,8.0,0.6,2.271548998946259,1.2,3.090516332982087,6.748261327713382,4.704320337197049,,,,,1.386195995785037
186374,1,2790,31,6.85,2790.0,,,0.0,22.1,,,,,,0.7,0.7,8.9,5.0,2.5,65.8,1.3,
186365,2,2738,32,7.367395909422936,2738.0,0.07,0.07903944485025567,0.1675346968590212,35.057414170927686,59.0,7.0,1.6,1.8424762600438276,0.5835646457268079,0.8917823228634041,3.4096055514974433,6.091782322863404,,,,,1.0424762600438278
803967,2,1275,25,6.670847058823529,1275.0,0.08,0.1404235294117647,0.13698823529411763,11.690352941176469,17.0,3.0,2.0042352941176476,1.3150588235294118,0.5,0.6698823529411764,2.554823529411765,2.639764705882353,,,,,1.5192941176470587
715893,2,739,13,6.7700000000000005,739.0,,,0.01,73.8,2.0,,,1.1,2.2,1.7,5.0,2.8,,,,,0.6
948537,1,325,4,,325.0,,,,,3.0,,,,,,,,,,,,
805534,2,1040,19,6.85,1040.0,0.09,0.05,0.06,29.0,9.0,,1.2,3.4,1.0,4.0,8.8,4.2,,,,,1.4
718756,2,990,11,7.33,990.0,,,0.0,13.7,1.0,,,,,1.7,1.7,6.7,5.0,2.0,85.7,0.3,
283233,1,1306,16,,1306.0,,0.049999999999999996,0.06,69.7,5.0,2.0,,1.5999999999999999,1.2,7.2,10.8,4.5,,,,,0.6
922788,2,602,19,6.370000000000001,602.0,0.17,0.19,0.14,11.0,7.0,,0.5,1.0,0.5,,1.6,2.1,,,,,1.7
804035,1,630,12,,630.0,,,,,11.0,1.0,,,,,,,,,,,
925418,1,2401,30,6.89,2401.0,0.41,0.33,0.11,12.1,28.0,6.0,1.4,0.6,0.2,0.2,1.1,3.1,,,,,1.6
1057525,2,142,8,,142.0,,,,,5.0,,,,,,,,,,,,
354022,1,270,3,,270.0,,,,,15.0,3.0,,,,,,,,,,,
640432,2,944,17,7.67,944.0,,0.11,0.02,52.3,3.0,1.0,,2.7,1.7,4.3,9.0,4.7,,,,,0.7
639582,1,2684,30,7.14,2684.0,,,0.01,17.7,6.0,3.0,,,,1.1,1.1,11.5,9.0,2.9,69.1,1.3,0.10000000000000002
420890,1,1201,14,,1201.0,,,,,5.0,,,,,,,,,,,,
523895,2,2756,34,7.019615384615385,2756.0,0.07,0.07,0.03884615384615385,40.12307692307693,9.0,1.0,0.1,1.0,1.4115384615384614,4.749999999999999,7.411538461538462,3.430769230769231,,,,,0.8346153846153845
671593,1,464,9,,464.0,,,,,1.0,,,,,,,,,,,,
471936,1,1317,15,,1317.0,,,,,,,,,,,,,5.0,,,,
526785,1,749,13,,749.0,,,,,11.0,1.0,,,,,,,,,,,
1107570,1,2486,29,7.269999999999999,2486.0,0.14,0.08,0.16,24.1,34.0,6.0,1.6,2.3,1.2,3.2,6.9,5.8,,,,,1.1
231586,2,1839,24,7.135986949429037,1839.0,0.34,0.028450244698205552,0.1399347471451876,46.23539967373573,19.0,7.0,0.44257748776508976,1.1851549755301793,0.6432300163132136,2.429690048939641,4.429690048939641,4.28515497553018,,,,,0.7
404881,2,2610,29,7.016206896551724,2610.0,,,0.0010344827586206897,23.76206896551724,1.0,1.0,0.0,,,0.996551724137931,0.996551724137931,9.431034482758621,9.0,2.56551724137931,68.98965517241379,1.106896551724138,
286596,1,2305,30,7.19,2305.0,,0.04,0.11,39.6,32.0,8.0,0.6,2.6,0.9,3.9,7.6,4.6,,,,,0.9
319482,2,2681,31,7.281506900410294,2681.0,0.09916822081312943,0.06951137635210741,0.041413651622528906,57.14677359194331,5.0,1.0,0.3,1.8,1.101454681089146,6.244386422976501,9.850727340544575,3.9190227527042145,,,,,0.7809772472957852
724965,2,666,17,6.45,666.0,,0.38,0.65,26.2,14.0,2.0,0.9,1.7,,,1.7,4.4,,,,,3.5
661206,2,2031,36,6.564347612013786,2031.0,0.2677498769079272,0.3543476120137863,0.05423436730674545,7.420039389463318,18.0,5.0,1.2047267355982276,0.7576563269325456,0.20000000000000004,0.4,1.4788281634662728,1.6529295913343183,,,,,1.3894140817331362
515480,2,3189,36,6.904995296331138,3189.0,0.25,0.03338664158043273,0.032257761053621825,27.993414863593603,19.0,3.0,0.4112888052681092,2.5564440263405457,0.3887111947318909,2.3564440263405455,5.91128880526811,5.0241768579492,,,,,1.6225776105362184
620496,2,2712,33,7.0365781710914455,2712.0,0.3,0.18323746312684366,0.17222713864306785,25.70103244837758,49.0,10.0,1.1,1.509070796460177,0.4303097345132743,0.789896755162242,2.8393805309734512,4.378761061946903,,,,,1.089896755162242
400550,2,2040,29,7.0013725490196075,2040.0,0.48752941176470593,0.23254901960784313,0.08976470588235294,11.956470588235295,28.0,6.0,0.5705882352941176,0.4886274509803921,0.1,0.9796078431372549,1.6341176470588237,1.8568627450980393,,,,,0.8431372549019608
915896,2,282,6,6.83,282.0,,0.05,0.07,32.6,6.0,,3.4,3.4,,2.8,6.2,5.1,,,,,1.1
915421,2,360,4,7.35,360.0,,,0.1,24.3,,,,,,1.0,1.0,11.3,2.0,1.7,83.3,0.3,
804034,1,45,1,,45.0,,,,,,,,,,,,,,,,,
806477,2,2112,26,6.811477272727273,2112.0,0.05,0.043409090909090904,0.03170454545454545,30.2625,4.0,,0.25113636363636366,2.085227272727273,1.0,4.963636363636363,8.717045454545456,2.8806818181818183,,,,,1.3363636363636364
538974,1,1527,26,6.73,1527.0,0.18000000000000002,0.26,0.08,18.6,14.0,2.0,0.8,1.1,0.2,1.0,2.4,3.2,,,,,0.8
898140,1,1888,29,6.83,1888.0,0.14,0.17,0.14,16.1,21.0,4.0,2.3,1.0,0.3,0.7,2.0,3.5,,,,,0.4
693092,2,470,17,6.26,470.0,,,,,7.0,1.0,,,,,,,,,,,
960458,1,51,4,,51.0,,,,,,,,,,,,,,,,,
976234,1,224,8,,224.0,,,,,,,,,,,,,,,,,
895606,2,2149,42,6.821233131689159,2149.0,0.29616565844578874,,,23.373010702652397,22.0,5.0,0.475337366216845,1.7849697533736621,0.3876686831084225,1.0876686831084226,3.34797580269893,4.04662633783155,,,,,1.35067473243369
944289,1,2643,35,7.13,2643.0,0.14,,,36.4,24.0,2.0,0.3,1.6,1.1,1.8000000000000003,4.9,5.1,,,,,1.6999999999999997
1011580,2,3011,35,6.9338591829956835,3011.0,0.030000000000000002,,,53.07230156094321,4.0,,0.11793424111590835,0.9730986383261375,0.8820657588840917,3.638591829956825,5.938591829956825,3.301361673862504,,,,,0.8
987672,1,1202,35,6.68,1202.0,0.82,,,13.899999999999999,18.0,1.0,0.7,0.5,0.3,0.5,1.4,2.1,,,,,1.8999999999999997
376588,2,3063,39,7.2093307215148545,3063.0,0.14,,,39.08246816846229,40.0,4.0,0.5683317009467842,2.1683317009467844,0.8475024485798237,1.0791707476330394,4.2950048971596475,5.557492654260528,,,,,1.4741756447926868
1169455,2,3401,39,7.185739488385768,3401.0,0.23729785357247868,,,29.803645986474564,49.0,7.0,0.28412231696559836,1.80473390179359,1.2523669508967952,0.9111437812408116,4.215877683034402,4.411143781240812,,,,,0.9682446339311968
1073631,1,1980,31,6.64,1980.0,0.18,,,18.4,31.0,3.0,0.5,0.6,0.2,0.1,1.1,4.0,,,,,0.9
944581,2,3127,37,7.070722737448032,3127.0,,,,39.8325231851615,32.0,5.0,0.6230252638311481,1.3,0.6460505276622961,2.211512631915574,4.411512631915574,4.561176846818037,,,,,0.8309242085065559
944536,2,2429,37,6.79,2429.0,0.12,,,22.4,21.0,3.0,1.2,1.6,0.7,0.7,3.2,4.6,,,,,0.9
624353,2,3180,40,7.511188679245284,3180.0,0.19752830188679246,,,41.25207547169811,107.0,20.0,1.4247169811320757,1.0322641509433963,0.12150943396226414,0.3,1.5322641509433963,5.592452830188679,,,,,0.7075471698113207
1034233,2,2499,30,6.689171668667466,2499.0,,,,38.497438975590235,6.0,1.0,0.12777110844337736,1.0,1.3527410964385755,5.544577831132453,8.869547819127652,2.911084433773509,,,,,1.4110844337735096
894668,1,1705,20,7.24,1705.0,,,,30.9,18.0,2.0,0.5,1.7,1.1,1.7,4.8,4.7,,,,,0.8
1245543,2,3248,38,6.876650246305419,3248.0,0.03,,,32.379926108374384,19.0,1.0,0.1,1.4503694581280788,1.116871921182266,5.582635467980296,8.966502463054187,3.0,,,,,0.9667487684729064
952783,2,1118,30,6.593756708407871,1118.0,0.27,,,22.500626118067977,13.0,4.0,0.8,0.8765652951699463,0.5,0.5234347048300537,1.8414132379248658,3.828890876565295,,,,,0.9523255813953488
848660,2,1922,28,7.165228928199792,1922.0,0.26,,,21.453798126951092,41.0,5.0,1.9753902185223724,0.9353798126951093,0.3,0.6676899063475547,2.059989594172737,3.4415192507804373,,,,,0.6323100936524454
505652,1,3023,36,7.040000000000001,3023.0,0.36,,,12.400000000000002,30.0,6.0,0.2,0.7,0.3,1.9,3.1000000000000005,1.5,,,,,1.8000000000000003
618022,2,3150,35,7.07,3150.0,,,,55.9,11.0,1.0,,0.8,1.0,6.5,9.1,2.7,,,,,1.4
615639,1,91,3,,91.0,,,,,2.0,,,,,,,,,,,,
551752,2,2962,38,7.213126266036461,2962.0,0.24111748818365972,,,20.110432140445646,41.0,10.0,2.054591492234976,1.1702228224172855,0.4,0.3,1.9305199189736664,3.890817015530047,,,,,1.2652599594868332
171072,1,1089,13,,1089.0,,,,,6.0,1.0,,,,,,,,,,,
374055,2,3690,41,7.216829268292683,3690.0,,,,11.268292682926829,,,,,,1.2317073170731707,1.2317073170731707,8.012195121951219,17.0,3.1878048780487807,75.86829268292684,1.0,
842453,2,2165,31,6.686175519630485,2165.0,0.39,,,10.5,18.0,4.0,0.4,0.3,0.3,0.7,1.4,2.2,,,,,1.5
851543,2,2993,41,6.979749415302372,2993.0,0.30118944203140663,,,15.765452723020381,33.0,6.0,1.6804209822920146,1.4376211159371868,0.28195790177079855,0.7180420982292014,2.491747410624791,4.516505178750418,,,,,2.3
946045,1,975,17,,975.0,,,,,13.0,2.0,,,,,,,,,,,
434295,2,3380,38,7.338047337278106,3380.0,0.029999999999999995,,,29.62603550295858,35.0,2.0,0.42662721893491123,2.38698224852071,1.2266272189349112,3.520118343195266,7.560355029585799,5.353550295857988,,,,,1.2464497041420122
943889,1,2340,27,6.46,2340.0,,,,13.4,,,,,,1.3,1.3,7.5,5.0,4.0,64.8,2.2,0.0
845857,1,2579,34,6.970000000000001,2579.0,0.14,,,33.0,20.0,3.0,0.6,1.1,0.8999999999999999,1.8999999999999997,4.4,4.5,,,,,0.8000000000000002
845560,2,1849,22,6.86920497566252,1849.0,,,,39.35759870200108,2.0,,0.3805300162249865,1.122120064899946,1.2026500811249323,4.7716603569497025,7.618550567874527,3.033639805300162,,,,,1.3805300162249865
466125,2,2180,36,7.013027522935779,2180.0,0.37,,,22.94770642201835,51.0,6.0,0.9770642201834863,1.338532110091743,0.7192660550458716,0.6,2.638532110091743,4.773394495412844,,,,,1.2444954128440366
502074,2,2478,33,7.08,2478.0,0.26,,,25.3,44.0,9.0,1.8,0.8,0.3,0.4,1.6,3.3,,,,,0.8
942034,1,2988,34,6.950000000000001,2988.0,0.12,,,35.8,11.0,1.0,0.3,1.1,1.3,6.4,9.7,2.7,,,,,0.8
512394,2,3034,39,7.231179960448253,3034.0,0.2626928147659855,,,20.432069874752806,53.0,15.0,0.890771259063942,0.6848714568226763,0.34538562953197105,0.4,1.3697429136453525,3.948714568226763,,,,,0.7999999999999999
870285,1,3127,35,6.99,3127.0,0.060000000000000005,,,43.6,7.0,2.0,0.10000000000000002,0.8000000000000002,1.2,5.8,8.7,4.0,,,,,1.0
292822,1,68,2,,68.0,,,,,,,,,,,,,,,,,
650519,2,1791,27,7.058726968174203,1791.0,,,,25.21250697934115,18.0,6.0,0.6250139586823004,2.637353433835846,1.3375209380234505,3.699832495812395,8.199664991624791,4.462590731434952,,,,,1.562534896705751
1070637,2,1596,29,6.697443609022556,1596.0,0.060000000000000005,,,11.92781954887218,17.0,6.0,2.6902255639097747,2.3,0.4300751879699248,0.3,3.0,3.6473684210526316,,,,,1.262406015037594
1184675,2,2126,30,6.857935089369708,2126.0,0.31,,,10.83951081843838,28.0,9.0,1.386829727187206,0.2811382878645344,0.45658513640639703,0.3622765757290687,1.0188617121354657,3.1508936970837254,,,,,1.113170272812794
353927,1,2106,33,7.23,2106.0,0.38,,,23.2,44.0,9.0,2.4,0.9,0.1,0.3,1.5,3.1,,,,,1.0
619297,2,2077,30,6.605912373615792,2077.0,0.05,,,26.75565719788156,10.0,2.0,0.317043813192104,1.317043813192104,0.5,2.682956186807896,5.148868560423688,3.231824747231584,,,,,1.910784785748676
685742,1,988,18,,988.0,0.09,,,15.6,17.0,7.0,2.3,1.1,0.5,0.4,2.2,3.4,,,,,0.8
1303880,2,2248,37,6.602900355871887,2248.0,,,,24.652402135231316,20.0,2.0,0.5,2.0375444839857653,0.9977758007117438,1.1104092526690392,4.324911032028471,4.677313167259786,,,,,1.3977758007117438
698536,1,343,4,,343.0,,,,,1.0,,,,,,,,,,,,
698542,1,1452,28,6.46,1452.0,0.05999999999999999,,,15.1,13.0,2.0,0.9,1.1,0.4,1.0,2.5,3.2,,,,,1.5
1300865,2,1295,22,6.64,1295.0,0.08,,,17.1,10.0,3.0,0.6,2.2,1.5,3.8,7.7,3.8,,,,,1.7
502017,1,3060,34,7.49,3060.0,,,,22.1,4.0,1.0,0.0,0.1,,1.6,1.7,9.9,11.0,4.0,79.7,1.0,0.1
222830,1,580,9,,580.0,,,,,8.0,2.0,,,,,,,,,,,
706237,1,2970,33,6.73,2970.0,,,,14.5,,,,,,1.0,1.0,9.6,9.0,2.5,63.2,1.5,
649019,2,3081,38,6.95554040895813,3081.0,0.07,,,30.578967867575464,23.0,1.0,0.4,2.471470301850049,1.132132424537488,2.2052580331061344,6.376728334956184,4.787536514118793,,,,,1.3
849323,1,1835,30,6.829999999999999,1835.0,,,,18.9,29.0,6.0,0.4,3.0,0.5,1.1,4.7,4.4,,,,,2.0
846708,2,3154,37,7.131861128725427,3154.0,0.030000000000000002,,,21.985098287888395,69.0,9.0,0.5047875713379835,1.6957514267596705,0.5047875713379835,2.7143627140139506,5.200538998097654,3.4670259987317684,,,,,1.2952124286620164
610637,2,1531,23,7.098105813193992,1531.0,,,,33.502482037883745,11.0,4.0,1.3519921619856303,2.513455258001306,1.9058131939908558,1.3538210320052253,6.013455258001307,8.438536903984323,,,,,1.7
1067902,1,1436,31,6.62,1436.0,0.5,,,15.9,10.0,,0.7999999999999999,1.4,0.7999999999999999,0.7999999999999999,3.1,3.3000000000000003,,,,,2.8
1235120,2,1323,22,6.21,1323.0,,,,12.8,15.0,3.0,1.1,,,,0.4,2.8,,,,,3.9
615667,1,999,24,6.3,999.0,,,,22.2,12.0,1.0,0.8,0.7,0.5,0.4,1.7,3.3,,,,,1.4
620767,2,2160,24,6.63,2160.0,,,,17.0,1.0,,,,,0.7,0.7,7.9,4.0,2.8,66.3,1.4,
619298,1,1638,24,6.830000000000001,1638.0,,,,50.2,5.0,,0.2,2.4,1.7,3.8,8.6,3.8,,,,,1.3
502022,2,2752,35,7.086075581395348,2752.0,,,,55.86540697674419,17.0,1.0,0.6,1.565406976744186,1.365406976744186,3.5392441860465116,7.517732558139534,5.190697674418605,,,,,1.5430232558139534
640466,2,2949,38,7.100518819938962,2949.0,0.07,,,32.889623601220755,23.0,3.0,0.5870125466259749,2.4558494404883007,1.1610376398779245,1.6389623601220753,5.646761614106477,6.042861987114277,,,,,1.2
797570,1,540,6,,540.0,,,,,,,,,,,,,2.0,,,,
1045733,1,1872,23,6.31,1872.0,,,,38.2,3.0,1.0,0.1,1.0,0.7,6.4,9.0,3.2,,,,,1.0
1045282,2,2132,33,6.973053470919325,2132.0,0.32,,,14.626172607879925,34.0,5.0,1.2373827392120074,1.5538930581613508,0.5582551594746716,0.9956378986866791,3.1869136960600377,4.158255159474672,,,,,1.7121482176360223
673436,2,1981,28,7.044406865219586,1981.0,0.08775365976779405,,,23.550429076224127,35.0,4.0,1.1720343260979305,1.783897021706209,0.7300858152448259,0.8,3.288137304391721,3.2783947501261994,,,,,0.8161029782937911
698537,2,1859,29,7.062571274878967,1859.0,0.18,,,49.274932759548136,16.0,2.0,0.2193652501344809,2.048251748251748,1.2257127487896717,3.983808499193114,7.983485745024206,4.10634749865519,,,,,1.5257127487896718
470800,1,2510,33,6.970000000000001,2510.0,0.36,,,15.2,43.0,13.0,2.3,1.2,0.4,0.2,1.9,3.9,,,,,2.1
687622,2,1620,20,7.759999999999999,1620.0,0.33,0.17,0.23,31.0,38.0,2.0,1.7,3.7,0.7,2.1,13.1,6.6,,,,,0.7
688042,2,3416,38,7.39,3416.0,,0.05,0.08000000000000002,55.4,50.0,2.0,0.4,2.3,1.2,0.8,10.1,5.5,,,,,0.9
418559,2,3044,38,7.07,3044.0,0.59,0.45,0.06,15.1,32.0,8.0,0.1,0.4,0.1,0.5,3.2,2.2,,,,,1.2
1018035,2,3088,36,7.299999999999999,3088.0,,0.07,0.08,57.8,38.0,6.0,0.1,2.0,1.6,1.3,10.4,5.2,,,,,0.6
698742,2,1852,28,7.08,1852.0,0.1,0.04,0.11,46.6,18.0,2.0,0.7,2.6,1.9,2.7,7.6,5.1,,,,,1.2
850132,2,2988,38,7.43,2988.0,0.3,0.21,0.23,38.6,64.0,4.0,2.3,0.2,0.4,0.3,3.7,2.8,,,,,0.2
592084,2,2646,30,7.15,2646.0,0.07,0.15,0.02,65.5,4.0,,0.1,1.3,1.7,4.4,8.2,2.9,,,,,1.5
675657,2,980,24,6.45,980.0,,0.26,0.09,10.5,10.0,4.0,0.7,2.4,0.6,0.7,7.0,3.1,,,,,1.3
1229808,2,1608,22,7.25,1608.0,0.22,0.38,0.1,42.9,26.0,,0.8,0.7,0.3,0.4,5.4,3.9,,,,,0.4
667249,2,2958,34,7.4,2958.0,0.06,0.09,0.18,52.60000000000001,70.0,4.0,0.4,1.9,0.9000000000000001,2.1,9.9,4.4,,,,,2.1
1065043,2,358,18,,358.0,,0.21,0.08,40.2,2.0,,1.5,5.0,0.5,0.5,15.6,9.6,,,,,1.0
349300,2,3178,38,7.64,3178.0,0.23,0.16999999999999998,0.28,42.39999999999999,82.0,12.0,1.3000000000000003,1.2,0.7,0.6,6.5,3.8999999999999995,,,,,1.6
345591,2,1502,36,6.79,1502.0,0.23999999999999996,0.3,0.28,31.0,22.0,4.0,1.3,1.6,0.5,0.6,6.8,4.1,,,,,0.4
578920,2,934,22,6.71,934.0,,0.28,0.11,13.7,18.0,2.0,1.0,1.5,,0.8,5.8,3.3,,,,,1.2
701224,2,2220,28,6.78,2220.0,,0.03,0.11,56.4,8.0,4.0,0.4,1.4,1.5,3.9,7.5,5.3,,,,,0.8
783373,2,2688,30,8.02,2688.0,1.0,0.62,0.1,14.3,42.0,8.0,0.5,0.7,0.4,0.4,4.6,2.8,,,,,0.7
329714,2,3040,36,7.67,3040.0,0.35999999999999993,0.38,0.31,29.2,128.0,14.0,1.2,1.2,1.1,0.6,5.9,3.1,,,,,0.9
1138101,2,3178,36,7.28,3178.0,,0.02,0.16,60.7,46.0,,0.5,3.1000000000000005,1.0,1.4,6.0,4.5,,,,,1.5
321158,2,3076,36,7.11,3076.0,0.06,0.06,0.16,36.0,40.0,6.0,1.3,1.6,1.3,0.7,9.5,5.9,,,,,0.7
377665,2,212,8,,212.0,,,,,2.0,,,,,,,,,,,,
783178,2,3190,36,7.210000000000001,3190.0,,0.05,0.15,47.6,42.0,4.0,0.8,1.4,1.5,1.0,8.6,4.3,,,,,1.8
685657,2,1566,18,7.720000000000001,1566.0,0.34,0.44,0.09,46.29999999999999,20.0,2.0,2.3,2.1,1.3999999999999997,1.3,11.5,6.400000000000001,,,,,2.5
283185,2,1246,24,6.859999999999999,1246.0,0.14,0.05,0.1,70.8,20.0,,0.9,0.7,0.9,0.4,7.2,4.8,,,,,0.4
416104,2,2296,28,6.81,2296.0,,0.04,0.08,53.9,14.0,4.0,,2.2,2.1,3.7,9.3,4.2,,,,,1.4
405375,2,1700,20,6.46,1700.0,,0.06,0.02,52.1,6.0,2.0,,1.0,0.2,3.7,5.9,2.2,,,,,0.8
590835,2,2794,38,7.880000000000001,2794.0,0.52,0.4,0.39,30.9,96.0,26.0,1.3,2.2,1.0,0.6,8.7,4.8,,,,,0.8
920307,2,2340,26,6.28,2340.0,,,0.0,21.5,4.0,,,0.1,,1.2,1.3,7.6,,2.8,56.1,2.2,
403673,2,402,8,,402.0,,,,,10.0,4.0,,,,,,,,,,,
731771,2,902,12,,902.0,,,,,20.0,,,,,,,,,,,,
222876,2,1848,32,7.16,1848.0,0.39,0.29,0.2,35.2,40.0,10.0,3.0,0.8,0.4,0.3,6.0,4.5,,,,,0.7
852727,2,616,16,,616.0,,,,,4.0,,,,,,,,,,,,
743024,2,252,10,,252.0,,,,,2.0,,,,,,,,,,,,
579289,2,2934,38,7.55,2934.0,0.74,0.76,0.13,17.4,64.0,12.0,1.3,0.4,0.2,0.3,4.4,3.4,,,,,1.3
673173,2,1094,28,6.64,1094.0,0.33,0.5,0.1,11.4,14.0,4.0,0.5,2.1,0.2,0.7,6.3,3.3,,,,,1.0
867674,2,2382,38,6.93,2382.0,0.15,0.14,0.18,37.6,34.0,10.0,0.2,1.4,0.6,1.7,4.2,3.6,,,,,1.4
504243,2,2358,34,6.990000000000001,2358.0,,0.04,0.01,42.1,10.0,,0.2,1.4,1.5,6.8,10.8,3.4,,,,,1.2
1018784,2,2882,38,7.05,2882.0,0.25,0.28,0.22,18.7,40.0,12.0,0.39999999999999997,1.5,1.1,0.7,5.3,1.9000000000000001,,,,,1.7
464447,2,1174,20,6.41,1174.0,,0.27,0.06,25.3,8.0,2.0,0.6,2.3,0.3,1.7,8.1,3.5,,,,,2.6
1069508,2,822,24,6.34,822.0,,0.06,0.01,57.8,2.0,,0.2,0.9000000000000001,1.5,4.6,8.5,2.2,,,,,2.2
728722,2,2734,34,7.39,2734.0,0.33,0.4099999999999999,0.25,29.6,66.0,14.0,1.2,1.3,0.4,0.9,5.9,3.4,,,,,1.4
566823,2,1494,18,6.93,1494.0,0.12,0.14,0.01,49.0,,,,0.8,0.7,5.799999999999999,7.799999999999999,2.3,,,,,0.6
223920,2,1522,28,6.65,1522.0,0.12,0.04,0.12,34.3,14.0,2.0,0.4,1.7,0.6,3.9,6.6,2.1,,,,,0.6
579292,2,234,6,,234.0,,,,,6.0,,,,,,,,,,,,
1255754,2,1500,22,7.13,1500.0,,0.04,0.16,37.6,36.0,4.0,1.1,2.8,1.8,3.2,8.0,4.3,,,,,0.8
1126111,2,1490,24,6.570000000000001,1490.0,0.11999999999999998,0.22999999999999998,0.14,15.9,6.0,2.0,1.2,1.7,0.8,0.2,5.3,2.5,,,,,1.7
1172422,2,162,2,,162.0,,,,,,,,,,,,,,,,,
238084,2,322,10,,322.0,,,,,2.0,,,,,,,,,,,,
309439,2,488,8,,488.0,,,,,2.0,,,,,,,,,,,,
331214,2,3042,38,6.8500000000000005,3042.0,,0.02,0.09999999999999999,51.6,22.0,4.0,1.4000000000000001,1.5,1.4000000000000001,1.5,4.8,5.8999999999999995,,,,,0.9
328003,2,3060,34,7.04,3060.0,,,0.0,24.6,,,,0.1,,1.0,1.1,9.8,8.0,3.3,67.5,1.6,
295572,2,10,4,,10.0,,,,,,,,,,,,,,,,,
430823,2,1690,22,7.29,1690.0,0.21,0.06,0.19,60.5,12.0,2.0,0.2,3.0,2.1,2.2,13.4,5.8,,,,,1.6
963084,2,2308,30,7.240000000000001,2308.0,,0.07,0.19,41.7,36.0,8.0,0.2,2.4,1.5,3.0,7.299999999999999,4.2,,,,,0.9000000000000001
428050,2,3108,36,6.78,3108.0,0.06,0.13,0.06,50.60000000000001,12.0,2.0,0.2,1.6999999999999997,1.4,4.2,8.3,3.2,,,,,0.8
932187,1,246,3,,246.0,,,,,2.0,,,,,,,,,,,,
583058,2,2274,32,7.674116094986807,2274.0,0.4718205804749341,0.24364116094986807,0.32147757255936676,38.44854881266491,74.0,12.0,1.8556728232189974,1.932981530343008,0.5,0.2,2.55910290237467,6.2408970976253295,,,,,1.1852242744063324
987770,1,2314,35,6.83,2314.0,0.58,0.47,0.05,4.9,23.0,5.0,1.1,0.6,,0.4,1.1,2.1,,,,,2.1
859396,2,2529,32,7.104480031633057,2529.0,0.12,0.030000000000000002,0.04574535389482009,41.093792012653225,24.0,2.0,0.7,3.487267694741004,0.5680901542111507,1.446816923685251,5.948991696322657,6.593633847370502,,,,,1.4638196915776986
852024,1,2076,30,7.07,2076.0,0.39,0.34,0.25,20.9,32.0,12.0,1.8,1.5,0.4,0.9,2.8,4.3,,,,,1.0
582353,2,2751,34,7.162715376226827,2751.0,0.04,0.07654307524536533,0.11799709196655762,30.44005816066885,36.0,3.0,0.5945110868774991,2.579970919665576,1.1491094147582697,1.9836786623046165,6.2618684114867325,4.389022173754999,,,,,1.7072700836059613
750903,2,1425,23,7.322863157894738,1425.0,0.15,0.03265263157894737,0.14275789473684208,39.888,21.0,5.0,3.3,2.1806315789473683,2.1193684210526316,3.2795789473684214,7.666315789473685,6.857052631578947,,,,,1.652
394236,1,50,2,,50.0,,,,,3.0,,,,,,,,,,,,
794749,1,2676,34,6.880000000000001,2676.0,0.07,0.07,0.17,27.7,47.0,7.0,0.7,1.8,0.7,2.0,4.7,4.1,,,,,2.3
500763,2,3690,41,6.771219512195122,3690.0,,,0.0,27.13658536585366,,,,0.0,,0.4219512195121951,0.4219512195121951,7.719512195121951,9.0,3.0926829268292684,63.546341463414635,1.7634146341463415,
734676,1,1255,15,,1255.0,,,,,3.0,1.0,,,,,,,,,,,
1172166,1,1776,35,6.91,1776.0,0.41,0.30999999999999994,0.13,15.699999999999998,34.0,7.0,2.5,1.8,0.6,0.4000000000000001,2.9,5.3,,,,,1.5
994389,2,753,37,6.660637450199204,753.0,1.196972111553785,0.7697742363877822,0.07074369189907039,15.928552456839308,10.0,2.0,2.143426294820717,0.19428950863213812,,0.3,0.6,2.062284196547145,,,,,2.5
707657,2,2898,35,6.822173913043478,2898.0,0.04,0.04751552795031057,0.01,33.92608695652174,7.0,1.0,0.14968944099378884,2.0372670807453415,1.0627329192546584,6.300000000000001,10.3,4.175776397515528,,,,,1.562111801242236
322655,2,2688,31,6.9241964285714275,2688.0,0.08,0.07267857142857144,0.018660714285714287,52.047321428571436,9.0,,0.1,1.0196428571428573,1.2330357142857142,3.7598214285714286,7.032142857142857,4.5598214285714285,,,,,0.5598214285714286
1057820,1,295,8,,295.0,,,,,6.0,,,,,,,,,,,,
421823,2,3607,42,7.485702800110896,3607.0,0.3476656501247574,0.36392570002772384,0.26392570002772386,24.55650124757416,92.0,22.0,1.188328250623787,1.4313002495148321,0.5,0.7999999999999999,2.762600499029664,3.3981425006930968,,,,,0.770557249792071
856274,1,2747,33,7.010000000000001,2747.0,0.26,0.24,0.14,14.799999999999999,45.0,7.0,2.1,1.2,0.19999999999999998,0.5,2.1,3.9,,,,,0.39999999999999997
1153544,1,1472,17,,1472.0,,,,,3.0,,,,,,,,,,,,
543513,1,2713,36,7.200000000000001,2713.0,0.5,0.35,0.16,12.900000000000002,61.0,14.0,1.4,0.6,0.1,0.8,1.6,3.6000000000000005,,,,,1.5
927734,2,1582,24,6.72,1582.0,0.06,0.06,0.06,29.0,11.0,3.0,0.3,1.8,0.7,2.2,5.0,3.5,,,,,1.7
1060454,2,1490,22,6.62,1490.0,,0.54,0.01,7.4,22.0,4.0,,0.3,0.3,1.0,1.5,1.5,,,,,2.1
639058,2,3130,41,7.336900958466454,3130.0,0.27,0.1553993610223642,0.24322683706070286,23.206070287539937,81.0,20.0,2.036741214057508,1.426517571884984,0.5862619808306709,0.5575079872204473,2.5990415335463255,4.8690095846645365,,,,,1.5
718201,1,110,4,,110.0,,,,,1.0,,,,,,,,,,,,
482573,2,3215,36,7.300466562986003,3215.0,0.13763608087091758,0.1266407465007776,0.030839813374805597,44.03048211508553,12.0,,0.2671850699844479,1.6923794712286158,1.633592534992224,4.465629860031104,8.516796267496112,4.435147744945568,,,,,0.9923794712286159
329373,2,3156,37,7.27,3156.0,0.35,0.35,0.08,17.1,46.0,8.0,0.8,1.2,0.7,1.4,3.4,4.3,,,,,1.6
410787,2,2335,35,6.954154175588864,2335.0,0.23337901498929334,0.24952890792291219,0.16437687366167023,18.741284796573872,34.0,7.0,2.408865096359743,2.495845824411135,0.5041541755888651,0.8520770877944326,3.9650963597430406,4.2349036402569595,,,,,2.204710920770878
488298,1,168,2,,168.0,,,,,2.0,,,,,,,,,,,,
667870,2,2475,32,7.044799999999999,2475.0,0.13,0.09035555555555555,0.05,36.064,13.0,1.0,0.29999999999999993,1.968888888888889,2.144888888888889,2.2208888888888887,6.748444444444445,6.0071111111111115,,,,,1.186222222222222
507490,2,2253,33,7.004363071460276,2253.0,0.14,0.24815801154016867,0.12310252996005328,19.91260541500222,39.0,6.0,1.3540168664003551,1.7,0.5,1.7,4.2,5.085042166000888,,,,,0.9574789169995562
1227723,1,2168,31,7.21,2168.0,0.29,0.35,0.18,32.4,48.0,12.0,2.6,1.2,0.9,0.4,2.5,5.2,,,,,0.5
952776,1,1334,25,6.670000000000001,1334.0,,0.09,0.08,34.7,17.0,2.0,0.5,2.0,0.7,1.9,4.8,4.3,,,,,0.5
1066142,2,1112,32,6.739343525179856,1112.0,0.24133992805755397,0.09555755395683453,0.05688848920863309,36.21312949640288,13.0,1.0,1.8400179856115106,1.8533273381294966,1.0800359712230216,1.1711330935251798,4.506744604316546,5.297751798561151,,,,,0.7489208633093525
359409,1,2962,35,7.369999999999999,2962.0,0.09,0.07,0.21,45.6,46.0,7.0,0.3,2.0,1.5999999999999999,3.6999999999999997,7.7,5.5,,,,,0.5
294791,1,1989,36,6.98,1989.0,0.77,0.75,0.12,9.4,24.0,9.0,0.9,0.7,0.0,0.7,1.6,1.4,,,,,2.3
654415,2,1627,35,6.83,1627.0,0.34,0.23999999999999996,0.25,18.7,27.0,9.0,1.3,1.0,0.3,0.8,2.1,3.1,,,,,0.5
1087164,2,1911,31,7.162051282051282,1911.0,0.63,0.41934065934065934,0.20106227106227106,11.996703296703297,38.0,14.0,1.1622710622710621,1.2139194139194138,0.9032967032967033,0.6860805860805861,2.8032967032967036,3.6344322344322344,,,,,2.3139194139194137
1138255,2,918,18,,918.0,,,,,12.0,1.0,,,,,,,,,,,
569375,1,1170,28,6.63,1170.0,0.15,0.17,0.13,33.2,16.0,1.0,0.9,1.9,0.8,1.1,4.0,4.8,,,,,1.1
507344,2,795,10,7.53,795.0,,0.06,0.02,30.7,1.0,,,2.0,1.5,4.0,8.5,3.5,,,,,0.5
608212,2,2066,34,6.92529041626331,2066.0,0.22094869312681512,0.15259922555663116,0.16990803484995162,26.634559535333977,32.0,7.0,1.393272023233301,0.9269119070667957,0.3,0.5,1.859632139399806,4.138528557599226,,,,,1.0
900486,1,1177,17,,1177.0,,,,,17.0,2.0,,,,,,,,,,,
582987,1,2811,34,6.82,2811.0,0.06,0.05,0.02,41.9,7.0,2.0,0.1,1.6,0.8,5.9,9.6,3.8,,,,,1.0
814489,1,2657,34,6.98,2657.0,,0.04,0.049999999999999996,37.5,21.0,,0.6,2.4,1.8,1.8,6.2,6.1,,,,,0.9
922791,2,2850,34,6.95,2850.0,0.1,0.06,0.03,39.5,6.0,2.0,0.7,3.0,1.2,5.7,10.7,5.3,,,,,1.7
521442,2,2686,34,7.37090096798213,2686.0,0.07,0.09999999999999999,0.14,18.8,37.0,5.0,0.9,2.8,1.8,3.3000000000000003,8.3,5.3,,,,,1.0
662208,2,3009,36,6.877696909272184,3009.0,0.4172681954137587,0.4892323030907278,0.08641076769690927,12.884646061814557,35.0,7.0,0.9119641076769691,0.6521435692921236,0.12392821535393819,1.1521435692921236,1.9162512462612165,2.96839481555334,,,,,1.2076769690927218
651269,2,2439,35,6.978864288642887,2439.0,0.07178351783517836,0.10470274702747027,0.11529725297252971,34.12648626486265,36.0,8.0,0.3662156621566216,1.8145961459614597,1.1000000000000003,1.1000000000000003,4.227839278392784,5.020541205412053,,,,,1.360270602706027
650350,2,2860,38,6.973636363636363,2860.0,0.029999999999999995,0.10054545454545456,0.09654545454545455,37.28,36.0,6.0,0.6,2.1454545454545455,1.4163636363636363,1.6400000000000001,5.485454545454545,4.885454545454546,,,,,1.389090909090909
1201822,2,2146,38,6.69368126747437,2146.0,0.33,0.31526561043802426,0.07684063373718547,23.152562907735323,28.0,2.0,0.9368126747437092,2.1315936626281453,0.7,1.8579683131407267,4.705312208760485,3.900093196644921,,,,,1.426281453867661
461461,2,3127,37,7.252385673169172,3127.0,0.16,0.07680204669011832,0.1852030700351775,59.943268308282704,55.0,8.0,0.39999999999999997,1.5840102334505917,0.7920051167252958,0.6760153501758873,3.2360409338023666,5.012056283978254,,,,,1.3
353886,2,1672,24,7.115071770334927,1672.0,0.07,0.0884688995215311,0.10722488038277513,39.91866028708134,20.0,2.0,0.6923444976076556,2.927751196172249,1.5354066985645936,2.4124401913875597,7.575598086124402,4.470813397129186,,,,,0.6569377990430623
345780,2,2964,37,7.178340080971659,2964.0,0.33,0.02091093117408907,0.011821862348178138,57.063562753036436,7.0,1.0,0.39089068825910933,2.2091093117408906,1.4273279352226722,6.091295546558704,10.636842105263158,3.7002024291497975,,,,,1.027327935222672
496237,2,3487,39,7.058763980498997,3487.0,,,0.0,21.071006595927734,1.0,1.0,,0.0,,0.8154860911958705,0.8154860911958705,8.469687410381418,6.0,3.2471178663607687,68.30954975623746,1.5780900487525091,
395522,2,1216,17,8.4,1216.0,1.0,0.93,0.14,14.5,19.0,6.0,2.3,1.5,,1.3,2.8,1.8,,,,,2.8
324796,2,3040,34,7.424868421052631,3040.0,0.06,0.07,0.22598684210526312,49.223684210526315,59.0,9.0,1.4266447368421054,2.2467105263157894,0.9088815789473684,0.8177631578947369,4.3,8.755592105263158,,,,,1.155592105263158
247555,2,2338,30,7.19880239520958,2338.0,0.11952095808383234,0.07850299401197605,0.19473053892215567,44.385628742514974,46.0,8.0,0.6508982035928144,1.4287425149700599,1.2491017964071858,1.3880239520958082,4.235329341317366,5.065868263473054,,,,,0.8898203592814372
396822,2,2949,40,6.990461173279077,2949.0,0.42,0.5559036961681927,0.058182434723635136,9.718175652763648,29.0,3.0,0.9,0.4,0.12726347914547304,0.8,1.4636486944727027,1.5545269582909462,,,,,2.0636486944727026
338635,2,1244,16,,1244.0,,,,,6.0,1.0,,,,,,,,,,,
673513,1,1526,30,6.61,1526.0,0.12000000000000001,0.28,0.08,25.5,21.0,3.0,1.0,1.5999999999999999,0.3,1.5,3.5,4.3,,,,,2.2
333450,2,3023,36,7.216486933509758,3023.0,0.06,0.01928878597419782,0.01928878597419782,29.001290109163087,11.0,,0.1,1.764439298709891,1.764439298709891,8.55732715845187,13.129308633807476,3.743532914323519,,,,,1.9786635792259346
372713,2,2195,29,6.952369020501139,2195.0,0.5,0.5596127562642369,0.04685649202733485,12.838041002277905,19.0,4.0,0.3,0.6685649202733486,0.2,0.7104783599088839,1.5580865603644647,1.6476082004555808,,,,,0.5314350797266515
250490,2,2436,35,7.197364532019705,2436.0,0.69,0.48,0.1,17.7,30.0,7.0,0.5,2.1,0.4,0.7,3.2,3.3,,,,,1.1
803401,1,734,12,,734.0,,,,,6.0,1.0,,,,,,,,,,,
801754,2,2832,38,7.077909604519773,2832.0,0.15646186440677967,0.14185028248587572,0.14461158192090395,31.907238700564974,31.0,4.0,1.4,1.3361935028248588,0.528954802259887,1.4203742937853108,3.471045197740113,5.180967514124294,,,,,0.9565677966101694
724039,1,1503,31,6.73,1503.0,0.35999999999999993,0.28,0.03,16.5,15.0,6.0,0.8,0.4,0.2,0.9,1.6,2.3,,,,,0.8
469957,2,1701,33,7.132239858906525,1701.0,0.37241622574955907,0.21968253968253965,0.185326278659612,18.983774250440916,34.0,12.0,0.7,1.5774250440917106,1.0322751322751322,0.7661375661375661,3.4532627865961203,5.308112874779542,,,,,1.722574955908289
585958,1,1096,13,,1096.0,,,,,36.0,14.0,,,,,,,,,,,
585346,2,2865,38,7.209947643979057,2865.0,0.07,0.04094240837696335,0.0656544502617801,38.960732984293195,24.0,6.0,0.4282722513089005,2.024607329842932,1.243455497382199,2.1151832460732987,5.7455497382198955,5.424607329842932,,,,,1.4528795811518325
583038,1,3420,38,6.63,3420.0,,,0.01,30.2,,,,0.1,,0.9,0.9,8.7,7.0,2.7,60.7,1.7,
666977,2,2467,39,6.942395622213215,2467.0,0.4382488852857722,0.6262667207134172,0.07525334414268343,10.387555735711391,32.0,5.0,1.4387109850020268,0.9474665585731659,0.2,0.4,1.6211998378597487,3.103688690717471,,,,,1.426266720713417
546880,2,2794,35,7.0199427344309235,2794.0,,0.02,0.05484609878310665,32.21653543307087,26.0,6.0,0.9742304939155333,2.7092340730136004,1.6742304939155332,2.087115246957767,6.796349319971367,6.284609878310666,,,,,1.3257695060844668
448169,1,2070,23,7.13,2070.0,,,0.0,35.2,4.0,2.0,,,,0.6,0.6,9.4,7.0,3.6,76.1,1.1,
892973,1,2109,25,7.13,2109.0,0.09,0.13,0.07,22.0,36.0,2.0,1.0,2.1,0.9,1.2,4.4,5.9,,,,,1.2
392133,2,2743,31,7.200000000000001,2743.0,0.07,0.08,0.08,27.199999999999996,14.0,3.0,0.1,1.6999999999999997,1.4,6.299999999999999,10.0,5.4,,,,,1.4
970137,2,1897,36,6.77949393779652,1897.0,0.21,0.19,0.17614127569847127,30.355772272008434,36.0,3.0,2.8729573010015814,1.4630996309963098,0.5081707959936743,0.5,2.6532419609910383,4.33690036900369,,,,,1.054085397996837
948736,2,457,16,6.38,457.0,,,,,8.0,,,,,,,,,,,,
427693,1,1598,25,6.99,1598.0,0.39,0.29,0.12,19.0,38.0,4.0,3.1,0.9,0.1,0.5,1.5,3.5,,,,,1.1
960164,2,2755,40,7.167132486388385,2755.0,0.029999999999999995,0.029999999999999995,0.2717422867513612,34.33484573502722,73.0,15.0,0.9381125226860254,1.5698729582577133,0.5936479128856624,2.0301270417422868,4.380943738656988,4.598366606170599,,,,,0.5936479128856624
205227,1,2042,29,7.04,2042.0,0.09,0.05,0.03,20.4,10.0,2.0,0.3,2.6,1.3,3.1,7.8,5.4,,,,,1.1
203125,2,2175,28,6.826620689655173,2175.0,,0.06,0.01889655172413793,42.44275862068965,4.0,,,1.8,2.599310344827586,6.121379310344827,11.522758620689656,3.14551724137931,,,,,1.5441379310344827
862748,1,1353,16,,1353.0,,,,,,,,,,,,,1.0,,,,
254285,2,3330,37,7.165945945945945,3330.0,,,0.009999999999999998,18.41891891891892,,,0.5,0.0,0.0,1.2162162162162162,1.2162162162162162,9.256756756756756,7.0,3.2972972972972974,71.37837837837837,1.3108108108108107,
945345,1,892,28,6.66,892.0,,0.22,0.1,21.3,14.0,2.0,3.3,2.0,0.1,0.4,2.6,4.2,,,,,1.4
466809,2,94,3,,94.0,,,,,,,,,,,,,,,,,
395671,2,3690,41,7.180975609756098,3690.0,,,0.0,24.692682926829267,3.0,1.0,,0.1,,0.9292682926829269,0.9292682926829269,8.629268292682926,16.0,3.207317073170732,74.36341463414634,1.1658536585365853,
346881,2,3499,39,6.893149471277508,3499.0,0.05314947127750786,0.021543298085167188,0.019228350957416405,42.195741640468704,6.0,1.0,,1.4080308659617033,1.0,5.315747356387539,7.992912260645899,2.930865961703344,,,,,0.7614175478708203
410634,2,3492,39,7.252268041237113,3492.0,,0.019518900343642613,0.1652920962199313,29.029896907216493,56.0,8.0,0.8,2.0518900343642614,0.9759450171821306,2.4989690721649485,5.650859106529209,4.074914089347079,,,,,0.8144329896907218
500099,2,2209,30,7.09,2209.0,0.08,0.07,0.21,18.6,57.0,14.0,0.5,2.1,0.9,2.9,6.2,3.5,,,,,1.7
406008,1,942,14,,942.0,,,,,19.0,5.0,,,,,,,,,,,
629637,2,3329,39,7.142442174827276,3329.0,0.03,0.04756683688795435,0.04675578251727246,38.48146590567738,16.0,3.0,0.4837789125863623,2.356773805947732,2.310784019224992,6.435115650345449,11.82700510663863,4.908110543706819,,,,,0.9324421748272754
507488,2,2471,33,6.9399999999999995,2471.0,0.04,0.02,0.019635774989882636,49.72152974504249,10.0,1.0,0.2,1.8930392553622015,1.1327802509105627,4.156292998785917,7.8566167543504655,3.830797248077701,,,,,0.518211250505868
583055,2,3444,40,7.002764227642277,3444.0,0.029999999999999995,0.031033681765389082,0.07948315911730545,30.188095238095233,28.0,5.0,0.6,1.448315911730546,0.6896631823461091,1.9224738675958188,4.534610917537747,4.6121370499419285,,,,,0.4310104529616725
1129950,1,953,22,,953.0,0.57,0.7,0.17,9.0,14.0,4.0,0.9,1.0,0.2,0.5,1.9,2.8,,,,,1.3
496239,2,3600,40,6.6965,3600.0,,,0.00925,18.4925,3.0,,,0.1,,1.37,1.4625,8.180000000000001,5.0,2.93,59.8175,2.0225,0.0
390168,1,2981,34,7.32,2981.0,0.03,0.06,0.03,38.3,7.0,,0.3,2.7,2.1,6.2,12.0,4.0,,,,,1.5
318707,2,3420,38,6.81,3420.0,,,0.0,14.8,,,,0.0,0.0,0.9,0.9,7.8,6.0,3.1,63.2,1.8,0.0
86792,2,2688,38,7.279587053571428,2688.0,0.40158482142857144,0.3904910714285715,0.3865290178571429,32.82265625,107.0,18.0,0.6762276785714286,0.4,0.2,0.12377232142857142,0.8,2.9713169642857142,,,,,0.8
671806,2,1681,36,6.665472932778108,1681.0,0.34,0.28,0.14,12.1,25.0,6.0,0.8,1.4,0.4,1.0,3.3,4.5,,,,,2.2
192637,2,3449,39,7.48945781385909,3449.0,0.2,0.13470281240939402,0.19967526819367934,50.87619599884024,68.0,18.0,0.2,1.475674108437228,0.8681066975935053,2.016758480719049,4.645404465062337,4.7243258915627715,,,,,0.9075674108437229
1016904,1,1349,20,,1349.0,,0.03,0.03,22.6,7.0,2.0,0.3,2.4,1.5,5.9,10.8,3.8999999999999995,,,,,1.3
999886,1,544,11,,544.0,,,,,9.0,5.0,,,,,,,,,,,
1068245,2,1549,34,6.529728857327307,1549.0,0.17727566171723694,0.1604906391220142,0.13629438347320852,13.593737895416398,20.0,6.0,2.051775338928341,0.7678502259522272,0.1,0.4839251129761136,1.4888315041962559,3.5593931568754034,,,,,1.804906391220142
534360,2,1083,24,7.88,1083.0,0.4167220683287165,0.3219113573407203,0.2423545706371191,31.035826408125573,30.0,6.0,1.107848568790397,2.056140350877193,0.6865189289012004,1.7,4.386518928901201,4.553924284395198,,,,,1.2
507477,2,1931,35,6.647861211807354,1931.0,0.05000000000000001,0.11147591921284308,0.2293371310201968,30.34697048161574,45.0,9.0,1.1114448472294147,0.9852408078715691,0.5557224236147074,0.685240807871569,2.370481615743138,4.696685655100984,,,,,1.1
507479,1,1142,30,6.76,1142.0,0.55,0.23,0.22,21.5,22.0,2.0,0.6,1.5,0.6,0.6,2.8,3.2,,,,,0.8999999999999999
917120,1,864,15,,864.0,,,,,3.0,1.0,,,,,,,,,,,
807941,2,2251,32,7.006010661928032,2251.0,0.05,0.11,0.0952021323856064,25.251088405153265,17.0,2.0,1.1,3.88005330964016,1.492047978676144,2.203909373611728,8.0,4.8840959573522875,,,,,2.004042647712128
377387,1,871,21,6.53,871.0,0.21,0.35,0.09,12.6,7.0,1.0,0.5,0.7,,1.4,2.2,2.6,,,,,0.9
659398,2,2824,35,6.937209631728045,2824.0,0.07,0.02,0.06912181303116147,19.901558073654392,22.0,2.0,0.7,3.705169971671388,0.9764872521246458,2.4912181303116148,7.5633144475920675,5.7,,,,,1.9330736543909348
707759,2,1266,30,6.5716271721958925,1266.0,0.39,0.37921011058451815,0.15102685624012638,12.09952606635071,17.0,6.0,0.7,0.7083728278041074,0.3,1.1665086887835703,2.341390205371248,2.5,,,,,2.082780410742496
586986,2,1923,28,6.7198751950078,1923.0,0.46620904836193444,0.3852262090483619,0.117191887675507,18.672386895475817,34.0,5.0,0.9514820592823713,0.5,0.2,1.0,1.8,3.6689547581903272,,,,,1.332761310452418
693357,2,2973,39,6.871083081062899,2973.0,0.06,0.061083081062899426,0.08729229734275143,17.16535486041036,29.0,4.0,0.6,1.132492431886983,0.6270770265724858,2.140430541540532,3.9945845946855028,4.11372351160444,,,,,1.5458459468550287
604324,1,1529,17,,1529.0,,,,,28.0,2.0,,,,,,,,,,,
608160,2,1621,38,6.3973719925971615,1621.0,0.16579888957433683,0.24368908081431215,0.04921036397285627,17.39740900678593,14.0,1.0,0.4,1.068476249228871,0.5157927205428747,0.939481801357187,2.7079580505860577,3.5183837137569403,,,,,0.5710672424429365
583011,2,2673,39,6.8535877291432845,2673.0,0.40383838383838383,0.39922558922558926,0.08692480359147024,10.658997381219603,42.0,6.0,0.44612794612794615,1.0512532734754958,0.3,0.7,2.1615039281705952,3.043621399176955,,,,,1.6794986906098017
583039,2,1758,23,7.263515358361775,1758.0,,0.060000000000000005,0.22109215017064843,39.88037542662116,43.0,5.0,0.9445392491467577,2.95580204778157,0.7667235494880547,2.8443686006825937,6.944539249146757,6.745392491467577,,,,,1.0778156996587032
334213,2,2305,29,7.139718004338395,2305.0,0.07466377440347072,0.09364425162689805,0.20592190889370932,21.454880694143167,55.0,10.0,0.7,1.5733188720173537,0.7815618221258135,2.354880694143167,4.840347071583514,4.46117136659436,,,,,1.0101952277657267
344576,1,1412,23,6.580000000000001,1412.0,,0.09,0.05,34.0,14.0,,0.4,1.5,0.8,2.2,5.0,5.0,,,,,1.1
344610,1,980,22,6.79,980.0,0.09,0.14,0.16,33.2,22.0,2.0,2.0,1.7,0.6,0.9,3.5,4.8,,,,,1.3
391376,1,1961,33,6.72,1961.0,0.05,0.09,0.08,31.8,18.0,3.0,1.1,2.5,1.1,1.8,5.9,5.1,,,,,2.2
1138260,1,356,7,,356.0,,,,,3.0,2.0,,,,,,,,,,,
507412,2,1540,35,6.8414610389610395,1540.0,0.25,0.24954545454545454,0.18253246753246755,15.673051948051947,35.0,6.0,1.6,3.5954545454545452,0.8,0.8,5.168506493506494,6.8090909090909095,,,,,2.6045454545454545
243225,2,1350,38,6.701407407407409,1350.0,0.7306074074074074,0.7025481481481481,0.08543703703703703,15.68325925925926,16.0,1.0,0.5114074074074074,0.24562962962962964,0.1,0.8,1.2201481481481482,1.7684444444444445,,,,,0.6684444444444444
284035,2,3224,38,7.18817617866005,3224.0,0.09000000000000001,0.04,0.09497518610421837,22.36011166253102,38.0,7.0,0.2,1.574875930521092,0.8832506203473945,3.592617866004963,6.508870967741936,4.425124069478908,,,,,1.1246277915632754
705016,1,72,1,,72.0,,,,,,,,,,,,,,,,,
289875,2,2865,37,6.8984293193717265,2865.0,0.03,0.0662303664921466,0.01905759162303665,32.67068062827225,14.0,,0.24712041884816754,1.7905759162303665,2.177486910994764,5.968062827225131,11.470157068062827,3.4528795811518322,,,,,1.4528795811518325
422355,2,2000,30,7.63,2000.0,0.27,0.24,0.5,64.4,48.0,10.0,2.3,2.0,0.3,0.5,2.7,5.9,,,,,1.0
542877,2,1878,24,7.53,1878.0,0.67,0.79,0.26,10.2,30.0,12.0,0.8,0.3,,0.6,0.9,1.0,,,,,1.0
923535,2,2404,28,7.440000000000001,2404.0,0.52,0.35,0.09,30.0,20.0,,1.4,1.3,0.5,1.3,8.7,5.3,,,,,0.6
912959,2,3116,36,7.64,3116.0,0.17,0.07,0.41,66.5,66.0,20.0,0.7,2.1,1.3,1.6,5.3,4.3,,,,,0.8
980787,2,1332,22,7.089999999999999,1332.0,0.27,0.20000000000000004,0.18,31.5,22.0,2.0,1.8999999999999997,0.8000000000000002,0.3,0.10000000000000002,1.4,4.5,,,,,0.5
308439,2,2696,32,7.78,2696.0,0.13,0.19,0.33,63.4,58.0,4.0,0.7,2.3,1.1,0.7,4.2,5.6,,,,,0.3
1385275,2,1190,18,,1190.0,,0.05,0.08,62.5,8.0,,0.6,3.0,2.4,5.3,11.9,8.9,,,,,1.1
743088,2,1924,24,7.48,1924.0,0.19,0.12,0.03,56.9,6.0,4.0,,1.7,1.0,7.8,11.2,3.9,,,,,1.2
394688,2,1506,26,7.39,1506.0,0.6,0.46,0.33,30.0,28.0,10.0,1.2,3.0,0.7000000000000001,0.6,4.7,5.5,,,,,0.6
542462,2,2976,34,7.469999999999999,2976.0,0.54,0.52,0.23,7.8,32.0,12.0,0.5,0.7,0.4,0.5,3.4,1.6,,,,,1.6
1007817,2,1226,26,7.0,1226.0,0.29,0.28,0.22000000000000003,29.400000000000002,22.0,4.0,2.2,2.1,0.7,0.4,3.2,6.3,,,,,1.5
661205,2,3164,36,6.76,3164.0,0.34,0.48,0.08,11.2,32.0,8.0,0.6,0.6,,0.3,3.1,2.2,,,,,1.8
502558,2,3176,36,7.34,3176.0,,0.11,0.12,94.0,4.0,2.0,0.2,1.3,0.9,3.7,6.3,3.7,,,,,1.0
890617,2,2700,30,7.24,2700.0,,0.06,0.06,70.9,4.0,,0.3,0.7,2.1,6.7,10.1,4.0,,,,,1.1
1017261,2,3046,36,7.16,3046.0,0.53,0.5,0.07,12.6,22.0,2.0,1.0,1.2,0.4,1.1,4.8,1.8,,,,,2.1
345700,2,1636,24,6.88,1636.0,,0.07,0.21,44.29999999999999,14.0,2.0,0.20000000000000004,2.1,1.0,1.5,10.0,5.0,,,,,1.1
364938,2,1810,32,7.07,1810.0,0.3,0.21,0.39,67.8,28.0,6.0,1.2,1.6,0.7,1.0,3.6,3.8,,,,,1.1
538670,2,3228,36,7.53,3228.0,0.39,0.21,0.18,33.5,74.0,16.0,0.7,1.6,0.9000000000000001,1.1,7.9,4.0,,,,,0.9000000000000001
367274,2,2700,30,7.24,2700.0,0.13,0.14,0.19,35.3,40.0,2.0,0.5,1.3,0.9,1.3,7.5,3.7,,,,,0.9
644607,2,2734,36,7.55,2734.0,0.26,0.31,0.56,32.8,82.0,26.0,0.7,1.1,0.6,0.5,2.2,2.6,,,,,1.1
893547,2,2728,36,7.27,2728.0,0.46,0.26,0.1,21.1,30.0,8.0,0.4,1.6,0.3,1.2,6.700000000000001,3.6000000000000005,,,,,0.7
958649,2,1794,20,7.38,1794.0,,0.04,0.11,60.0,16.0,2.0,1.3,1.8,1.2,6.0,10.3,8.2,,,,,0.7
920456,2,3112,36,7.29,3112.0,,0.06,0.09,67.7,16.0,6.0,0.3,1.5,1.3999999999999997,6.2,9.8,3.1,,,,,1.2
255440,2,3240,36,7.259999999999999,3240.0,,,0.0,20.0,,,0.1,0.1,,0.7,0.8,6.9,20.0,2.2,74.1,0.8,
574495,2,2846,34,7.47,2846.0,0.32,0.23,0.18,29.7,26.0,8.0,0.5,2.2,0.9,1.3,10.0,5.1,,,,,1.5
581112,2,2380,34,7.19,2380.0,0.08,0.29,0.28,43.6,32.0,10.0,1.5,2.0,0.9,1.2,4.2,4.8,,,,,0.6
1130922,2,2544,32,6.699999999999999,2544.0,0.35,0.28,0.09,11.6,30.0,,0.7,0.3,0.1,0.3,2.3,1.6,,,,,0.6
1175086,2,2220,28,6.95,2220.0,0.08,0.09,0.1,47.3,18.0,4.0,0.9,2.7,1.3,2.0,6.5,6.5,,,,,1.3
1110611,2,2440,30,7.17,2440.0,0.3,0.19,0.12000000000000001,23.8,22.0,2.0,1.5,1.0,0.6,1.8,3.8,4.3,,,,,1.4
752778,2,74,4,,74.0,,,,,,,,,,,,,,,,,
499759,2,1142,24,6.84,1142.0,0.16,0.46,0.37,34.5,14.0,6.0,0.3,0.8999999999999999,0.6,0.5,2.4,1.6,,,,,0.2
482829,2,2682,30,6.99,2682.0,,0.03,0.02,61.1,4.0,,0.3,1.7,0.9,4.6,8.0,4.1,,,,,1.0
488296,2,1932,22,7.31,1932.0,0.19,0.13,0.15,41.4,22.0,2.0,1.0,2.1,0.5,1.9,8.9,4.3,,,,,2.0
926953,2,2594,32,7.06,2594.0,0.21,0.12,0.09,26.200000000000003,38.0,6.0,0.6,2.4,1.2,0.6,7.699999999999999,3.2000000000000006,,,,,1.5
418751,2,1122,22,6.92,1122.0,0.64,0.38,0.11999999999999998,23.1,24.0,4.0,0.6,0.3,0.5,0.6,1.8,4.0,,,,,0.8
1152491,2,1530,24,6.85,1530.0,0.24,0.55,0.07,9.3,14.0,6.0,0.8,0.9,0.1,0.4,3.9,2.2,,,,,3.1
715508,2,46,6,,46.0,,,,,,,,,,,,,,,,,
666131,2,1892,24,7.24,1892.0,0.1,0.07000000000000002,0.22,40.2,22.0,6.0,0.4,3.7,1.2,2.5,7.6,4.5,,,,,0.9
953067,2,228,6,,228.0,,,,,,,,,,,,,,,,,
1048392,2,3016,36,7.09,3016.0,0.05999999999999999,0.17,0.2,35.6,42.0,8.0,1.0,1.7,0.7,0.8,7.2,3.8,,,,,2.1
546819,2,1980,22,6.85,1980.0,,,0.02,20.8,2.0,2.0,,,,1.5,1.5,8.8,4.0,2.2,66.7,1.1,
490971,2,1882,30,7.1,1882.0,0.48,0.38,0.18,30.7,28.0,,1.1,2.3,0.9,0.8,9.2,5.0,,,,,1.9
335298,2,2162,34,7.44,2162.0,0.33,0.33,0.35,28.8,40.0,8.0,0.8,2.2,0.7,0.8,4.1,3.2,,,,,1.2
790245,2,2460,34,7.55,2460.0,0.29,0.11000000000000001,0.13,32.0,28.0,4.0,0.1,3.5,1.3,5.0,10.8,4.0,,,,,2.3
399151,2,72,6,,72.0,,,,,,,,,,,,,,,,,
508371,2,2968,36,7.35,2968.0,0.24,0.18,0.27,25.699999999999996,66.0,12.0,1.8000000000000003,0.8,0.1,0.9000000000000001,6.0,4.1,,,,,0.7
892045,2,1260,26,6.64,1260.0,,0.04,0.09,45.0,6.0,,1.4,3.6,1.6,1.3,7.1,5.6,,,,,1.3
532965,2,3118,36,7.41,3118.0,0.06,0.09,0.18999999999999997,38.0,54.0,10.0,0.4,3.1000000000000005,0.9000000000000001,1.6,10.4,4.7,,,,,1.5
751105,2,456,8,,456.0,,,,,16.0,,,,,,,,,,,,
342129,2,996,14,,996.0,,,,,2.0,,,,,,,,,,,,
664809,2,1702,36,6.86,1702.0,0.11,0.22,0.14,66.5,4.0,,1.0,1.2,0.7,1.5,3.5,5.4,,,,,0.3
579294,2,2572,32,7.11,2572.0,0.07,0.049999999999999996,0.12,47.4,24.0,4.0,0.3,1.7,2.3,2.1,11.2,4.5,,,,,1.2
1253757,2,1322,30,6.75,1322.0,0.27,0.36,0.21,18.0,18.0,4.0,1.1,1.1,0.3,1.0,5.3,3.0,,,,,1.2
494177,2,2764,36,7.06,2764.0,0.39,0.49,0.1,12.9,18.0,4.0,0.6,1.2,0.2,1.6,4.6,1.5,,,,,1.9
627472,2,2790,32,7.42,2790.0,0.19,0.24000000000000002,0.060000000000000005,51.9,16.0,2.0,0.1,0.8,1.0,5.7,8.3,4.1,,,,,0.9
1167645,2,2968,34,7.06,2968.0,0.06,0.09,0.02,31.800000000000004,14.0,,2.4,2.0,1.6999999999999997,1.9,12.400000000000002,6.6,,,,,1.3
617699,2,1044,26,6.85,1044.0,0.17,0.14,0.12,37.1,10.0,2.0,2.6,2.2,0.2,1.6,11.7,7.8,,,,,0.5
1129400,2,2542,32,7.0,2542.0,0.14,0.2,0.09,20.6,48.0,6.0,2.3,1.1,0.6,1.3,6.5,3.3000000000000003,,,,,1.8
519882,2,2354,30,6.970000000000001,2354.0,0.31,0.28,0.19,34.1,28.0,4.0,0.8,1.7999999999999998,0.6,1.5,8.0,4.0,,,,,0.8999999999999999
390664,2,2286,30,7.460000000000001,2286.0,,0.02,0.08,54.6,12.0,,0.3,3.2,1.6,3.0,13.4,4.6,,,,,1.3
990983,2,1484,22,6.670000000000001,1484.0,,0.1,0.13,34.4,12.0,2.0,0.4,1.6,0.6,0.8,3.6000000000000005,4.9,,,,,1.8000000000000003
1281099,2,268,4,,268.0,,,,,,,,,,,,,,,,,
1027708,2,362,16,,362.0,,,,,2.0,,,,,,,,,,,,
1032405,2,2584,34,6.86,2584.0,0.49000000000000005,0.42,0.02,9.3,20.0,,0.7,0.7,0.6,2.4,3.9000000000000004,2.2,,,,,1.7000000000000002
331575,2,2696,34,6.9,2696.0,,0.01,0.05,78.1,6.0,,0.1,0.7,0.8,3.7,6.2,4.4,,,,,0.7
894382,2,3160,36,7.06,3160.0,,0.06,0.11,38.4,50.0,2.0,1.1,1.5,0.9,2.4,4.8,3.3,,,,,1.1
1230462,2,2882,36,6.75,2882.0,0.25,0.5,0.13,11.3,22.0,6.0,0.7999999999999999,1.1,0.7,1.1,6.1000000000000005,3.1999999999999997,,,,,1.2
1213680,2,472,22,,472.0,,0.03,0.11,51.5,8.0,,1.1,2.7,1.1,1.1,12.2,6.9,,,,,5.0
1029788,2,2108,32,7.5,2108.0,0.26,0.26,0.21,45.6,44.0,10.0,0.9,2.6,0.6,0.7,9.1,5.2,,,,,0.3
1111044,2,1800,20,7.1,1800.0,,0.0,0.02,18.0,4.0,,,,,1.6,1.6,11.9,2.0,3.5,74.5,1.2,0.3
923527,2,2060,34,7.04,2060.0,0.35,0.13,0.09,24.7,20.0,6.0,0.5,2.8,1.3,1.2,8.8,3.3,,,,,1.7
375718,2,2516,36,6.95,2516.0,0.21,0.17,0.28,24.8,70.0,18.0,1.1,1.8,0.6,0.4,5.6,2.6,,,,,1.4
333012,2,1230,30,7.110000000000001,1230.0,1.17,1.08,0.13,10.7,14.0,8.0,0.7,0.9,0.4,1.8,3.2,2.5,,,,,2.6
656141,2,1966,24,7.08,1966.0,0.18,0.33000000000000007,0.27,22.2,50.0,4.0,1.5,1.6,0.5,0.7,6.6,3.7,,,,,0.5
1126113,2,658,12,,658.0,,,,,,,,,,,,,,,,,
507310,2,1342,26,6.650000000000001,1342.0,0.13,0.16,0.16,38.0,16.0,,1.1,2.5,1.2,1.5,5.2,4.2,,,,,2.5
195274,2,2842,34,8.23,2842.0,0.38,0.32,0.66,33.9,134.0,46.0,0.5,0.7999999999999999,0.5,0.6,6.8999999999999995,4.8,,,,,0.6
822103,2,2440,34,6.88,2440.0,0.07,0.05,0.08,54.2,12.0,2.0,0.5,2.1,1.0,4.8,8.6,3.6,,,,,1.2
542762,2,306,12,,306.0,,,,,6.0,,,,,,,,,,,,
1022746,2,564,12,,564.0,,,,,10.0,,,,,,,,,,,,
500053,1,159,2,,159.0,,,,,7.0,2.0,,,,,,,,,,,
580978,1,1116,17,,1116.0,0.24,,,27.4,16.0,1.0,0.4,1.2,0.2,0.6,2.3,3.1,,,,,1.9000000000000001
944827,2,2078,33,7.319436958614052,2078.0,0.39,,,34.226708373436,14.0,8.0,0.3526948989412897,2.5318575553416744,2.1843118383060633,5.084311838306064,10.511020211742059,4.184311838306064,,,,,1.421077959576516
1001305,2,1738,28,7.086191024165707,1738.0,0.05,,,23.1,18.0,3.0,0.9,2.6,1.4,1.2,5.3,5.4,,,,,1.2
292779,2,2807,35,7.6077662985393655,2807.0,0.25,,,33.60021375133595,68.0,17.0,1.0556109725685785,1.1111150694691843,0.1,1.344424652654079,2.6221945137157108,4.388884930530816,,,,,1.133309583184895
321204,2,2543,34,7.272717263075107,2543.0,0.06831301612268974,,,33.14239087691703,76.0,15.0,0.11769563507668108,1.6946519858434919,0.6,1.0938261895399135,3.7530869052300435,3.3292174596932758,,,,,1.3292174596932755
544149,2,2220,28,7.267567567567568,2220.0,0.08243243243243244,,,31.86756756756757,11.0,2.0,0.21351351351351353,1.0864864864864865,1.5513513513513513,4.878378378378378,7.832432432432433,3.4567567567567568,,,,,0.9675675675675676
652061,1,384,5,7.8,384.0,0.47,,,26.7,19.0,5.0,1.3999999999999997,,0.20000000000000004,0.20000000000000004,0.5,0.9,,,,,1.2
655300,2,1421,22,7.02,1421.0,0.19,,,37.5,16.0,5.0,0.5,1.2,0.5,2.0,4.2,2.9,,,,,1.7
567738,1,1035,17,,1035.0,0.09,,,36.8,2.0,,,0.8,2.0,5.6,8.5,5.0,,,,,1.6
903706,1,1869,34,6.95,1869.0,0.53,,,19.9,34.0,6.0,1.3,1.0,0.3,0.3,1.6,2.9,,,,,1.0
322989,1,2763,32,7.32,2763.0,0.03,,,54.8,55.0,7.0,0.2,1.6,0.9000000000000001,0.9000000000000001,3.6000000000000005,3.7,,,,,1.3
239941,2,1947,29,7.566697483307653,1947.0,0.65,,,25.493631227529534,44.0,9.0,1.7563944530046227,1.0,0.5,0.5,2.0,3.3340523882896766,,,,,0.4595788392398562
611049,2,2840,36,7.137042253521127,2840.0,0.03,,,33.8225352112676,33.0,2.0,0.21943661971830988,1.871267605633803,1.032394366197183,1.5935211267605636,4.77774647887324,4.368450704225353,,,,,0.9064788732394367
500054,1,1346,16,,1346.0,,,,,33.0,12.0,,,,,,,,,,,
686806,2,2574,31,7.258041958041957,2574.0,0.06937062937062938,,,51.80699300699301,7.0,1.0,0.39790209790209785,2.56993006993007,1.6559440559440557,5.983916083916084,10.70979020979021,4.618181818181818,,,,,1.5419580419580419
803049,1,1553,28,6.95,1553.0,0.41000000000000003,,,15.1,35.0,5.0,0.8,0.9,0.1,0.8,2.0,4.1,,,,,1.4
804799,2,2691,32,6.973552582683017,2691.0,,,,35.33024897807506,7.0,1.0,0.1,1.1911185432924565,1.8710516536603494,5.0602006688963215,8.80460795243404,3.7509847640282428,,,,,1.346711259754738
638990,2,2647,34,7.13144692104269,2647.0,0.11999999999999998,,,22.093502077823956,41.0,14.0,0.6,1.2,0.8999999999999999,1.868681526256139,4.091575368341519,3.6542123158292408,,,,,0.7572346052134491
929887,2,1810,22,6.757513812154697,1810.0,0.06,,,67.76629834254143,4.0,,0.1298342541436464,0.7254143646408839,0.6149171270718232,4.895580110497238,7.106077348066298,2.359668508287293,,,,,0.8955801104972375
1118150,1,1061,14,,1061.0,,,,,2.0,,,,,,,,,,,,
539197,2,2147,32,6.96899394503959,2147.0,0.36,,,45.05975780158361,37.0,4.0,0.4,0.788402421984164,0.7811830461108523,1.8420121099208195,3.6463903120633443,5.38272007452259,,,,,1.3652072659524919
541628,1,1094,15,,1094.0,,,,,9.0,2.0,,,,,,,,,,,
405855,2,1857,34,7.198836833602584,1857.0,0.82421647819063,,,10.811631663974152,34.0,6.0,0.8,0.2,0.21922455573505656,0.6384491114701131,1.1615508885298869,1.9038772213247173,,,,,0.8961227786752827
935447,2,3217,36,6.7486011812247435,3217.0,,,,19.93571650606155,5.0,,,0.09999999999999999,,1.3139881877525645,1.3999999999999997,9.09225986944358,9.0,2.7720236244948704,69.47261423686665,1.227976375505129,0.0
659804,2,2133,31,7.180464135021097,2133.0,0.383694327238631,,,24.55841537740272,29.0,10.0,1.618471636193155,1.4523206751054853,0.4507735583684951,1.0353961556493203,2.955414908579465,3.8307548054383496,,,,,1.2815283638068447
728679,1,231,4,,231.0,,,,,8.0,,,,,,,,,,,,
534568,2,837,18,,837.0,,,,,8.0,1.0,,,,,,,,,,,
569367,2,2015,32,7.064650124069479,2015.0,0.15,,,29.99995037220844,44.0,9.0,0.4,0.5918610421836228,0.3,1.6918610421836229,2.659305210918115,3.9453598014888334,,,,,0.5
493758,1,1499,22,7.209999999999999,1499.0,0.06,,,23.6,35.0,6.0,0.4,1.3,1.4,1.1,4.0,3.3999999999999995,,,,,1.3
510310,1,1004,19,6.63,1004.0,,,,42.0,10.0,1.0,0.3,1.4,0.9,1.8,4.7,4.2,,,,,2.2
486605,2,1858,21,6.73,1858.0,,,,31.2,,,,,,1.6,1.6,8.2,8.0,1.4,58.3,1.0,
422281,1,550,16,,550.0,,,,,16.0,4.0,,,,,,,,,,,
1372515,2,2127,32,6.916652562294312,2127.0,0.05,,,15.558862247296661,28.0,5.0,0.82896097790315,2.3,1.1,2.801363422661025,6.307240244475787,4.094123178185238,,,,,1.743441466854725
1109671,2,1624,27,6.6418103448275865,1624.0,0.07,,,41.24618226600985,8.0,1.0,0.6334975369458128,1.2836206896551723,1.2501231527093597,3.532758620689655,6.383374384236453,4.551108374384237,,,,,1.5002463054187192
470790,1,701,11,,701.0,,,,,1.0,,,,,,,,,,,,
1206877,2,728,13,6.48,728.0,,,,32.4,10.0,2.0,1.7,2.1,0.4000000000000001,,2.9,3.7000000000000006,,,,,1.7
839551,1,2293,27,7.22,2293.0,0.2,,,36.2,24.0,6.0,0.6,2.9,1.1,3.1,7.6,5.6,,,,,1.4
1381483,2,1688,22,6.829999999999999,1688.0,0.11,,,18.9,11.0,3.0,0.5,1.6999999999999997,1.2,1.5,4.8,5.299999999999999,,,,,1.2
931426,1,1046,13,,1046.0,,,,,4.0,1.0,,,,,,,,,,,
734799,2,1662,31,6.775643802647412,1662.0,0.42941034897713604,,,13.912635379061374,25.0,3.0,1.6062575210589654,1.4624548736462093,0.5,0.15006016847172085,2.07496991576414,2.8938628158844764,,,,,2.449939831528279
652060,2,1793,31,7.090329057445621,1793.0,0.4510931399888455,,,20.57010596765198,43.0,8.0,1.165978806469604,1.1,0.6,0.9795872838817624,2.750306748466257,3.7754601226993865,,,,,1.5
396235,2,1718,32,6.808859138533178,1718.0,0.29,,,20.633993015133875,42.0,7.0,0.8717112922002329,0.9754365541327126,0.3,0.4188591385331782,1.8377182770663565,4.430267753201397,,,,,1.2942956926658906
724025,1,258,5,,258.0,,,,,4.0,,,,,,,,,,,,
198614,2,1960,26,7.542423469387755,1960.0,0.8,,,14.1,31.0,6.0,0.3,0.3,0.1,1.6,2.2,1.7,,,,,2.2
334802,2,1749,31,6.94,1749.0,0.6400000000000001,,,13.4,26.0,7.0,0.3,0.1,0.1,0.4,0.7,1.9,,,,,1.1
1238634,1,627,13,,627.0,,,,,5.0,,,,,,,,,,,,
931428,2,2494,35,6.831603849238172,2494.0,0.08,,,27.142502004811547,53.0,10.0,1.0,0.726944667201283,0.5,0.8538893344025663,2.1740978348035287,4.565276663993585,,,,,1.1000000000000003
616948,2,1642,19,7.41,1642.0,0.4,,,50.2,24.0,3.0,0.2,1.6,1.4,1.0,4.2,4.6,,,,,3.0
765094,2,1993,23,6.889031610637231,1993.0,,,,32.404465629703964,5.0,1.0,0.5451580531861515,1.5445057701956848,1.5458103361766182,5.092272955343703,8.910336176618163,3.680632212744606,,,,,1.2729051680883092
517126,2,3330,37,7.197837837837838,3330.0,,,,19.05945945945946,,,0.024324324324324326,0.1,,1.7,1.7,10.208108108108108,13.0,3.289189189189189,74.84594594594594,1.0675675675675678,
664456,2,3122,37,7.156643177450353,3122.0,0.030000000000000002,,,39.259385009609225,26.0,3.0,0.4554772581678412,1.9474375400384372,0.8861306854580397,1.8029147982062779,4.850352338244715,6.097085201793721,,,,,0.7416079436258809
421758,2,1304,18,7.200000000000001,1304.0,,,,19.1,28.0,11.0,1.4,1.2,0.3,0.3,1.6999999999999997,4.1,,,,,1.2
615618,2,747,22,6.33,747.0,,,,45.456224899598396,13.0,,1.4,1.236144578313253,0.6,0.7,2.5393574297188755,4.855957161981259,,,,,1.6819277108433737
666268,1,1609,24,6.81,1609.0,,,,23.300000000000004,12.0,,0.6,2.4,2.2,5.0,10.900000000000002,2.5,,,,,1.3000000000000003
393999,2,2145,24,6.972587412587412,2145.0,,,,25.081118881118883,1.0,1.0,0.1,,,0.5832167832167832,0.5832167832167832,10.303496503496504,10.0,3.0503496503496503,75.66993006993007,1.1356643356643357,
1305470,1,669,11,,669.0,,,,,12.0,3.0,,,,,,,,,,,
260846,2,2124,25,7.043050847457627,2124.0,0.05,,,76.54406779661018,5.0,1.0,0.0423728813559322,0.9508474576271188,0.7,3.9796610169491524,5.979661016949153,3.7389830508474575,,,,,0.7745762711864407
242089,1,1710,19,6.96,1710.0,,,,24.0,3.0,1.0,,0.1,,1.1,1.1,8.0,6.0,2.2,67.2,1.1,0.1
816875,1,2790,31,6.990000000000001,2790.0,,,,29.5,8.0,2.0,0.5,1.0,1.1,7.3,10.4,4.1,,,,,1.0
995525,2,953,19,6.2,953.0,,,,,17.0,2.0,,,,,,,,,,,
293357,2,3075,35,6.6742439024390245,3075.0,,,,21.769268292682927,1.0,,,,,0.5648780487804878,0.5648780487804878,8.860487804878048,11.0,2.859512195121951,65.63121951219512,1.5,0.0
985844,2,2288,36,7.025935314685315,2288.0,0.2723557692307692,,,17.864204545454548,48.0,7.0,1.9677447552447551,1.1067744755244755,0.6,0.8270979020979021,2.6203234265734268,4.413548951048951,,,,,1.2338723776223777
946974,2,563,12,7.17,563.0,0.68,,,25.7,15.0,5.0,0.7,0.7,1.4,,2.7,1.4,,,,,1.4
395421,1,1909,22,6.8,1909.0,,,,26.6,,,0.0,,,0.8,0.8,9.3,7.0,2.0,65.2,1.1,
928038,2,1356,23,7.090840707964602,1356.0,0.5299557522123893,,,23.276991150442477,25.0,3.0,1.7809734513274336,1.6190265486725663,0.3,0.7570796460176991,2.857079646017699,3.476106194690265,,,,,1.3238938053097344
1013804,2,302,12,,302.0,,,,,7.0,,,,,,,,,,,,
610607,2,1691,19,6.63,1691.0,,,,24.8,,,,0.2,,2.0,2.2,7.2,7.0,2.0,58.8,1.4,
594505,2,1981,33,6.857491166077738,1981.0,0.4,,,12.655678950025239,22.0,6.0,0.18041393235739525,0.8,0.13573952549217566,1.5446744068652196,2.591065118626956,2.3714790509843513,,,,,2.364260474507824
1457962,2,670,12,7.6499999999999995,670.0,0.25,,,22.3,13.0,3.0,0.5,1.8,0.5,2.8,5.0,4.5,,,,,0.7999999999999999
499324,2,2684,31,7.11209388971684,2684.0,0.20023845007451566,,,42.04664679582712,9.0,1.0,0.2,2.0,1.9167660208643813,6.6646795827123695,11.031147540983607,3.6335320417287638,,,,,1.267064083457526
671499,2,3265,37,7.347166921898928,3265.0,0.3556508422664625,,,52.40183767228178,22.0,5.0,0.2,1.0874425727411947,0.9,4.774885145482389,7.293261868300153,4.118836140888208,,,,,1.506738131699847
530527,2,2283,33,6.785663600525624,2283.0,0.04,,,34.75321944809461,21.0,1.0,0.7574244415243101,2.063863337713535,1.0106438896189225,2.1254927726675428,5.289356110381077,4.795795006570302,,,,,1.9042049934296978
671519,2,2044,38,6.49595890410959,2044.0,0.35455968688845396,,,8.812426614481408,16.0,1.0,0.4000000000000001,0.6658023483365948,0.0,0.62279843444227,1.55440313111546,1.811399217221135,,,,,2.60880626223092
728609,2,2783,40,6.867596119295724,2783.0,0.07,,,22.041501976284586,21.0,7.0,0.6,1.9312612288896873,1.1687387711103125,2.2468918433345313,5.693783686669062,4.8374775422206255,,,,,1.109414301113906
807648,2,2743,32,7.083667517316806,2743.0,,,,42.729566168428725,18.0,3.0,0.4,1.5640539555231499,1.450783813343055,4.814837768866205,8.62967553773241,4.60313525337222,,,,,1.0507838133430552
546825,2,2400,30,7.04,2400.0,0.17,,,22.446416666666668,28.0,8.0,0.3,1.2790833333333333,0.8313750000000001,1.0104583333333332,3.2418333333333336,3.1012916666666666,,,,,1.3941250000000003
242084,1,306,8,,306.0,,,,,4.0,,,,,,,,,,,,
343558,1,522,11,,522.0,,,,,7.0,2.0,,,,,,,,,,,
629777,2,1240,17,6.91,1240.0,0.2,,,17.7,13.0,3.0,0.4,,,1.0,1.0,1.4,,,,,0.8
572240,2,949,24,6.85,949.0,0.10999999999999999,,,34.46185458377239,15.0,3.0,0.3,3.126238145416228,0.8,1.438145416227608,5.276290832455216,4.609483667017913,,,,,1.0857744994731298
387191,1,170,8,,170.0,,,,,2.0,,,,,,,,,,,,
334803,2,2211,35,7.0780597014925375,2211.0,0.18,,,26.044097693351425,53.0,7.0,0.9082767978290367,0.9082767978290367,0.5,0.7,2.142062415196744,4.059294436906377,,,,,0.44966078697421985
698812,2,2353,32,7.0562388440289,2353.0,0.23212919677008076,,,19.362898427539314,32.0,11.0,0.8,1.418317042073948,0.6,1.3648533786655335,3.419804504887378,3.7099022524436887,,,,,0.8099022524436889
488784,1,241,4,,241.0,,,,,6.0,,,,,,,,,,,,
1422277,1,364,10,,364.0,,,,,1.0,,,,,,,,,,,,
1010818,1,2598,31,7.08,2598.0,,,,45.6,14.0,3.0,0.9000000000000001,3.1,0.9000000000000001,6.1,10.5,6.1,,,,,1.1
1122556,2,1453,32,6.78474879559532,1453.0,0.38,,,23.932759807295252,24.0,3.0,1.9237439779766,0.68093599449415,0.4,1.0,2.0046799724707505,3.6759119064005508,,,,,0.7856159669649002
384879,1,1767,21,7.409999999999999,1767.0,0.1,,,40.7,10.0,3.0,0.3,2.1,1.8,6.1,10.9,4.2,,,,,1.2
1050404,1,1546,27,6.83,1546.0,0.29,,,25.899999999999995,24.0,2.0,1.1,2.5,0.8000000000000002,1.0,4.4,7.3,,,,,0.8000000000000002
580150,2,1907,29,6.7755007865757735,1907.0,0.05000000000000001,,,22.906502359727323,29.0,6.0,0.7484006292606189,1.5355007865757737,0.667697954902989,2.461300471945464,5.11929732564237,3.4773990561090717,,,,,1.9934976402726798
619300,1,153,5,,153.0,,,,,5.0,1.0,,,,,,,,,,,
633447,2,2840,35,7.099014084507041,2840.0,0.09123591549295774,,,32.1806690140845,14.0,1.0,0.3,1.8448591549295774,0.813169014084507,4.180246478873239,7.298767605633804,3.1197535211267606,,,,,1.3395070422535211
1167425,1,978,26,6.12,978.0,0.09,,,12.9,4.0,2.0,0.5,0.5,0.1,0.7,1.6,1.6,,,,,2.0
928023,2,1274,21,6.8,1274.0,0.08,,,28.8,12.0,2.0,0.8,2.1,1.4,1.4,5.2,5.5,,,,,0.8
923667,1,40,3,,40.0,,,,,,,,,,,,,,,,,
143798,2,1535,24,6.805615635179152,1535.0,0.13,,,33.70592833876221,16.0,3.0,0.10000000000000002,1.5323778501628667,0.8999999999999999,1.535244299674267,3.9549185667752442,2.6323778501628667,,,,,1.2450814332247555
844566,2,2443,32,7.133941874744168,2443.0,,,,18.699959066721245,35.0,6.0,1.0815800245599674,2.9105198526401965,1.0894801473598035,2.4079001227998362,6.852640196479738,5.168399508800655,,,,,1.0079001227998363
216278,2,2447,30,7.471969758888434,2447.0,0.11321209644462606,,,40.49170412750306,9.0,2.0,0.4145075602778913,1.6290151205557828,1.5259092766653044,4.701552921945239,8.327462198610544,4.911401716387413,,,,,0.9580302411115652
331963,1,923,14,,923.0,,,,,5.0,2.0,,,,,,,,,,,
671518,2,2126,26,6.823170272812794,2126.0,0.09,,,28.85870178739417,32.0,5.0,0.7380997177798682,1.580950141110066,0.6,1.7,4.015851364063971,3.7682502351834426,,,,,2.0222483537158986
967948,2,762,23,6.67,762.0,,,,21.164304461942255,11.0,3.0,2.563517060367454,1.859317585301837,0.7272965879265091,0.46824146981627296,3.041207349081365,3.868241469816273,,,,,1.4181102362204723
1007295,2,1980,22,7.192727272727274,1980.0,,0.02,0.028636363636363633,56.731818181818184,8.0,,0.38636363636363635,1.2,0.6454545454545455,4.390909090909091,6.718181818181818,4.031818181818182,,,,,0.3
510103,1,2464,30,7.38,2464.0,0.73,0.72,0.09,9.1,29.0,6.0,0.5,0.8999999999999999,0.2,1.8999999999999997,3.2,1.2,,,,,2.2
435587,1,2462,32,7.089999999999999,2462.0,0.58,0.53,0.05,10.6,23.0,3.0,0.3,0.6,0.2,1.1,2.0,1.5,,,,,0.6
1125761,2,2513,35,6.8572662156784725,2513.0,0.21698368483883804,0.2307282132908874,0.10580978909669717,9.31842419419021,27.0,5.0,1.4301631516116196,1.886032630322324,0.9022284122562675,0.9396736967767608,3.7139673696776763,3.7396736967767605,,,,,1.9720652606446478
555057,2,2766,35,7.098947939262472,2766.0,0.04,0.11267895878524946,0.06732104121475055,46.76930585683297,23.0,,0.49186550976138826,2.177982646420824,1.0162689804772234,1.9081344902386115,5.410520607375271,4.275596529284164,,,,,1.5023861171366595
392163,1,262,7,,262.0,,,,,6.0,,,,,,,,,,,,
821350,1,2752,31,7.09,2752.0,,0.060000000000000005,0.04,44.1,12.0,2.0,0.19999999999999998,1.4,1.8,6.3999999999999995,10.2,3.6,,,,,1.5
805834,2,2970,33,7.1054545454545455,2970.0,,,0.0,20.663636363636364,,,0.0,,,0.6636363636363637,0.6636363636363637,7.545454545454546,10.0,3.0272727272727273,72.0909090909091,1.1818181818181819,
671548,1,1870,26,7.14,1870.0,0.05,0.16,0.13,32.8,47.0,3.0,1.2,1.9,0.8,0.9,3.8,4.5,,,,,1.6
1118873,1,1426,23,6.959999999999999,1426.0,0.060000000000000005,0.14,0.08,35.8,20.0,2.0,1.9000000000000001,1.8,0.6,1.5999999999999999,4.5,4.8,,,,,2.3
991779,2,2673,34,6.965252525252526,2673.0,0.04,0.03,0.12010101010101011,52.8929292929293,34.0,6.0,0.3084175084175084,0.8,1.0747474747474748,2.8,5.166329966329966,3.532659932659933,,,,,0.7084175084175084
410649,1,2359,33,7.099999999999999,2359.0,0.57,0.57,0.15,15.5,33.0,7.0,1.4,0.6,0.1,0.1,0.8,2.8,,,,,2.3
417229,1,2697,30,7.36,2697.0,0.23,0.09999999999999999,0.14,41.2,39.0,10.0,0.5,2.1,1.2,2.1,5.8,6.3,,,,,1.1
1136224,2,1523,24,6.855049244911359,1523.0,0.07,0.06868680236375575,0.13282994090610636,24.78995403808273,15.0,4.0,0.9525279054497702,3.9020354563361788,1.3,2.4949441891004596,7.75252790544977,4.451543007222587,,,,,1.2787918581746551
653596,1,2701,31,7.49,2701.0,0.17,0.18,0.27,27.5,50.0,13.0,2.0,1.6,0.8,0.5,3.0,5.8,,,,,0.9
539043,2,1838,34,7.277921653971708,1838.0,0.54,0.3270130576713819,0.3509521218715996,26.730304678998912,57.0,11.0,1.9004352557127313,0.6800870511425462,0.22986942328618062,0.5995647442872688,1.5095212187159956,3.1891730141458106,,,,,0.6800870511425462
721511,2,2168,29,7.14439114391144,2168.0,0.2918219557195572,0.20752306273062732,0.1342988929889299,23.428044280442805,26.0,4.0,2.449538745387454,1.1570110701107013,0.26448339483394834,0.8429889298892989,2.342988929889299,4.689252767527675,,,,,1.4504612546125462
528021,2,3106,37,7.359304571796523,3106.0,0.13,0.11596265292981327,0.1054410817772054,37.71242755956214,41.0,8.0,1.412298776561494,2.375402446877012,1.0403734707018675,2.1561493882807468,5.943850611719252,5.859626529298133,,,,,1.485962652929813
339070,2,3314,38,7.5645805672902835,3314.0,0.13,0.07864514182257092,0.04,63.872902836451416,29.0,,0.36774290887145444,2.864514182257091,1.4,0.8219372359686179,5.0,7.183222691611346,,,,,0.7999999999999999
522851,2,2482,32,7.2535213537469785,2482.0,0.3635455278001612,0.27283642224012894,0.22212731668009672,24.949395648670425,52.0,11.0,1.246454472199839,1.4821514907332796,0.8356970185334407,0.8464544721998388,3.289242546333602,5.289242546333602,,,,,1.2572119258662369
455068,2,1591,20,6.99,1591.0,,0.17,0.1,32.3,20.0,4.0,,1.6,1.0,2.6,5.7,2.1,,,,,1.8000000000000003
495669,2,1412,29,6.96,1412.0,0.45,0.5,0.11,12.8,15.0,4.0,2.1,2.0,0.5,0.4,2.9,3.5,,,,,1.8
495839,1,1620,18,7.17,1620.0,0.060000000000000005,0.04,0.02,30.6,6.0,,0.2,1.7,1.2,6.4,10.4,3.2,,,,,1.1
690273,2,2481,30,7.201499395405078,2481.0,0.12,0.02,0.05652962515114873,61.452357920193464,11.0,2.0,0.3,1.0891172914147522,0.8782345828295043,6.039419588875453,8.785006045949213,4.191172914147521,,,,,1.3
1073747,1,226,7,,226.0,,,,,2.0,1.0,,,,,,,,,,,
676266,2,2626,32,7.166527037319116,2626.0,0.16830159939070832,0.11501904036557503,0.11158415841584157,29.328636709824828,26.0,8.0,0.5498095963442498,1.8169840060929168,1.2833968012185832,3.6335872048743334,7.0671744097486675,3.549428789032749,,,,,1.1003808073115005
345452,1,2970,33,6.93,2970.0,,,0.0,22.4,,,,0.0,0.0,1.2,1.2,8.1,10.0,2.7,66.9,1.3,0.0
318257,2,2382,31,7.299999999999999,2382.0,0.04,0.06,0.15,59.89999999999999,19.0,3.0,0.2,1.6,1.1,4.9,8.1,3.8999999999999995,,,,,0.8
852858,2,2075,29,7.011060240963856,2075.0,0.3915614457831325,0.3400144578313253,0.21527228915662652,11.831807228915663,29.0,7.0,1.2736385542168673,1.2736385542168673,0.24212048192771085,0.7578795180722893,2.3736385542168676,3.1,,,,,1.794698795180723
607435,2,2673,36,7.156124205013094,2673.0,0.04,0.02,0.09515525626636738,50.438383838383835,18.0,4.0,0.638757949869061,2.957762813318369,1.3096894874672653,2.8,7.61589973812196,5.983726150392817,,,,,1.1127946127946127
720120,2,1597,18,,1597.0,,,,,,,,,,,,,5.0,,,,
721470,2,1099,20,6.767106460418563,1099.0,0.2,0.5228935395814377,0.25486806187443134,15.963148316651505,24.0,4.0,1.3171064604185623,1.1657870791628753,,0.6657870791628753,1.9,2.3197452229299365,,,,,1.1657870791628753
607057,1,1911,25,7.27,1911.0,0.09,0.08,0.23,45.7,45.0,5.0,0.8,1.7,1.2,0.8,4.0,5.3,,,,,1.1
548650,1,481,8,,481.0,,,,,7.0,2.0,,,,,,,,,,,
622871,2,3009,37,7.200289132602193,3009.0,0.6255234297108674,0.4970156198072449,0.06492190096377534,7.319375207710203,22.0,5.0,0.19999999999999998,0.5193752077102027,0.1,1.8641409106015288,2.7835161183117316,1.2044533067464274,,,,,1.4298438019275506
618417,2,3069,36,6.807595307917888,3069.0,,0.018533724340175955,0.06706744868035192,34.616129032258065,21.0,3.0,0.5466275659824047,3.1680351906158353,0.9120234604105572,2.597360703812317,6.736070381231672,3.4293255131964813,,,,,1.4826979472140764
576121,1,449,8,,449.0,,,,,4.0,1.0,,,,,,,,,,,
804134,2,2817,33,6.821661341853036,2817.0,,0.04616613418530352,0.02,50.90255591054313,8.0,2.0,0.1,0.7575079872204472,0.6383386581469649,5.242492012779553,7.667092651757189,3.1466453674121406,,,,,0.6670926517571885
469695,2,2973,34,7.14,2973.0,0.03,0.07,0.15,39.8,34.0,5.0,0.8,1.7,1.2,1.3,4.7,6.3,,,,,0.8
464195,1,1525,18,7.03,1525.0,0.41,0.48,0.08,6.7,12.0,2.0,0.5,0.3,0.2,0.8,1.2,1.6,,,,,0.8
491039,2,1912,33,7.06,1912.0,0.19000000000000003,0.16,0.17999999999999997,36.5,32.0,4.0,0.9,1.3,1.3,1.7,4.8,4.0,,,,,0.9
384337,2,2659,35,6.885020684467845,2659.0,0.5416735614892817,0.41024445280180516,0.08583678074464085,10.125310267017676,28.0,7.0,0.3,0.5861226024821361,0.4,0.9306130124106807,2.130613012410681,1.8612260248213615,,,,,1.5167356148928168
386967,2,1706,21,7.42,1706.0,,0.14,0.02,45.6,6.0,,0.3,0.8,1.5,8.1,11.7,6.1,,,,,1.3
345449,2,2796,32,7.211330472103003,2796.0,,0.03772532188841202,0.07738197424892704,40.069098712446355,21.0,6.0,0.2,1.94206008583691,1.25793991416309,4.33862660944206,8.21587982832618,3.509012875536481,,,,,0.9420600858369099
1071651,1,1149,16,,1149.0,,,,,16.0,3.0,,,,,,,,,,,
345468,1,753,24,6.22,753.0,0.12,0.38,0.049999999999999996,13.9,8.0,2.0,0.5,0.7999999999999999,0.09999999999999999,1.8,2.9,3.6,,,,,3.3000000000000003
323325,2,2146,34,6.89,2146.0,0.26,0.26,0.2,20.5,30.0,6.0,1.2,1.0,0.4,0.9,2.6,2.8,,,,,1.0
679903,1,214,4,,214.0,,,,,1.0,,,,,,,,,,,,
613964,1,1314,18,6.549999999999999,1314.0,,0.030000000000000002,0.01,33.8,,,0.3,1.4,0.4,5.0,7.6,3.7,,,,,0.6
384823,2,2535,35,7.063786982248521,2535.0,0.12000000000000001,0.1357396449704142,0.06680473372781066,38.9792899408284,24.0,3.0,0.47869822485207103,1.2106508875739646,1.106508875739645,2.4319526627218937,5.19585798816568,5.236094674556213,,,,,1.1041420118343195
744075,2,1705,19,7.32,1705.0,,,0.0,16.5,,,,,,1.2,1.2,8.8,7.0,2.7,80.0,0.7,
225165,2,2557,34,7.325025420414549,2557.0,0.08,0.06,0.2795267892061009,43.465467344544386,72.0,10.0,0.675831052014079,1.956394211967149,0.675831052014079,1.7725068439577631,4.872506843957763,4.571098944075088,,,,,0.7805631599530699
861192,2,2396,31,6.915542570951586,2396.0,0.04,0.13699499165275458,0.04248747913188648,44.9575959933222,10.0,2.0,0.2,1.2549248747913189,0.9901502504173623,6.519198664440735,9.539398998330551,3.8196994991652753,,,,,0.8300500834724541
208166,2,1800,20,7.22,1800.0,,,0.01,18.0,2.0,,,,,1.6,1.6,9.4,8.0,3.2,69.6,1.4,
294772,1,1137,19,7.349999999999999,1137.0,0.47,0.4,0.43,39.2,42.0,6.0,1.5,0.7,0.4,0.2,1.3,4.5,,,,,0.6
742506,2,1900,32,6.718778947368421,1900.0,0.23,0.25126315789473685,0.17374736842105262,18.818315789473687,30.0,5.0,1.6374736842105264,1.7187368421052631,0.5437894736842106,0.8688421052631579,3.287578947368421,4.718947368421053,,,,,1.0562105263157895
699442,2,1296,24,6.8086111111111105,1296.0,0.35,0.17967592592592593,0.16009259259259262,27.044444444444444,18.0,2.0,1.3583333333333334,1.299537037037037,1.1185185185185185,1.0796296296296297,3.8171296296296298,4.099074074074074,,,,,0.7805555555555556
699400,2,3510,39,7.164358974358975,3510.0,,,0.001282051282051282,20.035897435897436,1.0,,,,0.0,0.8358974358974359,0.9230769230769231,8.887179487179488,10.0,3.246153846153846,74.34615384615384,1.1487179487179486,0.0
537765,2,1845,30,6.909073170731708,1845.0,0.15999999999999998,0.25214634146341464,0.21429268292682926,24.815121951219513,40.0,9.0,0.8570731707317073,1.5039024390243902,0.5073170731707317,1.035609756097561,3.2146341463414636,4.382439024390244,,,,,1.846341463414634
532178,1,1271,20,6.610000000000001,1271.0,0.20999999999999996,0.18,0.11999999999999998,24.2,19.0,4.0,0.2,1.3,0.4,0.6,2.4,2.8,,,,,1.8
452218,1,1689,24,7.1899999999999995,1689.0,0.21,0.23,0.27,18.0,43.0,7.0,1.6999999999999997,0.9000000000000001,0.5,0.4,1.9,3.8999999999999995,,,,,0.8
431698,1,2195,27,6.95,2195.0,,0.02,0.07,38.5,7.0,,0.9,1.4,1.4,3.9,7.0,4.3,,,,,1.1
494236,1,1390,18,6.81,1390.0,,0.01,0.02,57.0,2.0,,0.1,1.0,0.6,4.2,7.0,3.6,,,,,0.5
555074,1,1643,19,6.98,1643.0,,,0.0,17.1,1.0,,,,,0.6,0.6,9.1,5.0,3.0,71.1,1.2,
555062,2,1611,30,6.702861576660459,1611.0,0.13,0.12599006828057108,0.10880198634388578,23.46772191185599,17.0,3.0,1.1,1.0,0.6,0.4599006828057108,1.8682184978274363,4.2880198634388575,,,,,0.8
270905,2,1733,29,6.85,1733.0,0.05,0.15,0.2,44.5,25.0,3.0,0.4,0.9,0.3,1.1,2.6,4.4,,,,,0.6
704970,2,2602,29,7.09,2602.0,0.07,0.06,0.05,43.1,16.0,2.0,0.1,0.8,1.6,5.6,8.4,3.2,,,,,1.2
710969,1,396,15,,396.0,,,,,8.0,,,,,,,,,,,,
528414,2,2105,31,7.099809976247031,2105.0,0.14,0.15343942992874107,0.28945843230403806,24.314014251781472,48.0,13.0,2.182802850356295,1.365605700712589,0.6343942992874109,2.360190023752969,4.451591448931117,4.236627078384799,,,,,0.8
820540,2,2892,35,6.733941908713693,2892.0,0.09197095435684648,0.0561030428769018,0.02,18.917358229598893,10.0,1.0,0.3877939142461964,1.5976486860304286,0.8877939142461964,3.0023513139695717,6.13661825726141,3.202351313969571,,,,,2.2901452282157675
859218,1,90,1,,90.0,,,,,,,,,,,,,,,,,
889193,1,128,6,,128.0,,,,,3.0,,,,,,,,,,,,
886501,2,39,2,,39.0,,,,,,,,,,,,,,,,,
553562,2,1284,22,6.64,1284.0,,0.04,0.08,37.5,11.0,1.0,0.4,1.7,0.7,1.2,4.1,4.9,,,,,1.6
531273,2,2834,36,7.138567395906844,2834.0,0.283500352858151,0.1705998588567396,0.1841002117148906,26.448341566690193,65.0,11.0,0.7999999999999999,1.4,0.45299929428369795,1.0,3.084333098094566,4.07833450952717,,,,,0.8216654904728299
242638,1,334,4,,334.0,,,,,5.0,1.0,,,,,,,,,,,
919469,2,2298,30,7.04,2298.0,0.04,0.1,0.06,26.4,15.0,3.0,0.9,2.5,1.2,2.5,7.0,4.5,,,,,1.6
926954,2,749,30,6.959999999999999,749.0,0.4777303070761015,0.5388117489986649,0.07221628838451269,10.056208277703606,8.0,2.0,0.5,0.9000000000000001,,1.5,2.8,2.734579439252337,,,,,2.3
248932,2,244,6,6.26,244.0,,0.04,0.11999999999999998,46.1,2.0,1.0,0.6,,,1.1,1.1,4.4,,,,,0.6
448284,2,339,11,,339.0,,,,,5.0,1.0,,,,,,,,,,,
656250,2,3387,38,6.892028343666961,3387.0,,,0.0,18.627900797165633,5.0,1.0,0.0,,,0.7734278122232063,0.7734278122232063,7.604162976085031,10.0,2.2321523472099205,66.97900797165633,1.046147032772365,
343158,2,1979,23,7.3,1979.0,,0.02,0.11,48.1,25.0,6.0,0.9,2.1,1.0,2.6,6.1,5.2,,,,,1.0
1061123,1,860,14,,860.0,,,,,9.0,,,,,,,,,,,,
1046580,1,1436,27,6.8500000000000005,1436.0,0.06,0.11,0.19999999999999998,28.400000000000002,28.0,5.0,3.0,1.4,0.7999999999999999,1.7,3.9,5.0,,,,,2.3
341272,1,2429,33,7.02,2429.0,0.07,0.05999999999999999,0.16,28.5,41.0,4.0,0.6,1.4,1.0,1.1,3.7000000000000006,4.4,,,,,0.8
661368,2,2093,31,6.687783086478739,2093.0,,0.037319636884854276,0.08536072623029145,24.4438127090301,16.0,4.0,0.6902054467271859,2.1914954610606787,0.5817009077878643,3.6025800286669853,6.7757763975155285,2.7438127090301005,,,,,1.4914954610606783
589013,1,2287,30,7.190000000000001,2287.0,,0.04,0.22999999999999998,45.5,54.0,7.0,0.4,1.7,1.0,2.3,5.4,4.0,,,,,0.9000000000000001
627717,2,2373,28,7.107964601769912,2373.0,0.11654867256637168,0.12194690265486725,0.02734513274336283,37.190265486725664,6.0,2.0,0.21327433628318584,1.179646017699115,0.9867256637168141,6.995575221238938,10.38141592920354,2.5327433628318583,,,,,0.9194690265486726
357158,2,1445,21,7.53,1445.0,0.17,0.05,0.27,26.0,30.0,3.0,2.0,0.5,0.8,1.8,3.2,4.2,,,,,1.0
1292977,1,952,14,,952.0,,,,,10.0,1.0,,,,,,,,,,,
676476,2,1379,30,6.76,1379.0,0.07,0.21,0.13,23.8,21.0,3.0,1.6,0.9,0.3,0.8,2.0,4.4,,,,,0.9
1018224,1,2603,32,7.019999999999999,2603.0,0.14,0.16,0.14,16.0,27.0,3.0,1.0,1.6999999999999997,0.7,2.6,5.3,3.3999999999999995,,,,,1.4
638235,1,85,7,,85.0,,,,,2.0,,,,,,,,,,,,
681692,2,1532,24,6.979660574412533,1532.0,0.27,0.056840731070496094,0.14464751958224545,35.724543080939945,25.0,2.0,0.7342036553524806,2.724543080939948,1.9000000000000001,4.190339425587467,9.424543080939948,4.5342036553524805,,,,,1.8464751958224543
667914,2,2387,38,6.931307080016757,2387.0,0.338906577293674,0.2686133221617093,0.07722664432341851,20.373062421449514,28.0,1.0,2.227733556765815,1.9693338919145367,0.23866778382907416,0.9722664432341852,3.1941348973607036,4.518935902806871,,,,,1.4525345622119816
391929,1,827,20,,827.0,0.11,0.02,0.08,33.4,5.0,,,3.0,1.3000000000000003,2.6000000000000005,7.6,2.8,,,,,1.0
613437,2,2700,37,6.9374814814814805,2700.0,0.08,0.02839259259259259,0.1391037037037037,39.214370370370375,36.0,7.0,1.3874814814814813,2.0678518518518523,1.1357037037037037,2.964296296296296,6.4,6.174962962962963,,,,,1.2517777777777779
822074,1,99,5,,99.0,,,,,1.0,,,,,,,,,,,,
402825,2,1739,21,7.08,1739.0,,0.15999999999999998,0.23,28.5,25.0,1.0,2.7000000000000006,1.2,0.8000000000000002,0.4000000000000001,2.9,5.7,,,,,0.8000000000000002
1064464,2,601,17,,601.0,,,,,2.0,,,,,,,,,,,,
578547,2,801,11,,801.0,,,,,8.0,1.0,,,,,,,,,,,
340172,2,1392,28,6.96,1392.0,0.07,0.04336206896551724,0.027564655172413792,34.946120689655174,8.0,,0.3,2.7336206896551722,2.4017241379310343,2.3,7.960560344827586,5.357112068965518,,,,,1.2579741379310345
662609,1,741,10,,741.0,,,,,10.0,2.0,,,,,,,,,,,
606893,1,1150,25,6.86,1150.0,0.16,0.12,0.16,29.0,20.0,3.0,3.3,2.9,0.5,0.5,4.0,5.2,,,,,2.2
1138091,1,102,4,,102.0,,,,,,,,,,,,,,,,,
249125,2,2318,28,6.569508196721311,2318.0,0.32,0.07844262295081966,0.08631147540983607,26.557377049180328,20.0,4.0,0.0,0.7754098360655738,0.8999999999999999,4.187704918032787,6.212295081967214,2.0614754098360657,,,,,1.5122950819672132
929467,2,2874,36,6.809659011830202,2874.0,0.07,0.055170494084899095,0.07396311760612387,27.133089770354907,19.0,6.0,0.6758524704244955,1.4758524704244955,1.0637787056367434,0.5879262352122477,3.5396311760612393,4.751704940848992,,,,,1.9482950591510089
242813,2,1733,29,6.85,1733.0,0.05,0.15,0.2,44.5,25.0,3.0,0.4,0.9,0.3,1.1,2.6,4.4,,,,,0.6
952979,1,1099,21,6.71,1099.0,,0.05,0.07,39.7,6.0,2.0,0.5,2.5,1.1,2.4,6.2,5.1,,,,,2.2
940548,1,96,4,,96.0,,,,,2.0,,,,,,,,,,,,
189895,2,1008,15,7.18,1008.0,0.41,0.1,0.04,28.4,8.0,1.0,,1.6,1.6,1.2,5.3,3.7,,,,,2.1
214250,2,1321,18,7.16,1321.0,,0.01,0.14,34.7,14.0,3.0,1.1,4.6,1.1,2.8,8.5,2.8,,,,,1.1
1012052,2,804,16,,804.0,,,,,21.0,3.0,,,,,,,,,,,
303766,2,2955,38,7.001725888324873,2955.0,0.04,0.05,0.10695431472081218,37.68223350253807,35.0,6.0,0.7,1.4238578680203047,1.0847715736040608,1.9629441624365482,5.06497461928934,3.2543147208121828,,,,,1.5456852791878173
525919,2,2499,38,6.6565586234493805,2499.0,0.24,0.4839775910364146,0.06483793517406963,10.879551820728292,20.0,2.0,0.4,0.4,0.2,1.4720688275310125,2.111844737895158,1.4602240896358543,,,,,1.1172068827531012
282434,2,1759,25,7.242188743604321,1759.0,0.18,0.09846503695281411,0.2123251847640705,30.113075611142694,35.0,3.0,1.1995451961341672,2.022797043774872,1.1534963047185902,2.3386014781125644,5.645594087549744,4.984195565662309,,,,,0.746048891415577
991454,2,1381,20,6.47,1381.0,,0.04,0.07,13.800000000000002,6.0,2.0,0.3,1.7999999999999998,0.5,4.0,6.699999999999999,2.3,,,,,1.4
479268,1,450,5,,450.0,,,,,1.0,,,,,,,,,,,,
157509,1,107,3,,107.0,,,,,,,,,,,,,,,,,
547786,1,921,14,,921.0,,,,,18.0,7.0,,,,,,,,,,,
686232,2,2240,41,7.271535714285714,2240.0,0.3595535714285715,,,31.505446428571428,47.0,10.0,1.6900892857142857,1.430625,0.3099107142857143,0.7,2.4612499999999997,3.5486607142857145,,,,,1.1495535714285714
468192,2,2102,30,7.100675547098001,2102.0,0.42709800190294955,,,16.807611798287347,35.0,7.0,0.8428163653663179,0.8715509039010466,0.32140818268315885,0.8,2.035775451950524,1.992959086584206,,,,,1.214081826831589
395800,1,2792,36,7.7299999999999995,2792.0,0.32,,,38.5,102.0,20.0,0.7,1.4,0.6,0.19999999999999998,2.3,5.3,,,,,0.9
433979,1,1192,15,,1192.0,,,,,16.0,2.0,,,,,,,,,,,
435712,2,2371,37,7.35762547448334,2371.0,0.6483002952340785,,,20.645761282159427,45.0,7.0,1.003500632644454,1.5964993673555463,0.5207507380851961,0.8654997891185153,3.065499789118515,4.896499367355546,,,,,0.9827498945592577
365770,2,3573,45,7.229370277078086,3573.0,0.45632241813602015,,,23.608816120906802,39.0,7.0,1.7632241813602019,1.1591939546599495,0.3408060453400503,0.9183879093198992,2.63198992443325,4.663224181360202,,,,,0.8591939546599496
575219,2,3874,45,7.182906556530718,3874.0,0.18730511099638616,,,47.42560660815694,62.0,12.0,0.7595766649457926,1.3404233350542076,0.41347444501806924,0.35389778007227674,2.280846670108415,3.751781104801239,,,,,1.1999999999999997
412024,2,2992,43,7.154331550802138,2992.0,0.3,,,27.36072860962567,77.0,7.0,1.4148729946524066,1.7472927807486633,0.8432486631016043,0.7283756684491979,3.409458556149733,4.677038770053476,,,,,0.9094585561497326
568544,2,2604,29,6.596728110599077,2604.0,,,,16.888018433179724,,,,,,0.9414746543778801,0.9414746543778801,8.221428571428572,10.0,2.1036866359447006,65.79953917050692,1.1066820276497695,0.0
723826,2,2312,30,7.0,2312.0,0.08,,,28.8,21.0,6.0,0.5,2.5,0.9,2.8,6.6,3.9,,,,,0.6
623424,2,2758,37,7.176258158085569,2758.0,0.16619289340101526,,,27.90870195794054,64.0,16.0,1.2093546047860768,0.8906453952139232,0.7953226976069617,0.3187092095721537,2.0374184191443074,4.938542422044961,,,,,0.7
615930,1,2554,31,7.08,2554.0,0.07,,,37.7,9.0,1.0,0.0,1.0,1.2,5.4,8.1,3.7999999999999994,,,,,0.8999999999999999
553772,2,2933,36,7.2471701329696545,2933.0,0.1240981929764746,,,53.92096829185134,8.0,,0.09999999999999999,1.406341629730651,1.8063416297306512,4.4936583702693484,8.2,4.774633481077395,,,,,0.8746334810773952
418219,2,3195,41,7.215727699530516,3195.0,0.029999999999999995,,,62.07183098591549,8.0,,0.4,1.5572769953051644,1.5,2.7969014084507045,6.108356807511737,6.054178403755868,,,,,0.5
295810,2,2383,38,6.9960260176248426,2383.0,0.12,,,41.65765841376416,61.0,5.0,0.7,1.0347880822492659,0.6720520352496852,0.49068401174989507,2.378892152748636,4.083843894250944,,,,,1.1
614800,2,2097,34,7.09,2097.0,0.27,,,19.5,38.0,6.0,1.0,1.6,0.7,0.7,3.2,4.1,,,,,1.0
370894,1,2702,36,7.11,2702.0,0.030000000000000002,,,48.9,67.0,14.0,1.1,1.5,0.7,0.39999999999999997,2.6,5.0,,,,,1.2
457738,2,2718,35,7.305761589403972,2718.0,0.6643046357615894,,,17.787417218543048,34.0,6.0,1.023841059602649,0.7079470198675496,0.33973509933774837,1.4443708609271524,2.59205298013245,2.6841059602649007,,,,,1.4841059602649007
369384,1,288,6,,288.0,,,,,4.0,,,,,,,,,,,,
892105,1,1130,17,,1130.0,,,,,35.0,8.0,,,,,,,,,,,
740789,2,2331,35,7.287957957957958,2331.0,0.09,,,29.867524667524666,36.0,13.0,2.351308451308451,2.176962676962677,1.0743457743457745,1.81021021021021,5.187172887172887,5.205233805233805,,,,,1.3641355641355641
445610,1,1452,18,,1452.0,,,,,5.0,1.0,,,,,,,,,,,
518451,2,1702,35,6.81,1702.0,0.61,,,14.8,20.0,5.0,1.3,0.5,0.2,1.0,1.8,2.2,,,,,1.3
502671,2,2525,39,7.3268633663366325,2525.0,0.13,,,56.77112871287128,58.0,9.0,0.3616237623762376,2.161346534653465,1.2845940594059408,0.7308118811881187,4.292158415841585,4.068910891089109,,,,,1.369188118811881
314329,2,3671,44,7.718270226096432,3671.0,0.41536910923454107,,,41.11119585943885,96.0,14.0,0.9328248433669301,1.7216289839280852,0.844020702805775,0.75521656224462,3.59847453010079,5.588804140561155,,,,,1.555979297194225
569743,2,1410,16,7.1,1410.0,0.29,,,47.4,5.0,1.0,,1.7,0.6,5.4,8.3,4.6,,,,,0.6
881064,2,2998,42,7.191007338225483,2998.0,0.27449633088725817,,,21.845496997998666,42.0,4.0,2.79739826551034,1.3135423615743829,0.2,0.4567711807871915,2.027084723148766,4.313542361574384,,,,,1.328819212808539
433976,2,2219,35,6.985056331680937,2219.0,0.05,,,40.937359170797656,18.0,5.0,0.7,1.6375844975214062,1.8624155024785938,1.5501126633618747,5.575394321766562,5.062640829202343,,,,,1.5624155024785942
393806,2,3900,46,7.391169230769231,3900.0,0.13,,,34.64358974358974,53.0,9.0,0.6,2.832179487179487,1.4779230769230771,3.3593076923076923,8.010102564102564,4.064358974358974,,,,,1.277923076923077
837239,2,3946,45,6.999685757729345,3946.0,,,,30.204257475924987,11.0,3.0,0.1,1.690522047643183,0.9821084642676128,6.8,10.104206791687785,3.2410542321338065,,,,,0.8726305119107958
1112690,2,2681,36,6.960966057441253,2681.0,0.15,,,23.551771726967548,23.0,2.0,0.776650503543454,2.528422230511003,0.6,0.3,3.381723237597911,4.353301007086908,,,,,1.6416262588586348
478347,1,703,11,,703.0,,,,,1.0,,,,,,,,,,,,
982567,2,3975,44,7.143207547169811,3975.0,0.03,,,55.82754716981132,8.0,2.0,0.2,1.0641509433962264,1.0456603773584905,4.804905660377359,7.601132075471698,4.590188679245283,,,,,0.6456603773584906
426724,2,3273,38,6.952896425297891,3273.0,,,,21.54005499541705,1.0,1.0,0.0,0.03299725022914757,,1.1989917506874428,1.2989917506874429,6.865994500458294,13.0,2.8835013748854266,75.4808432630614,1.0010082493125574,0.11649862511457379
547754,1,80,2,,80.0,,,,,,,,,,,,,,,,,
993687,2,2119,39,6.801878244454931,2119.0,0.34,,,20.106370929683813,37.0,3.0,1.3245870693723454,1.0207173194903256,0.5,0.6660217083529967,2.1640868334119867,3.833978291647003,,,,,0.8433695139216613
658835,1,2571,33,6.91,2571.0,,,,46.8,18.0,,0.6,2.0,1.1,1.7,5.6,6.8,,,,,1.6
410897,2,3099,37,7.2288673765730875,3099.0,0.04,,,57.10687318489835,7.0,1.0,0.1,1.3045498547918684,1.2219748305905132,7.03030009680542,10.204549854791868,3.6393998063891577,,,,,0.9651500484027106
229292,1,2160,24,7.2,2160.0,,,,21.1,1.0,,,,,0.9,0.9,8.5,12.0,2.9,80.2,0.7,
394435,1,3029,35,7.15,3029.0,0.029999999999999995,,,36.4,7.0,1.0,0.4,1.2,0.9,6.0,8.8,4.6,,,,,0.6
271284,2,1496,24,7.11,1496.0,0.19,,,35.2,24.0,6.0,0.19999999999999998,2.2,1.1,3.8000000000000003,7.8,3.1999999999999997,,,,,0.7
421258,2,2624,32,7.076051829268293,2624.0,0.17045731707317072,,,46.109603658536585,11.0,,0.1,1.9535060975609757,0.6,6.239634146341463,9.40015243902439,3.288414634146341,,,,,0.8022865853658536
568578,2,2303,36,7.057173252279635,2303.0,0.19,,,39.73434650455927,35.0,6.0,0.0,2.4431610942249242,1.156838905775076,1.9592705167173252,5.779027355623101,5.6580547112462005,,,,,2.0382978723404253
798972,2,2839,43,7.054846777034166,2839.0,0.22999999999999998,,,17.67858400845368,56.0,15.0,2.916836914406481,0.9673476576259247,0.6,0.2831630855935188,1.7494892567805567,4.047446283902782,,,,,1.2316308559351883
421927,2,2362,29,7.043226079593564,2362.0,0.08,,,52.24149026248942,12.0,1.0,0.1,1.2508044030482641,1.0,4.622184589331075,7.471380186282812,4.374597798475868,,,,,1.2661303979678238
451317,1,3470,39,7.22,3470.0,0.13,,,47.5,6.0,,0.4,1.9,1.1,5.2,8.5,4.6,,,,,1.4
271289,1,1575,18,,1575.0,,,,,1.0,1.0,,,,,,,11.0,1.3,71.0,0.5,
692349,1,1305,15,,1305.0,,,,,5.0,1.0,,,,,,,,,,,
388042,2,2186,28,7.251729185727356,2186.0,0.09,,,42.44986276303751,34.0,2.0,1.0550777676120768,3.3793229643183897,0.9,1.9103385178408052,6.268984446477584,6.593229643183897,,,,,2.0552607502287286
726033,1,1569,18,,1569.0,,,,,,,,,,,,,5.0,2.3,69.0,1.0,
487688,2,2121,32,7.1932578972182935,2121.0,0.25156529938708155,,,40.93545497406884,33.0,8.0,0.6514380009429513,1.8456859971711457,0.5028760018859029,1.0,3.5,4.737057991513437,,,,,1.2271570014144273
364697,2,3352,45,7.040000000000001,3352.0,0.4266557279236277,,,19.323120525059668,47.0,10.0,0.9,0.8448389021479714,0.4,0.28505369928400953,1.470107398568019,3.8907517899761332,,,,,1.0402147971360383
859536,2,1155,19,6.88,1155.0,0.47,,,21.5,13.0,2.0,2.3,2.3,1.4,,3.7,3.3,,,,,0.9000000000000001
225236,2,3134,45,7.3275877472878115,3134.0,0.25472239948947034,,,20.881429483088706,89.0,27.0,0.7094447989789405,1.2436502871729418,0.5687300574345884,0.6530950861518826,2.5342054881940013,4.340714741544352,,,,,0.9
535958,2,2442,36,6.797985257985258,2442.0,0.4,,,14.391236691236692,33.0,3.0,0.43505323505323507,0.6,0.2,0.5262899262899263,1.2561834561834562,2.943816543816544,,,,,1.1525798525798527
830113,2,2154,40,6.980826369545033,2154.0,0.5809377901578459,,,15.068430826369546,34.0,8.0,1.6924791086350977,0.1,0.1,0.97669452181987,1.3458681522748375,2.3688022284122563,,,,,1.0537604456824514
482364,2,3534,41,6.974731182795699,3534.0,0.09,,,27.677419354838708,12.0,2.0,0.2,1.3236559139784947,1.1290322580645162,5.135483870967742,8.335483870967742,3.1946236559139787,,,,,1.7591397849462367
331971,2,3216,40,6.771753731343283,3216.0,0.03,,,53.08619402985075,9.0,2.0,0.11679104477611942,0.9664179104477612,0.7839552238805969,5.282462686567165,8.215298507462688,4.034328358208955,,,,,0.8832089552238807
618350,2,2862,39,7.8032704402515725,2862.0,1.1359154437456325,,,13.322955974842769,60.0,5.0,1.0428022361984626,0.2770440251572327,0.12568134171907758,0.6085604472396925,1.228406708595388,1.2513626834381553,,,,,1.3400768693221523
741258,2,2605,31,7.52,2605.0,0.07,,,63.9,11.0,1.0,0.3,1.9,1.3,4.7,8.4,4.8,,,,,0.8
432758,2,2322,34,7.345400516795866,2322.0,0.5066925064599483,,,25.36279069767442,56.0,16.0,1.7496124031007751,1.6578811369509043,0.482687338501292,0.3,2.515762273901809,4.8421188630490954,,,,,0.7751937984496124
351816,1,969,18,7.1,969.0,0.09,,,56.3,19.0,3.0,2.0,2.5,0.8,0.3,3.6,6.9,,,,,1.4
665266,2,1904,30,7.36,1904.0,0.35,,,38.6,63.0,8.0,0.8,1.5,0.8,0.4,2.8,5.9,,,,,0.9
887816,2,2726,34,7.564380044020543,2726.0,0.3636757153338224,,,19.645707997065298,44.0,6.0,1.3603815113719735,2.450476889214967,0.8198092443140133,0.8495231107850331,4.119809244314013,3.948569332355099,,,,,2.42971386647102
1024285,1,1724,20,7.65,1724.0,0.37,,,31.1,36.0,7.0,1.8000000000000003,1.8000000000000003,0.8,0.4,3.1000000000000005,7.700000000000001,,,,,0.7
287188,1,1008,15,,1008.0,,,,,26.0,4.0,,,,,,,,,,,
429987,2,2712,34,7.4148893805309735,2712.0,0.25,,,41.3945796460177,85.0,18.0,0.1,0.5248893805309734,0.5,1.0751106194690268,2.1502212389380535,3.97466814159292,,,,,0.558075221238938
1045375,2,2395,31,7.143486430062631,2395.0,0.04,,,49.397286012526095,19.0,2.0,0.407098121085595,2.7503131524008353,1.2432150313152401,1.692901878914405,6.058037578288101,5.4503131524008355,,,,,1.321294363256785
255906,1,2627,30,7.33,2627.0,0.07,,,61.199999999999996,11.0,2.0,0.19999999999999998,1.0,0.6,5.1,7.3,3.6,,,,,0.9
458367,2,2054,34,7.043300876338852,2054.0,0.3534761441090555,,,19.47507302823759,21.0,7.0,2.4231742940603698,0.8884128529698151,0.22317429406037004,0.20000000000000004,1.5420642648490752,3.4463485881207396,,,,,1.104284323271665
528835,2,1676,25,7.274379474940335,1676.0,0.33,,,57.8046539379475,8.0,1.0,0.5516706443914081,1.951670644391408,1.1610978520286397,4.048329355608592,7.44164677804296,4.1194510739856804,,,,,1.216109785202864
921553,2,2525,33,6.899576237623762,2525.0,0.31,,,32.75172277227723,40.0,10.0,0.6342178217821782,1.122811881188119,0.6,2.2885940594059404,4.277188118811881,3.459683168316831,,,,,0.4
344599,1,219,4,,219.0,,,,,10.0,1.0,,,,,,,,,,,
401624,1,392,6,,392.0,,,,,,,,,,,,,,,,,
854382,1,1512,29,7.0,1512.0,0.6,,,15.4,15.0,5.0,1.0,1.3,0.8,0.7,2.9,3.6,,,,,1.0
604327,2,1396,28,7.17,1396.0,0.46,,,30.099999999999998,26.0,3.0,1.2,1.2,0.7999999999999999,0.3,2.4,5.7,,,,,0.9
384568,2,2248,28,7.306450177935944,2248.0,0.09,,,54.01103202846975,16.0,1.0,0.4,1.403914590747331,1.3519572953736654,4.883807829181494,8.167615658362989,4.263967971530249,,,,,1.3321174377224199
95438,2,1937,30,7.0486990191017025,1937.0,0.5614352090862158,,,15.139029426948891,36.0,10.0,0.948631905007744,0.4,,0.8616417139907073,1.2205472379969022,1.0821889519876096,,,,,1.402736189984512
1172620,1,409,16,,409.0,,,,,7.0,3.0,,,,,,,,,,,
963878,2,1712,30,6.5899123831775706,1712.0,0.3701752336448598,,,6.005257009345795,13.0,4.0,0.32751168224299065,1.0541471962616824,0.41834112149532715,0.7,2.189953271028037,1.3266355140186914,,,,,1.482535046728972
631222,1,36,1,,36.0,,,,,,,,,,,,,,,,,
920283,2,1762,27,7.158706015891033,1762.0,,,,45.707377979568676,24.0,7.0,1.7970488081725313,1.8,0.5140749148694664,2.466288308740068,5.131101021566402,3.705561861520999,,,,,1.5
502686,2,1990,29,7.0650753768844226,1990.0,,,,38.6,20.0,2.0,1.2,1.0,1.1,1.7,4.1,3.8,,,,,1.0
650966,2,898,16,,898.0,,,,,27.0,3.0,,,,,,,,,,,
371012,2,2257,36,7.026189632255206,2257.0,0.5581346920691184,,,14.325387682764733,34.0,10.0,0.5365086397873283,0.4,0.4,0.7182543198936641,1.572618520159504,2.6908728400531685,,,,,1.2456357997341603
797824,2,3024,39,7.096412037037038,3024.0,0.38594907407407414,,,26.241435185185185,44.0,9.0,2.0476851851851854,1.6891203703703703,0.47824074074074074,0.7435185185185184,2.9108796296296298,5.823842592592594,,,,,1.7564814814814815
745248,2,2451,32,7.20109751121991,2451.0,0.08,,,29.515707874337004,29.0,9.0,0.8,2.6492860057119545,0.8953896368829051,1.944675642594859,5.775520195838434,3.8244798041615673,,,,,1.1
495320,1,2970,33,6.63,2970.0,,,,20.0,,,,,0.0,0.8,0.8,8.3,11.0,2.2,66.4,1.1,0.0
549016,2,2391,35,7.09181095775826,2391.0,0.26,,,18.668130489335006,29.0,5.0,2.068172312839816,1.9863655374320366,0.5136344625679632,1.4409033877038895,3.968172312839816,4.804516938519448,,,,,1.0545378502718528
1129903,1,1321,17,,1321.0,,,,,8.0,4.0,,,,,,,,,,,
398163,1,355,11,,355.0,,,,,3.0,1.0,,,,,,,,,,,
261988,1,2140,29,7.12,2140.0,0.04,,,47.2,34.0,3.0,0.3,1.3,0.5,1.4,3.4,5.4,,,,,0.9
445096,1,2713,32,7.489999999999999,2713.0,0.13,,,37.6,28.0,7.0,1.6999999999999997,2.6,1.6,1.8000000000000003,6.299999999999999,6.5,,,,,1.6
581326,1,1506,18,6.869999999999999,1506.0,,,,51.300000000000004,3.0,1.0,0.09999999999999999,1.3,1.0,7.2,10.6,3.8000000000000003,,,,,1.1
665275,2,1562,28,6.989871959026889,1562.0,0.13,,,27.3567861715749,37.0,9.0,0.6083866837387963,1.5,0.6083866837387963,0.5167733674775928,2.499359795134443,4.210307298335468,,,,,0.9419334186939822
1137273,2,1895,23,6.871899736147758,1895.0,,,,47.0179419525066,2.0,,0.2,0.9569920844327177,0.9525065963060686,6.55197889182058,9.323482849604222,3.8189973614775727,,,,,0.8
495629,1,1376,23,6.97,1376.0,,,,60.800000000000004,17.0,3.0,0.19999999999999998,2.2,1.4,1.1,5.1,5.9,,,,,2.0
626301,2,2306,35,6.88,2306.0,0.05,,,54.1,20.0,1.0,1.0,2.0680832610581095,0.8,0.6732870771899393,3.5094535993061577,5.674934952298352,,,,,1.7612315698178664
623825,1,690,23,6.67,690.0,0.39,,,40.8,10.0,1.0,1.0,2.7,1.6,1.2,5.5,5.7,,,,,1.7
1121427,1,998,17,,998.0,,,,,9.0,,,,,,,,,,,,
375856,1,2210,27,7.07,2210.0,0.04,,,61.9,8.0,1.0,0.3,1.6,0.9,4.5,7.7,4.0,,,,,1.4
425780,1,2601,33,6.99,2601.0,0.24,,,25.4,39.0,10.0,0.8,2.1,0.6,0.9,3.7,3.6,,,,,1.3
414956,2,1734,27,7.132629757785467,1734.0,,,,38.561130334486734,19.0,2.0,0.7420991926182238,2.573702422145329,1.3831603229527103,1.8589388696655134,5.957900807381776,4.391580161476356,,,,,1.1999999999999997
469685,1,2960,33,7.17,2960.0,0.09,,,25.8,51.0,12.0,0.5,2.0,0.6,2.5,5.4,5.2,,,,,0.7
149829,2,1779,26,7.66345699831366,1779.0,0.44,,,37.83440134907251,61.0,12.0,1.1612141652613825,1.3999999999999997,0.7922428330522766,1.0,3.052613827993255,4.784485666104552,,,,,1.354300168634064
1061656,1,1522,21,7.27,1522.0,0.18,,,26.0,34.0,8.0,2.1,0.8,0.4,0.4,1.7,3.7,,,,,0.4
341300,1,2781,33,6.990000000000001,2781.0,0.1,,,27.6,52.0,6.0,1.2,0.9,0.3,0.6,2.0,3.9,,,,,1.1
376452,2,2546,32,6.7778083267871185,2546.0,0.04,,,31.04972505891595,12.0,4.0,0.2,0.9634721131186175,0.6,2.0196386488609583,3.9100549882168107,2.0853888452474467,,,,,1.685388845247447
1082114,2,3465,40,6.96012987012987,3465.0,0.09,,,22.288311688311687,18.0,5.0,0.2,1.8376623376623376,1.3896103896103895,3.3896103896103895,7.068831168831169,3.7623376623376625,,,,,1.1792207792207792
1134201,1,289,14,,289.0,,,,,6.0,1.0,,,,,,,,,,,
1156640,1,2615,34,6.740000000000001,2615.0,0.28,,,13.3,22.0,6.0,0.6,0.9,0.3,0.6,1.9,2.8,,,,,1.5
400831,1,341,9,,341.0,,,,,3.0,1.0,,,,,,,,,,,
927306,2,871,20,7.33,871.0,,,,25.9,14.0,3.0,0.6,,,,,4.5,,,,,1.3
160482,1,1350,15,,1350.0,,,,,,,,,,,,,8.0,,,,
227035,2,2895,34,7.590732297063902,2895.0,0.07,,,48.06310880829015,43.0,5.0,0.6412780656303972,2.266977547495682,1.650466321243523,1.5009326424870468,5.634887737478411,6.0330224525043175,,,,,1.5009326424870468
464332,2,2667,34,7.075155605549307,2667.0,0.30636670416197975,,,17.951556055493064,36.0,6.0,0.9453318335208098,1.3121109861267342,0.8363329583802025,1.0394450693663293,3.187889013873266,3.869891263592051,,,,,0.8878890138732658
833313,2,2250,25,6.804000000000001,2250.0,,,,21.296,,,0.0,0.0,,0.464,0.464,8.404,7.0,2.424,70.292,1.048,
530038,2,2781,39,7.230391945343401,2781.0,0.29207838906868033,,,19.393527508090614,74.0,11.0,1.5103919453434016,1.2896080546565984,0.33117583603020495,0.3,1.9311758360302052,4.690974469615247,,,,,1.4207838906868033
410185,1,24,1,,24.0,,,,,2.0,,,,,,,,,,,,
320859,1,1395,20,6.61,1395.0,0.060000000000000005,,,31.8,7.0,,0.1,1.0,1.7,2.1,5.2,3.3,,,,,1.0
724273,1,1298,21,6.99,1298.0,0.21,,,23.3,26.0,8.0,1.2,1.7,0.2,1.0,3.0,3.9,,,,,1.8
