player_id,transfer_date,from_club_name,origin_competition_id,pre_fotmob_seasons_used,pre_fotmob_total_minutes,pre_fotmob_total_matches,pre_fotmob_rating,pre_fotmob_mins_played,pre_fotmob_goals_per_90,pre_fotmob_expected_goals_per_90,pre_fotmob_expected_assists_per_90,pre_fotmob_accurate_pass,pre_fotmob_total_att_assist,pre_fotmob_big_chance_created,pre_fotmob_won_contest,pre_fotmob_total_tackle,pre_fotmob_interception,pre_fotmob_effective_clearance,pre_fotmob_defensive_contributions,pre_fotmob_ball_recovery,pre_fotmob_clean_sheet,pre_fotmob_saves,pre_fotmob__save_percentage,pre_fotmob_goals_conceded,pre_fotmob_fouls
167850,2017-01-20,Man Utd,GB1,1,20,4,,20.0,,,,,,,,,,,,,,,,,
37647,2017-01-30,West Ham United,GB1,1,1513,18,,1513.0,,,,,74.0,5.0,,,,,,,,,,,
36827,2017-02-01,Chelsea FC,GB1,1,584,13,,584.0,,,,,3.0,,,,,,,,,,,,
129476,2017-07-01,Everton,GB1,1,457,11,,457.0,,,,,10.0,,,,,,,,,,,,
130164,2017-07-01,Sunderland,GB1,1,2610,29,7.08,2610.0,,,,15.2,4.0,2.0,,,0.1,1.2,1.3,12.2,4.0,4.7,73.0,1.7,
177907,2017-07-01,Hull City,GB1,1,2307,29,7.3500000000000005,2307.0,0.08,,,35.1,11.0,1.0,1.1,2.1,2.5,5.5,11.1,5.8,,,,,0.9000000000000001
3547,2017-07-01,West Bromwich Albion,GB1,1,3235,38,6.82,3235.0,0.06,,,26.1,24.0,3.0,0.8,1.2,1.2,1.0,3.4,5.8,,,,,0.6
3875,2017-07-01,Sunderland AFC,GB1,1,3322,37,6.78,3322.0,0.41,,,9.8,20.0,,0.6999999999999998,0.5,0.10000000000000002,0.10000000000000002,0.6999999999999998,2.0,,,,,0.6999999999999998
20007,2017-07-01,Manchester City,GB1,1,1059,20,,1059.0,0.08,,,40.4,11.0,,0.7,3.5,2.0,3.3,8.8,4.6,,,,,1.2
42234,2017-07-01,West Ham United,GB1,1,956,16,,956.0,,,,,4.0,1.0,,,,,,,,,,,
95755,2017-07-01,Middlesbrough FC,GB1,1,438,13,,438.0,,,,,7.0,3.0,,,,,,,,,,,
53360,2017-07-02,Southampton,GB1,1,881,24,6.65,881.0,0.51,,,16.0,7.0,,0.6,0.6,0.2,1.5,2.5,2.5,,,,,1.5
118534,2017-07-03,Burnley,GB1,1,3150,35,7.07,3150.0,0.06,,,23.4,8.0,1.0,0.1,0.8,1.8,7.1,10.9,4.3,,,,,0.4
64598,2017-07-07,Middlesbrough,GB1,1,975,11,,975.0,,,,,,,,,,,,,,,,,
3332,2017-07-09,Manchester United,GB1,1,1539,25,7.01,1539.0,0.29,,,38.4,36.0,5.0,0.8,1.2,1.0,0.6,3.0,5.0,,,,,1.3
96341,2017-07-10,Everton,GB1,1,3267,37,7.37,3267.0,0.6900000000000001,,,17.4,47.0,8.0,1.7,0.20000000000000004,,0.6999999999999998,1.1,2.3,,,,,0.9
7449,2017-07-11,Manchester City,GB1,1,2125,25,7.34,2125.0,0.04,,,52.5,16.0,1.0,0.4,1.9,2.2,3.4,7.6,5.6,,,,,0.5
40613,2017-07-11,Swansea,GB1,1,2233,30,6.85,2233.0,,,,43.3,14.0,1.0,0.9,2.4,2.3,1.9,6.9,7.2,,,,,1.0
21327,2017-07-11,Leicester,GB1,1,753,9,,753.0,,,,,,,,,,,,,1.0,,,,
128900,2017-07-13,Chelsea FC,GB1,1,159,10,,159.0,,,,,4.0,1.0,,,,,,,,,,,
95424,2017-07-14,Tottenham,GB1,1,2704,33,7.570000000000001,2704.0,,,,38.9,39.0,4.0,1.2,2.4,1.3,2.7,6.599999999999999,5.3,,,,,1.2
70934,2017-07-16,Manchester City,GB1,1,778,19,,778.0,0.46,,,37.0,13.0,2.0,1.2,1.7,0.6999999999999998,0.5,2.9,4.6,,,,,2.1
91251,2017-07-17,Southampton FC,GB1,1,591,9,,591.0,,,,,5.0,,,,,,,,,,,,
41414,2017-07-18,Liverpool FC,GB1,1,1105,24,,1105.0,,,,60.4,6.0,1.0,0.2,3.0,2.9,4.6,10.8,5.9,,,,,1.5
234803,2017-07-21,Hull City,GB1,1,2736,33,7.01,2736.0,0.03,,,30.8,19.0,1.0,0.9,1.8,1.8,2.4,6.4,6.0,,,,,0.6
59323,2017-07-21,Middlesbrough,GB1,1,1361,23,6.64,1361.0,0.26,,,17.2,7.0,1.0,0.7999999999999999,2.3,0.7,0.9,4.0,4.8,,,,,1.4
41384,2017-07-22,Stoke City,GB1,1,2724,32,7.169999999999999,2724.0,0.20000000000000004,,,21.4,51.0,8.0,2.0,1.1,0.8000000000000002,0.7,2.6,5.1,,,,,1.4
46156,2017-07-22,Manchester City,GB1,1,2533,29,7.590000000000001,2533.0,0.04,,,55.8,15.0,1.0,0.8,1.6,1.6,5.4,9.0,5.9,,,,,1.2
15773,2017-07-25,Stoke City,GB1,1,1170,15,,1170.0,,,,,9.0,2.0,,,,,,,,,,,
74683,2017-07-31,Chelsea,GB1,1,2697,35,7.420000000000001,2697.0,0.03,,,54.6,26.0,4.0,1.0,1.7,1.7,1.5,5.2,8.0,,,,,1.1
15956,2017-08-01,Man City,GB1,1,1058,24,,1058.0,,,,41.4,20.0,3.0,1.3,1.6,1.9,1.1,4.7,5.1,,,,,0.5
295330,2017-08-03,Man City,GB1,2,1351,41,6.31,1351.0,0.4665284974093264,,,22.782309400444117,24.0,7.0,1.4,1.0,0.3,0.3219837157660992,1.6879348630643969,3.509918578830496,,,,,1.7049592894152477
123742,2017-08-04,Middlesbrough FC,GB1,1,1549,24,6.98,1549.0,0.12,,,27.5,31.0,2.0,2.8,2.7,0.9000000000000001,0.6,4.3,8.0,,,,,2.1
51174,2017-08-04,Man City,GB1,1,560,15,,560.0,,,,,3.0,,,,,,,,,,,,
120565,2017-08-09,Burnley,GB1,2,3763,63,6.3748312516609085,3763.0,0.33614669146957216,,,11.514376826999737,38.0,5.0,0.5819558862609621,0.28073345734786076,0.2,0.0795110284347595,0.5602444857826202,1.9000000000000001,,,,,0.7
133179,2017-08-10,Middlesbrough,GB1,1,2777,33,6.81,2777.0,0.13,,,33.9,11.0,1.0,0.19999999999999998,2.4,1.4,2.0,6.1000000000000005,5.7,,,,,2.1
57162,2017-08-14,West Ham,GB1,1,1038,21,,1038.0,0.26,,,23.4,19.0,2.0,1.5,1.6,1.2,0.7,3.6,5.4,,,,,1.0
3291,2017-08-15,Everton FC,GB1,2,4039,58,6.810802178757117,4039.0,0.07091606833374597,,,40.10688289180491,45.0,3.0,0.5,2.3320623916811094,1.1183213666749194,1.9183213666749195,6.077865808368408,7.056870512503095,,,,,1.6660311958405547
90466,2017-08-16,Swansea,GB1,2,5590,65,7.211023255813954,5590.0,0.20762790697674421,,,21.33581395348837,118.0,21.0,0.8595348837209302,1.3213953488372094,1.1023255813953488,0.8427906976744186,3.4069767441860463,3.9069767441860463,,,,,0.6213953488372094
21905,2017-08-16,Watford FC,GB1,1,2036,27,6.82,2036.0,,,,25.9,5.0,1.0,0.3,3.2,1.5,0.8,6.0,5.3,,,,,1.3
149498,2017-08-18,Arsenal,GB1,1,1516,19,7.1499999999999995,1516.0,,,,45.1,4.0,,0.5,1.5,1.8,5.0,8.8,6.2,,,,,1.2
122223,2017-08-23,Hull City,GB1,2,5230,66,6.830397705544934,5230.0,0.09952198852772466,,,33.38883365200765,30.0,3.0,0.565736137667304,2.1705162523900574,1.4219120458891015,1.5438240917782025,5.375296367112811,5.165736137667305,,,,,0.5219120458891013
44792,2017-08-30,Arsenal FC,GB1,2,3532,44,6.570000000000001,3532.0,,,,24.2,32.0,3.0,0.8,1.3,1.5,2.6,5.8,5.4,,,,,0.7
35564,2017-08-31,Swansea City,GB1,2,2678,49,6.930000000000001,2678.0,0.55,,,21.9,30.0,2.0,0.3,0.7,0.1,1.3,2.2,2.7,,,,,1.9
73491,2017-08-31,Leicester City,GB1,2,2989,41,7.280000000000001,2989.0,0.04,,,49.3,20.0,1.0,0.8,3.1,1.4,1.9000000000000001,6.8,9.7,,,,,1.7
143424,2017-08-31,Arsenal,GB1,2,3288,64,7.033254257907543,3288.0,0.14099756690997567,,,36.280048661800485,71.0,14.0,3.2375304136253042,1.9950121654501218,1.067457420924574,0.985036496350365,4.1475060827250605,5.8524939172749395,,,,,1.2800486618004867
139208,2018-01-01,Southampton,GB1,1,1854,21,7.55,1854.0,0.05,,,40.0,6.0,1.0,0.4,1.9,2.6,6.2,11.5,5.3,,,,,0.9
44779,2018-01-01,Chelsea FC,GB1,1,3089,35,7.34,3089.0,0.58,,,22.7,42.0,5.0,1.6,0.5,0.2,1.1,1.9,2.7,,,,,1.3
131978,2018-01-05,Everton,GB1,1,2905,36,7.29,2905.0,0.15,,,42.2,84.0,9.0,1.9,0.9,0.3,1.1,2.5,5.0,,,,,1.5
80444,2018-01-08,Liverpool,GB1,2,3359,45,7.640000000000001,3359.0,0.52,,,47.1,105.0,14.0,2.8,1.4,0.7,0.2,2.3,5.2,,,,,0.7
74869,2018-01-11,Arsenal,GB1,2,1941,36,7.13,1941.0,,,,52.2,16.0,1.0,0.9,3.6,2.6,1.6,8.2,6.8,,,,,1.7
33713,2018-01-17,Arsenal FC,GB1,1,1925,28,7.28,1925.0,0.47,,,18.9,13.0,3.0,1.9,1.7,0.6,0.6,2.9,4.2,,,,,0.7
121257,2018-01-18,Middlesbrough FC,GB1,1,2700,34,6.84,2700.0,,,,39.8,28.0,3.0,0.7,2.1,1.2,0.7,4.1,5.9,,,,,1.1
40433,2018-01-22,Arsenal,GB1,1,3223,38,7.83,3223.0,0.6700000000000002,,,33.8,78.0,10.0,3.0,1.5,0.7,0.1,2.3,3.6000000000000005,,,,,1.4
55735,2018-01-22,Man Utd,GB1,1,1349,24,7.040000000000001,1349.0,0.27,,,43.4,29.0,6.0,1.9,1.5,1.5,0.8,3.8,6.6,,,,,1.3
14221,2018-01-23,Everton FC,GB1,1,509,11,,509.0,,,,,6.0,1.0,,,,,,,,,,,
120610,2018-01-29,West Ham United,GB1,2,475,18,,475.0,,,,,2.0,,,,,,,,,,,,
45403,2018-01-31,West Ham,GB1,1,1440,25,6.84,1440.0,0.38,,,21.3,15.0,3.0,0.8,1.1,0.6,0.6,2.3,3.3,,,,,0.9
82442,2018-01-31,Arsenal,GB1,1,1194,29,6.93,1194.0,0.9000000000000001,,,19.9,17.0,2.0,0.2,1.1,0.6,1.3,3.2,2.6,,,,,1.6
81796,2018-07-01,Swansea,GB1,2,3156,48,6.634467680608364,3156.0,0.1,,,38.458460076045625,31.0,2.0,0.38155893536121666,1.4038973384030418,1.5,1.1223384030418253,4.207794676806083,5.293250950570342,,,,,0.826235741444867
119296,2018-07-01,Liverpool,GB1,2,4462,58,7.385307037203048,4462.0,0.16184222321828778,,,53.887270282384584,58.0,7.0,0.8938592559390408,2.687718511878081,1.2,1.6653518601523978,5.65307037203048,7.550874047512326,,,,,1.996055580457194
55291,2018-07-01,Burnley,GB1,2,3439,49,6.74,3439.0,0.04,,,18.3,41.0,1.0,0.6,1.5,1.4,1.2,4.4,5.8,,,,,1.6
42412,2018-07-01,West Brom,GB1,2,4911,59,6.918411728772144,4911.0,0.07462838525758501,,,27.929057218489106,16.0,1.0,0.6148645896965995,1.2611484422724497,2.222296884544899,4.8925677051517,9.08344532681735,6.298309916513948,,,,,1.0537161474241499
29692,2018-07-01,Swansea,GB1,2,6750,75,6.607600000000001,6750.0,,,,15.254666666666667,1.0,,,0.1,0.0,0.6013333333333334,0.6506666666666666,9.254666666666667,17.0,3.4026666666666667,67.004,1.6973333333333334,0.0
36139,2018-07-03,Southampton,GB1,2,5236,69,6.788766233766233,5236.0,0.15293353705118412,,,28.731321619556915,125.0,14.0,1.475668449197861,1.129335370511841,0.6,0.5073338426279603,2.2830022918258215,4.222001527883881,,,,,1.3146676852559207
13572,2018-07-05,West Bromwich Albion,GB1,2,6750,75,6.5545333333333335,6750.0,,,,12.589333333333334,4.0,,0.04933333333333333,0.0,0.0,0.5506666666666666,0.5506666666666666,9.001333333333333,16.0,2.9026666666666667,67.03333333333333,1.3986666666666667,0.0
74223,2018-07-09,Arsenal FC,GB1,2,3136,49,7.035934311224491,3136.0,0.08,,,45.62853954081633,49.0,8.0,2.9649553571428573,1.1621492346938775,0.6,0.46214923469387753,2.4864477040816326,7.016358418367346,,,,,1.0378507653061224
171424,2018-07-10,Leicester,GB1,2,5795,72,7.156402070750647,5795.0,0.2768334771354616,,,28.600690250215703,109.0,22.0,2.5,1.1510785159620363,0.695685936151855,0.34892148403796375,2.2446074201898187,5.69137187230371,,,,,0.7489214840379638
338424,2018-07-12,Newcastle,GB1,1,1343,24,6.78,1343.0,0.07,,,43.2,16.0,1.0,1.9,3.8,2.3,1.5,8.1,9.3,,,,,2.0
86792,2018-07-13,Stoke City,GB1,2,4756,57,7.003069806560134,4756.0,0.22923254835996637,,,24.979457527333892,118.0,19.0,1.4871320437342304,0.6641084945332212,0.5,0.1,1.3282169890664424,4.679457527333894,,,,,0.8
12282,2018-07-17,Man Utd,GB1,2,2190,30,7.53,2190.0,0.05,,,43.9,31.0,4.0,0.3,2.2,2.2,5.3,10.1,5.9,,,,,0.7
203348,2018-07-23,Newcastle,GB1,1,672,9,,672.0,,,,,4.0,1.0,,,,,,,,,,,
378710,2018-07-24,Watford,GB1,1,2827,38,6.66,2827.0,0.16,,,16.4,26.0,6.0,1.5,2.0,0.7999999999999999,0.9,3.9,4.4,,,,,1.2
182932,2018-07-27,Everton,GB1,1,250,7,,250.0,,,,,2.0,,,,,,,,,,,,
287431,2018-08-02,Swansea City,GB1,2,4550,53,6.670000000000001,4550.0,0.05,,,37.2,7.0,1.0,0.6,0.8,0.9,5.8,8.4,5.8,,,,,0.5
66934,2018-08-02,West Ham,GB1,2,4698,64,6.591166453810133,4698.0,0.06,,,25.641975308641975,30.0,,0.6000000000000001,2.5018944231587903,0.9192422307364837,1.5596211153682418,5.321136653895275,5.757726692209451,,,,,1.4807577692635165
85475,2018-08-09,Swansea City,GB1,2,4159,49,6.5558595816302,4159.0,0.030000000000000002,,,32.003390238037994,11.0,2.0,0.0,1.1930993027169994,1.3712671315220006,6.521832171194999,9.914931473911997,4.442534263044001,,,,,0.8930993027169992
108390,2018-08-09,Chelsea,GB1,1,3150,35,6.45,3150.0,,,,19.8,,,,,,0.5,0.5,8.6,15.0,2.2,69.1,1.0,0.1
26669,2018-08-17,Liverpool FC,GB1,1,1449,19,,1449.0,0.06,,,67.5,4.0,,0.2,0.9000000000000001,0.9000000000000001,5.1,7.200000000000001,6.0,,,,,0.4
45660,2018-08-31,Stoke City,GB1,1,2247,30,6.77,2247.0,0.2,,,18.7,20.0,5.0,2.4,1.7,0.9,1.0,3.6999999999999997,5.3,,,,,0.8
258889,2019-01-04,Liverpool,GB1,1,583,21,,583.0,0.15,,,22.8,15.0,4.0,1.4,1.1,0.3,1.1,2.6,3.1,,,,,2.0
65467,2019-01-07,Leicester,GB1,2,1641,27,,1641.0,0.19,,,44.4,9.0,,0.7,1.5,1.2,3.1,6.5,8.1,,,,,1.2
112343,2019-01-11,Southampton FC,GB1,2,1544,40,6.09,1544.0,0.42,,,13.2,12.0,,0.5,0.3,0.3,0.5,1.1,1.8,,,,,1.2
8806,2019-01-11,Chelsea FC,GB1,2,2483,38,7.32,2483.0,0.08,,,71.2,93.0,8.0,0.7,2.7,0.9000000000000001,0.9000000000000001,4.6,6.7,,,,,1.0
73185,2019-07-01,West Ham,GB1,1,466,15,,466.0,,,,,8.0,1.0,,,,,,,,,,,
50057,2019-07-01,Arsenal FC,GB1,2,3173,52,7.093252442483454,3173.0,0.310724866057359,,,47.82880554680113,53.0,11.0,1.1490702804916484,1.9509297195083515,0.9490702804916482,0.2581783800819414,3.2581783800819415,6.116356760163883,,,,,1.4
50202,2019-07-01,Chelsea FC,GB1,2,5357,71,7.929999999999999,5357.0,0.46730072801941386,,,44.975471345902555,182.0,27.0,5.062572335262273,0.30920291207765543,0.2638043681164831,0.1,0.6822101922717939,3.4723912637670336,,,,,0.4453985439611723
16135,2019-07-01,Fulham FC,GB1,1,1260,16,,1260.0,,,,,23.0,4.0,,,,,,,,,,,
9594,2019-07-01,Manchester City,GB1,2,2619,34,,2619.0,,,,,5.0,1.0,,,,,,,,,,,
250478,2019-07-01,Southampton,GB1,2,1354,18,,1354.0,,,,,25.0,5.0,,,,,,,,,,,
477758,2019-07-01,Crystal Palace,GB1,2,3763,42,7.25,3763.0,,,,24.4,17.0,4.0,1.8,3.7,2.4,3.7,10.3,5.9,,,,,0.7
93922,2019-07-03,Huddersfield Town,GB1,1,2052,28,6.1,2052.0,,,,23.4,11.0,,0.5,1.5,1.8,1.6,5.2,6.0,,,,,0.6
246968,2019-07-04,Newcastle,GB1,2,5421,73,6.628594355285003,5421.0,0.333194982475558,,,18.338018815716655,81.0,12.0,1.3079874561888951,1.6159749123777902,1.11597491237779,0.8999999999999999,3.6859435528500275,4.877956096661133,,,,,1.3539937280944476
99343,2019-07-04,Man Utd,GB1,2,2664,48,6.8591891891891885,2664.0,0.13,,,59.92432432432433,26.0,5.0,0.7527027027027027,3.7364864864864864,2.4000000000000004,1.3472972972972972,7.931081081081081,7.347297297297296,,,,,1.631081081081081
81999,2019-07-15,Newcastle,GB1,2,2303,46,6.49,2303.0,0.21000000000000002,,,19.5,18.0,2.0,0.4000000000000001,1.2,0.6,1.8,3.7000000000000006,2.7999999999999994,,,,,1.6000000000000003
50362,2019-07-15,Manchester City,GB1,2,2471,33,7.400000000000001,2471.0,0.05000000000000001,,,77.40000000000002,14.0,2.0,1.5,2.4,1.5,1.8,5.7,7.7,,,,,0.8000000000000002
95810,2019-07-17,Tottenham,GB1,2,4191,51,7.149339059890241,4191.0,0.04,,,48.2825817227392,90.0,15.0,0.43693629205440226,2.5087091386303983,0.9000000000000001,2.2630637079455975,6.017418277260797,6.736936292054402,,,,,0.8
60990,2019-07-18,Cardiff City,GB1,1,3375,38,6.4,3375.0,,,,16.6,6.0,,0.3,1.8,2.2,4.6,9.3,7.1,,,,,0.4
291422,2019-07-21,Bournemouth,GB1,2,935,47,,935.0,0.2912834224598931,,,18.20802139037433,8.0,2.0,2.725133689839572,1.1754010695187165,0.42513368983957217,0.9379679144385027,2.688770053475936,3.363101604278075,,,,,1.737433155080214
90583,2019-07-23,Huddersfield,GB1,2,2870,56,6.18,2870.0,0.3,,,13.737003484320557,23.0,1.0,0.525993031358885,0.625993031358885,0.38898954703832755,1.329965156794425,2.4709407665505227,2.9409756097560975,,,,,1.4740069686411148
101213,2019-07-24,West Ham,GB1,2,2682,45,6.582192393736017,2682.0,0.12,,,34.849440715883674,12.0,3.0,1.0659209545115584,3.1835197613721107,1.2329604772557792,1.1417598806860552,6.374720357941834,6.598881431767337,,,,,1.349440715883669
406040,2019-07-25,Everton,GB1,2,754,28,,754.0,,,,32.0,12.0,4.0,3.4,2.2,1.0,0.3,3.5999999999999996,6.1,,,,,1.2
320411,2019-07-29,Huddersfield,GB1,2,2950,43,6.94,2950.0,0.08,,,34.7,23.0,2.0,0.8,3.0,2.2,1.6,7.5,7.2,,,,,1.5
126665,2019-07-30,Everton,GB1,2,5582,66,7.090730920816911,5582.0,0.07,,,45.020709423145824,34.0,1.0,0.6506091006807595,4.154263704765317,2.2024364027230385,1.4,8.056700107488355,8.742081691150126,,,,,1.6506091006807597
34130,2019-08-01,Burnley,GB1,2,3505,39,6.268302425106991,3505.0,,,,13.456062767475036,2.0,,0.1,0.2,,0.6487874465049929,0.7512125534950072,8.14151212553495,8.0,3.351212553495007,67.95149786019971,1.6048502139800285,0.1
177907,2019-08-05,Leicester,GB1,2,6019,69,7.078635986044193,6019.0,0.060225951154676854,,,54.98192390762584,28.0,3.0,0.3727197208838677,1.0431799302209668,1.6409204186741986,4.618159162651603,7.859079581325802,6.459079581325801,,,,,0.8136401395580661
76277,2019-08-06,Arsenal FC,GB1,1,1330,17,,1330.0,,,,,2.0,,,,,,,,,,,,
67063,2019-08-07,Arsenal,GB1,2,962,26,,962.0,,,,,8.0,,,,,,,,,,,,
145707,2019-08-07,Man City,GB1,1,806,11,,806.0,,,,,4.0,,,,,,,,,,,,
392775,2019-08-08,Fulham,GB1,2,2636,41,6.33,2636.0,0.08,,,19.8,35.0,6.0,1.3,0.8999999999999999,0.7,1.5,3.2,5.4,,,,,0.8
96341,2019-08-08,Man Utd,GB1,1,2130,32,6.71,2130.0,0.51,,,15.0,21.0,3.0,0.9,0.3,0.1,0.8,1.3,1.3,,,,,0.8
242631,2019-08-08,Arsenal,GB1,2,3573,60,6.524153372516094,3573.0,0.10415337251609293,,,29.856870976770217,64.0,12.0,1.9655751469353484,1.3448082843548839,0.6344248530646516,0.5448082843548838,2.568849706129303,4.727315980968373,,,,,0.5344248530646516
48066,2019-08-08,West Ham United,GB1,2,1073,31,,1073.0,,,0.0,18.5,16.0,2.0,0.9,0.7,0.3,3.5,4.7,2.2,,,,,2.5
46741,2019-08-09,Chelsea FC,GB1,2,6050,69,6.7598082644628095,6050.0,0.07070743801652891,,,57.084115702479345,24.0,13.0,0.25353719008264464,1.0070743801652893,1.0,4.0,6.832314049586777,4.9030578512396685,,,,,0.9464628099173554
2865,2019-08-19,Arsenal FC,GB1,1,931,14,,931.0,,,,,3.0,,,,,,,,,,,,
47082,2019-08-21,Liverpool FC,GB1,1,499,18,,499.0,,,,,8.0,1.0,,,,,,,,,,,
35564,2019-09-02,Tottenham Hotspur,GB1,1,684,20,,684.0,0.13,,,19.5,14.0,2.0,0.7,0.5,0.1,1.3,2.2,1.8,,,,,1.6
77974,2019-09-02,Fulham FC,GB1,1,468,16,,468.0,,,,,9.0,1.0,,,,,,,,,,,
149716,2020-01-07,Wolves,GB1,1,683,23,,683.0,0.39999999999999997,,,29.3,19.0,2.0,2.0,0.7,0.5,0.5,1.7,4.1,,,,,1.7
14086,2020-01-17,Man Utd,GB1,2,3523,42,6.869999999999999,3523.0,0.07,,,37.4,58.0,8.0,0.6,1.7999999999999998,1.8999999999999997,2.0,6.1,5.8,,,,,1.3
186186,2020-01-24,Cardiff,GB1,1,1422,27,6.43,1422.0,0.32,,,14.1,16.0,1.0,1.0,1.0,0.2,0.8,2.0,3.9,,,,,0.3
69633,2020-01-28,Tottenham,GB1,2,3861,55,7.07979797979798,3861.0,0.2345920745920746,,,48.001372701372695,97.0,13.0,0.6,1.3846930846930847,0.6411551411551412,0.48231028231028233,2.57992747992748,6.297617197617197,,,,,0.6282310282310282
56818,2020-07-01,Everton,GB1,2,1839,29,,1839.0,,,,,12.0,1.0,,,,,,,,,,,
112988,2020-07-01,Southampton,GB1,2,3053,39,6.700000000000001,3053.0,0.06,,,24.199999999999996,24.0,2.0,0.3,3.1000000000000005,1.3,2.6,7.200000000000001,4.0,,,,,0.9000000000000001
43530,2020-07-27,Liverpool,GB1,2,839,28,,839.0,,,,,13.0,1.0,,,,,,,,,,,
37838,2020-08-01,Liverpool,GB1,1,777,10,,777.0,,,,,1.0,1.0,,,,,,,,,,,
177476,2020-08-05,Bournemouth,GB1,2,3302,39,6.52,3302.0,0.07,,,38.1,8.0,2.0,0.1,1.1,1.3,5.3,8.7,5.0,,,,,0.3
167799,2020-08-11,Southampton,GB1,2,6170,71,7.0309724473257695,6170.0,0.05,0.03,0.04,56.46645056726094,46.0,4.0,0.9119935170178282,2.6,1.3891410048622366,1.6554294975688817,5.844570502431118,9.092544570502431,,,,,1.666288492706645
195906,2020-08-13,West Ham,GB1,1,132,9,,132.0,,,,,2.0,,,,,,,,,,,,
52769,2020-08-14,Chelsea,GB1,2,4007,61,7.38069378587472,4007.0,0.22227851260294484,0.12,0.15,40.01225355627652,108.0,17.0,1.7087596705764914,1.3192912403294237,0.6298228100823559,0.2701771899176441,2.2192912403294236,5.20698777140005,,,,,0.49473421512353377
43250,2020-08-14,Tottenham,GB1,1,1646,23,6.96,1646.0,0.05000000000000001,,,49.9,3.0,2.0,0.3,2.2,1.8,3.6,8.1,5.900000000000001,,,,,0.4000000000000001
35518,2020-08-17,Manchester City,GB1,1,1832,27,7.51,1832.0,0.29,,,65.0,49.0,11.0,1.6,1.3,0.6,0.2,2.3,4.2,,,,,1.0
427568,2020-08-19,Bournemouth,GB1,2,6750,75,6.4444,6750.0,,,0.0,12.438666666666666,4.0,1.0,0.1,0.04933333333333333,0.1,0.9986666666666667,1.0986666666666667,8.904,10.0,3.7026666666666666,68.76666666666667,1.7,0.0
148262,2020-08-24,Burnley,GB1,2,3358,46,6.453984514592018,3358.0,0.10696247766527696,0.07,0.04,22.592495533055388,20.0,3.0,0.8303752233472306,0.6727814175104229,1.0272185824895772,0.7424061941631924,2.9272185824895773,4.703156640857654,,,,,0.8424061941631924
68645,2020-08-25,Brighton,GB1,1,1900,27,6.46,1900.0,,,,36.4,21.0,3.0,0.5,2.7,1.1,1.5,5.5,4.1,,,,,1.3
316125,2020-08-26,Leicester,GB1,2,4665,54,7.083086816720258,4665.0,0.11490889603429795,0.1,0.04908896034297964,48.26548767416934,64.0,7.0,0.6509110396570204,1.6490889603429797,1.0018220793140407,1.9018220793140408,4.803644158628082,5.461843515541265,,,,,1.0018220793140407
171679,2020-08-30,Wolves,GB1,2,4078,53,7.02,4078.0,0.13,,,35.0,32.0,3.0,0.9,1.7,1.3,1.5,4.6,5.1,,,,,0.9
40423,2020-08-30,Man City,GB1,1,346,4,,346.0,,,,,,,,,,,,,1.0,,,,
65278,2020-09-01,Chelsea,GB1,1,662,11,,662.0,,,,,17.0,1.0,,,,,,,,,,,
14221,2020-09-03,Burnley FC,GB1,1,486,16,,486.0,,,,,2.0,,,,,,,,,,,,
123682,2020-09-07,Bournemouth,GB1,1,2909,35,6.2,2909.0,0.25,,,10.2,28.0,4.0,0.7,0.4,0.1,0.5,1.1,2.2,,,,,1.7
146795,2020-09-07,Bournemouth,GB1,1,2063,28,6.6,2063.0,0.04,,,26.8,45.0,5.0,0.5,0.5,0.7,0.7,2.1,4.2,,,,,0.4
346018,2020-09-08,Norwich,GB1,1,2303,28,6.18,2303.0,0.04,,,32.2,15.0,1.0,1.3,2.0,1.0,2.1,5.6,5.5,,,,,0.6
127187,2020-09-08,Watford,GB1,1,3167,37,6.679999999999999,3167.0,0.11,,,37.4,38.0,6.0,1.1,1.8,0.9,0.9,3.7999999999999994,7.7,,,,,1.3999999999999997
183299,2020-09-09,Sheffield United,GB1,1,676,16,,676.0,,,,,4.0,1.0,,,,,,,,,,,
111873,2020-09-16,Arsenal,GB1,1,770,9,,770.0,,,,,,,,,,,,,3.0,,,,
49755,2020-09-24,Brighton & Hove Albion,GB1,1,2528,33,6.66,2528.0,,,,51.1,20.0,2.0,0.4,2.6,2.1,1.4,6.4,8.2,,,,,1.5
112302,2020-09-28,Watford,GB1,1,1653,28,6.25,1653.0,0.16,,,28.4,20.0,1.0,1.1,1.1,0.8,0.3,2.1,5.3,,,,,1.1
54781,2020-09-29,Man City,GB1,1,1711,24,6.71,1711.0,0.11,,,74.5,4.0,,0.20000000000000004,1.5,1.1,3.7999999999999994,6.900000000000001,4.4,,,,,1.1
232271,2020-10-05,Southampton,GB1,1,760,20,,760.0,,,,26.4,15.0,4.0,6.3,1.9,0.5,,2.4,5.3,,,,,3.0
343475,2020-10-05,Norwich,GB1,1,2646,30,6.08,2646.0,,,,49.6,3.0,,0.3,0.7,0.9,5.0,7.9,5.5,,,,,0.5
67063,2020-10-18,Watford,GB1,1,815,18,,815.0,,,,,3.0,,,,,,,,,,,,
63494,2021-01-04,Watford,GB1,1,2632,30,6.76,2632.0,,,,39.9,20.0,4.0,0.7999999999999999,2.6,2.3,1.9000000000000001,7.2,7.5,,,,,1.9000000000000001
181375,2021-01-08,West Ham,GB1,2,3198,48,6.56,3198.0,0.28,0.02,0.0,20.1,34.0,3.0,1.0,0.9,0.3,1.0,2.4,2.6,,,,,1.8
292417,2021-01-31,Leicester,GB1,2,625,22,,625.0,0.3,0.19,0.05,37.7,16.0,4.0,1.5,1.8000000000000003,0.7,0.4,3.0,5.2,,,,,0.3
88590,2021-02-01,Arsenal FC,GB1,2,1250,18,,1250.0,,,,,3.0,1.0,,,,,,,,,,,
91059,2021-02-01,Bournemouth,GB1,1,2019,26,6.53,2019.0,0.27,,,16.1,30.0,8.0,2.3,0.7,0.4,0.4,1.6,4.7,,,,,1.6
255916,2021-02-01,Newcastle,GB1,2,1373,22,,1373.0,,,,,10.0,,,,,,,,,,,,
49499,2021-07-01,Liverpool,GB1,2,5895,75,6.89500084817642,5895.0,0.09000508905852415,0.03999321458863443,0.029994910941475827,47.39960983884648,39.0,1.0,1.1500254452926209,0.9500424088210347,0.6499745547073791,0.7500424088210348,2.4500593723494486,5.8999830364715855,,,,,0.5
466794,2021-07-01,Man City,GB1,2,1170,19,,1170.0,,,,,3.0,,,,,,,,,,,,
156941,2021-07-05,Sheff Utd,GB1,2,4487,62,6.564325830176063,4487.0,0.18,0.08,0.07,36.3245821261422,41.0,9.0,0.7,1.4282817026966794,0.9282817026966792,1.3282817026966793,3.9207042567416983,5.8,,,,,1.045286382883887
285548,2021-07-09,West Ham,GB1,2,2374,31,,2374.0,,,,,1.0,1.0,,,,,,,,,,,
91059,2021-07-09,Everton,GB1,2,2157,37,6.53,2157.0,0.27,,,16.1,30.0,8.0,2.3,0.7,0.4,0.4,1.6,4.7,,,,,1.6
45026,2021-07-13,Wolves,GB1,2,6749,75,6.321348347903393,6749.0,,,0.0,11.402696695806785,,,,,0.05067417395169655,0.25067417395169656,0.25067417395169656,7.506741739516966,23.0,2.5479774781449107,67.872247740406,1.2479774781449104,
213268,2021-07-17,Brighton,GB1,2,831,31,,831.0,,0.27,0.4,31.0,14.0,8.0,1.9,1.5,1.4,0.2,3.1,4.3,,,,,1.2
82442,2021-07-17,Chelsea,GB1,2,1746,35,,1746.0,,,,,14.0,2.0,,,,,,,,,,,
61842,2021-07-20,Crystal Palace,GB1,2,3548,58,6.67108229988726,3548.0,0.05089909808342728,0.09,0.16,20.74532130777903,53.0,10.0,2.1269729425028183,2.8456877113866965,1.4456877113866966,0.46366967305524237,4.818714768883878,6.991009019165727,,,,,0.918348365276212
111630,2021-07-26,Tottenham,GB1,2,1915,48,6.431618798955613,1915.0,0.14264751958224545,0.14,0.11999999999999998,34.508772845953004,27.0,2.0,2.5676240208877283,1.9470496083550917,0.6735248041775458,0.47942558746736286,3.2632375979112274,5.352950391644908,,,,,2.530861618798956
52119,2021-07-28,Crystal Palace,GB1,2,4286,51,6.632323845076995,4286.0,0.10999999999999999,0.07,0.09,36.766658889407374,44.0,6.0,0.5585860942603826,1.6242417172188521,1.5585860942603826,1.6,5.141413905739617,6.548483434437704,,,,,0.42424171721885207
335721,2021-07-30,Brighton,GB1,1,3194,36,6.61,3194.0,,0.01,0.06,40.9,8.0,1.0,0.7,1.4,1.7,1.4,5.2,5.2,,,,,0.8
45333,2021-08-03,Crystal Palace,GB1,1,823,16,,823.0,,,,,5.0,,,,,,,,,,,,
134294,2021-08-04,Southampton,GB1,2,4089,59,6.85343604793348,4089.0,0.4154976766935682,0.345343604793348,0.04534360479334801,12.815284910736121,37.0,5.0,0.8740523355343605,0.9931279041330399,0.19312790413303985,0.84656395206652,2.132819760332599,2.62748838346784,,,,,0.7999999999999999
203460,2021-08-05,Aston Villa,GB1,2,4101,52,7.618580833942939,4101.0,0.19858083394294077,0.22739575713240673,0.24195318215069495,36.210021945866856,134.0,19.0,2.3260424286759327,1.066276517922458,0.4532553035844916,0.24674469641550845,1.8195318215069496,4.171616678858816,,,,,1.2260424286759326
99331,2021-08-13,Southampton,GB1,2,3139,40,6.87,3139.0,0.1,0.05,0.03,51.5,8.0,1.0,0.2,1.7,1.5,4.2,7.9,5.1,,,,,0.7
290951,2021-08-17,Fulham FC,GB1,1,310,11,,310.0,,,,,6.0,,,,,,,,,,,,
331726,2021-08-17,Chelsea,GB1,1,1034,22,6.74,1034.0,0.52,0.51,0.02,13.0,9.0,1.0,0.5,0.6,0.4,1.5,2.5,2.4,,,,,1.9
427568,2021-08-20,Sheff Utd,GB1,2,6480,72,6.565277777777778,6480.0,,,0.0,14.905555555555555,2.0,,0.05277777777777778,0.04722222222222222,0.1,0.9944444444444445,1.0944444444444446,9.058333333333334,17.0,3.286111111111111,69.90555555555555,1.4166666666666667,0.0
46001,2021-08-27,Tottenham,GB1,2,4798,61,6.808807836598583,4798.0,0.06,0.07041892455189662,0.05356606919549813,28.81267194664444,41.0,2.0,1.3356606919549812,1.4342642767819926,0.9643393080450187,1.5685285535639848,4.301396415172989,6.601396415172989,,,,,1.0986035848270113
319301,2021-08-31,Man Utd,GB1,2,3411,49,6.66,3411.0,0.14,0.23,0.06,12.1,37.0,7.0,0.8,0.9,0.3,0.4,1.7,3.1,,,,,1.1
398184,2022-01-01,Man City,GB1,2,1610,28,6.790000000000001,1610.0,0.48,0.33,0.11000000000000001,23.9,20.0,2.0,1.4,0.8,0.2,0.5,1.5,2.8,,,,,1.1
126664,2022-01-13,Everton,GB1,1,2682,30,7.06,2682.0,,0.02,0.14,33.0,46.0,11.0,0.6,2.1,1.0,2.4,5.7,4.7,,,,,1.1
108725,2022-01-13,Burnley,GB1,1,2750,33,6.64,2750.0,0.39,0.43,0.04,13.9,22.0,2.0,0.2,0.4,0.0,0.7,1.2,1.8,,,,,1.2
215118,2022-01-27,Arsenal,GB1,1,752,10,,752.0,,,,,11.0,1.0,,,,,,,,,,,
207929,2022-01-31,Tottenham,GB1,1,618,15,,618.0,,,,,9.0,2.0,,,,,,,,,,,
58864,2022-01-31,Arsenal,GB1,2,3376,43,6.91,3376.0,0.39,0.39,0.11,18.8,31.0,3.0,0.5,0.5,0.3,0.6,1.3,2.5,,,,,0.5
378710,2022-07-01,Everton,GB1,2,5393,64,6.994051548303356,5393.0,0.2855738920823289,0.32405154830335625,0.07,14.24542926015205,54.0,11.0,1.6658075282773968,1.5063230113109585,0.39999999999999997,1.1468384943445207,3.1999999999999997,4.631615056554792,,,,,1.140515483033562
192080,2022-07-01,Burnley,GB1,2,6120,68,6.865294117647059,6120.0,,,0.0,11.594117647058823,4.0,,,0.0,0.1,1.3,1.3,10.382352941176471,20.0,3.4941176470588236,73.6470588235294,1.2529411764705882,0.1
200512,2022-07-01,Liverpool,GB1,2,5634,69,7.435086971955982,5634.0,0.4301987930422435,0.5051366702165424,0.15496272630457936,25.450124245651402,102.0,20.0,2.048633297834576,1.2995030173943911,0.39975150869719556,0.3501242456514022,1.9992545260915866,3.5997515086971954,,,,,1.649875754348598
204198,2022-07-01,Wolves,GB1,2,5116,58,7.058209538702112,5116.0,0.08882720875684129,0.09941360437842064,0.014706802189210322,45.47021110242376,12.0,1.0,0.2470680218921032,1.3,1.9,4.576387802971071,8.429319781078968,5.247068021892103,,,,,1.0470680218921034
250478,2022-07-01,Aston Villa,GB1,2,6278,71,6.983728894552405,6278.0,0.03,0.019152596368270148,0.08915259636827015,31.496591271105448,78.0,8.0,0.3542370181586493,2.245762981841351,1.5,2.116948072634597,6.208474036317299,4.608474036317299,,,,,0.7457629818413507
258883,2022-07-01,Everton,GB1,2,1096,19,,1096.0,,,,,11.0,,,,,,,,,,,,
86202,2022-07-01,Chelsea,GB1,2,4745,53,7.2703582718651205,4745.0,0.07558482613277133,0.07,0.032792413066385674,67.54246575342465,15.0,1.0,0.2,1.4720758693361433,0.8360379346680716,2.636037934668072,5.4162276080084295,5.724341412012645,,,,,0.9279241306638567
93720,2022-07-01,Arsenal,GB1,2,3716,61,6.880000000000001,3716.0,0.4126130247578041,0.5014854682454253,0.1003713670613563,18.033423035522066,51.0,6.0,1.0,1.0888589881593111,0.4555705059203445,0.4555705059203445,2.003713670613563,2.703713670613563,,,,,1.6518568353067815
52570,2022-07-01,Southampton,GB1,2,2430,27,6.559999999999999,2430.0,,,0.0,15.3,,,,0.1,,1.8,1.9,7.2,5.0,3.6,66.0,1.8,
74683,2022-07-01,Man Utd,GB1,2,2483,43,6.95,2483.0,,0.014434152235199357,0.10330245670559807,66.03898509867096,21.0,6.0,1.2330245670559807,2.0,1.911316955296013,0.9782923882400322,5.333950865888039,8.720781312927908,,,,,1.4339508658880387
46001,2022-07-01,Watford,GB1,2,4798,61,6.808807836598583,4798.0,0.06,0.07041892455189662,0.05356606919549813,28.81267194664444,41.0,2.0,1.3356606919549812,1.4342642767819926,0.9643393080450187,1.5685285535639848,4.301396415172989,6.601396415172989,,,,,1.0986035848270113
410425,2022-07-01,Brighton,GB1,2,5227,62,7.171205280275492,5227.0,0.034048211211019704,0.039999999999999994,0.03595178878898029,43.571570690644734,24.0,3.0,1.459517887889803,3.080964224220394,1.9809642242203942,1.940482112110197,7.1428926726611826,7.3951788788980295,,,,,1.478553663669409
140191,2022-07-01,West Ham,GB1,2,870,21,,870.0,,,,,14.0,1.0,,,,,,,,,,,
165793,2022-07-01,Liverpool,GB1,2,1184,30,,1184.0,0.27,0.23,0.03,26.2,7.0,2.0,1.0,1.0,0.5,1.1,2.7,4.6,,,,,1.0
173504,2022-07-02,Burnley,GB1,2,6347,71,6.943009295730266,6347.0,0.03,0.08510477390893335,0.03510477390893336,24.010477390893335,22.0,1.0,0.2020954781786671,1.8489522609106663,1.2979045218213328,4.840570348195998,9.432188435481331,4.693713565463999,,,,,0.8489522609106664
196948,2022-07-04,Chelsea,GB1,2,2865,36,7.239999999999999,2865.0,,0.04,0.03,71.6,12.0,,0.2,0.8,1.6999999999999997,3.1000000000000005,6.0,6.6,,,,,0.7
351749,2022-07-04,Leeds,GB1,2,4024,49,7.0279274353876735,4024.0,0.04,0.027927435387673956,0.07829025844930418,43.9810884691849,44.0,6.0,0.5810884691848907,2.818911530815109,1.5810884691848908,1.4829025844930417,6.382902584493042,8.811655069582505,,,,,1.7792743538767397
363205,2022-07-04,Man City,GB1,2,3937,57,7.287874015748032,3937.0,0.38522987045974094,0.4229311658623317,0.1333909067818136,28.53563627127254,69.0,13.0,2.147701295402591,0.7954025908051816,0.7,0.2477012954025908,1.7431038862077726,3.704597409194818,,,,,1.2
148368,2022-07-05,Liverpool,GB1,2,308,16,,308.0,,,,,2.0,,,,,,,,,,,,
284165,2022-07-08,Tottenham,GB1,2,1761,46,6.65,1761.0,0.201175468483816,0.2655593412833617,0.10372515616127201,24.900567859170923,21.0,1.0,1.6000000000000003,0.9126064735945486,0.3375354911981829,0.6873935264054515,2.006303236797274,4.975354911981828,,,,,1.5
122153,2022-07-11,Man Utd,GB1,2,3250,46,7.139163076923077,3250.0,0.11083692307692308,0.15083076923076924,0.1258276923076923,50.91686153846153,50.0,10.0,2.308307692307692,1.3667076923076924,1.0750153846153847,1.508369230769231,3.9667692307692306,6.7916923076923075,,,,,2.191630769230769
469050,2022-07-12,Burnley,GB1,1,1669,19,7.11,1669.0,0.11,0.08,0.04,23.5,6.0,3.0,0.3,2.0,1.3000000000000003,4.4,9.0,6.9,,,,,1.1
411295,2022-07-13,Leeds,GB1,2,5285,65,7.362355723746453,5285.0,0.2908174077578051,0.269759697256386,0.2212980132450331,23.436537369914856,129.0,22.0,1.989422894985809,1.4658656575212867,0.9894228949858089,0.889422894985809,3.2894228949858086,4.831731315042573,,,,,0.8870198675496688
134425,2022-07-13,Man City,GB1,2,4664,61,7.3492860205831905,4664.0,0.4412092624356776,0.48120926243567747,0.19000000000000003,31.993396226415097,81.0,14.0,2.2543953687821614,0.8368138936535162,0.5,0.1,1.4912092624356776,3.545604631217839,,,,,1.0719768439108062
91059,2022-07-13,Watford,GB1,2,2387,43,6.68,2387.0,0.2,0.36,0.09,14.600000000000001,35.0,6.0,1.2,0.8,0.3,1.2,2.4,3.3,,,,,1.7
69633,2022-07-15,Brentford,GB1,1,938,11,,938.0,,,,,30.0,5.0,,,,,,,,,,,
286949,2022-07-18,Watford,GB1,1,1076,15,,1076.0,,,,,7.0,2.0,,,,,,,,,,,
141660,2022-07-21,Man Utd,GB1,2,1780,32,,1780.0,,,,,26.0,3.0,,,,,,,,,,,
203853,2022-07-22,Man City,GB1,2,2518,35,7.059999999999999,2518.0,,0.04,0.07,75.0,31.0,4.0,0.4,1.5,1.4,1.5,4.7,5.9,,,,,0.5
377393,2022-07-23,Norwich,GB1,1,2270,33,6.81,2270.0,0.04,0.07,0.1,31.2,25.0,2.0,0.8,2.3,1.0,0.8,4.5,7.2,,,,,1.4
584769,2022-07-28,Burnley,GB1,2,6183,74,7.026027818211224,6183.0,0.06,0.05013262170467411,0.15993368914766296,23.335080058224165,95.0,14.0,2.202652434093482,1.8529839883551673,0.9503315542616853,0.5503315542616852,3.6039786511402236,6.350331554261686,,,,,0.40066310852337056
16911,2022-08-03,Leicester,GB1,1,3330,37,6.49,3330.0,,,0.0,21.2,1.0,,0.0,,0.0,0.7,0.8,7.7,7.0,3.5,69.3,1.6,
659459,2022-08-04,Aston Villa,GB1,2,639,26,,639.0,,,,,10.0,1.0,,,,,,,,,,,
284857,2022-08-05,Brighton,GB1,2,4768,59,7.282911073825503,4768.0,0.029999999999999995,0.020000000000000004,0.06945469798657719,47.163003355704696,53.0,5.0,0.6242449664429531,2.9812080536912755,0.9000000000000001,1.9351510067114093,6.216359060402685,6.918791946308725,,,,,0.8351510067114095
234781,2022-08-05,Burnley,GB1,2,2011,40,6.75,2011.0,0.46,0.3499999999999999,0.09,13.5,16.0,2.0,0.6999999999999998,0.8000000000000002,0.5,0.6999999999999998,2.2,4.1,,,,,1.0
170527,2022-08-09,Chelsea,GB1,1,1286,21,6.670000000000001,1286.0,0.28,0.49,0.06,20.4,8.0,,0.7,0.6,0.09999999999999999,0.3,1.0,2.6,,,,,0.7999999999999999
272622,2022-08-10,West Ham,GB1,2,2971,38,6.94,2971.0,0.04,0.03,0.02,54.4,3.0,2.0,0.2,1.3,1.6,3.9,7.4,5.2,,,,,0.7
448854,2022-08-13,Watford,GB1,2,3304,52,6.849999999999999,3304.0,0.32835956416464895,0.25350786924939467,0.0656719128329298,13.981325665859563,40.0,8.0,2.421640435835351,1.8649213075060531,0.45671912832929784,0.4,2.8216404358353513,4.408202179176755,,,,,2.056719128329298
66934,2022-08-13,Crystal Palace,GB1,2,2856,48,6.99,2856.0,0.10000000000000002,0.026148459383753504,0.0438515406162465,26.479831932773106,12.0,2.0,0.6307422969187675,2.584453781512605,1.4848039215686275,1.7766806722689075,6.322969187675071,6.046288515406163,,,,,1.6074229691876751
290017,2022-08-22,Watford,GB1,1,1625,19,7.14,1625.0,0.06,0.01,0.04,27.6,10.0,1.0,0.8,2.9,3.8,3.3,10.3,8.5,,,,,1.3
217115,2022-08-26,Brighton,GB1,2,3390,59,6.491460176991151,3390.0,0.2410619469026549,0.35644542772861354,0.060265486725663724,17.514601769911504,30.0,4.0,0.7342182890855458,0.7657817109144542,0.1986725663716814,0.0,1.0315634218289085,2.703982300884956,,,,,1.2342182890855458
48280,2022-08-29,Man Utd,GB1,1,764,15,,764.0,,,,,7.0,1.0,,,,,,,,,,,
168157,2022-09-01,Wolves,GB1,1,1946,30,6.87,1946.0,0.09,0.1,0.02,32.7,11.0,1.0,0.2,1.9,0.4,1.6,4.4,4.9,,,,,0.6
112515,2022-09-01,Chelsea,GB1,1,2172,28,7.41,2172.0,0.17,0.12,0.14,38.1,43.0,6.0,0.6,1.7,1.8,2.1,5.8,5.8,,,,,1.0
66100,2022-09-01,Southampton,GB1,2,2970,37,7.34,2970.0,0.06,0.04,0.08,42.7,37.0,4.0,0.9,2.4,1.6,1.2,5.5,8.1,,,,,1.4
142310,2022-09-01,Wolves,GB1,1,900,10,,900.0,,,,,1.0,,,,,,,,,,,,
129078,2022-09-08,Southampton,GB1,2,1834,28,6.91,1834.0,0.05,0.08,0.15,24.1,34.0,7.0,1.0,1.1,0.4,0.6,2.2,5.0,,,,,0.8
44068,2022-09-08,Man Utd,GB1,1,232,7,,232.0,,,,,2.0,1.0,,,,,,,,,,,
144028,2023-01-20,Brighton,GB1,1,2810,34,7.089999999999999,2810.0,0.26,0.22000000000000003,0.16,28.0,47.0,5.0,1.8,1.1,0.5,0.2,1.9,4.5,,,,,0.8
134294,2023-01-20,Aston Villa,GB1,1,1904,30,6.8,1904.0,0.33,0.34,0.04,11.8,15.0,2.0,0.5,1.1,0.3,0.9,2.4,2.2,,,,,0.8
121477,2023-01-22,West Ham,GB1,1,2754,34,6.779999999999999,2754.0,0.07,0.1,0.029999999999999995,33.7,4.0,2.0,0.1,0.9,0.9,4.5,8.1,3.7,,,,,1.3
503733,2023-01-29,Everton,GB1,1,2284,35,6.88,2284.0,0.16,0.14,0.12,17.9,35.0,4.0,1.5,2.1,0.8999999999999999,0.3,3.4,4.6,,,,,1.0
102017,2023-01-31,Chelsea,GB1,1,2278,29,7.49,2278.0,0.24000000000000002,0.23000000000000004,0.08,66.4,27.0,6.0,0.6,2.5,1.4,0.8,4.9,8.2,,,,,1.2
294057,2023-07-01,Leicester,GB1,2,4950,65,7.360472727272726,4950.0,0.39985454545454546,0.29505454545454546,0.17512727272727271,28.652000000000005,117.0,23.0,1.4010909090909092,1.6505454545454545,0.4501818181818182,0.1996363636363636,2.3505454545454545,3.7996363636363637,,,,,0.9505454545454547
262980,2023-07-01,Bournemouth,GB1,1,3255,37,7.04,3255.0,0.14,0.07,0.09,36.1,18.0,4.0,0.4,1.4,1.3,2.4,5.5,7.2,,,,,1.0
249565,2023-07-01,Leicester,GB1,2,4983,63,7.262271723861127,4983.0,0.16283965482640977,0.1264198274132049,0.13,48.794320690347185,67.0,16.0,0.9471603451735904,2.5,0.8886413806943609,1.0585189644792294,4.85283965482641,6.9187637969094915,,,,,1.1943206903471804
309400,2023-07-01,Chelsea,GB1,2,4388,64,6.961873290793072,4388.0,0.3059981768459435,0.41824977210574293,0.09175022789425707,25.61873290793072,59.0,8.0,0.723746581586144,1.0350045578851415,0.2,1.4412488605287146,2.7175022789425705,2.923746581586144,,,,,2.058751139471285
3333,2023-07-01,Liverpool,GB1,2,1743,55,6.599999999999999,1743.0,,0.04,0.1651233505450373,56.724842226047045,35.0,4.0,0.6611015490533564,2.7950659781985085,1.4925989672977624,1.5901319563970167,6.224096385542169,7.036431440045898,,,,,1.6975329890992543
51471,2023-07-01,Chelsea,GB1,2,3261,52,7.082689359092304,3261.0,0.08340079730144129,0.09,0.13862925482980681,60.30659306961054,50.0,12.0,1.5725850965961363,2.3771542471634466,0.713707451701932,0.6568537258509659,3.9431462741490337,6.4,,,,,1.1908616988653786
53622,2023-07-01,Man City,GB1,2,4213,58,7.570486589128887,4213.0,0.3452432945644434,0.3616757654877759,0.1832162354616663,53.75027296463328,75.0,12.0,0.8643247092333254,1.1,0.7559458817944458,0.5,2.4559458817944457,5.635675290766674,,,,,0.7678376453833373
108725,2023-07-01,Newcastle,GB1,2,3521,59,6.570000000000001,3521.0,0.2070803748934962,0.25622266401590454,0.03231752343084351,11.615876171542176,25.0,1.0,0.1768247656915649,0.3695257029253053,0.12317523430843512,0.5390514058506106,1.2549275773927862,1.6854018744674808,,,,,1.0072990627662597
202886,2023-07-01,Chelsea,GB1,2,2929,49,7.032089450324342,2929.0,,0.08788323659952203,0.12367702287470127,49.58777739842949,34.0,6.0,2.2788323659952203,1.6894161829976098,0.7,1.205291908501195,3.8367702287470125,6.468248548992831,,,,,0.8841242744964152
633530,2023-07-01,Bournemouth,GB1,1,1456,19,6.72,1456.0,,0.02,0.13,19.5,18.0,3.0,1.3,2.4,1.0,1.7,5.6,4.8,,,,,1.1
534033,2023-07-01,Brighton,GB1,2,5002,68,7.360399840063975,5002.0,0.2676969212315074,0.33346661335465816,0.1273090763694522,43.431387445022,78.0,6.0,1.1307876849260297,2.4538184726109558,0.6576969212315074,0.46921231507397043,3.6653338664534187,6.473090763694522,,,,,1.1846061575369853
469050,2023-07-04,Wolves,GB1,2,3481,45,6.828908359666762,3481.0,0.11,0.04356219477161736,0.02438379775926458,36.98198793450158,8.0,3.0,0.3,1.6356219477161735,1.143837977592646,4.243837977592645,8.427405917839701,5.806865843148521,,,,,0.9438379775926458
346483,2023-07-05,Chelsea,GB1,2,4020,56,7.2451940298507465,4020.0,0.3128955223880597,0.22761194029850745,0.21468656716417908,33.93432835820896,88.0,13.0,0.7823880597014925,1.6823880597014926,0.45880597014925373,0.35880597014925375,2.664776119402985,4.3059701492537314,,,,,1.264776119402985
57500,2023-07-06,Chelsea,GB1,2,3596,52,6.97107341490545,3596.0,0.04,0.03153503893214683,0.09153503893214683,53.22430478309233,30.0,6.0,0.5730255839822024,2.3269744160177974,1.0423248053392657,2.6423248053392663,6.411624026696329,4.249777530589544,,,,,1.3116240266963293
111455,2023-07-06,Arsenal,GB1,2,5335,64,7.272706654170571,5335.0,0.13572258669165888,0.10504592314901595,0.10689222118088097,45.50618556701031,79.0,8.0,0.5873851921274601,1.0873851921274602,0.5747703842549204,1.1563074039362697,3.1747703842549204,5.0369259606373005,,,,,0.9310777881911905
14086,2023-07-13,Aston Villa,GB1,2,3278,53,6.88569249542404,3278.0,0.04,0.02378279438682123,0.030000000000000002,31.96516168395363,27.0,2.0,0.513483831604637,1.8595485051860892,0.8999999999999999,2.259548505186089,5.543441122635754,5.421720561317877,,,,,1.1378279438682124
315779,2023-07-13,Chelsea,GB1,2,2099,46,6.748589804668891,2099.0,0.2999285373987613,0.27802763220581234,0.06450690805145308,25.02606002858504,27.0,1.0,1.583801810385898,0.8936636493568365,0.3387327298713673,0.5225345402572654,1.8323963792282039,3.5838018103858977,,,,,1.0387327298713673
357662,2023-07-15,West Ham,GB1,2,6450,73,7.444489922480622,6450.0,0.0705829457364341,0.055218604651162795,0.045072868217054265,53.109922480620156,61.0,5.0,1.1970852713178295,2.249271317829457,1.7492713178294572,1.4507286821705427,5.898542635658915,8.65801550387597,,,,,0.6985426356589148
42412,2023-07-18,Leicester,GB1,2,2403,31,,2403.0,,,,,5.0,2.0,,,,,,,,,,,
125314,2023-07-20,Brentford,GB1,2,4047,49,6.86,4047.0,0.08,0.11,0.02,32.6,5.0,1.0,0.10000000000000002,1.1,1.3999999999999997,5.0,8.3,4.5,,,,,0.4000000000000001
214056,2023-07-21,Leicester,GB1,2,3729,48,6.73,3729.0,,0.02590506838294449,0.024317511397157418,58.034271922767495,9.0,1.0,0.21364977205685168,1.1,0.6841244301421293,3.9,6.627299544113702,6.113649772056853,,,,,0.5136497720568517
58864,2023-07-21,Chelsea,GB1,2,1589,29,,1589.0,,,,,13.0,,,,,,,,,,,,
398065,2023-07-23,Leicester,GB1,2,4823,66,6.874196558158823,4823.0,0.3558034418411777,0.2738129794733568,0.10055152394775037,20.013186813186813,48.0,13.0,1.074580136844288,1.074580136844288,0.2563549657889281,0.2563549657889281,1.630935102633216,3.605515239477504,,,,,1.0817748289446403
145988,2023-07-24,Crystal Palace,GB1,2,5055,60,6.992852621167161,5055.0,0.37377645895153316,0.29277151335311574,0.15277151335311573,21.703244312561818,72.0,7.0,2.309238377843719,1.3,0.3815232443125618,0.2,1.872284866468843,4.673907022749752,,,,,1.2907616221562808
583189,2023-07-25,Man Utd,GB1,2,1636,37,6.8100000000000005,1636.0,0.15,0.2,0.09,23.9,15.0,5.0,0.8,1.9,0.7,0.4,3.0,3.7,,,,,0.6
206040,2023-07-25,Wolves,GB1,2,3478,49,6.77,3478.0,0.19999999999999998,0.23,0.11,18.4,47.0,8.0,1.2,1.0,0.39999999999999997,0.9,2.5,3.0,,,,,1.5
186644,2023-07-27,Southampton,GB1,2,4220,63,6.686454976303318,4220.0,0.10774407582938389,0.19354976303317534,0.07967772511848341,17.664549763033175,46.0,4.0,1.096777251184834,1.7548341232227487,0.8096682464454976,1.2548341232227487,3.919336492890995,4.580616113744076,,,,,1.4580568720379148
563963,2023-08-01,Southampton,GB1,1,1972,22,6.96,1972.0,,0.07,0.02,38.2,7.0,1.0,0.4,2.4,1.4,5.4,10.3,7.2,,,,,1.2
403151,2023-08-05,Brighton,GB1,2,3504,39,6.44,3504.0,,,0.0,21.9,,,,0.0,0.1,0.6,0.8,7.3,9.0,2.1,61.5,1.3,0.0
315867,2023-08-07,West Ham,GB1,1,928,16,,928.0,,,,,13.0,1.0,,,,,,,,,,,
204103,2023-08-12,Wolves,GB1,2,1850,51,6.63,1850.0,0.12,0.08,0.18999999999999997,18.4,31.0,6.0,3.4,0.7999999999999999,0.19999999999999998,1.0,2.1,4.0,,,,,1.3
132098,2023-08-12,Tottenham,GB1,1,3406,38,7.64,3406.0,0.79,0.56,0.11,16.2,57.0,14.0,1.1,0.4,0.1,0.5,1.1,2.5,,,,,0.8
143424,2023-08-12,Liverpool,GB1,1,335,9,,335.0,,,,,5.0,2.0,,,,,,,,,,,
191614,2023-08-13,Man Utd,GB1,1,1234,35,6.81,1234.0,0.15,0.15,0.13,44.9,30.0,4.0,0.9000000000000001,3.3999999999999995,1.4,0.9000000000000001,5.9,9.3,,,,,2.4
181579,2023-08-14,Southampton,GB1,2,6377,75,7.290683707072292,6377.0,0.2258632585855418,0.1741367414144582,0.16356123569076372,41.720856201975856,138.0,21.0,0.24712247138152738,1.5115101144738905,1.3115101144738905,1.2471224713815272,4.417265171710836,5.1460404578955625,,,,,0.8057550572369453
687626,2023-08-14,Brighton,GB1,2,6012,72,7.191017964071856,6012.0,0.030000000000000002,0.0356686626746507,0.0652228875582169,57.87198935462409,66.0,7.0,0.8,2.9,1.408915502328676,0.843313373253493,5.591084497671324,6.717831004657351,,,,,1.756686626746507
628451,2023-08-18,Southampton,GB1,2,2262,30,6.97,2262.0,0.04,0.02,0.02,34.5,16.0,,1.1,2.4,1.3,0.9,5.1,7.5,,,,,1.1
332705,2023-08-20,Leeds,GB1,2,2275,27,7.15,2275.0,,0.01,0.04,45.6,25.0,1.0,0.3,3.7,1.5,1.0,6.6,8.3,,,,,1.5
29364,2023-08-25,Wolves,GB1,1,1783,31,6.74,1783.0,,0.07,0.1,41.9,36.0,3.0,0.4,2.6,0.9,0.9,4.7,5.4,,,,,1.6
262226,2023-08-29,Leicester,GB1,2,5889,71,6.882115809135676,5889.0,0.04658685685175751,0.06,0.06,35.34370860927152,40.0,7.0,0.43413143148242483,2.087026659874342,1.2447104771608084,2.287026659874342,6.018763796909492,4.929342842587875,,,,,0.7447104771608083
242631,2023-09-01,Everton,GB1,1,3381,38,7.27,3381.0,0.05,0.07,0.12,29.2,64.0,8.0,1.5,1.8,0.7,0.7,3.3,6.9,,,,,0.5
470607,2023-09-01,Nott'm Forest,GB1,1,2940,38,6.680000000000001,2940.0,0.24000000000000002,0.26,0.060000000000000005,8.5,28.0,4.0,1.0,1.0,0.2,0.1,1.3,2.7,,,,,1.1
64399,2023-09-01,Crystal Palace,GB1,1,2430,27,6.66,2430.0,,,0.0,17.5,,,,,,1.0,1.0,8.3,6.0,3.1,71.4,1.3,0.0
568177,2023-09-01,Man City,GB1,1,358,14,,358.0,,,,,5.0,1.0,,,,,,,,,,,
601883,2023-09-01,Wolves,GB1,1,2475,34,6.83,2475.0,0.04,0.09,0.05,29.2,27.0,2.0,1.6,2.4,0.6,1.2,4.3,5.6,,,,,1.3
341429,2023-09-04,Tottenham,GB1,2,928,19,,928.0,,,,,2.0,,,,,,,,,,,,
485424,2023-09-05,Southampton,GB1,1,704,16,,704.0,,,,,9.0,1.0,,,,,,,,,,,
131996,2024-02-01,Aston Villa,GB1,2,236,10,,236.0,,,,,1.0,,,,,,,,,,,,
357885,2024-02-01,West Ham,GB1,2,1920,47,6.730000000000001,1920.0,0.18,0.13,0.12000000000000001,32.7,25.0,3.0,0.7000000000000001,1.8,0.7999999999999999,0.5,3.1999999999999997,7.8,,,,,0.7999999999999999
468002,2024-07-01,West Ham,GB1,2,1400,31,,1400.0,,,,,3.0,,,,,,,,,,,,
447661,2024-07-01,Aston Villa,GB1,2,5934,72,7.289885406134142,5934.0,0.22551567239635997,0.1506875631951466,0.1254010785305022,48.99526457701382,98.0,17.0,0.6999999999999998,1.9471351533535557,0.9471351533535557,0.5494270306707112,3.7436973373778226,5.747135153353556,,,,,1.5
258878,2024-07-01,Fulham,GB1,2,3701,45,7.0,3701.0,0.07058362604701432,0.03436908943528776,0.020000000000000004,50.68076195622805,8.0,,0.26892731694136723,1.2563091056471225,1.2310726830586327,5.344636584706836,8.388327479059713,3.751418535530937,,,,,0.6563091056471224
290532,2024-07-01,West Ham,GB1,2,2686,48,6.91,2686.0,0.26,0.31,0.14,25.0,59.0,7.0,2.2,1.1,0.4,0.5,2.0,4.9,,,,,0.7
43530,2024-07-01,Brighton,GB1,2,1574,41,6.29,1574.0,,0.09,0.21,47.8,29.0,2.0,0.3,0.9,0.3,0.1,1.4,2.3,,,,,0.9
228948,2024-07-01,West Ham,GB1,2,2249,31,6.67,2249.0,,0.04,0.029999999999999995,34.3,8.0,2.0,0.3,1.7,1.4,2.9,6.3,4.7,,,,,1.3
131978,2024-07-01,Luton,GB1,1,2622,32,7.32,2622.0,0.17,0.14,0.09,40.9,44.0,6.0,2.3,1.5999999999999999,0.9,1.5999999999999999,4.4,6.8999999999999995,,,,,0.9
696589,2024-07-01,Aston Villa,GB1,1,158,9,,158.0,,,,,,,,,,,,,,,,,
567576,2024-07-01,Newcastle,GB1,2,1418,43,,1418.0,,0.1651339915373766,0.1714386459802539,31.04231311706629,24.0,4.0,1.9396332863187589,2.211706629055007,0.8954866008462623,1.3531734837799718,4.788293370944993,5.663046544428772,,,,,1.688293370944993
480116,2024-07-01,Bournemouth,GB1,2,3597,46,6.743764247984432,3597.0,,0.014325827078120657,0.044325827078120654,36.07528495968864,16.0,2.0,0.043258270781206566,1.4567417292187934,0.9702251876563804,3.9674172921879345,6.994384209063108,6.319099249374479,,,,,0.8297748123436196
485585,2024-07-01,Chelsea,GB1,1,201,12,,201.0,,,,,2.0,,,,,,,,,,,,
289592,2024-07-02,Nott'm Forest,GB1,2,3124,47,6.640000000000001,3124.0,0.06,0.040044814340588986,0.024977592829705506,28.169942381562098,9.0,1.0,0.7995518565941102,1.5497759282970551,1.40044814340589,1.2017925736235595,4.60179257362356,4.647983354673495,,,,,1.3
291200,2024-07-04,Nott'm Forest,GB1,2,2619,35,6.57,2619.0,0.06,0.07,0.02,36.4,4.0,,0.2,2.6,0.9,3.0,7.2,6.1,,,,,0.7
186186,2024-07-06,Fulham,GB1,2,3904,69,6.657172131147541,3904.0,0.2338934426229508,0.1947131147540984,0.06364754098360656,21.08360655737705,36.0,5.0,0.6270491803278688,1.4635245901639344,0.5540983606557377,0.8635245901639343,3.044672131147541,4.4987704918032785,,,,,1.1270491803278688
566723,2024-07-07,Crystal Palace,GB1,2,4033,56,7.395653359781799,4033.0,0.26948177535333495,0.19182494421026533,0.25432928341185224,31.599826431936524,108.0,20.0,2.1166377386560873,1.7100173568063477,0.8,0.4633275477312174,3.0416811306719564,5.210017356806348,,,,,0.8999999999999999
257455,2024-07-11,Fulham,GB1,2,5822,68,7.171387839230507,5822.0,0.10861216076949502,0.09395912057712126,0.019306080384747508,33.191824115424254,20.0,1.0,0.4,4.625712813466163,1.393060803847475,1.7465304019237373,8.058364823084851,6.286121607694951,,,,,1.5395912057712127
366930,2024-07-12,Man City,GB1,2,389,18,,389.0,,,,,6.0,1.0,,,,,,,,,,,
780630,2024-07-15,Man Utd,GB1,1,326,8,,326.0,,,,,,,,,,,,,,,,,
371021,2024-07-17,Burnley,GB1,1,900,10,,900.0,,,,,4.0,1.0,,,,,,,,,,,
465717,2024-07-20,Sheff Utd,GB1,1,2792,34,6.59,2792.0,0.09999999999999999,0.07,0.04,17.3,10.0,,0.7999999999999999,2.1,1.0,2.8,6.3,4.5,,,,,1.2
485706,2024-07-22,Everton,GB1,2,4586,63,7.023672045355429,4586.0,0.06278674225904927,0.10088530309638027,0.05999999999999999,33.04587876144788,40.0,6.0,0.5544265154819015,2.8278674225904927,1.1177060619276058,1.3,5.5,6.083602267771479,,,,,1.6
298477,2024-07-25,Sheff Utd,GB1,1,1283,21,6.79,1283.0,0.42,0.48000000000000004,0.14,16.8,12.0,3.0,0.4,1.2,0.4,2.0,3.6,2.9,,,,,1.3
82873,2024-08-01,Brighton,GB1,1,3114,36,7.47,3114.0,0.12,0.19,0.27,76.3,103.0,11.0,0.5,2.0,0.6,0.8,3.7,4.2,,,,,0.7
392765,2024-08-02,Arsenal,GB1,2,2407,47,6.87,2407.0,0.26,0.2,0.09,39.9,28.0,2.0,0.7,1.4,0.5,0.7,2.6,3.3,,,,,0.8
609556,2024-08-08,Sheff Utd,GB1,2,907,35,,907.0,,0.19,0.02,5.5,3.0,1.0,0.3,0.20000000000000004,0.20000000000000004,1.0,1.6000000000000003,1.3999999999999997,,,,,1.7
258889,2024-08-10,Bournemouth,GB1,2,5537,65,6.890635723315874,5537.0,0.45422250316055623,0.49812714466317504,0.05,10.480476792486906,53.0,9.0,0.9406357233158751,0.6398410691710312,0.12031786165793752,1.0804767924869063,2.1,2.201589308289688,,,,,1.259364276684125
487465,2024-08-11,Wolves,GB1,2,3786,55,7.108304278922346,3786.0,0.1439619651347068,0.16806656101426307,0.20202852614896988,27.06323296354992,85.0,18.0,1.6608557844690968,0.6995245641838352,0.359904912836767,0.15990491283676705,1.2594294770206023,3.801426307448495,,,,,0.8400950871632331
476344,2024-08-12,Tottenham,GB1,1,1155,22,,1155.0,0.08,0.02,0.07,67.4,3.0,1.0,0.8,2.8,1.6,3.5,8.6,6.4,,,,,1.1
576024,2024-08-12,Man City,GB1,1,2657,36,7.470000000000001,2657.0,0.37,0.43999999999999995,0.21000000000000002,33.1,67.0,7.0,0.7,0.7999999999999999,0.09999999999999999,0.39999999999999997,1.3,3.3000000000000003,,,,,0.7999999999999999
61842,2024-08-13,Luton,GB1,1,1209,27,6.55,1209.0,0.07,0.09,0.13,20.8,18.0,2.0,1.2,1.6,0.4,0.7,2.6,5.1,,,,,1.0
477758,2024-08-13,Man Utd,GB1,2,4935,58,7.17699493414387,4935.0,0.05999999999999999,0.022782168186423504,0.07639108409321176,35.283465045592706,45.0,8.0,1.475197568389058,2.0360891590678825,1.972178318135765,3.019554204660588,7.508267477203648,4.927821681864235,,,,,0.7721783181357649
241481,2024-08-13,Crystal Palace,GB1,1,229,9,,229.0,,,,,,,,,,,,,,,,,
743498,2024-08-16,Burnley,GB1,2,2956,45,6.86,2956.0,0.13,0.12,0.15,18.5,37.0,8.0,2.3,0.7,0.3,0.5,1.6,4.0,,,,,0.4
406638,2024-08-19,Tottenham,GB1,2,1814,45,6.25,1814.0,,0.056780595369349506,0.045303197353914006,37.731863285556784,16.0,,0.485226019845645,1.92954796030871,0.7087100330760749,0.8,3.785226019845645,4.082579933847851,,,,,1.432194046306505
488362,2024-08-21,Chelsea,GB1,1,3135,37,7.5,3135.0,0.14,0.12,0.1,50.7,53.0,11.0,1.1,2.4,1.2,0.9,4.9,6.3,,,,,2.4
676318,2024-08-21,Man Utd,GB1,1,165,9,,165.0,,,,,1.0,,,,,,,,,,,,
333014,2024-08-22,Burnley,GB1,2,5232,68,6.854461009174312,5232.0,0.03,0.03871750764525994,0.041487003058103974,42.434384556574926,47.0,5.0,0.5148700305810398,2.1723050458715596,0.7425649847094802,1.6148700305810397,5.044610091743119,5.616915137614678,,,,,1.2425649847094802
108354,2024-08-23,Crystal Palace,GB1,2,4213,66,6.818314740090196,4213.0,0.19134583432233565,0.16369807737953954,0.0860503204367434,22.270567291716116,42.0,9.0,1.6420128174697364,1.9840256349394731,0.6,0.6974839781628294,3.3210064087348687,5.342012817469737,,,,,1.639496795632566
260827,2024-08-23,Crystal Palace,GB1,2,6079,68,6.990574107583484,6079.0,0.05,0.04,0.042477381148215164,50.575818391182764,24.0,6.0,0.2685803586116138,1.2371607172232277,1.1,5.825678565553545,8.925678565553545,4.793354170093766,,,,,0.9247738114821518
401320,2024-08-25,Burnley,GB1,2,6017,68,6.617716470001661,6017.0,0.09,0.030380588333056343,0.02480970583347183,38.436347016785774,16.0,4.0,0.0,1.3038058833305635,1.0480970583347182,5.626641183313944,9.138058833305633,3.7771647000166197,,,,,0.8404852916735914
620598,2024-08-27,Burnley,GB1,1,1055,13,,1055.0,,,,,2.0,,,,,,,,,,,,
607224,2024-08-28,Man Utd,GB1,1,130,5,,130.0,,,,,2.0,,,,,,,,,,,,
315969,2024-08-30,Man Utd,GB1,2,1908,34,6.88,1908.0,0.32999999999999996,0.27,0.02,24.9,11.0,2.0,0.4,2.3,0.7,2.6,6.1,4.3,,,,,1.4
348795,2024-08-30,Tottenham,GB1,1,495,22,,495.0,0.36,0.1,0.35,80.4,18.0,1.0,1.5,4.0,0.9,0.4,5.5,8.4,,,,,2.2
191422,2024-08-30,Brighton,GB1,1,454,9,,454.0,,,,,10.0,2.0,,,,,,,,,,,
110864,2024-08-30,Crystal Palace,GB1,2,2427,27,6.56,2427.0,,,0.0,14.1,1.0,,,0.1,0.1,0.7,0.8,6.6,6.0,2.1,60.3,1.4,0.1
389253,2024-08-30,Sheff Utd,GB1,1,2572,32,6.25,2572.0,,0.02,0.03,23.3,8.0,3.0,0.19999999999999998,1.5999999999999999,1.2,5.1,8.7,3.1,,,,,0.7999999999999999
423744,2024-08-30,Brighton,GB1,2,2222,32,6.75,2222.0,,0.04,0.11,80.6,22.0,3.0,0.3,1.1,0.5,0.6,2.5,5.6,,,,,0.9
52769,2024-09-02,Fulham,GB1,2,2307,41,6.99,2307.0,0.18,0.23,0.2,39.7,51.0,6.0,1.3,0.8,0.4,0.4,1.6,4.3,,,,,0.4
665390,2025-01-15,Aston Villa,GB1,1,3,1,,3.0,,,,,,,,,,,,,,,,,
384461,2025-01-20,Brighton,GB1,2,622,21,,622.0,,,,,8.0,2.0,,,,,,,,,,,
622380,2025-02-02,Chelsea,GB1,1,71,11,,71.0,,,,,2.0,,,,,,,,,,,,
170934,2025-02-05,Wolves,GB1,2,4337,52,7.18,4337.0,0.12,0.14,0.04,37.8,30.0,6.0,0.8,2.7,1.2,1.7,5.9,6.0,,,,,1.3
890290,2025-06-01,Bournemouth,GB1,1,2422,32,7.21,2422.0,0.11,0.07,0.06,50.1,15.0,3.0,0.1,1.3,1.9000000000000001,7.2,11.5,3.9,,,,,1.2
314353,2025-06-01,Liverpool,GB1,2,4536,61,7.47043430335097,4536.0,0.1195194003527337,0.09951940035273368,0.26572089947089944,51.55055114638448,117.0,32.0,0.8855820105820106,2.1764329805996474,1.2475970017636686,1.8000000000000003,5.48123897707231,6.0947310405643735,,,,,0.4
610849,2025-06-04,Ipswich,GB1,1,2612,37,6.73,2612.0,0.4099999999999999,0.32,0.049999999999999996,7.3999999999999995,21.0,3.0,1.4,0.39999999999999997,0.09999999999999999,1.0,1.4,2.3,,,,,2.5
578391,2025-06-09,Wolves,GB1,2,5471,70,7.067165052092853,5471.0,0.1028623651983184,0.10142204350210199,0.09857795649789802,34.442844087004204,71.0,11.0,2.057064522025224,2.642844087004204,0.6571559129957959,1.6000913909705718,5.100091390970573,4.6284408700420405,,,,,0.942844087004204
300716,2025-07-01,Arsenal,GB1,1,252,13,,252.0,,,,,8.0,2.0,,,,,,,,,,,
340918,2025-07-01,Liverpool,GB1,2,1800,20,,1800.0,,,,,1.0,,,,,,,,6.0,,,,
342046,2025-07-01,Ipswich,GB1,1,1717,22,6.36,1717.0,,0.01,0.01,30.3,5.0,1.0,0.2,1.6,1.2,2.8,6.2,2.6,,,,,0.9
88755,2025-07-01,Man City,GB1,2,2931,46,7.24,2931.0,0.21,0.27,0.36,45.10000000000001,116.0,36.0,0.7,0.9000000000000001,0.4,0.4,1.6999999999999997,3.3999999999999995,,,,,0.9000000000000001
272855,2025-07-01,Southampton,GB1,1,1044,25,6.35,1044.0,0.34,0.31,0.02,13.8,8.0,,0.7,0.6,0.1,1.4,2.2,1.6,,,,,2.4
125714,2025-07-01,Brentford,GB1,2,6561,74,6.80466392318244,6561.0,,,0.0,29.39739368998628,7.0,4.0,0.050068587105624146,0.04993141289437586,,1.1998628257887518,1.2497942386831276,8.449657064471879,14.0,3.6993141289437586,69.09382716049382,1.6001371742112482,0.1
730861,2025-07-01,Bournemouth,GB1,2,5317,66,6.87941696445364,5317.0,0.05000000000000001,0.03114350197479782,0.06628549934173407,26.56270453263118,48.0,11.0,0.5628549934173406,1.6600150460786156,1.0885649802520216,2.6628549934173407,5.785725032913296,4.451419973669362,,,,,0.9114350197479782
480116,2025-07-01,Newcastle,GB1,2,1857,33,6.67,1857.0,,0.02,0.05000000000000001,34.6,11.0,3.0,0.10000000000000002,1.3999999999999997,0.8000000000000002,3.4,6.2,7.0,,,,,1.0
517894,2025-07-01,Wolves,GB1,2,5053,65,7.377472788442509,5053.0,0.4811636651494161,0.3242727092816149,0.14601820700573914,24.837819117356027,85.0,20.0,2.1970908371264595,1.2029091628735404,0.5514545814367703,0.6999999999999998,2.5999999999999996,4.25145458143677,,,,,1.305818325747081
746695,2025-07-02,Southampton,GB1,1,1406,26,6.42,1406.0,0.06,0.09999999999999999,0.049999999999999996,17.6,10.0,3.0,2.5,1.4,0.39999999999999997,0.39999999999999997,2.5,4.0,,,,,1.4
626724,2025-07-02,Brighton,GB1,2,3996,58,7.113761261261262,3996.0,0.4293243243243243,0.47623873873873873,0.1757882882882883,24.92545045045045,68.0,20.0,1.6067567567567569,1.0578828828828828,0.4511261261261261,0.8556306306306307,2.36463963963964,2.802252252252252,,,,,0.9954954954954955
632349,2025-07-02,Liverpool,GB1,2,1677,30,,1677.0,,,,,5.0,,,,,,,,,,,,
95424,2025-07-05,Man City,GB1,2,3734,47,7.360000000000001,3734.0,,0.01,0.11,62.800000000000004,32.0,9.0,0.7,1.2,0.9,1.1,3.4,4.9,,,,,0.7
658536,2025-07-10,Brighton,GB1,2,3322,60,6.961800120409391,3322.0,0.21370258880192655,0.17986152919927753,0.16958458759783268,23.809692956050572,49.0,9.0,1.9013847080072244,1.8328717639975916,0.7671282360024082,0.7685129440096328,3.335641180012041,4.504154124021674,,,,,1.1671282360024082
543499,2025-07-10,West Ham,GB1,2,5084,65,7.139313532651457,5084.0,0.22860739575137687,0.21558025177025963,0.10953579858379228,23.802321007081037,59.0,9.0,3.8349134539732495,1.837234461054288,0.2465184893784422,0.3,2.3860739575137684,6.216345397324941,,,,,1.3488394964594808
148367,2025-07-10,Brentford,GB1,2,5342,65,7.249408461250467,5342.0,0.11766192437289404,0.135295769374766,0.06352115312616997,39.14619992512168,42.0,9.0,0.2,2.68816922500936,1.74112691875702,1.9059153874953203,6.7470423062523395,6.852676900037439,,,,,1.44704230625234
583189,2025-07-11,Nott'm Forest,GB1,2,4941,74,6.9508864602307225,4941.0,0.20029548674357417,0.19940902651285164,0.1652216150576806,17.747783849423193,82.0,23.0,0.9492612831410646,0.9463064157053228,0.24926128314106455,0.6507387168589354,1.946306415705323,3.347783849423194,,,,,0.3
503987,2025-07-18,Chelsea,GB1,2,3099,55,7.152817037754113,3099.0,0.3507744433688286,0.3486447241045498,0.15019361084220717,26.213359148112293,52.0,8.0,2.4077444336882867,1.2019361084220717,0.36602129719264287,0.6038722168441433,2.2378509196515006,4.005808325266215,,,,,0.8980638915779283
346707,2025-07-18,Newcastle,GB1,2,3532,60,6.98,3532.0,0.2,0.1866194790486976,0.08442242355605889,32.478312570781426,24.0,5.0,0.35549263873159687,2.0892978482446205,0.6445073612684032,0.7445073612684031,3.7673272933182336,3.8109852774631934,,,,,0.8445073612684032
341051,2025-07-20,Southampton,GB1,1,2922,33,6.6000000000000005,2922.0,,0.03,0.07,41.7,24.0,5.0,1.2,1.4,0.6,2.3,4.7,4.2,,,,,0.9
413039,2025-07-21,Brentford,GB1,2,5374,63,7.446058801637514,5374.0,0.4862560476367696,0.3673892817268329,0.24729065872720507,21.409359880908074,102.0,23.0,1.3270934127279492,1.0812802381838482,0.3635467063639747,1.0448269445478229,2.5896538890956458,4.17290658727205,,,,,0.8093598809080759
349599,2025-07-24,Brighton,GB1,2,3647,49,7.049999999999999,3647.0,0.07411022758431589,0.050233068275294765,0.1172881820674527,46.472251165341376,52.0,9.0,0.7,2.2294488620784203,1.4341102275843158,1.8612284069097889,5.75889772415684,5.841102275843158,,,,,1.4023306827529476
243028,2025-07-28,Southampton,GB1,1,2535,30,6.639999999999999,2535.0,0.07,0.02,0.03,55.5,5.0,,0.1,1.3,2.0,6.7,11.3,3.8,,,,,1.1
480692,2025-07-30,Liverpool,GB1,2,5056,73,7.338599683544303,5056.0,0.374865506329114,0.4238330696202532,0.16476661392405065,28.170015822784812,120.0,13.0,2.1570015822784807,1.3429984177215188,0.19533227848101267,0.24766613924050634,1.7383306962025316,4.109335443037975,,,,,1.7999999999999998
231572,2025-07-30,Wolves,GB1,2,5983,70,6.910671903727226,5983.0,,0.03516797593180679,0.05,31.931021226809293,49.0,5.0,1.2583987965903394,2.1067190372722715,0.8550392779542035,2.4449607220457965,5.755039277954204,4.920157111816814,,,,,1.448320240681932
123682,2025-08-02,Newcastle,GB1,2,1600,50,6.4,1600.0,0.51,0.55,0.04,7.3,11.0,1.0,0.9,0.3,0.2,0.4,3.0,2.0,,,,,0.9
225122,2025-08-04,Wolves,GB1,1,987,29,6.41,987.0,0.18,0.29,0.09,21.9,14.0,2.0,0.8,1.5,0.5,0.3,2.2,3.3,,,,,1.4
157672,2025-08-05,West Ham,GB1,1,1061,22,6.32,1061.0,,0.03,0.08,33.0,8.0,1.0,0.4,1.9,0.7,3.1,6.5,3.3,,,,,1.9
475188,2025-08-06,Chelsea,GB1,2,2894,44,7.17,2894.0,0.27,0.15,0.18,28.9,40.0,11.0,0.9,1.8,0.4,1.0,7.9,4.6,,,,,1.1
74960,2025-08-07,Newcastle,GB1,2,4050,45,6.73,4050.0,,,0.0,20.0,,,,0.0,,1.7,1.7,8.3,9.0,3.6,64.1,2.0,
274839,2025-08-07,Leicester,GB1,1,2336,28,6.91,2336.0,,0.08,0.06,31.8,17.0,5.0,0.5,3.3,1.2,2.9,8.1,4.9,,,,,1.5
230784,2025-08-07,Arsenal,GB1,1,2799,35,7.38,2799.0,0.13,0.07,0.08,52.4,20.0,3.0,0.8,2.9,1.1,1.4,5.7,4.4,,,,,1.4
400536,2025-08-09,Leicester,GB1,2,4005,45,6.72,4005.0,,,0.0,19.8,2.0,,0.0,0.0,,1.2,1.3,7.7,8.0,3.9,64.0,2.2,
659089,2025-08-12,Bournemouth,GB1,1,3113,36,7.08,3113.0,,0.04,0.02,40.6,12.0,1.0,0.2,1.5,1.2,5.2,8.4,4.5,,,,,0.6
306024,2025-08-15,Everton,GB1,2,4339,61,6.7198893754321265,4339.0,0.35219405392947684,0.4679557501728509,0.04,9.308919105784744,27.0,3.0,0.4115233924867481,0.37434892832449873,0.21152339248674812,1.2371744641622495,3.0539064300530074,1.685872320811247,,,,,1.5
823231,2025-08-16,Bournemouth,GB1,2,4285,64,7.040221703617269,4285.0,0.2940443407234539,0.33745157526254377,0.155318553092182,13.270361726954492,62.0,22.0,1.2745157526254374,1.227701283547258,0.7127421236872812,2.1468144690781803,6.082823803967329,3.7277012835472574,,,,,0.9127421236872811
741238,2025-08-16,Ipswich,GB1,2,4274,62,6.650921853065045,4274.0,0.08029948525970987,0.09999999999999999,0.13728123537669631,23.415208235844645,64.0,14.0,1.957604117922321,1.1394010294805803,0.4788020589611605,0.2788020589611605,3.809452503509593,4.1152082358446425,,,,,1.0788020589611604
583199,2025-08-16,Man City,GB1,2,631,29,,631.0,,,,,9.0,3.0,,,,,,,,,,,
503749,2025-08-17,Aston Villa,GB1,2,3072,57,6.7582031250000005,3072.0,0.088203125,0.08059895833333333,0.1058984375,33.081640625,43.0,7.0,1.1649739583333334,2.123046875,0.4940104166666666,0.4940104166666666,5.855338541666666,4.929036458333333,,,,,0.8410156249999999
479999,2025-08-23,Crystal Palace,GB1,2,4500,67,7.218444444444445,4500.0,0.3011111111111111,0.30933333333333335,0.14733333333333334,26.22222222222222,74.0,15.0,1.92,1.1888888888888889,0.44222222222222224,0.3844444444444444,3.562222222222222,4.5088888888888885,,,,,0.6266666666666667
413220,2025-08-25,Leicester,GB1,2,4816,65,6.77109634551495,4816.0,0.07181063122923588,0.061810631229235885,0.041810631229235874,28.085880398671097,26.0,6.0,0.2212624584717608,2.1543189368770768,1.3606312292358802,3.814950166112957,7.890531561461795,2.9362126245847175,,,,,0.7818936877076412
866655,2025-08-25,Southampton,GB1,2,2224,47,6.47,2224.0,0.1,0.12,0.07,23.7,24.0,3.0,2.2,1.6,0.4,0.8,3.0,3.8,,,,,1.4
880245,2025-08-29,Southampton,GB1,2,5943,72,7.117208480565372,5943.0,0.07526501766784452,0.08946996466431095,0.09982332155477032,36.52508833922261,71.0,9.0,1.1438162544169612,2.9035335689045936,0.9508833922261485,1.0017667844522968,7.954770318021201,5.449116607773852,,,,,1.4508833922261484
811779,2025-08-30,Man Utd,GB1,2,3463,60,6.778585041871209,3463.0,0.18409182789488882,0.27803060929829626,0.1649234767542593,26.95477909327173,66.0,10.0,1.0633843488304937,1.1633843488304938,0.42676869766098763,0.4,3.225238232746174,3.9606121859659256,,,,,0.5366156511695062
344381,2025-08-30,Chelsea,GB1,1,911,27,6.59,911.0,0.3,0.48,0.1,29.5,14.0,1.0,1.0,1.2,0.7,0.9,3.0,2.9,,,,,1.6
602105,2025-09-01,Man Utd,GB1,1,135,8,,135.0,,,,,3.0,,,,,,,,,,,,
388165,2025-09-01,Brentford,GB1,1,2927,35,7.269999999999999,2927.0,0.58,0.57,0.060000000000000005,13.700000000000001,28.0,3.0,0.5,0.7000000000000001,0.19999999999999998,0.6,1.8,2.5,,,,,1.0
181778,2025-09-01,West Ham,GB1,1,2126,31,6.75,2126.0,0.08,0.08,0.09,30.3,16.0,3.0,0.4,2.5,0.9,2.4,6.1,3.6,,,,,1.1
197838,2025-09-01,Leicester,GB1,1,2839,35,6.74,2839.0,0.29,0.36,0.08,8.1,19.0,6.0,0.3,0.6,0.2,0.8,1.6,1.2,,,,,0.8
184573,2025-09-01,Man Utd,GB1,1,697,16,,697.0,,,,,3.0,,,,,,,,,,,,
349066,2025-09-01,Newcastle,GB1,1,2769,34,7.4,2769.0,0.75,0.66,0.12,16.5,42.0,11.0,1.4,0.4,0.1,0.6,1.1,1.8,,,,,0.9
238223,2025-09-02,Man City,GB1,1,2321,26,7.11,2321.0,,,0.01,27.3,4.0,4.0,,,0.0,0.6,0.7,6.4,10.0,2.1,67.5,1.0,0.0
53622,2025-09-02,Man City,GB1,1,2227,33,7.24,2227.0,0.04,0.13,0.18,61.0,44.0,4.0,0.7,1.0,0.5,0.9,2.4,4.7,,,,,0.6
470607,2026-01-02,Tottenham,GB1,1,2179,33,7.03,2179.0,0.45,0.43,0.08,17.9,19.0,4.0,0.8,1.6,0.2,0.4,2.3,2.6,,,,,1.1
991800,2026-01-04,West Ham,GB1,2,260,17,,260.0,,,,,4.0,,,,,,,,,,,,
583255,2026-01-09,Bournemouth,GB1,1,3209,37,7.2700000000000005,3209.0,0.31,0.28,0.12,21.9,46.0,11.0,1.9,1.5,0.3,1.0,3.1,4.4,,,,,2.0
392757,2026-01-19,Crystal Palace,GB1,1,3059,34,6.92,3059.0,0.09,0.06,0.06,43.1,16.0,5.0,0.4,1.8,0.8,4.6,7.9,4.3,,,,,0.7
342385,2026-01-26,West Ham,GB1,2,1332,29,,1332.0,,0.02,0.01,37.2,4.0,,0.2,2.8,1.0,2.3,6.9,4.1,,,,,1.4
204103,2026-01-28,Fulham,GB1,1,1769,36,6.86,1769.0,0.1,0.2,0.23,20.0,42.0,11.0,2.4,1.0,0.1,0.2,1.3,4.4,,,,,1.2
661207,2026-01-30,Man City,GB1,1,14,3,,14.0,,,,,1.0,,,,,,,,,,,,
85941,2026-02-01,Man City,GB1,1,1099,13,,1099.0,,,,,,,,,,,,,3.0,,,,
429983,2026-02-02,Wolves,GB1,1,2599,35,6.81,2599.0,0.48,0.36,0.04,10.2,21.0,6.0,0.3,0.3,0.20000000000000004,1.0,1.7000000000000002,1.5,,,,,1.6000000000000003
683895,2026-02-06,Wolves,GB1,2,2512,30,,2512.0,,,,,8.0,,,,,,,,,,,,
112515,2016-08-31,Fiorentina,IT1,1,180,2,,180.0,,,,,,,,,,,,,,,,,
48974,2017-01-25,AC Milan,IT1,1,120,7,,120.0,,,,,1.0,,,,,,,,,,,,
5285,2017-01-25,Juventus FC,IT1,1,247,6,,247.0,,,,,,,,,,,,,,,,,
112343,2017-01-31,SSC Napoli,IT1,1,514,13,,514.0,,,,,2.0,,,,,,,,,,,,
206542,2017-01-31,US Palermo,IT1,1,1079,17,,1079.0,,,,,7.0,1.0,,,,,,,,,,,
148455,2017-07-01,Roma,IT1,1,2485,31,7.540000000000001,2485.0,0.54,,,28.1,71.0,13.0,1.3,0.9,0.4,0.2,1.5,4.1,,,,,1.0
166237,2017-07-01,Roma,IT1,1,1469,27,7.38,1469.0,0.18000000000000002,,,65.1,43.0,5.0,0.9000000000000001,3.0,2.3,1.0,6.6,7.4,,,,,1.5
286297,2017-07-01,Sassuolo,IT1,1,1951,28,6.79,1951.0,0.28,,,31.9,26.0,6.0,1.0,1.9,1.8,1.6,5.6,5.5,,,,,1.9
336960,2017-07-01,US Palermo,IT1,1,805,10,,805.0,,,,,4.0,,,,,,,,,,,,
44834,2017-07-01,AC Milan,IT1,1,380,13,,380.0,,,,,5.0,,,,,,,,,,,,
7797,2017-07-01,Delfino Pescara 1936,IT1,1,2610,29,5.55,2610.0,,,,16.5,,,,,0.1,0.6,0.7,7.4,2.0,3.5,59.8,2.3,
13121,2017-07-01,Cagliari Calcio,IT1,1,3239,36,6.59,3239.0,0.03,,,37.7,7.0,,0.1,0.6,1.8,5.3,8.4,4.9,,,,,1.3
171399,2017-07-01,Cagliari Calcio,IT1,1,2175,26,6.67,2175.0,,,,23.3,12.0,2.0,0.3,2.2,1.9,2.4,6.8,3.3,,,,,1.4
240306,2017-07-02,Sampdoria,IT1,1,1721,33,6.599999999999999,1721.0,0.26,,,33.9,52.0,7.0,1.2,1.2,0.5,0.10000000000000002,1.8999999999999997,4.7,,,,,1.1
12249,2017-07-03,Inter,IT1,1,1556,28,7.32,1556.0,0.3499999999999999,,,57.0,58.0,5.0,2.4,2.4,0.8000000000000002,0.20000000000000004,3.4,5.900000000000001,,,,,1.0
94305,2017-07-03,FC Empoli,IT1,1,955,14,,955.0,,,,,1.0,,,,,,,,,,,,
17127,2017-07-03,Udinese Calcio,IT1,1,2812,32,6.809999999999999,2812.0,0.03,,,32.0,8.0,2.0,0.19999999999999998,1.8,2.5,4.7,9.5,4.2,,,,,0.9
80351,2017-07-05,ACF Fiorentina,IT1,1,1877,29,7.030000000000001,1877.0,0.24,,,34.9,57.0,1.0,1.9,0.9,0.6,0.1,1.6,4.5,,,,,1.0
74943,2017-07-07,AC Milan,IT1,1,2077,30,6.74,2077.0,0.13,,,36.4,22.0,4.0,1.0,2.3,1.4,1.5,5.5,5.2,,,,,2.0
204069,2017-07-07,Sampdoria,IT1,1,2998,35,6.6,2998.0,,,,50.0,4.0,,0.6,1.1,1.6,5.1,8.5,7.4,,,,,0.8
111227,2017-07-07,Atalanta BC,IT1,1,2668,33,7.21,2668.0,0.27,,,32.2,28.0,3.0,0.5,2.2,2.5,1.6999999999999997,6.700000000000001,5.2,,,,,1.5
111819,2017-07-07,Juventus,IT1,1,675,8,,675.0,,,,,,,,,,,,,5.0,,,,
51186,2017-07-09,Chievo Verona,IT1,1,1591,21,6.659999999999999,1591.0,,,,28.899999999999995,1.0,,0.20000000000000004,1.3,2.1,7.7,11.800000000000002,3.5,,,,,1.8999999999999997
86202,2017-07-09,Roma,IT1,1,2205,26,6.84,2205.0,,,,45.1,12.0,1.0,0.7,1.8,1.1,3.2,6.4,6.6,,,,,1.8
40372,2017-07-10,ACF Fiorentina,IT1,1,2681,31,7.259999999999999,2681.0,0.03,,,53.9,61.0,3.0,1.0,1.2,0.8,1.0,3.1,5.9,,,,,0.5
119228,2017-07-11,Sampdoria,IT1,1,2256,31,6.88,2256.0,0.44,,,15.2,44.0,9.0,2.4,1.0,0.2,0.2,1.4,2.7,,,,,1.3
34336,2017-07-12,FC Empoli,IT1,1,2085,26,6.57,2085.0,0.09,,,42.1,2.0,1.0,0.3,0.8,1.6,4.5,7.9,4.5,,,,,0.8
15951,2017-07-12,Juventus FC,IT1,1,1347,19,,1347.0,0.13,,,65.9,33.0,2.0,1.3,3.0999999999999996,1.8999999999999997,0.8999999999999999,5.9,6.900000000000001,,,,,1.8999999999999997
26721,2017-07-16,Società Sportiva Lazio S.p.A.,IT1,1,2279,29,7.29,2279.0,0.16,,,55.6,54.0,4.0,0.6,3.5999999999999996,2.3,0.7,6.9,10.2,,,,,1.7999999999999998
39983,2017-07-21,Juventus,IT1,1,2406,29,6.88,2406.0,0.11000000000000001,,,61.6,10.0,1.0,0.1,1.1,2.2,3.4,7.2,4.8,,,,,1.0
43722,2017-07-21,Cagliari Calcio,IT1,1,2875,34,6.72,2875.0,0.03,,,32.1,34.0,4.0,0.2,2.7,1.3,1.1,5.3,5.2,,,,,1.3
197300,2017-07-24,Fiorentina,IT1,1,2310,32,7.05,2310.0,0.43,,,25.7,57.0,10.0,2.3,0.5,0.8,0.4,1.8,5.6,,,,,1.3
55282,2017-07-27,ACF Fiorentina,IT1,1,3100,35,6.21,3100.0,,,,16.8,1.0,,,0.0,,0.9,0.9,8.9,11.0,2.9,66.2,1.5,
242940,2017-07-29,US Palermo,IT1,1,2327,28,6.36,2327.0,0.08,,,28.300000000000004,3.0,,0.2,1.2,2.8,5.8,10.2,4.0,,,,,1.6
287635,2017-08-01,FC Empoli,IT1,1,2402,33,6.44,2402.0,,,,56.4,11.0,1.0,0.7,1.9000000000000001,2.2,1.3,5.9,10.7,,,,,2.0
143812,2017-08-02,Fiorentina,IT1,2,4488,60,6.982390819964349,4488.0,0.11952317290552586,,,60.70960338680927,60.0,6.0,1.1095365418894831,2.352384135472371,0.9571524064171124,1.2000000000000002,4.7095365418894835,6.1428475935828875,,,,,2.109536541889483
75127,2017-08-08,Genoa,IT1,1,2343,31,6.6,2343.0,,,,33.6,3.0,1.0,0.2,2.7,2.0,5.2,10.5,5.3,,,,,1.5
170934,2017-08-08,Juventus,IT1,1,896,19,,896.0,0.1,,,45.1,8.0,1.0,1.7,2.4,1.2,1.0,4.8,5.7,,,,,1.5
201040,2017-08-09,Torino FC,IT1,2,4853,63,6.768147537605604,4853.0,0.18543169173706986,,,31.0543169173707,67.0,8.0,0.5847723057902328,1.7000000000000002,1.111930764475582,1.0576138471048837,3.927158458685349,4.92715845868535,,,,,1.284772305790233
282388,2017-08-16,Genoa,IT1,2,5628,73,6.407885572139304,5628.0,0.41534825870646763,,,10.748756218905474,55.0,7.0,0.8139303482587065,1.0,0.3069651741293532,0.8069651741293533,2.16044776119403,2.72089552238806,,,,,1.932587064676617
60128,2017-08-18,Torino FC,IT1,2,4681,53,6.618515274513992,4681.0,0.029999999999999995,,,39.895620593890186,6.0,,0.1,1.3806237983336893,1.6403118991668448,6.556718649861141,10.307498397778252,4.270155949583422,,,,,1.1134372997222817
5825,2017-08-19,Cagliari Calcio,IT1,2,3369,51,6.57,3369.0,0.56,,,16.2,34.0,5.0,0.7,0.6,0.4000000000000001,1.3,2.4,3.2000000000000006,,,,,1.3
253765,2017-08-22,Lazio,IT1,1,1882,23,6.84,1882.0,0.1,,,50.5,4.0,,0.3,1.5,1.4,4.7,8.0,6.4,,,,,1.5
73097,2017-08-24,FC Empoli,IT1,1,1290,20,,1290.0,0.21,,,33.5,31.0,5.0,1.7,2.0,0.8,0.5,3.3,4.1,,,,,2.3
238752,2017-08-29,Lazio,IT1,1,1931,31,7.28,1931.0,0.75,,,25.9,44.0,6.0,2.5,0.8,0.2,,1.0,2.8,,,,,0.9
64793,2017-08-30,Napoli,IT1,2,3499,48,6.759999999999999,3499.0,0.36,,,17.2,32.0,2.0,0.10000000000000002,0.8999999999999999,0.5,0.8999999999999999,2.4,2.1,,,,,2.5
29316,2017-08-31,Udinese Calcio,IT1,2,3807,55,6.874562647754137,3807.0,0.4471394799054373,,,29.025531914893616,52.0,6.0,1.0028368794326241,0.6685579196217494,0.4685579196217495,0.6028368794326241,1.7056737588652482,3.842789598108747,,,,,0.9657210401891253
26263,2017-08-31,Torino FC,IT1,2,2111,44,6.05,2111.0,0.11,,,12.9,29.0,2.0,0.6,0.6,0.1,0.9,1.8,1.7,,,,,2.9
3417,2017-08-31,Genoa CFC,IT1,2,5195,59,6.583788257940327,5195.0,,,,35.78363811357074,8.0,1.0,0.0601924927815207,0.9,1.7213474494706449,6.001924927815208,9.183464870067374,4.639807507218479,,,,,1.0611549566891243
39799,2017-08-31,SSC Napoli,IT1,2,2290,29,,2290.0,,,,,15.0,4.0,,,,,,,,,,,
173859,2017-08-31,Torino,IT1,2,2428,31,6.74,2428.0,0.04,,,36.1,42.0,8.0,0.7,1.7,1.5,2.2,5.7,5.7,,,,,1.1
79510,2018-01-13,Palermo FC,IT1,1,2328,29,6.74,2328.0,,,,36.0,1.0,,0.3,2.5,2.7,5.7,11.4,6.4,,,,,1.8000000000000003
20137,2018-01-15,AC Milan,IT1,1,1241,18,,1241.0,,,,,24.0,4.0,,,,,,,,,,,
57643,2018-01-16,US Sassuolo,IT1,1,1375,16,,1375.0,,,,,10.0,1.0,,,,,,,,,,,
181778,2018-01-30,Roma,IT1,2,1981,26,7.48,1981.0,,,,40.9,30.0,3.0,2.1,2.1,2.1,2.1,6.4,5.7,,,,,0.6
22140,2018-01-31,Bologna Football Club 1909,IT1,1,2379,29,6.73,2379.0,,,,40.9,6.0,1.0,0.3,2.3,3.0,4.3,10.3,5.8,,,,,1.2
48003,2018-01-31,UC Sampdoria,IT1,1,1890,21,6.370000000000001,1890.0,,,,15.7,2.0,,0.0,,0.0,0.9,0.9,10.3,4.0,3.7,68.8,1.7,0.0
289510,2018-07-01,Chievo Verona,IT1,2,2151,33,6.23,2151.0,0.07,,,25.799999999999997,13.0,,0.6,1.1,1.2,1.3,3.7999999999999994,4.9,,,,,1.1
230457,2018-07-01,Fiorentina,IT1,1,775,15,,775.0,,,,,10.0,1.0,,,,,,,,,,,
105892,2018-07-01,Chievo Verona,IT1,2,4756,58,7.110910428931875,4756.0,0.1516358284272498,,,35.40540370058873,66.0,10.0,1.7327165685449957,2.4581791421362484,1.9327165685449958,1.1509251471825064,5.8254625735912535,7.360029436501262,,,,,1.8000000000000003
110923,2018-07-01,Genoa,IT1,2,4688,53,6.44,4688.0,,,,17.9,1.0,,,,0.0,0.9,0.9,9.6,18.0,3.5,75.3,1.1,
111196,2018-07-01,Lazio,IT1,2,5313,63,6.965526068134763,5313.0,0.1372369659326181,,,41.30065876152833,13.0,3.0,0.2855260681347638,1.4131564088085828,2.228289102202146,4.371710897797855,8.684867306606437,7.3427630340673815,,,,,0.7282891022021456
7825,2018-07-01,SSC Napoli,IT1,2,6660,74,6.610000000000001,6660.0,,,,21.65,4.0,1.0,0.0,0.0,0.1,0.6,0.7,8.8,30.0,2.1,70.05,0.9,0.0
22141,2018-07-01,Bologna,IT1,2,4850,54,6.177525773195876,4850.0,,,,22.93257731958763,2.0,,0.06123711340206186,0.0,0.0,0.7837113402061856,0.8224742268041237,10.606185567010309,15.0,3.1,68.2859793814433,1.438762886597938,0.0
79522,2018-07-01,Inter,IT1,2,1810,27,,1810.0,,,,,9.0,1.0,,,,,,,,,,,
124902,2018-07-01,Fiorentina,IT1,2,2503,51,6.505673192169397,2503.0,0.5760207750699162,,,13.94726328405913,21.0,4.0,0.447263284059129,0.7835797043547743,0.24178985217738716,0.5,1.5308429884139032,2.6308429884139035,,,,,1.9417898521773873
130360,2018-07-01,Bologna,IT1,2,4960,62,7.080060483870968,4960.0,0.2900100806451613,,,25.700302419354838,98.0,17.0,2.3714717741935485,1.1713709677419355,0.8857862903225806,0.3,2.3714717741935485,4.957157258064516,,,,,0.9998991935483871
2865,2018-07-01,Juventus FC,IT1,2,3584,53,6.795220424107143,3584.0,0.05,,,39.97957589285715,25.0,4.0,0.7477957589285714,1.4433872767857143,0.8,1.5088169642857143,3.9566127232142856,4.182366071428571,,,,,1.1955915178571428
199633,2018-07-01,Benevento Calcio,IT1,1,1052,14,,1052.0,,,,,9.0,1.0,,,,,,,,,,,
41982,2018-07-01,Associazione Sportiva Roma,IT1,2,5663,68,7.455830831714638,5663.0,0.24209606215786686,,,35.629878156454176,128.0,23.0,1.270121843545824,1.861204308670316,0.8686738477838601,0.792530460886456,3.5761433868974035,6.961204308670316,,,,,1.4
63531,2018-07-01,Juventus FC,IT1,2,3041,37,7.03,3041.0,,,,58.0,27.0,1.0,1.3,1.6000000000000003,1.0,1.1,3.7000000000000006,5.7,,,,,0.6999999999999998
286949,2018-07-02,Bologna,IT1,2,5268,66,6.731564160971906,5268.0,0.04,,,32.721791951404704,37.0,4.0,0.7382687927107062,2.4617312072892936,1.9226271829916477,3.3999999999999995,8.176537585421412,5.3843583902809415,,,,,1.7539104024297643
74590,2018-07-03,Benevento Calcio,IT1,1,1155,14,,1155.0,,,,,5.0,1.0,,,,,,,,,,,
38607,2018-07-04,Bologna,IT1,2,2677,48,6.447504669406052,2677.0,0.16902876354127755,,,17.87885692939858,34.0,8.0,1.1403810235338065,1.1769518117295479,0.7384759058647741,0.819237952932387,2.794284646992902,4.32114307060142,,,,,1.723048188270452
32113,2018-07-04,Genoa,IT1,2,3976,45,6.910000000000001,3976.0,,,,43.0,17.0,,0.8,2.1,2.6,3.3,8.2,7.1,,,,,1.1
5023,2018-07-06,Juventus FC,IT1,2,4518,51,6.547729083665338,4518.0,,,,20.44641434262948,1.0,,0.0,,,0.7061752988047809,0.7061752988047809,7.570119521912352,23.0,2.2175298804780876,74.54840637450198,0.7587649402390438,0.0
318077,2018-07-10,Sampdoria,IT1,2,6233,71,7.252382480346544,6233.0,0.11,,,53.99783410877587,72.0,3.0,0.8043317824482592,2.9,2.244585271939676,0.9489170543879353,6.39566821755174,7.812995347344778,,,,,1.4956682175517408
121756,2018-07-11,Hellas Verona,IT1,1,3172,37,6.8,3172.0,0.08999999999999998,,,29.0,50.0,4.0,1.6000000000000003,1.6000000000000003,1.2,1.0,3.9,6.2,,,,,0.9
131075,2018-07-11,Sassuolo,IT1,2,6840,76,6.9799999999999995,6840.0,0.11,,,37.3,18.0,1.0,0.45,1.4,2.5,6.2,10.9,6.65,,,,,0.6
163639,2018-07-12,Crotone,IT1,2,6331,72,6.843448112462485,6331.0,0.030000000000000002,,,24.627594376875688,16.0,,0.40206918338335174,1.3427578581582689,2.4958616332332966,7.351034591691676,11.838619491391565,4.757242141841731,,,,,1.3468962249249725
21972,2018-07-12,Torino FC,IT1,2,2314,30,6.91,2314.0,,,,37.0,19.0,1.0,1.1,2.1,1.2,3.3,6.9,7.4,,,,,1.4
102017,2018-07-14,Napoli,IT1,2,4812,60,7.404812967581047,4812.0,0.07,,,98.29625935162095,87.0,10.0,0.444638403990025,2.3678304239401498,1.923192019950125,0.5339152119700747,4.924937655860349,8.2428927680798,,,,,1.144638403990025
28020,2018-07-14,Chievo Verona,IT1,2,4651,54,6.521889916147066,4651.0,0.030000000000000002,,,33.17484411954419,46.0,9.0,0.25594495807353257,1.379724790367663,1.1678348742205977,2.428660503117609,5.244055041926467,5.271339496882391,,,,,1.0440550419264674
159372,2018-07-15,Lazio,IT1,2,4070,57,7.516879606879608,4070.0,0.1737321867321867,,,36.20203931203931,113.0,19.0,4.2787223587223595,2.986879606879607,1.473759213759214,0.4000000000000001,4.832358722358722,6.245479115479115,,,,,1.202039312039312
22210,2018-07-18,Genoa CFC,IT1,2,3937,54,6.618092456184913,3937.0,0.11,,,26.116433832867664,27.0,3.0,0.380264160528321,2.099339598679197,1.0401320802641605,0.7598679197358396,3.9993395986791973,5.058547117094234,,,,,1.9993395986791975
105470,2018-07-19,Roma,IT1,1,3330,37,6.96,3330.0,,,,23.1,1.0,,0.2,0.0,0.1,1.1,1.1,10.1,17.0,2.9,79.6,0.8,0.0
24977,2018-07-28,Bologna Football Club 1909,IT1,2,2758,44,6.43,2758.0,0.05,,,35.0,9.0,,0.3,1.3,1.7,3.1,6.6,4.3,,,,,1.0
40633,2018-08-01,Fiorentina,IT1,2,3498,50,7.039691252144082,3498.0,0.08000000000000002,,,56.35154373927959,52.0,3.0,1.4921097770154372,2.6673241852487135,2.6673241852487135,1.7019725557461407,7.332675814751287,7.369296740994854,,,,,1.9326758147512864
39983,2018-08-02,AC Milan,IT1,2,5556,64,6.811132109431244,5556.0,0.0822372210223182,,,51.44420446364291,22.0,3.0,0.1,0.8110511159107271,1.4555255579553634,3.4442044636429086,6.355255579553636,4.3,,,,,0.6110511159107271
20003,2018-08-06,UC Sampdoria,IT1,2,6120,68,6.4,6120.0,0.045,,,47.8,7.0,1.0,0.1,0.65,0.45,4.55,6.4,3.95,,,,,0.5
51226,2018-08-09,ACF Fiorentina,IT1,1,360,9,,360.0,,,,,,,,,,,,,,,,,
36371,2018-08-09,AC Milan,IT1,1,1813,31,6.56,1813.0,0.3,,,14.9,38.0,2.0,0.3,0.3,0.1,0.5,1.0,1.9,,,,,2.2
45581,2018-08-11,Torino FC,IT1,2,1865,33,6.82,1865.0,0.38,,,34.4,11.0,2.0,1.1,3.4,1.8,1.1,6.5,6.2,,,,,2.0
45565,2018-08-11,AC Milan,IT1,2,901,19,,901.0,,,,,8.0,1.0,,,,,,,,,,,
84903,2018-08-16,Torino FC,IT1,2,1278,28,,1278.0,,,,,26.0,3.0,,,,,,,,,,,
35747,2018-08-17,US Sassuolo,IT1,2,5672,69,6.875151622002821,5672.0,0.03,,,34.21198871650211,59.0,5.0,0.7,1.9,1.7575811001410437,1.606064880112835,5.61212976022567,6.145451339915374,,,,,1.0
67639,2018-08-17,Genoa CFC,IT1,1,1131,20,6.26,1131.0,0.24,,,18.3,12.0,1.0,0.8,0.6,0.2,0.9,1.7,2.9,,,,,2.1
145581,2018-08-17,Torino FC,IT1,2,2449,50,6.4399999999999995,2449.0,0.11236423029808085,,,35.78530012249898,17.0,2.0,1.5618211514904043,1.294569211923234,1.0054307880767661,0.8381788485095957,3.238178848509596,5.696325030624744,,,,,1.6
230552,2018-08-17,Genoa,IT1,2,3450,52,6.75,3450.0,0.1,,,24.981739130434782,32.0,4.0,1.2443478260869565,2.071014492753623,0.8556521739130435,1.2556521739130435,4.356521739130435,5.381449275362319,,,,,1.4855072463768115
21748,2018-08-18,Hellas Verona,IT1,1,1649,24,6.370000000000001,1649.0,0.16000000000000003,,,15.599999999999998,26.0,9.0,1.5,0.8,0.2,0.4,1.4,3.1000000000000005,,,,,1.1
68864,2018-08-28,AS Roma,IT1,2,2348,33,6.8,2348.0,0.04,,,48.6,32.0,,0.5,2.3,1.1,0.6,4.1,6.1,,,,,1.9
44716,2018-09-03,Juventus FC,IT1,1,818,15,,818.0,,,,,6.0,1.0,,,,,,,,,,,
26105,2019-01-09,Chievo Verona,IT1,1,2515,35,6.62,2515.0,0.10999999999999999,,,36.8,66.0,12.0,1.0,1.0,0.9,0.5,2.4,4.9,,,,,0.9
29962,2019-01-10,Cagliari Calcio,IT1,1,567,17,,567.0,,,,,2.0,,,,,,,,,,,,
149829,2019-01-31,FC Empoli,IT1,1,1165,20,6.61,1165.0,0.22999999999999998,,,34.1,23.0,3.0,2.2,0.5,0.4,0.6,1.8,4.3,,,,,1.3
46105,2019-01-31,Chievo Verona,IT1,1,3141,35,6.77,3141.0,0.029999999999999995,,,41.9,14.0,,0.2,1.6,1.3,2.9,6.3,7.1,,,,,0.9
176139,2019-07-01,Chievo Verona,IT1,2,3928,46,6.6000000000000005,3928.0,,,,34.5,4.0,2.0,0.0,2.3,2.0,5.5,11.0,4.5,,,,,1.1
169880,2019-07-01,FC Empoli,IT1,1,3330,37,6.76,3330.0,0.14,,,38.4,39.0,7.0,0.8,1.8,1.0,1.8,4.9,5.1,,,,,1.2
118689,2019-07-01,Juventus,IT1,2,2105,28,,2105.0,,,,,23.0,5.0,,,,,,,,,,,
355501,2019-07-01,SSC Napoli,IT1,2,1304,31,,1304.0,,,,,10.0,,,,,,,,,,,,
104752,2019-07-01,AS Roma,IT1,2,4668,56,6.880119965724079,4668.0,0.06005998286203942,,,40.61589545844045,7.0,1.0,0.15014995715509857,1.0495501285347044,1.8498500428449016,4.750749785775493,8.600000000000001,5.851649528706084,,,,,1.099700085689803
34344,2019-07-02,AC Milan,IT1,2,2019,25,,2019.0,,,,,8.0,2.0,,,,,,,,,,,
15452,2019-07-04,Napoli,IT1,2,4454,51,7.015469241131568,4454.0,0.08078132016165245,,,65.5819039066008,12.0,3.0,0.09999999999999999,0.9231252806466099,1.1,4.3921867983834755,6.907498877413561,6.4465648854961835,,,,,0.7462505612932196
340879,2019-07-05,Sassuolo,IT1,1,1260,14,,1260.0,,,,,2.0,1.0,,,,,,,,,,,
259953,2019-07-08,FC Empoli,IT1,1,2783,33,6.98,2783.0,0.16,,,34.0,52.0,13.0,1.5,1.2,0.7,1.0,3.3,4.9,,,,,1.5
94936,2019-07-08,ACF Fiorentina,IT1,2,2537,37,6.779999999999999,2537.0,,,,37.0,22.0,2.0,0.6999999999999998,1.8,0.6999999999999998,3.2999999999999994,6.099999999999999,4.8,,,,,1.2
57723,2019-07-11,Roma,IT1,1,810,10,,810.0,,,,,6.0,1.0,,,,,,,,,,,
170838,2019-07-11,FC Empoli,IT1,1,248,14,,248.0,,,,,5.0,1.0,,,,,,,,,,,
260827,2019-07-12,Sampdoria,IT1,2,3425,39,6.71,3425.0,,,,56.3,8.0,1.0,0.5,1.3,1.1,4.5,7.3,5.0,,,,,1.0
331401,2019-07-12,SPAL,IT1,2,5963,69,6.9371926882441715,5963.0,0.06,,,26.01958745597853,83.0,13.0,2.3616971323159484,1.4187154117055172,0.7570182793895691,1.4046788529263794,3.685091396947845,4.447660573536811,,,,,0.7953211470736207
198067,2019-07-13,Bologna,IT1,2,4211,49,6.529016860603183,4211.0,,,,33.914438375682735,3.0,,0.2,1.9032771313227264,1.0560674424127288,4.849513179767276,8.768202327238185,3.6032771313227268,,,,,1.2032771313227262
84765,2019-07-13,FC Empoli,IT1,1,3420,38,6.78,3420.0,0.42,,,17.3,44.0,8.0,0.3,0.3,0.1,0.3,0.7,2.1,,,,,0.7
43848,2019-07-20,Genoa CFC,IT1,2,2998,43,6.556794529686457,2998.0,0.05000000000000001,,,38.37828552368246,43.0,4.0,0.3161440960640427,2.1419279519679786,0.7838559039359573,1.5161440960640429,4.483855903935957,6.683855903935957,,,,,1.8096397598398937
171159,2019-07-26,Parma,IT1,1,1449,26,6.57,1449.0,,,,34.7,21.0,2.0,0.5,1.2,2.0,1.9,5.9,4.9,,,,,0.7
211251,2019-07-28,Udinese,IT1,1,457,13,,457.0,,,,,11.0,1.0,,,,,,,,,,,
56762,2019-07-29,SPAL,IT1,2,3831,59,6.8,3831.0,0.05,,,48.43127120856174,80.0,6.0,0.8113547376664056,1.9443226311667974,1.1,1.1481075437222656,4.292430174889063,5.8,,,,,1.3924301748890628
265078,2019-07-30,AC Milan,IT1,2,2949,62,6.296436080027129,2949.0,0.40007460155985086,,,14.8049508307901,35.0,2.0,0.35123770769752455,0.6512377076975245,0.29752458460495085,0.7487622923024755,1.746286876907426,2.685147507629705,,,,,1.7512377076975245
16922,2019-07-31,US Sassuolo,IT1,1,942,13,,942.0,,,,,16.0,1.0,,,,,,,,,,,
364135,2019-08-04,Juventus,IT1,1,535,13,,535.0,,,,,5.0,,,,,,,,,,,,
351816,2019-08-04,FC Empoli,IT1,2,5447,68,7.0737029557554605,5447.0,0.04,,,52.877620708646965,61.0,5.0,2.2740591151092344,2.6716174040756377,1.8370295575546172,0.671617404075638,5.380264365705893,9.362970442445382,,,,,1.5370295575546171
70411,2019-08-06,Genoa,IT1,2,5795,71,6.792862812769629,5795.0,0.09318550474547023,,,23.982657463330458,100.0,19.0,1.1318550474547024,0.8318550474547024,0.6439516824849008,1.1120966350301984,2.787903364969802,4.836289905090595,,,,,0.38790336496980155
182712,2019-08-07,Juventus,IT1,1,1967,25,7.38,1967.0,0.05,,,49.6,35.0,5.0,2.8,2.0,0.7,1.5,4.3,6.4,,,,,1.5
129588,2019-08-08,Sampdoria,IT1,1,2895,34,7.010000000000001,2895.0,0.06,,,47.1,37.0,7.0,1.2,2.0,1.1,0.8,4.0,6.2,,,,,0.8
199633,2019-08-08,Frosinone Calcio,IT1,1,2626,32,6.41,2626.0,0.03,,,25.0,20.0,,1.8,1.6,1.1,0.9,3.9,6.3,,,,,1.6
29605,2019-08-09,Frosinone Calcio,IT1,1,1629,32,6.32,1629.0,0.28,,,12.5,15.0,1.0,0.1,0.4,0.2,0.5,1.1,2.6000000000000005,,,,,1.5
215616,2019-08-09,Bologna,IT1,2,5308,65,7.1855011303692535,5308.0,0.21889977392614923,,,42.669932177844764,143.0,8.0,0.3889977392614921,2.333496608892238,1.677995478522984,1.677995478522984,6.055990957045968,7.278485305199698,,,,,1.255501130369254
348601,2019-08-12,Chievo Verona,IT1,2,2108,38,6.28,2108.0,,,,29.5,27.0,2.0,1.3000000000000003,3.0,1.6,0.9000000000000001,5.5,7.0,,,,,2.3
163568,2019-08-19,SPAL,IT1,1,1723,20,5.96,1723.0,,,,19.9,,,,,0.1,0.9,1.0,10.1,5.0,2.6,64.5,1.4,0.1
145581,2019-08-23,FC Empoli,IT1,1,1514,28,6.4399999999999995,1514.0,0.12000000000000001,,,33.8,11.0,1.0,1.6,1.6,0.7,0.8,3.2,5.2,,,,,1.6
37295,2019-09-02,Chievo Verona,IT1,1,2160,30,6.29,2160.0,0.08,,,30.3,14.0,2.0,0.8,2.2,1.3,0.9,4.4,6.0,,,,,2.4
96806,2019-09-02,UC Sampdoria,IT1,1,1517,21,6.72,1517.0,,,,50.3,19.0,3.0,0.6,2.3,1.2,2.1,5.8,6.8,,,,,1.2
96754,2020-01-14,AC Milan,IT1,1,1048,20,,1048.0,0.17,,,21.0,13.0,1.0,0.7,1.2,1.0,1.5,3.8,4.3,,,,,1.2
394346,2020-01-20,Chievo Verona,IT1,1,661,10,,661.0,,,,,11.0,,,,,,,,,,,,
34198,2020-01-29,Atalanta BC,IT1,1,1842,24,6.74,1842.0,,,,53.7,7.0,1.0,,1.4,2.1,2.2,6.0,6.7,,,,,0.7
327757,2020-01-30,AC Milan,IT1,2,4162,55,6.969999999999999,4162.0,0.67,,,12.3,46.0,6.0,0.5,0.5,0.1,1.1,1.8000000000000003,2.2,,,,,1.8000000000000003
199258,2020-01-30,SPAL,IT1,1,3041,36,6.66,3041.0,0.47,,,17.1,28.0,3.0,0.9,0.4,0.1,0.4,1.2,2.3,,,,,1.3
111961,2020-07-21,AC Milan,IT1,2,4391,51,7.51,4391.0,0.21,,,37.0,140.0,24.0,2.0,0.8,0.5,0.0,1.4,3.8,,,,,0.9
182893,2020-08-18,Udinese,IT1,1,2250,32,6.86,2250.0,0.12,0.0,0.01,36.4,49.0,4.0,2.8,0.7,0.7,0.6,2.0,6.4,,,,,0.8
44162,2020-09-01,Juventus,IT1,1,2286,30,7.32,2286.0,0.12,,,67.9,56.0,3.0,0.6,1.8,1.3,1.1,4.6,6.6,,,,,1.5
225873,2020-09-01,Sampdoria,IT1,1,2021,28,6.73,2021.0,0.18,,,25.7,27.0,3.0,1.6,2.7,1.2,0.7,4.7,6.2,,,,,1.9
98888,2020-09-01,Cagliari,IT1,1,1893,34,6.19,1893.0,,,0.0,27.0,19.0,1.0,0.6,1.8,0.9,1.0,4.2,4.9,,,,,2.1
134983,2020-09-01,US Lecce,IT1,1,550,12,,550.0,,,,,6.0,,,,,,,,,,,,
262226,2020-09-03,Atalanta,IT1,1,1764,27,6.77,1764.0,0.05,,,41.1,21.0,4.0,0.7,1.6,0.9,0.8,3.5,4.8,,,,,0.9
126422,2020-09-05,Napoli,IT1,1,1281,23,6.77,1281.0,0.14,,,49.7,15.0,2.0,1.3,3.5,1.1,0.7,5.6,6.1,,,,,2.1
96806,2020-09-05,SPAL,IT1,1,849,16,,849.0,,,,,7.0,,,,,,,,,,,,
46156,2020-09-08,Associazione Sportiva Roma,IT1,1,2730,32,7.22,2730.0,0.22999999999999998,,,40.2,56.0,4.0,0.6,1.2,1.0,1.7,4.2,5.2,,,,,1.0
33218,2020-09-08,Cagliari Calcio,IT1,1,1604,22,6.950000000000001,1604.0,,,0.0,54.3,43.0,5.0,0.4,2.1,1.1,1.5,5.299999999999999,7.700000000000001,,,,,2.1
57280,2020-09-10,AC Milan,IT1,1,1326,29,6.83,1326.0,0.19999999999999998,,,38.3,26.0,4.0,1.5,1.1,0.5,0.5,2.3,4.2,,,,,1.4
26721,2020-09-14,AC Milan,IT1,1,683,14,,683.0,,,,,6.0,,,,,,,,,,,,
33571,2020-09-17,Torino,IT1,1,2251,29,6.35,2251.0,,,,21.2,19.0,2.0,0.2,0.6,0.8,2.6,4.2,3.6,,,,,1.4
315865,2020-09-18,Genoa,IT1,1,2241,32,6.15,2241.0,0.2,,,16.5,15.0,,0.8,0.8,0.4,1.0,2.2,2.3,,,,,1.5
146889,2020-09-26,Genoa,IT1,1,1062,19,,1062.0,,,,36.3,6.0,1.0,0.5,1.4,0.8,1.9,4.4,4.8,,,,,0.8
192875,2020-09-29,Udinese,IT1,1,2577,30,6.3999999999999995,2577.0,,,0.0,30.0,3.0,,0.09999999999999999,1.3,1.1,4.5,7.8999999999999995,4.3,,,,,0.6
444523,2020-09-30,AC Milan,IT1,1,1099,24,6.33,1099.0,,,,35.3,18.0,2.0,2.0,2.7,0.7,0.7,4.2,8.0,,,,,2.0
218067,2020-10-01,US Lecce,IT1,1,2141,31,6.57,2141.0,,0.0,0.01,45.4,41.0,1.0,0.8,1.6,1.2,0.8,3.9,5.1,,,,,1.2
338425,2020-10-02,Torino,IT1,2,1959,31,6.68,1959.0,0.3,,,26.5,35.0,5.0,3.2,1.0,0.9,0.6,2.6,5.2,,,,,1.4
61253,2020-10-05,SSC Napoli,IT1,1,2176,33,7.0,2176.0,0.17,,0.0,37.8,63.0,9.0,0.4,0.5,0.4,0.4,1.5,3.6,,,,,0.5
258519,2021-01-13,Udinese Calcio,IT1,2,1027,26,,1027.0,,,0.0,27.0,8.0,,0.3,2.4,1.2,3.1000000000000005,6.799999999999999,4.1,,,,,0.8
20005,2021-01-26,Atalanta BC,IT1,2,3526,46,7.6,3526.0,0.22000000000000003,,,46.2,121.0,18.0,2.0,0.9,0.5,0.1,1.5,5.2,,,,,0.6
99232,2021-01-27,SPAL,IT1,1,788,15,,788.0,,,,,14.0,1.0,,,,,,,,,,,
126414,2021-07-01,AC Milan,IT1,2,5343,68,7.3779112857944975,5343.0,0.2213924761370017,0.16,0.29,40.00696238068501,168.0,23.0,1.047389107243122,1.1543514879281302,0.7034811903425042,0.6526108927568782,2.657832678270635,5.003481190342504,,,,,1.1526108927568781
54906,2021-07-01,Parma,IT1,2,4050,62,6.54425925925926,4050.0,0.0872962962962963,0.1,0.07,29.41148148148148,23.0,2.0,0.2662962962962963,2.598888888888889,1.035925925925926,2.2674074074074073,6.367407407407407,4.528148148148148,,,,,1.4011111111111112
148751,2021-07-01,Associazione Sportiva Roma,IT1,2,2474,46,6.679999999999999,2474.0,0.05999999999999999,0.05999999999999999,0.18,33.0,40.0,9.0,1.0,1.3,1.7,0.6,3.9,6.5,,,,,1.5
33481,2021-07-01,Parma Calcio 1913,IT1,2,4311,58,6.718253305497564,4311.0,0.2517466945024357,0.16,0.09,17.04810948735792,51.0,4.0,2.235444212479703,0.35873347251217813,0.29417768499188124,0.047088842495940614,0.7470888424959405,2.835444212479703,,,,,0.4
25488,2021-07-01,Inter,IT1,2,4511,67,7.076894258479273,4511.0,0.20216803369541123,0.18,0.21999999999999997,36.23105741520727,110.0,14.0,0.7783196630458878,0.7783196630458878,0.43300820217246727,0.7773442695632897,2.2660164043449345,5.300975393482598,,,,,0.5886721347816448
14086,2021-07-01,Inter,IT1,2,2607,44,6.78,2607.0,0.06,0.08,0.14,27.4,50.0,8.0,0.3,0.9,0.4,1.6,2.9,3.5,,,,,0.8
200056,2021-07-01,Napoli,IT1,2,3257,44,7.014252379490328,3257.0,0.06,0.01,0.06,51.24485723058029,36.0,4.0,0.9632176849861835,1.317623579981578,1.5,1.6896530549585511,4.661682529935524,6.264752840036844,,,,,0.6632176849861837
273236,2021-07-01,Sassuolo,IT1,2,3556,47,6.519100112485939,3556.0,,0.01,0.02,73.96726659167604,11.0,,0.2466254218222722,1.5112485939257594,1.5533745781777275,2.7112485939257596,6.522497187851519,5.135376827896513,,,,,1.248875140607424
242359,2021-07-02,Udinese,IT1,2,6568,73,6.50993909866017,6568.0,,,0.0,18.193483556638245,2.0,,0.0,0.0,0.0,0.5603532277710109,0.6082825822168088,8.656211936662606,22.0,3.3207064555420223,70.06979293544458,1.3958587088915957,0.04792935444579781
398073,2021-07-06,Inter,IT1,1,2672,37,7.239999999999999,2672.0,0.24,0.16,0.23,34.5,36.0,9.0,1.1,1.8,0.7,0.5,3.1,4.2,,,,,1.0
255901,2021-07-12,Udinese,IT1,2,6030,70,7.413417910447761,6030.0,0.2359353233830846,0.18,0.15404145936981756,41.01247097844113,159.0,37.0,2.7436484245439465,1.5281757877280264,0.6875290215588723,0.2531177446102819,2.5625870646766167,6.362587064676616,,,,,0.9937645107794363
315858,2021-07-14,AC Milan,IT1,2,6532,73,6.729608083282303,6532.0,,,0.0,21.176454378444582,,,0.0,0.0,0.04902020820575628,1.0960808328230252,1.196080832823025,7.303919167176974,26.0,2.6470606246172688,70.70195958358848,1.0980404164115125,0.0
88680,2021-07-17,Benevento,IT1,1,1568,25,6.3,1568.0,0.10999999999999999,0.05,0.01,38.0,5.0,1.0,,1.2,1.1,3.1,6.3,3.4,,,,,1.1
149446,2021-07-19,Benevento Calcio,IT1,2,2237,41,,2237.0,,0.060000000000000005,0.04,34.9,19.0,2.0,1.5,0.9,1.1,1.3,3.3,6.8,,,,,1.4
85528,2021-07-20,Hellas Verona,IT1,2,6210,69,6.636956521739131,6210.0,,,0.0,10.947826086956521,1.0,,0.0,0.0,0.1,0.7985507246376812,0.9,7.45072463768116,16.0,3.055072463768116,71.23333333333333,1.2,0.1
126687,2021-07-23,Fiorentina,IT1,2,1118,25,,1118.0,,,,,18.0,1.0,,,,,,,,,,,
164913,2021-07-23,Torino,IT1,2,3693,63,6.553763877606283,3693.0,0.06,0.07,0.04,31.677118873544547,34.0,3.0,2.2564581640942323,1.4623612239371784,1.0405903059842947,1.4,4.162361223937179,6.268264283780125,,,,,1.4
44834,2021-07-30,Bologna Football Club 1909,IT1,2,2299,46,6.5,2299.0,0.09,,,42.9,23.0,4.0,0.6,2.1,1.9,0.4,4.5,6.4,,,,,1.3
358166,2021-08-02,Genoa,IT1,2,2444,59,6.518698854337152,2444.0,0.40495908346972176,0.3694721767594108,0.07878068739770867,17.468698854337152,40.0,8.0,0.6747954173486088,1.21828968903437,0.26869885433715224,0.5313011456628478,2.1556873977086743,3.2313011456628478,,,,,2.0373977086743045
25508,2021-08-03,Torino,IT1,2,6210,69,6.128115942028986,6210.0,,,0.0,18.578260869565216,,,,0.0,,0.5072463768115942,0.553623188405797,6.714492753623189,17.0,2.836231884057971,61.33913043478261,1.7391304347826086,0.0
435228,2021-08-09,Spezia Calcio,IT1,2,2559,37,,2559.0,,0.03,0.01,43.5,5.0,1.0,0.1,0.9,1.7,5.6,9.0,5.6,,,,,1.2
203412,2021-08-10,Parma,IT1,1,1902,29,6.48,1902.0,0.05,0.14,0.08,18.7,24.0,6.0,0.5,0.5,0.0,1.2,1.8,2.2,,,,,1.7
96341,2021-08-12,Inter,IT1,1,2886,36,7.65,2886.0,0.75,0.74,0.17,16.6,52.0,10.0,1.7,0.3,0.1,1.1,1.5,1.6,,,,,1.1
28396,2021-08-14,Roma,IT1,2,4300,63,7.1838953488372095,4300.0,0.4190697674418605,0.5909302325581396,0.09575581395348837,18.68720930232558,67.0,9.0,0.897093023255814,0.4575581395348837,0.05755813953488372,0.9604651162790697,1.7180232558139534,2.2633720930232557,,,,,1.0848837209302327
121985,2021-08-18,Roma,IT1,2,1426,26,,1426.0,0.07,0.03,0.01,52.2,4.0,,0.1,1.8,0.6,2.2,5.7,7.3,,,,,1.0
113133,2021-08-19,Fiorentina,IT1,1,2748,32,6.469999999999999,2748.0,0.03,0.05,0.02,32.7,3.0,1.0,0.0,1.1,1.2,3.3999999999999995,6.200000000000001,4.3,,,,,1.1
65278,2021-08-19,Roma,IT1,2,3640,59,7.052686813186813,3640.0,0.3473186813186814,0.23195054945054944,0.12439010989010989,31.453736263736264,58.0,13.0,1.4878021978021978,1.5121978021978022,0.38780219780219777,0.26829670329670335,2.124395604395604,4.673186813186813,,,,,1.4
319160,2021-08-20,Sampdoria,IT1,1,2419,35,6.71,2419.0,0.21999999999999997,0.17,0.16,21.9,34.0,2.0,0.4,1.0,0.8999999999999999,1.0,3.0,5.2,,,,,0.7
298975,2021-08-23,Fiorentina,IT1,1,495,12,,495.0,,,,,6.0,1.0,,,,,,,,,,,
379807,2021-08-25,Torino,IT1,1,1959,23,6.5,1959.0,,0.05,0.02,49.4,6.0,1.0,0.8,1.0,2.1,3.3,7.6,8.2,,,,,1.1
111347,2021-08-27,Sampdoria,IT1,2,2652,37,6.65,2652.0,0.05,0.1,0.01,37.1,6.0,,0.2,1.7,1.3,4.7,8.3,4.4,,,,,1.5
37834,2021-08-31,Società Sportiva Lazio S.p.A.,IT1,2,1221,37,6.65,1221.0,0.7799999999999999,0.53,0.04,18.0,19.0,2.0,0.9,1.0,0.4,0.2,1.6,2.3,,,,,2.4
124715,2021-08-31,SSC Napoli,IT1,2,2322,31,,2322.0,,,,,5.0,,,,,,,,,,,,
8198,2021-08-31,Juventus,IT1,2,2834,34,7.89,2834.0,0.9299999999999999,0.9000000000000001,0.1,26.0,37.0,5.0,1.9,0.2,0.2,0.5,0.9000000000000001,2.3,,,,,0.5
357003,2021-08-31,Spezia Calcio,IT1,2,4371,57,6.592571493937315,4371.0,0.10281628917867765,0.08359185541066118,0.018204072294669412,36.72999313658202,6.0,2.0,0.1410203614733471,1.0820407229466942,1.4512239762068178,3.8718371082132235,7.458979638526653,4.823061084420041,,,,,1.3691832532601236
331560,2021-08-31,Bologna,IT1,2,2727,32,6.679999999999999,2727.0,0.07,0.07,0.029999999999999995,41.0,9.0,,0.5,1.6,1.8000000000000003,3.3999999999999995,7.4,5.1,,,,,1.0
240786,2021-08-31,Parma Calcio 1913,IT1,2,3091,45,6.54,3091.0,0.09,0.15,0.07,44.7,19.0,2.0,0.5,2.1,1.7,2.3,6.3,5.4,,,,,1.3
22068,2021-09-06,ACF Fiorentina,IT1,1,2170,29,6.67,2170.0,0.08,0.11,0.15,31.4,35.0,10.0,2.7,1.0,0.1,,1.2,3.0,,,,,1.5
35249,2021-09-08,Udinese Calcio,IT1,2,1512,24,6.5,1512.0,0.24,0.23,0.04,14.4,10.0,2.0,1.0,0.6,0.1,1.1,1.9,2.2,,,,,2.3
104752,2022-01-01,SSC Napoli,IT1,2,2612,34,6.75,2612.0,,0.03,0.01,56.3,5.0,,0.1,1.2,0.9,2.9,5.6,3.6,,,,,0.8
255744,2022-01-06,Udinese,IT1,2,3635,47,6.58,3635.0,0.04,0.05,0.02,43.8,12.0,2.0,0.2,1.6,2.4,2.3,7.0,4.0,,,,,1.6
432982,2022-01-28,Bologna,IT1,2,1918,44,6.63,1918.0,0.15,0.31,0.15,29.599999999999998,28.0,3.0,1.3,1.5,0.2,1.4,3.1,4.4,,,,,0.9
357498,2022-01-28,Fiorentina,IT1,1,2933,37,6.82,2933.0,0.64,0.57,0.03,12.099999999999998,18.0,3.0,0.8,0.4,0.1,0.5,1.0,2.4,,,,,1.6
54935,2022-01-30,Cagliari Calcio,IT1,2,3073,43,6.51,3073.0,0.08,0.07,0.05,29.6,15.0,4.0,0.1,1.1,0.6,2.0,4.2,5.1,,,,,0.8
46105,2022-01-31,Genoa CFC,IT1,1,2226,33,6.53,2226.0,,0.02,0.01,39.1,3.0,,0.3,0.7,1.5,4.4,7.5,6.3,,,,,1.1
354362,2022-01-31,Juventus,IT1,2,3479,52,7.15,3479.0,,0.03326818051164127,0.06668295487208968,59.18588674906583,40.0,5.0,1.1014659384880714,2.433170451279103,1.8663409025582063,1.367318194883587,6.067318194883588,7.501954584650761,,,,,1.7663409025582064
216569,2022-07-01,Sassuolo,IT1,2,3225,54,6.835457364341085,3225.0,0.2,0.15775193798449613,0.11004651162790698,33.34449612403101,39.0,4.0,4.0885271317829455,0.7334883720930233,0.3110077519379845,0.2110077519379845,1.2555038759689923,3.677984496124031,,,,,0.322015503875969
88683,2022-07-01,Genoa,IT1,2,3368,56,6.6578295724465555,3368.0,0.5319269596199525,0.3760243467933492,0.02,10.143853919239906,18.0,3.0,0.9356591448931116,0.40409738717339666,0.14795130641330168,0.6081947743467934,1.2081947743467933,1.8356591448931117,,,,,2.147951306413302
42460,2022-07-01,Inter,IT1,2,4642,67,7.2559112451529515,4642.0,0.23061180525635502,0.18040930633347696,0.202244722102542,26.19995691512279,86.0,24.0,0.6448944420508401,1.16122361051271,1.3061180525635503,1.2326583369237398,3.96122361051271,4.9122361051271,,,,,0.8224472210254201
55735,2022-07-01,Roma,IT1,2,5246,65,7.46140678612276,5246.0,0.31086160884483416,0.2708616088448342,0.16093785741517347,31.601524971406786,89.0,18.0,1.4093785741517346,1.757033930613801,1.0617232176896683,0.585932138772398,3.4523446435379337,6.00545177277926,,,,,1.342966069386199
67556,2022-07-01,Salernitana,IT1,1,2173,33,7.03,2173.0,0.21,0.22,0.13,16.8,33.0,5.0,0.3,0.0,0.1,1.3,1.5,1.7,,,,,1.0
69646,2022-07-01,Udinese,IT1,2,3333,44,6.57,3333.0,0.07,0.09999999999999999,0.049999999999999996,29.3,20.0,3.0,0.5,0.6,0.7999999999999999,1.7,3.5,4.5,,,,,0.39999999999999997
481834,2022-07-01,Cagliari,IT1,2,3302,45,6.5,3302.0,,0.030000000000000002,0.02,32.3,9.0,3.0,0.2,2.2,1.1,3.4,7.3,4.5,,,,,0.7
446491,2022-07-03,Venezia,IT1,1,252,7,,252.0,,,,,3.0,,,,,,,,,,,,
294808,2022-07-04,AC Milan,IT1,2,5542,68,7.336687116564417,5542.0,0.30576687116564416,0.3040490797546012,0.061656441717791416,47.73128834355828,59.0,7.0,1.241717791411043,1.5417177914110431,1.1331288343558283,1.0914110429447854,4.166257668711657,7.249693251533743,,,,,1.6331288343558281
457931,2022-07-04,Lazio,IT1,2,3402,45,6.820000000000001,3402.0,,0.02,0.02,59.800000000000004,6.0,1.0,0.2,1.5,1.2,3.5,7.3999999999999995,4.8,,,,,1.0
81789,2022-07-05,Sampdoria,IT1,2,4093,58,6.703290984607867,4093.0,0.06670901539213292,0.06664549230393355,0.04780601026142194,40.32193989738578,14.0,6.0,0.15548497434644518,0.7445150256535549,1.899364769118006,3.555484974346445,7.310334717810896,5.622575128267775,,,,,0.7780601026142194
607854,2022-07-06,Salernitana,IT1,1,1152,15,,1152.0,,,,,9.0,2.0,,,,,,,,,,,
7825,2022-07-08,Lazio,IT1,2,3960,44,6.44,3960.0,,,0.0,27.7,2.0,1.0,0.0,,0.0,0.5,0.5,7.4,11.0,2.6,65.0,1.4,
123261,2022-07-08,Sassuolo,IT1,2,4142,53,6.751120231772091,4142.0,0.1,0.048889425398358284,0.01444471269917914,59.134017382906805,10.0,,0.33334138097537425,1.4555770159343313,1.9555770159343313,2.7555528730082086,7.100048285852245,6.544447126991791,,,,,1.2777885079671658
389837,2022-07-08,Hellas Verona,IT1,1,2594,36,6.94,2594.0,,0.03,0.05000000000000001,32.3,11.0,2.0,0.3,1.6000000000000003,1.7000000000000002,3.0,6.699999999999999,6.800000000000001,,,,,1.5
591949,2022-07-09,Bologna,IT1,2,3597,47,6.95,3597.0,0.16,0.03,0.05,26.0,21.0,2.0,1.0,1.5,0.9,1.1,3.9,4.3,,,,,1.2
197747,2022-07-12,AC Milan,IT1,2,3314,41,6.73,3314.0,0.054245624622812315,0.0917893783946892,0.03575437537718769,49.11650573325286,6.0,2.0,0.1,1.0971937235968618,1.1424562462281231,3.317893783946892,6.530175015087508,4.467018708509355,,,,,0.9849124924562462
49275,2022-07-13,UC Sampdoria,IT1,2,3942,58,6.7816032470827,3942.0,0.06751902587519025,0.04416032470826991,0.025839675291730087,33.36793505834602,18.0,1.0,0.8,2.2832064941653987,1.7751902587519026,1.3,5.716793505834602,7.608016235413496,,,,,1.8167935058346019
459658,2022-07-14,Genoa,IT1,1,1791,26,6.89,1791.0,0.05000000000000001,0.03,0.09,27.600000000000005,16.0,3.0,1.3999999999999997,2.2999999999999994,1.2,1.3999999999999997,5.3,7.2,,,,,1.1
412513,2022-07-16,Venezia,IT1,1,2122,33,6.6,2122.0,0.38,0.29,0.1,11.0,20.0,3.0,0.5,0.4,0.1,1.1,1.7,1.6,,,,,2.1
342405,2022-07-16,Bologna,IT1,2,4434,70,6.727374830852503,4434.0,0.15872801082543977,0.13872801082543978,0.08419485791610286,25.670771312584574,50.0,10.0,1.0,1.5677943166441137,1.2097428958051422,1.0419485791610283,4.035588633288228,4.893640054127199,,,,,1.677537212449256
93128,2022-07-16,Napoli,IT1,2,4617,53,7.226614684860299,4617.0,0.11000000000000001,0.045211176088369075,0.01478882391163093,58.232488628979866,16.0,2.0,0.7478882391163093,1.5,1.1478882391163094,2.7168940870695257,6.3126705653021435,6.583105912930474,,,,,1.0957764782326185
326031,2022-07-19,Juventus,IT1,2,4894,58,7.073727012668574,4894.0,0.07279525950143031,0.049999999999999996,0.04,56.938455251328165,18.0,4.0,0.1453412341642828,1.2813649366571311,1.0813649366571314,2.982611360850021,6.090682468328566,4.9347772782999595,,,,,1.326706170821414
226524,2022-07-19,Sampdoria,IT1,2,5599,68,6.755272370066084,5599.0,0.09472762993391677,0.09999999999999999,0.040544740132166454,22.912841578853367,33.0,2.0,0.44727629933916774,1.9673155920700125,0.8472762993391676,1.058171101982497,4.2673155920700125,4.741828898017503,,,,,2.4527237006608322
206050,2022-07-20,Juventus,IT1,2,3207,49,7.397982538197693,3207.0,0.3910695353913315,0.34415653258497036,0.1841565325849704,40.54652323043343,68.0,15.0,2.035391331462426,1.229217337075148,0.2938260056127222,0.10000000000000002,1.6230433426878703,3.792173370751481,,,,,0.7353913314624259
516716,2022-07-20,Torino,IT1,2,5830,66,7.137910806174957,5830.0,0.12021612349914235,0.11985591766723842,0.014963979416809606,39.12089193825042,15.0,,0.34891938250428817,1.550360205831904,2.6956775300171527,4.1,9.046037735849056,7.540994854202402,,,,,1.4956775300171528
129129,2022-07-21,Cagliari,IT1,2,6587,74,6.9894261424017,6587.0,0.3945696068012752,0.344952178533475,0.09485653560042508,16.125611052072262,66.0,15.0,0.9990435706695007,0.4,0.29904357066950055,0.5990435706695004,1.3980871413390012,2.8514346439957494,,,,,1.5523910733262487
256267,2022-07-22,Lazio,IT1,2,1025,38,6.28,1025.0,0.11,0.35,0.06,18.8,10.0,,0.2,0.3,0.3,2.2,3.1000000000000005,3.3,,,,,1.5
61253,2022-07-25,Fiorentina,IT1,2,1955,50,6.52,1955.0,0.07,0.10654731457800512,0.1865473145780051,30.29028132992328,26.0,8.0,0.6005115089514067,1.1340153452685422,0.30051150895140666,0.3010230179028133,1.7690537084398976,4.832480818414322,,,,,0.4010230179028133
315867,2022-07-26,Sassuolo,IT1,2,3503,62,6.832172423636882,3503.0,0.6160862118184414,0.48310590922066804,0.06695689409077933,15.945332572081073,41.0,9.0,0.9770196974022267,0.9925492435055667,0.35403939480445334,0.8614901512988867,2.34658863831002,2.5546674279189268,,,,,2.0385098487011133
424042,2022-07-28,Udinese,IT1,2,4468,64,6.95857654431513,4468.0,0.18300358102059086,0.10557296329453895,0.10371530886302596,26.428469113697403,61.0,11.0,0.7,1.359288272157565,0.8221351835273053,1.4442703670546106,3.8664055505819155,5.31857654431513,,,,,0.9778648164726949
368891,2022-07-29,Bologna,IT1,1,2427,31,6.930000000000001,2427.0,0.07,0.05,0.01,44.8,6.0,,0.7,1.2,1.6,2.3,5.7,6.7,,,,,1.0
143812,2022-08-01,Inter,IT1,2,2048,49,6.79,2048.0,0.11,0.13,0.03,44.3,14.0,3.0,0.2,2.5,0.9,2.0,5.9,5.7,,,,,1.4
94307,2022-08-01,Sassuolo,IT1,2,2864,44,6.57,2864.0,0.12,0.11,0.06,23.3,45.0,6.0,1.3,1.8,0.3,0.3,2.6,4.5,,,,,1.6
164771,2022-08-05,Roma,IT1,1,2321,36,7.18,2321.0,0.16,0.18,0.16,45.6,55.0,9.0,0.5,1.3,1.0,0.9,3.3,5.7,,,,,0.7
197929,2022-08-08,Spezia Calcio,IT1,2,6174,69,6.8397408487204405,6174.0,,0.0,0.0,21.910560414642045,1.0,,0.0,0.0,0.09999999999999999,0.9342079689018467,0.9342079689018467,8.057887917071591,28.0,3.136831875607386,73.36585681891805,1.2026239067055393,0.09999999999999999
56416,2022-08-08,SSC Napoli,IT1,1,1386,30,7.19,1386.0,0.71,0.28,0.16,25.7,33.0,3.0,1.1,1.0,0.6,0.09999999999999999,1.9000000000000001,3.3000000000000003,,,,,1.7
540941,2022-08-10,Sampdoria,IT1,1,576,11,,576.0,,,,,11.0,,,,,,,,,,,,
40433,2022-08-10,Inter,IT1,1,862,27,6.81,862.0,0.52,0.45000000000000007,0.26,35.4,20.0,2.0,2.2,0.9000000000000001,0.2,0.29999999999999993,1.5,3.8,,,,,1.0
148252,2022-08-14,Atalanta,IT1,1,2378,29,7.15,2378.0,0.04,0.05,0.1,55.60000000000001,23.0,3.0,0.8,2.6,1.3,0.9000000000000001,5.1,7.0,,,,,1.6
204987,2022-08-15,Venezia,IT1,1,573,18,,573.0,,,,,4.0,,,,,,,,,,,,
556385,2022-08-16,Udinese,IT1,2,5199,68,7.168303519907675,5199.0,0.1382381227159069,0.1286785920369302,0.060440469321023274,24.25351029044047,62.0,3.0,1.556607039815349,2.3522023466051163,1.1044046932102325,0.9345835737641853,4.5389882669744175,5.704404693210233,,,,,1.2477976533948836
546880,2022-08-19,Udinese,IT1,2,1501,44,6.3999999999999995,1501.0,,0.049999999999999996,0.030000000000000002,17.2,19.0,4.0,2.1,2.4,0.6,0.7000000000000001,3.9,5.5,,,,,2.6999999999999997
238752,2022-08-26,Cagliari,IT1,1,1233,26,6.42,1233.0,0.22,0.26,0.08,13.6,10.0,1.0,0.4,0.6,0.3,0.4,1.3,2.4,,,,,2.0
167727,2022-08-28,Torino,IT1,2,2510,53,6.575274900398406,2510.0,0.52,0.42263745019920324,0.04902788844621514,14.94581673306773,24.0,1.0,0.8194422310756972,0.7256972111553784,0.14513944223107572,0.5097211155378486,1.5354183266932269,2.3388844621513947,,,,,1.7
407885,2022-08-29,Salernitana,IT1,1,947,17,,947.0,,,,,12.0,2.0,,,,,,,,,,,
350219,2022-08-30,Napoli,IT1,1,2396,32,7.61,2396.0,0.26,0.06,0.11,73.8,32.0,4.0,0.5,2.1,0.8,1.2,4.1,7.6,,,,,0.8
400485,2022-09-01,SSC Napoli,IT1,2,325,17,,325.0,,,,,12.0,,,,,,,,,,,,
126711,2022-09-08,SSC Napoli,IT1,1,286,8,,286.0,,,,,2.0,1.0,,,,,,,,,,,
104597,2023-01-02,Udinese,IT1,1,2034,27,6.69,2034.0,0.04,0.06,0.01,33.8,3.0,,0.0,1.7,1.0,4.2,8.2,4.5,,,,,0.7
425918,2023-01-23,Spezia Calcio,IT1,2,3410,39,6.7,3410.0,,0.02,0.01,24.7,12.0,2.0,0.4,2.3,1.8,2.2,7.1,4.7,,,,,1.2
322305,2023-01-30,Udinese,IT1,2,3170,49,6.92,3170.0,0.04,0.11,0.05,26.5,31.0,2.0,1.5,1.1,0.7,0.5,2.6,5.7,,,,,1.0
245056,2023-01-31,Torino,IT1,2,4180,51,7.32,4180.0,0.15,0.14,0.1,45.2,48.0,7.0,0.8,1.5,0.7,1.1,3.6,6.1,,,,,2.6
392085,2023-02-08,Roma,IT1,2,2881,41,6.75,2881.0,0.09,0.25,0.08,15.5,36.0,6.0,2.5,1.1,0.3,0.2,1.6,3.6,,,,,2.4
174733,2023-02-09,Sampdoria,IT1,2,4133,48,6.969999999999999,4133.0,,0.04,0.01,39.5,,,0.1,1.5,2.6,4.4,9.1,6.0,,,,,0.8
104597,2023-07-01,Sampdoria,IT1,2,3918,52,6.665957120980092,3918.0,0.04,0.035957120980091885,0.014808575803981622,32.79019908116386,6.0,1.0,0.0,2.277029096477795,1.1442572741194488,4.536600306278714,9.257886676875957,4.451914241960184,,,,,0.9885145482388974
286047,2023-07-01,FC Empoli,IT1,2,6204,69,6.7743713733075435,6204.0,,,0.0,23.23597678916828,1.0,,,0.0,0.0,1.0692456479690522,1.1243713733075436,7.896131528046423,14.0,3.596131528046422,69.75647969052224,1.5756286266924566,0.0
119031,2023-07-01,Sassuolo,IT1,2,1886,33,6.549999999999999,1886.0,0.07,0.02,0.02,52.7,2.0,,0.1,1.3,0.9000000000000001,3.7,6.799999999999999,4.6,,,,,0.9000000000000001
28396,2023-07-01,Inter,IT1,2,4204,69,7.174843006660324,4204.0,0.47000000000000003,0.5276617507136061,0.12878924833491914,19.641960038058993,61.0,10.0,0.558872502378687,0.3766175071360609,0.14112749762131302,1.3000000000000003,1.9354900095147476,2.9822549952426263,,,,,1.1645099904852523
84765,2023-07-01,Sampdoria,IT1,2,5774,74,6.749421544856252,5774.0,0.26167301697263595,0.3302390024246623,0.08047800484932456,13.467925181849669,71.0,8.0,0.2535850363699342,0.20000000000000004,0.10000000000000002,0.3488049878766886,0.5976099757533772,1.8023900242466229,,,,,0.6511950121233114
94307,2023-07-01,Sampdoria,IT1,2,2864,44,6.57,2864.0,0.12,0.11,0.06,23.3,45.0,6.0,1.3,1.8,0.3,0.3,2.6,4.5,,,,,1.6
199976,2023-07-01,Atalanta,IT1,2,1790,20,,1790.0,,,,,,,,,,,,,3.0,,,,
787907,2023-07-01,Roma,IT1,1,351,11,,351.0,,,,,4.0,,,,,,,,,,,,
982267,2023-07-01,Hellas Verona,IT1,1,737,17,,737.0,,,,,5.0,,,,,,,,,,,,
746891,2023-07-01,Roma,IT1,2,259,10,,259.0,,,,,5.0,1.0,,,,,,,,,,,
390177,2023-07-01,FC Empoli,IT1,2,3807,72,6.761657473075912,3807.0,0.18666141318623589,0.22499605988967689,0.16874704491725767,24.924980299448382,83.0,4.0,1.6624901497241924,0.9458366167586026,0.37501970055161543,0.34583661675860256,1.7125295508274232,4.366692934068821,,,,,0.6541633832413973
470794,2023-07-01,Hellas Verona,IT1,2,4566,57,7.082306176084099,4566.0,0.06224047306176084,0.06775952693823915,0.07224047306176085,40.12371879106439,49.0,4.0,0.8110381077529566,1.4444809461235217,0.7110381077529566,1.4996714848883048,3.96622864651774,6.466557161629435,,,,,1.3331143232588698
397033,2023-07-03,AC Milan,IT1,2,5327,70,7.354460296602215,5327.0,0.11892059320443027,0.10935235592265816,0.14021588135911395,38.96977660972405,106.0,20.0,0.6424441524310118,2.0021588135911395,0.9956823728177211,0.5489205932044302,3.8489205932044297,6.193523559226582,,,,,1.395682372817721
45320,2023-07-05,Juventus,IT1,1,1362,26,6.91,1362.0,0.26,0.21,0.27,28.899999999999995,42.0,10.0,2.1,0.7,0.5,,1.1,3.4000000000000004,,,,,0.4000000000000001
317806,2023-07-06,Cremonese,IT1,1,1592,26,6.46,1592.0,0.3400000000000001,0.42,0.08,9.9,23.0,2.0,0.7,0.6,0.2,0.3,1.2,1.7,,,,,1.9
204069,2023-07-06,Inter,IT1,2,4920,56,6.966890243902439,4920.0,0.09,0.07841463414634146,0.026402439024390247,58.614024390243905,15.0,1.0,0.26402439024390245,1.3719512195121952,0.7,2.428048780487805,5.228048780487805,4.9957317073170735,,,,,1.4158536585365853
197471,2023-07-07,Inter,IT1,2,1413,37,,1413.0,,0.1,0.09,33.9,11.0,3.0,,1.9,0.5,1.4,4.3,4.4,,,,,2.3
564305,2023-07-10,Torino,IT1,1,260,9,,260.0,,,,,1.0,,,,,,,,,,,,
416386,2023-07-13,Sassuolo,IT1,2,1067,45,,1067.0,0.28,0.16515463917525774,0.053692596063730086,42.186035613870665,11.0,1.0,1.1923149015932522,2.359231490159325,0.503842549203374,1.0146204311152764,3.936925960637301,6.4192127460168695,,,,,2.2261480787253984
547985,2023-07-14,FC Empoli,IT1,2,4310,58,7.092682134570765,4310.0,0.06,0.0531600928074246,0.043160092807424597,30.324222737819024,30.0,2.0,1.931600928074246,2.1,1.3,2.165800464037123,6.068399071925755,7.7419953596287705,,,,,1.1683990719257542
240219,2023-07-14,Fiorentina,IT1,2,2499,40,6.63,2499.0,,0.01,0.05,45.8,16.0,1.0,0.2,1.4,0.3,1.4,3.3,4.3,,,,,0.9
284595,2023-07-18,Sampdoria,IT1,2,5462,73,6.790519956060051,5462.0,0.0512266569022336,0.021226656902233614,0.09683998535335044,30.50186744782131,60.0,8.0,0.956133284511168,0.8948004393994873,0.7632002929329916,1.7070670084218236,3.521201025265471,5.882533870377151,,,,,0.44386671548883194
503482,2023-07-18,Napoli,IT1,1,3054,35,7.429999999999999,3054.0,0.05999999999999999,0.029999999999999995,0.029999999999999995,75.1,10.0,2.0,0.1,1.6,1.2,3.6,7.2,6.2,,,,,0.9
91970,2023-07-19,Juventus,IT1,2,4579,64,7.369737934046735,4579.0,0.09446604062022276,0.060000000000000005,0.17080585280628957,47.26446822450317,101.0,15.0,1.4267962437213366,1.927669796898886,1.0,1.0544660406202226,4.136601878139332,5.435728324961781,,,,,1.0187377156584407
410158,2023-07-20,Udinese,IT1,2,5618,63,6.991950872196511,5618.0,0.0644250622997508,0.0388501245995016,0.0244250622997508,32.67803488786045,20.0,2.0,0.14425062299750802,2.3885012459950157,1.0672481310074757,2.367248131007476,6.6,5.588501245995016,,,,,1.511498754004984
234509,2023-07-20,Inter,IT1,1,2160,24,6.88,2160.0,,,0.0,30.1,3.0,,,,,0.6,0.6,7.5,8.0,2.6,72.1,1.0,
88909,2023-07-21,Fiorentina,IT1,2,2490,58,6.741646586345381,2490.0,0.2535180722891566,0.18417670682730924,0.17516465863453815,26.540562248995982,40.0,9.0,1.3516465863453815,0.7,0.24506024096385545,0.3934136546184739,1.3868273092369479,4.535180722891566,,,,,0.6901204819277109
241076,2023-07-21,Spezia Calcio,IT1,2,5878,71,6.576073494385846,5878.0,0.12214358625382782,0.15071452875127597,0.055178632187818995,20.512521265736645,44.0,3.0,0.6142905750255189,1.110717931269139,0.4035726437563797,1.0071452875127593,2.5696495406600883,4.162504253147328,,,,,1.4482136781218098
236490,2023-07-22,Torino,IT1,2,2313,40,6.96,2313.0,0.1,0.03638996973627324,0.12769995676610463,28.64889753566796,29.0,9.0,1.59009943795936,1.7376999567661047,1.4738002594033721,1.7507998270644185,5.162300043233895,6.337699956766104,,,,,1.3261997405966277
404260,2023-07-23,Fiorentina,IT1,2,1187,36,6.87,1187.0,0.1,0.04,0.19,44.3,30.0,3.0,1.6,1.6,0.5,1.5,3.9,5.7,,,,,0.4
157507,2023-07-23,Hellas Verona,IT1,2,5705,76,6.927067484662577,5705.0,0.14,0.034515337423312885,0.04354601226993865,28.850797546012267,52.0,2.0,0.9257668711656442,1.6903067484662577,1.416073619631902,1.4096932515337424,4.770920245398773,7.1676073619631895,,,,,1.0354601226993865
216569,2023-07-25,Atalanta,IT1,2,2206,50,6.73,2206.0,0.23,0.16145512239347234,0.2403853127833182,36.056210335448775,61.0,6.0,4.364052583862193,0.9699002719854941,0.16504986400725297,0.1,1.234950135992747,3.934950135992747,,,,,0.2398005439709882
123261,2023-07-25,Cremonese,IT1,2,3287,45,6.6,3287.0,,0.04,0.01,47.8,3.0,,0.2,1.1,1.6,2.8,6.3,6.5,,,,,1.1
380350,2023-07-26,Fiorentina,IT1,2,4297,57,6.910842448219688,4297.0,,0.02,0.020421224109844077,56.44009774261112,9.0,1.0,0.4521061205492204,2.0042122410984406,1.1521061205492205,1.9873632767046774,5.9,6.84789387945078,,,,,1.1957877589015593
187587,2023-07-31,AC Milan,IT1,2,1851,47,6.626909778498109,1851.0,0.24690977849810913,0.2869097784981091,0.245634792004322,16.87817396002161,42.0,10.0,1.4945434900054022,1.1363587250135063,0.1945434900054025,0.40545650999459754,1.8363587250135065,2.969097784981091,,,,,1.7945434900054025
55769,2023-08-02,Inter,IT1,2,2265,39,6.78,2265.0,,0.04,0.03,56.0,11.0,1.0,0.4,3.3,0.8,1.8000000000000003,6.700000000000001,4.5,,,,,1.1
610442,2023-08-05,Atalanta,IT1,1,1833,32,6.66,1833.0,0.44,0.46,0.09,15.5,24.0,1.0,1.4,0.2,0.0,0.2,0.5,2.8,,,,,1.0
401527,2023-08-05,Sassuolo,IT1,1,2999,36,6.77,2999.0,,0.02,0.07,39.5,30.0,3.0,0.7,1.1,1.1,1.8,4.3,4.9,,,,,0.9
354814,2023-08-10,Spezia Calcio,IT1,2,4288,65,6.609923041044777,4288.0,0.33631996268656716,0.34315998134328357,0.09,15.752215485074627,49.0,4.0,0.9279384328358209,0.47206156716417913,0.2,0.9161847014925373,1.6801539179104477,2.580153917910448,,,,,2.072061567164179
390638,2023-08-10,Fiorentina,IT1,1,1432,28,6.77,1432.0,0.5,0.5,0.06,11.4,14.0,,0.9,0.6,0.1,0.7,1.4,2.5,,,,,1.6
369674,2023-08-12,Atalanta,IT1,1,2213,34,6.92,2213.0,0.12,0.13,0.12,39.2,37.0,2.0,0.7,1.3,1.0,0.9,3.4,5.6,,,,,0.7
461496,2023-08-13,Lecce,IT1,1,2963,35,7.25,2963.0,,0.02,0.05,31.300000000000004,26.0,3.0,0.5,2.7,2.2,1.6,6.9,7.700000000000001,,,,,1.9
74683,2023-08-14,Roma,IT1,1,1837,35,6.99,1837.0,0.1,0.05,0.09,54.1,24.0,4.0,1.2,2.3,1.2,0.8,4.7,8.4,,,,,0.9
273132,2023-08-15,Inter,IT1,1,1167,32,6.65,1167.0,0.23,0.23,0.23,32.9,16.0,1.0,0.5,2.6,1.7999999999999998,0.8999999999999999,5.5,4.0,,,,,1.3
347900,2023-08-16,Bologna,IT1,1,2516,33,7.1,2516.0,,0.02,0.04,46.5,19.0,3.0,1.0,2.3,1.4,1.5,5.8,7.7,,,,,0.9
648779,2023-08-17,Torino,IT1,1,2055,31,6.96,2055.0,0.09,0.12,0.08,29.8,23.0,2.0,1.3,1.2,0.5,1.2,3.0,5.1,,,,,1.8
595809,2023-08-29,Udinese,IT1,2,2206,34,6.7,2206.0,0.42,0.46,0.08,8.0,29.0,4.0,1.4,0.7,0.3,1.3,2.3,1.3,,,,,1.5
622801,2023-08-29,Sampdoria,IT1,1,277,12,,277.0,,,,,1.0,,,,,,,,,,,,
316889,2023-09-01,Napoli,IT1,1,1610,32,6.98,1610.0,0.17000000000000004,0.3,0.18,23.1,30.0,5.0,2.1,1.3,0.8,0.2,2.3,3.4,,,,,1.5
39983,2023-09-01,Juventus,IT1,1,875,16,,875.0,,,,,4.0,,,,,,,,,,,,
131731,2023-09-01,Spezia Calcio,IT1,1,2881,38,6.87,2881.0,0.03,0.07,0.11000000000000001,31.4,38.0,7.0,1.0,1.3,1.0,1.8,4.5,6.1,,,,,1.1
497291,2023-09-01,Bologna,IT1,2,2410,33,7.300000000000001,2410.0,0.12,0.1,0.11,44.5,37.0,4.0,1.1,3.1,0.8,0.8999999999999999,5.0,6.5,,,,,1.7
257462,2023-09-01,Fiorentina,IT1,1,1526,31,6.58,1526.0,0.35000000000000003,0.4699999999999999,0.060000000000000005,13.4,23.0,2.0,0.9,0.39999999999999997,0.09999999999999999,0.6,1.2,1.1,,,,,1.4000000000000001
400489,2024-01-01,Napoli,IT1,2,1946,47,6.869999999999999,1946.0,0.33,0.22999999999999998,0.13,47.5,33.0,3.0,1.3,1.3,0.6,0.2,2.2,4.3,,,,,1.2
503075,2024-01-02,Hellas Verona,IT1,1,2697,33,6.89,2697.0,,0.01,0.01,25.599999999999998,3.0,,0.5,2.5,1.1,3.1999999999999997,7.3999999999999995,7.8,,,,,1.8
250153,2024-01-05,Salernitana,IT1,1,1967,27,7.02,1967.0,0.09,0.06,0.09,24.5,30.0,1.0,2.7,1.5,0.5,1.3,3.3,5.9,,,,,1.2
631007,2024-01-08,Hellas Verona,IT1,1,830,21,,830.0,,0.02,0.16,21.7,8.0,2.0,0.7,2.4,1.1,1.3,5.2,5.1,,,,,0.8
568559,2024-01-11,Genoa,IT1,1,1710,19,6.87,1710.0,0.11,0.05,0.05,29.9,7.0,1.0,,0.8,1.1,4.6,7.2,3.3,,,,,0.7
398808,2024-01-12,Hellas Verona,IT1,2,1608,24,,1608.0,,,,,12.0,1.0,,,,,,,,,,,
449151,2024-01-13,AC Milan,IT1,1,1509,25,7.0,1509.0,0.3,0.13,0.09,24.199999999999996,15.0,4.0,2.0,1.4,0.4,1.6,3.6000000000000005,4.1,,,,,1.4
358032,2024-01-19,Hellas Verona,IT1,1,823,15,,823.0,,,,,11.0,,,,,,,,,,,,
567129,2024-01-20,Hellas Verona,IT1,1,1355,22,6.75,1355.0,0.13,0.12,0.09,17.1,12.0,2.0,1.5,1.3,0.7,0.8,3.2,6.2,,,,,0.9
344072,2024-01-25,Spezia Calcio,IT1,1,2373,30,6.66,2373.0,,0.1,0.08,24.2,18.0,3.0,0.6,2.0,0.8,2.8,6.2,4.1,,,,,1.4
67556,2024-01-26,Hellas Verona,IT1,1,1440,29,6.880000000000001,1440.0,0.05999999999999999,0.1,0.07,17.4,23.0,2.0,0.1,0.1,0.1,1.6,2.0,2.0,,,,,1.6
445126,2024-01-31,Cremonese,IT1,1,2790,37,6.75,2790.0,0.060000000000000005,0.07,0.12000000000000001,17.7,54.0,4.0,0.6,1.7,0.7,1.1,3.6,6.1,,,,,0.9
418559,2024-02-01,Salernitana,IT1,2,1169,35,6.349999999999999,1169.0,0.11,0.06,0.07999999999999999,17.2,9.0,3.0,0.20000000000000004,1.2,,0.4000000000000001,1.6000000000000003,3.4,,,,,1.3
641537,2024-02-01,FC Empoli,IT1,1,1788,26,6.75,1788.0,0.2,0.12,0.09,26.7,23.0,1.0,1.2,1.3,0.1,0.2,1.6,3.5,,,,,0.6
131731,2024-02-09,Frosinone,IT1,2,3078,48,6.87,3078.0,0.03,0.07,0.11000000000000001,31.4,39.0,7.0,1.0,1.3,1.0,1.8,4.5,6.1,,,,,1.1
167727,2024-07-01,Roma,IT1,2,2757,60,6.566851650344576,2757.0,0.33000000000000007,0.31534276387377586,0.07178092129125863,13.417809212912587,27.0,6.0,0.48219078708741386,0.9410953935437071,0.20000000000000004,0.34109539354370694,1.582190787087414,1.7821907870874139,,,,,1.641095393543707
457736,2024-07-01,Hellas Verona,IT1,1,1346,17,,1346.0,,,,,26.0,1.0,,,,,,,,,,,
457673,2024-07-01,Lecce,IT1,2,3579,54,6.864341994970662,3579.0,0.22434199497066218,0.22062028499580894,0.1274937133277452,19.856831517183572,68.0,10.0,1.268734283319363,1.8312657166806372,0.6,0.4625314333612741,2.962531433361274,4.649874266554904,,,,,1.8062028499580887
445126,2024-07-01,Frosinone,IT1,2,3968,53,6.75,3968.0,0.060000000000000005,0.07,0.12000000000000001,17.7,78.0,9.0,0.6,1.7,0.7,1.1,3.6,6.1,,,,,0.9
385394,2024-07-01,Cagliari,IT1,1,2979,35,7.0,2979.0,0.05999999999999999,0.07,0.04,31.3,12.0,4.0,0.2,1.7,1.4,5.1,8.9,5.7,,,,,1.1
356141,2024-07-01,Lazio,IT1,1,1543,29,6.9,1543.0,0.12,0.10999999999999999,0.12,47.0,24.0,5.0,0.8,3.1,1.0,0.4,4.8,4.4,,,,,2.3
181136,2024-07-01,Napoli,IT1,2,4243,65,7.187784586377562,4243.0,0.12913504595804856,0.13086495404195145,0.2260546782936601,48.03217063398539,132.0,17.0,0.8086495404195144,0.882700919160971,0.45432477020975726,0.42837614895121373,1.8740513787414566,4.0,,,,,0.7543247702097572
607226,2024-07-01,Salernitana,IT1,1,2099,33,6.55,2099.0,0.17,0.11,0.06,20.9,22.0,4.0,0.7,0.9,0.2,0.6,1.6,3.0,,,,,0.6
278531,2024-07-08,FC Empoli,IT1,2,6544,74,6.743555929095355,6544.0,0.044381112469437656,0.04520629584352079,0.015206295843520783,40.01335574572128,14.0,3.0,0.15206295843520784,0.9520629584352078,0.9917481662591687,4.239685207823961,7.275244498777507,4.327307457212714,,,,,0.6520629584352078
416386,2024-07-09,Frosinone,IT1,2,1657,41,,1657.0,0.28,0.21,0.07,35.5,22.0,3.0,1.6,2.4,0.3,1.3,4.1,5.4,,,,,1.9
388516,2024-07-09,Genoa,IT1,1,3239,36,6.87,3239.0,,,0.0,25.3,1.0,,0.1,,0.0,1.4,1.4,8.6,8.0,2.4,67.2,1.2,0.1
364135,2024-07-09,Juventus,IT1,2,1639,47,6.59,1639.0,0.55,0.4589566809029896,0.044136668700427095,10.568883465527762,13.0,2.0,1.5982916412446613,0.8189749847467968,0.42068334350213543,0.3982916412446614,1.677608297742526,3.1637583892617447,,,,,1.558633312995729
118689,2024-07-10,Roma,IT1,2,2963,50,6.81213972325346,2963.0,0.05885588930138374,0.04228822139723254,0.15427944650691866,34.35825177185285,48.0,9.0,1.4,0.8885588930138374,0.36716166047924403,0.9671616604792441,2.422882213972325,5.267161660479244,,,,,0.6114411069861626
105521,2024-07-12,Lazio,IT1,2,3884,62,6.950926879505665,3884.0,0.4373635427394439,0.558681771369722,0.06999999999999999,18.486817713697217,43.0,5.0,0.6294541709577756,0.48527291452111226,0.12790937178166836,0.5426364572605561,1.3131822863027809,1.9720906282183317,,,,,0.9705458290422245
112302,2024-07-12,Udinese,IT1,2,4698,61,7.007134951042998,4698.0,0.17189016602809706,0.15792677735206473,0.14829289059174117,27.25185185185185,74.0,12.0,1.0414644529587058,1.020732226479353,0.4207322264793529,0.679267773520647,2.3603661132396763,4.981098339719029,,,,,1.079267773520647
386446,2024-07-13,Torino,IT1,2,5253,63,7.125591090805253,5253.0,0.06853036360175138,0.07036740909956216,0.025183704549781076,39.94328954882924,12.0,3.0,0.2,1.8779554540262706,2.240814772510946,3.92611840852846,8.496725680563488,5.018370454978108,,,,,2.292651818008757
435648,2024-07-14,Bologna,IT1,2,3579,53,7.18,3579.0,0.3283934059793238,0.3035456831517183,0.07322715842414083,22.596814752724224,59.0,13.0,1.7225761385861973,0.8645431684828164,0.1677284157585918,1.0193908913104217,2.1742386141380274,3.0290863369656322,,,,,0.9000000000000001
982267,2024-07-17,Cagliari,IT1,2,2079,38,6.58,2079.0,0.13,0.06,0.01,24.1,9.0,,0.6,2.4,0.5,1.0,4.2,5.7,,,,,1.2
413507,2024-07-18,Fiorentina,IT1,2,4642,61,6.97601464885825,4642.0,0.08,0.04760878931495045,0.03460146488582508,47.31775096940974,14.0,3.0,0.1,1.5920292977165014,0.9539853511417492,3.107970702283499,6.146014648858251,4.590219732873762,,,,,1.330073244291254
686965,2024-07-18,Hellas Verona,IT1,2,1968,34,6.84,1968.0,,0.03,0.04,25.7,14.0,,0.7,2.2,1.6,2.8,7.0,4.1,,,,,1.6
282144,2024-07-19,Lecce,IT1,2,4012,45,6.88,4012.0,,0.03,0.02,44.1,13.0,,0.4,1.2,1.4,3.6,6.9,5.1,,,,,1.6
487834,2024-07-20,Salernitana,IT1,2,3939,53,6.593307946179234,3939.0,0.06978167047473978,0.05483625285605483,0.014945417618684946,37.56255394770247,4.0,,0.2,1.6516374714394517,1.2483625285605484,3.9516374714394518,8.34945417618685,3.7494541761868496,,,,,1.401091647626301
929494,2024-07-24,Salernitana,IT1,1,1058,25,6.11,1058.0,0.09,0.21,0.05,9.4,8.0,,1.3,0.3,0.1,0.7,1.1,2.0,,,,,3.0
502821,2024-07-29,Bologna,IT1,1,2338,30,7.489999999999999,2338.0,0.08,0.06,0.04,61.7,17.0,2.0,0.5,1.8000000000000003,1.9,2.8,7.1,7.5,,,,,1.3
367284,2024-07-30,Napoli,IT1,2,2037,32,6.88,2037.0,0.06,0.04,0.02,64.8,3.0,,0.10000000000000002,1.3,0.9,3.6,6.400000000000001,4.3,,,,,0.6999999999999998
357003,2024-08-02,Sassuolo,IT1,2,2958,40,6.669999999999999,2958.0,0.03,0.03,0.01,33.1,,,0.10000000000000002,1.3,1.0,4.4,7.099999999999999,3.7999999999999994,,,,,1.0
86784,2024-08-05,Torino,IT1,1,2783,35,6.87,2783.0,0.03,0.01,0.06,43.2,20.0,2.0,0.3,1.5,0.8,1.9,4.4,3.6000000000000005,,,,,0.8
275303,2024-08-06,Atalanta,IT1,1,1104,23,6.62,1104.0,,0.03,0.1,33.9,22.0,4.0,0.5,1.0,0.3,1.7,3.6,2.8,,,,,1.3
554903,2024-08-08,Genoa,IT1,2,4627,65,7.01338880484115,4627.0,0.6226237302787982,0.4891808947482169,0.051147611843527126,13.607110438729197,49.0,7.0,0.49617462718824296,0.5961746271882429,0.1,0.8885238815647287,1.6366111951588502,2.455738059217636,,,,,1.3442619407823644
40433,2024-08-10,Inter,IT1,2,1185,36,,1185.0,0.23999999999999996,0.38999999999999996,0.34,32.5,21.0,7.0,1.4,0.8,0.1,0.2,1.3,3.4,,,,,1.7
208690,2024-08-14,Genoa,IT1,1,185,8,,185.0,,,,,1.0,,,,,,,,,,,,
386552,2024-08-14,Salernitana,IT1,2,4759,66,6.643149821391049,4759.0,0.03,0.029999999999999995,0.02876654759403236,28.510800588358904,23.0,4.0,0.6,1.775330951880647,0.6438327379701618,1.2123345240596763,3.943832737970161,5.206829165791133,,,,,1.3438327379701616
331498,2024-08-16,Hellas Verona,IT1,1,304,11,,304.0,,,,,3.0,1.0,,,,,,,,,,,
357992,2024-08-22,Torino,IT1,2,5558,72,7.0779560993163,5558.0,0.03,0.05102195034184959,0.15244512414537603,28.504012234616766,87.0,22.0,1.0755487585462395,1.010219503418496,0.48978049658150413,1.1244512414537604,2.7244512414537603,4.014231738035265,,,,,0.48978049658150413
91970,2024-08-26,Inter,IT1,2,1083,33,6.85,1083.0,,0.1,0.21,45.1,28.0,6.0,1.9,2.1,0.8,0.7,3.7,3.4,,,,,1.0
569387,2024-08-27,Lecce,IT1,2,3231,39,6.86,3231.0,0.06,0.05,0.05,22.7,26.0,2.0,0.5,1.6,1.0,2.5,5.5,3.1,,,,,0.8
360518,2024-08-28,Atalanta,IT1,2,4629,62,7.119006264852019,4629.0,0.2935191186001296,0.1984294664074314,0.18137178656297254,34.17634478289047,98.0,10.0,0.5568589328148628,1.3431410671851371,0.3431410671851372,1.056858932814863,3.158846403110823,3.892050118816159,,,,,1.6274357312594512
341092,2024-08-29,Juventus,IT1,1,2207,33,7.06,2207.0,0.37,0.26,0.23,17.9,54.0,12.0,1.4,0.8,0.2,0.2,1.3,2.5,,,,,0.5
345458,2024-08-30,FC Empoli,IT1,2,3896,58,6.587992813141684,3896.0,,0.014727926078028749,0.019455852156057492,36.19081108829569,8.0,1.0,0.35272073921971253,1.7945585215605748,0.7945585215605749,4.401694045174538,7.912577002053388,3.2744866529774126,,,,,1.283675564681725
390177,2024-08-30,Sassuolo,IT1,1,1312,28,6.550000000000001,1312.0,0.14,0.17,0.11,20.9,22.0,3.0,1.2,0.8999999999999999,0.4000000000000001,0.4000000000000001,1.7999999999999998,3.9000000000000004,,,,,0.8000000000000002
205006,2024-08-31,Roma,IT1,1,1214,18,,1214.0,,,,,10.0,3.0,,,,,,,,,,,
29559,2024-09-02,Salernitana,IT1,1,1890,21,6.2,1890.0,,,0.0,15.2,,,,,,0.5,0.5,6.6,1.0,3.6,63.0,2.1,
453864,2024-09-11,Frosinone,IT1,1,522,22,,522.0,0.17,0.24,0.03,14.1,6.0,,0.5,1.4,0.2,,1.7,3.1,,,,,2.2
502670,2025-01-17,Napoli,IT1,2,3937,51,7.58,3937.0,0.36,0.36,0.18,30.1,91.0,16.0,3.3,1.4,0.4,0.2,2.1,3.2,,,,,0.8
67556,2025-01-22,Monza,IT1,1,2464,37,6.88,2464.0,0.33,0.28,0.030000000000000002,11.7,21.0,5.0,0.1,0.2,0.0,1.5,1.7999999999999998,2.0,,,,,1.7999999999999998
210178,2025-01-28,Monza,IT1,1,2616,34,6.680000000000001,2616.0,,0.01,0.02,54.0,4.0,1.0,0.2,1.4,1.3,3.7,7.2,3.4,,,,,1.3
603891,2025-01-29,FC Empoli,IT1,2,175,16,,175.0,,,,,3.0,,,,,,,,,,,,
539134,2025-02-01,Monza,IT1,1,588,18,,588.0,,,,,12.0,2.0,,,,,,,,,,,
926952,2025-02-02,Lecce,IT1,2,3405,53,6.695409691629957,3405.0,0.13622907488986785,0.13704845814977976,0.04540969162995595,25.995154185022027,37.0,4.0,0.7377092511013216,2.3377092511013218,0.7163876651982379,1.9377092511013214,5.237709251101322,4.662290748898679,,,,,1.2918061674008812
372445,2025-02-03,Hellas Verona,IT1,2,844,25,,844.0,,,,,6.0,1.0,,,,,,,,,,,
336125,2025-02-03,Torino,IT1,1,1372,28,6.78,1372.0,,0.03,0.1,43.2,18.0,3.0,0.5,1.1,0.9,1.4,3.5,4.3,,,,,0.8
982855,2025-02-03,Hellas Verona,IT1,1,90,2,,90.0,,,,,,,,,,,,,,,,,
460939,2025-06-10,AC Milan,IT1,2,5962,73,7.201519624287152,5962.0,0.1998121435759812,0.14727943643072794,0.11424018785642404,43.526467628312645,97.0,10.0,1.0474672928547468,1.0797383428379739,0.8626635357262665,0.7,2.789869171418987,3.9322710499832274,,,,,0.7525327071452533
303657,2025-07-01,Venezia,IT1,1,1350,15,,1350.0,,,,,,,,,,,,,4.0,,,,
371851,2025-07-01,Udinese,IT1,2,5047,58,6.817144838517932,5047.0,0.03,0.07238161283931048,0.02,36.902833366356255,15.0,,0.1,1.5476322567862095,1.1174559144045966,5.665088171190806,8.995264513572419,3.3476322567862096,,,,,1.3761838716068953
432090,2025-07-01,Juventus,IT1,2,1967,40,6.83,1967.0,0.05999999999999999,0.07,0.15,51.7,38.0,7.0,0.7,1.9,0.4,1.0,3.5,4.7,,,,,1.1
691482,2025-07-01,FC Empoli,IT1,2,2616,51,6.700955657492355,2616.0,0.17095565749235475,0.14844801223241588,0.08280581039755353,21.615214067278288,36.0,4.0,1.5,2.8029816513761467,0.6343272171253823,1.306269113149847,4.8373088685015295,5.062385321100917,,,,,1.5937308868501527
633992,2025-07-01,Roma,IT1,1,319,6,,319.0,,,,,3.0,,,,,,,,,,,,
616631,2025-07-01,Atalanta,IT1,2,4214,64,7.0448884670147125,4214.0,,0.01585192216421452,0.08414807783578548,42.65325106786901,48.0,8.0,0.5925961082107262,1.473327005220693,0.9244423350735644,1.6148077835785477,4.195538680588514,6.28296155671571,,,,,0.7170384432842906
607226,2025-07-02,Lazio,IT1,2,2747,57,6.469796141244994,2747.0,0.1629231889333819,0.16661448853294503,0.06943574808882418,21.253840553330903,32.0,5.0,0.7,0.9471787404441209,0.2943574808882417,0.8830724426647252,2.071787404441209,2.882053148889698,,,,,0.7887149617764834
460651,2025-07-02,Cagliari,IT1,2,4871,65,6.575573804146992,4871.0,0.03,0.02111476082939848,0.03444261958530075,38.776226647505645,22.0,3.0,0.5667214124409772,1.5332785875590227,0.5888523917060152,0.8888523917060153,3.1998357626770684,4.9445904331759385,,,,,0.9888523917060154
467992,2025-07-03,Torino,IT1,2,5236,66,6.862085561497327,5236.0,0.03458365164247517,0.04458365164247517,0.06291825821237586,39.016806722689076,41.0,4.0,0.24583651642475174,1.1458365164247517,0.8916730328495035,1.1708174178762414,3.4166539343009927,4.37501909854851,,,,,1.2916730328495034
827734,2025-07-05,Parma,IT1,1,2545,37,6.629999999999999,2545.0,0.20999999999999996,0.33,0.08,15.1,30.0,7.0,1.2,1.2,0.1,0.5,1.9,2.3,,,,,0.7
435228,2025-07-08,FC Empoli,IT1,2,4556,55,6.857730465320456,4556.0,,0.014490781387181741,0.004490781387181738,33.71483757682177,6.0,,,1.1,1.550921861281826,7.183318700614574,10.689332748024583,3.089815627743635,,,,,0.8
535469,2025-07-18,Parma,IT1,1,1295,21,6.63,1295.0,,0.17,0.08,21.8,17.0,2.0,0.7,2.0,0.6,0.3,2.8,2.7,,,,,1.2
197473,2025-07-19,FC Empoli,IT1,2,4051,55,6.725001234263145,4051.0,0.04,0.04450012342631449,0.04350037027894347,29.36010861515675,13.0,2.0,0.2,1.5549987657368551,1.6150086398420143,1.6450012342631448,5.36000987410516,5.495013576894594,,,,,1.1
433984,2025-07-20,Bologna,IT1,2,5560,65,6.937908273381296,5560.0,0.04,0.05375359712230216,0.02541546762589928,59.02206834532373,17.0,2.0,0.04584532374100719,1.3249280575539568,0.7166187050359712,3.2833812949640286,6.024928057553956,4.50429856115108,,,,,0.8916906474820144
41384,2025-07-21,Inter,IT1,2,1321,45,6.64,1321.0,0.58,0.58,0.23999999999999996,23.3,23.0,5.0,0.1,1.2,0.6,0.6,2.4,2.0,,,,,1.3
654991,2025-07-23,Juventus,IT1,1,699,23,,699.0,0.39,0.08,0.1,28.5,15.0,2.0,1.2,1.9,0.4,0.4,2.7,4.2,,,,,0.8
295183,2025-07-23,Cagliari,IT1,2,3212,63,6.669240348692403,3212.0,0.19,0.09773972602739726,0.184719800747198,32.85859277708593,67.0,9.0,0.7433997509339976,1.739601494396015,0.21320049813200498,1.3566002490660023,3.4226027397260275,4.5,,,,,1.4867995018679951
877139,2025-07-24,Juventus,IT1,1,352,9,,352.0,,,,,2.0,,,,,,,,,,,,
314965,2025-07-24,Monza,IT1,2,3508,58,6.439498289623717,3508.0,0.03,0.03525085518814139,0.06424743443557583,29.298318129988598,28.0,8.0,0.5,1.871237172177879,0.6287628278221208,2.362542759407069,5.215051311288484,3.332440136830103,,,,,1.505017103762828
336960,2025-07-25,FC Empoli,IT1,2,3975,54,6.64,3975.0,,0.01726289308176101,0.12905157232704403,20.063396226415094,44.0,10.0,0.5821132075471699,1.8094842767295598,0.41788679245283017,2.8536603773584908,5.3631446540880505,3.220050314465409,,,,,1.47262893081761
351955,2025-07-29,Lecce,IT1,2,6715,75,6.581489203276247,6715.0,0.05,0.0398138495904691,0.01,39.009977661950856,6.0,1.0,0.1,0.803723008190618,0.6,5.071407297096053,7.226061057334326,3.283246463142219,,,,,0.8
365108,2025-07-31,Bologna,IT1,2,3926,62,6.9853234844625565,3926.0,0.20340804890473765,0.27191543555781966,0.08739429444727459,21.949439633214467,49.0,12.0,1.5904228222109016,1.2808456444218035,0.44521141110545087,0.33563423331635256,2.0521141110545087,4.468593988792665,,,,,1.2260570555272543
457673,2025-07-31,Como,IT1,2,3751,56,6.951554252199413,3751.0,0.17121834177552653,0.1438656358304452,0.12806718208477738,26.750413223140495,77.0,8.0,1.2,1.9,0.459664089576113,0.8105038656358305,3.240335910423887,3.819328179152226,,,,,1.6
507486,2025-08-04,Parma,IT1,2,4429,65,6.601883043576429,4429.0,0.12,0.07708512079476179,0.0729148792052382,31.10627681192143,35.0,5.0,0.564574396026191,0.9614359900654778,0.7031384059607135,0.9708512079476179,2.8,3.50941521788214,,,,,0.922871980130955
357003,2025-08-04,Bologna,IT1,1,334,8,,334.0,,,,,,,,,,,,,,,,,
257462,2025-08-05,AC Milan,IT1,1,553,15,,553.0,,,,,12.0,1.0,,,,,,,,,,,
91970,2025-08-06,Atalanta,IT1,2,1316,42,6.85,1316.0,0.18,0.12984802431610942,0.21000000000000002,40.3243161094225,32.0,5.0,2.0865501519756835,2.5477203647416413,0.7626899696048632,0.9238601823708208,4.446200607902736,4.108890577507598,,,,,1.2238601823708206
184892,2025-08-08,Udinese,IT1,1,1971,25,7.19,1971.0,0.37,0.4,0.22,22.8,39.0,9.0,1.8,0.9,0.3,0.4,1.6,3.1,,,,,0.5
546926,2025-08-09,Venezia,IT1,2,6191,70,6.669790017767727,6191.0,0.030000000000000002,0.030209982232272652,0.014947504441931835,38.611549022774994,11.0,6.0,0.09895008883863673,1.0526247779034081,1.048425133257955,4.99370053303182,7.895800355354547,3.1020998223227263,,,,,1.2020998223227266
520530,2025-08-10,Venezia,IT1,2,2037,29,,2037.0,,,,,5.0,2.0,,,,,,,,,,,
405885,2025-08-11,Napoli,IT1,2,1889,39,7.09,1889.0,0.49,0.34,0.18,21.3,45.0,2.0,0.7,1.5,0.2,0.9,2.8,3.5,,,,,1.0
521964,2025-08-12,AC Milan,IT1,1,1803,22,6.690000000000001,1803.0,,0.03,0.01,58.8,4.0,,0.1,1.2,0.7,3.8,6.3,3.2,,,,,1.2
397486,2025-08-12,Parma,IT1,1,1999,33,6.77,1999.0,0.18,0.26,0.12,27.4,45.0,5.0,1.1,0.6,0.4,0.4,1.4,3.2,,,,,0.4
225963,2025-08-13,Udinese,IT1,1,878,15,,878.0,,,,,2.0,,,,,,,,,,,,
490384,2025-08-13,Genoa,IT1,2,3931,51,6.91,3931.0,0.09340880183159503,0.06255660137369626,0.014573899771050626,50.908852709234296,8.0,,0.2542610022894938,1.4457389977105062,0.9170440091579751,4.837216993131518,7.5914779954210125,4.296871025184432,,,,,1.6170440091579752
225873,2025-08-14,Torino,IT1,1,1544,28,6.54,1544.0,0.06,0.06,0.05,27.699999999999996,10.0,1.0,0.4,2.3,0.7,1.8000000000000003,5.1,3.7,,,,,2.3
550108,2025-08-18,Inter,IT1,2,2871,56,6.875552072448624,2871.0,0.09,0.10974921630094045,0.21336119818878438,27.653674677812607,57.0,16.0,1.199164054336468,1.4,0.7327760362243122,0.9655520724486243,3.265552072448624,4.963044235458029,,,,,0.932776036224312
848509,2025-08-19,Hellas Verona,IT1,1,3169,36,6.68,3169.0,0.06,0.05,0.09,18.2,34.0,4.0,0.6,1.4,0.4,1.8,3.9,3.4,,,,,0.7
392966,2025-08-20,Cagliari,IT1,2,4539,67,6.676111478299186,4539.0,0.2,0.06808107512667988,0.08994932804582506,22.005001101564222,52.0,10.0,1.1803040317250495,1.1196959682749505,0.7595946243666006,1.5393919365499007,3.5383784974664025,3.399493280458251,,,,,1.2196959682749504
434433,2025-08-20,Lecce,IT1,2,4854,70,6.9099093531108355,4854.0,0.386229913473424,0.4824598269468479,0.07207663782447467,14.68125257519572,51.0,10.0,0.6471775854964977,0.6103831891223733,0.2,0.7367943963741245,1.673588792748249,2.541532756489493,,,,,1.9207663782447462
234523,2025-08-21,Torino,IT1,2,2259,51,6.219172200088535,2259.0,0.1233377600708278,0.23332447985834442,0.03750332005312085,14.133377600708279,15.0,3.0,0.5249667994687915,0.20000000000000004,0.10000000000000002,1.1082779991146525,1.4082779991146526,1.3917220008853477,,,,,1.2249667994687914
432092,2025-08-25,Cagliari,IT1,2,4806,69,6.525376612567624,4806.0,0.26576362879733667,0.35,0.02384935497295048,9.14602580108198,28.0,3.0,0.4346233874323762,0.4,0.1346233874323762,0.8307532251352476,1.465376612567624,1.6384935497295048,,,,,1.7346233874323762
708072,2025-08-30,Juventus,IT1,1,1726,28,6.849999999999999,1726.0,0.10000000000000002,0.02,0.05000000000000001,45.4,16.0,2.0,0.3,1.5,0.6,1.6000000000000003,3.7999999999999994,3.7999999999999994,,,,,0.6999999999999998
307058,2025-08-31,Inter,IT1,1,805,26,6.59,805.0,0.11,0.37999999999999995,0.12,20.6,15.0,2.0,0.7,0.8,,1.1,2.1,3.2,,,,,1.0
614742,2025-09-01,Parma,IT1,1,433,21,,433.0,,0.26,0.1,27.4,5.0,1.0,3.5,1.9,0.6,0.2,2.7,6.0,,,,,3.5
40433,2025-09-01,Udinese,IT1,1,434,13,,434.0,,,,,3.0,,,,,,,,,,,,
465830,2026-01-08,Lazio,IT1,2,4704,53,7.140000000000001,4704.0,0.03,0.04,0.08,53.0,58.0,4.0,0.4,1.0,0.9,1.2,3.4,4.8,,,,,0.8
661212,2026-01-20,Parma,IT1,2,558,15,,558.0,,,,,3.0,,,,,,,,,,,,
67556,2026-01-27,Parma,IT1,1,1535,27,6.75,1535.0,0.29,0.18999999999999997,0.02,9.7,5.0,2.0,0.4,0.1,0.1,1.1,1.3,1.2,,,,,1.1
143812,2026-02-02,Lazio,IT1,2,1468,33,,1468.0,0.20999999999999996,0.23,0.29,33.3,14.0,6.0,0.1,1.3,0.5,1.4,3.6,3.0,,,,,2.1
226524,2026-02-02,Genoa,IT1,1,1902,30,6.46,1902.0,,0.13,0.06,16.6,27.0,3.0,0.4,2.3,0.2,1.3,3.9,2.4,,,,,2.5
278531,2026-02-02,Cagliari,IT1,1,3240,36,6.789999999999999,3240.0,0.030000000000000002,0.060000000000000005,0.02,36.4,8.0,2.0,0.0,1.3,0.9,4.3,7.0,3.9,,,,,0.6
339816,2026-02-02,Lecce,IT1,2,2888,47,6.79,2888.0,0.13,0.12,0.05,22.8,35.0,3.0,1.3,1.2,0.6,1.2,3.0,4.6,,,,,1.2
406040,2026-02-02,Atalanta,IT1,2,3060,43,7.39,3060.0,0.6,0.41,0.31,25.3,78.0,16.0,1.5,1.3,0.1,0.2,1.6,2.7,,,,,1.2
60539,2018-07-01,Alanyaspor,TR1,1,90,1,,90.0,,,,16.0,,,1.0,2.0,,,2.0,8.0,,,,,
402004,2018-07-26,Alanyaspor,TR1,1,1,1,,1.0,,,,,,,,,,,,,,,,,
57515,2018-07-27,Yeni Malatyaspor,TR1,1,68,1,,68.0,,,,,,,,,,,,,,,,,
55250,2018-08-06,Bursaspor,TR1,2,2970,33,,2970.0,,,,39.199999999999996,10.0,2.0,0.1,1.387878787878788,1.7393939393939395,3.903030303030303,7.636363636363637,5.484848484848484,,,,,0.8363636363636363
192875,2018-08-17,Bursaspor,TR1,2,180,2,,180.0,1.0,,,27.0,,,,,,1.0,2.0,2.0,,,,,1.0
278654,2018-08-18,Alanyaspor,TR1,2,851,18,,851.0,0.23,0.0,0.0,27.2,25.0,3.0,1.2,1.3,0.8,0.2,2.5,2.7,,,,,1.4
85213,2018-08-30,Bursaspor,TR1,2,2340,26,,2340.0,,,0.0,15.51923076923077,,,,0.0,0.1,1.1346153846153846,1.2307692307692308,8.326923076923077,7.0,2.769230769230769,68.5576923076923,1.2307692307692308,
126796,2018-08-31,Ankaraspor,TR1,1,1178,23,,1178.0,0.23,,,32.8,27.0,4.0,1.1,1.4,1.1,0.5,3.1,4.7,,,,,1.1
23553,2019-01-14,BB Erzurumspor,TR1,1,403,12,,403.0,,,,,7.0,1.0,,,,,,,,,,,
74943,2019-01-15,Trabzonspor,TR1,1,339,8,,339.0,,,,,4.0,,,,,,,,,,,,
16135,2019-01-15,Beşiktaş Jimnastik Kulübü,TR1,1,1030,12,,1030.0,,,,,12.0,3.0,,,,,,,,,,,
361260,2019-01-17,Galatasaray,TR1,1,1084,13,,1084.0,,,,,1.0,,,,,,,,,,,,
46658,2019-01-22,Bursaspor,TR1,1,89,1,,89.0,,,,,1.0,,,,,,,,,,,,
27292,2019-01-24,Akhisarspor,TR1,1,150,3,,150.0,,,,,1.0,,,,,,,,,,,,
40687,2019-07-01,Fenerbahçe,TR1,1,1176,22,,1176.0,0.23,0.07,0.11000000000000001,48.8,41.0,10.0,1.7,0.8,0.7,,1.5,5.6,,,,,1.0
54148,2019-07-01,Yeni Malatyaspor,TR1,2,2206,28,,2206.0,0.26,,,18.68576609247507,27.0,5.0,1.1775158658204898,1.8,0.6163191296464188,1.6,3.8776065276518588,4.601994560290118,,,,,2.328558476881233
171069,2019-07-01,Kayserispor,TR1,2,2666,31,,2666.0,,,,30.8,27.0,1.0,0.7,1.4,1.2,2.8,5.8,4.8,,,,,1.6
98536,2019-07-01,Konyaspor,TR1,1,1712,28,,1712.0,0.32,,,15.6,18.0,,0.4,0.3,0.2,1.3,1.7,2.6,,,,,1.8
209574,2019-07-01,Akhisarspor,TR1,1,2304,26,,2304.0,,,,9.8,2.0,,,,,0.8999999999999999,0.8999999999999999,8.0,6.0,2.9,63.5,1.6,
73480,2019-07-01,Caykur Rizespor,TR1,1,998,15,,998.0,,,,,12.0,,,,,,,,,,,,
184440,2019-07-01,Göztepe,TR1,1,1066,21,,1066.0,,,,33.8,14.0,,1.4,2.2,0.8,1.5,4.6,6.1,,,,,1.9
25942,2019-07-01,Kayserispor,TR1,2,2674,32,,2674.0,0.07,,,35.9,6.0,,0.4000000000000001,1.7000000000000002,1.5,3.4000000000000004,7.0,4.4,,,,,1.1
240497,2019-07-01,Konyaspor,TR1,1,1959,32,,1959.0,0.28,,,22.3,23.0,4.0,2.8,1.2,0.4,0.2,1.9,5.3,,,,,1.2
5782,2019-07-02,Basaksehir FK,TR1,1,1648,24,,1648.0,0.05,,,57.5,36.0,3.0,0.7,2.9,1.3,1.2,5.7,7.4,,,,,2.2
256267,2019-07-07,C. Rizespor,TR1,1,3026,34,,3026.0,0.51,,,18.5,47.0,9.0,0.7,0.7,0.3,1.0,2.2,2.6,,,,,1.8
157993,2019-07-08,Akhisarspor,TR1,1,2716,31,,2716.0,,,,29.7,1.0,1.0,0.1,1.0,1.3,3.6,6.8,5.3,,,,,0.7
76176,2019-07-08,Akhisarspor,TR1,1,812,10,,812.0,,,,,2.0,1.0,,,,,,,,,,,
93690,2019-07-09,MKE Ankaragücü,TR1,1,1522,19,,1522.0,,0.0,0.0,42.2,5.0,1.0,1.2,1.0,1.4,0.5,3.1,8.8,,,,,2.2
191391,2019-07-11,Bursaspor,TR1,2,1745,27,,1745.0,0.1,,,14.2,35.0,7.0,0.8,1.3,0.4,0.2,1.8,4.0,,,,,1.6
51174,2019-07-12,Galatasaray,TR1,1,1857,22,,1857.0,0.1,0.0,0.0,51.3,22.0,5.0,0.3,1.8,1.5,1.6,5.3,5.5,,,,,0.9
59248,2019-07-12,Akhisarspor,TR1,1,1705,21,,1705.0,0.05,,,33.5,15.0,5.0,1.2,2.5,1.8,4.9,10.1,6.5,,,,,0.9
34870,2019-07-15,Fenerbahce,TR1,1,1456,21,,1456.0,0.37,0.11,0.03,20.3,16.0,6.0,0.7,1.5,0.5,0.9,2.9,2.7,,,,,1.4
57404,2019-07-16,Kayserispor,TR1,2,2394,29,,2394.0,,,,36.2,3.0,,0.2,1.1,1.3,4.0,6.7,4.3,,,,,0.3
204189,2019-07-18,Bursaspor,TR1,1,1980,22,,1980.0,,,,13.6,1.0,,,,,0.5,0.5,9.0,7.0,1.7,61.7,1.0,
159908,2019-07-19,Bursaspor,TR1,2,2918,33,,2918.0,0.19000000000000003,,,47.05291295407813,32.0,6.0,0.5,2.8999999999999995,1.4,0.8,5.264290610006854,6.325976696367375,,,,,1.4845784784098697
76386,2019-07-24,Konyaspor,TR1,1,1602,29,,1602.0,0.28,,,19.1,15.0,6.0,0.8,1.6,0.4,0.8,3.2,3.8,,,,,2.9
81663,2019-07-24,Trabzonspor,TR1,1,1985,27,,1985.0,,,,38.4,3.0,,0.2,0.9,1.4,4.3,7.3,6.2,,,,,0.6
98131,2019-07-24,Akhisarspor,TR1,1,1145,13,,1145.0,,,,,15.0,3.0,,,,,,,,,,,
234189,2019-07-24,Kasimpasa,TR1,1,3053,34,,3053.0,0.27,0.02,0.0,26.199999999999996,78.0,15.0,3.3,1.0,0.9000000000000001,0.3,2.2,5.0,,,,,1.2
400489,2019-07-24,Fenerbahçe,TR1,1,1592,29,,1592.0,0.23,0.06,0.01,33.2,14.0,5.0,1.0,1.8,0.9,0.5,3.4,5.1,,,,,1.9
52281,2019-07-25,Akhisarspor,TR1,1,2222,26,,2222.0,0.08,,,34.4,33.0,8.0,1.0,1.4,1.1,1.6,4.2,5.8,,,,,0.7
58602,2019-07-30,Beşiktaş Jimnastik Kulübü,TR1,1,633,13,,633.0,,,,,9.0,,,,,,,,,,,,
216662,2019-08-03,Kayserispor,TR1,2,3812,52,6.8,3812.0,0.14036988457502622,,,27.099973767051416,91.0,17.0,1.718520461699895,1.43704092339979,0.5,0.9333420776495279,2.870383001049318,3.5963011542497374,,,,,1.3185204616998951
37934,2019-08-06,Trabzonspor,TR1,2,5357,64,6.7,5357.0,0.35036400970692555,,,18.849635990293073,58.0,7.0,0.7,0.49951465372409926,0.29975732686204964,0.9,1.699271980586149,2.250121336568975,,,,,1.7503640097069257
68211,2019-08-09,Alanyaspor,TR1,1,956,17,,956.0,,,,18.3,14.0,2.0,1.3,2.2,0.8,0.8,4.0,5.6,,,,,1.1
40478,2019-08-09,Fenerbahçe,TR1,1,1875,21,,1875.0,0.05,,0.0,45.9,4.0,,0.1,1.1,1.2,3.2,6.1,5.6,,,,,1.0
36200,2019-08-15,Trabzonspor,TR1,2,2314,45,6.35,2314.0,0.11665514261019878,,,27.72160760587727,32.0,6.0,0.8377700950734658,2.439930855661193,1.1111495246326706,0.7622299049265341,4.313310285220398,5.662229904926534,,,,,0.8999999999999999
166959,2019-08-23,Caykur Rizespor,TR1,1,313,15,,313.0,,,,,7.0,2.0,,,,,,,,,,,
44402,2019-08-26,Fenerbahce,TR1,2,3293,53,6.900000000000001,3293.0,0.04,0.02,0.01,47.16346796234437,24.0,5.0,0.5999999999999999,1.9682660188278165,1.4766474339508047,2.221560886729426,6.181445490434254,5.659884603704828,,,,,1.6383237169754024
4188,2019-08-29,Beşiktaş Jimnastik Kulübü,TR1,2,3457,53,6.9,3457.0,0.18243853051779002,,0.01,25.66097772635233,106.0,24.0,2.0170668209430143,1.007318484234886,0.4926815157651142,0.2536592421174429,1.7073184842348859,4.202429852473243,,,,,1.1
60889,2019-08-29,Beşiktaş Jimnastik Kulübü,TR1,2,1978,26,,1978.0,,,,54.3,6.0,,0.1,2.5,1.5,2.9,7.4,7.5,,,,,1.5
159079,2019-08-29,Y. Malatyaspor,TR1,2,2655,30,,2655.0,,,,,1.0,,,,,,,,6.0,,,,
45596,2019-09-02,Basaksehir FK,TR1,1,2025,29,,2025.0,0.13,,,41.4,40.0,4.0,1.1,2.0,1.2,0.4,3.6,6.0,,,,,1.1
43518,2019-09-02,Basaksehir FK,TR1,1,1282,26,,1282.0,0.20999999999999996,,,31.600000000000005,13.0,1.0,0.7,1.1,0.8000000000000002,0.3,2.2,4.6,,,,,0.4000000000000001
91948,2019-09-02,Bursaspor,TR1,1,2257,26,,2257.0,,,,28.7,22.0,5.0,0.8,1.8,1.7,2.0,5.6,6.1,,,,,1.0
87299,2020-01-11,Kasimpasa,TR1,1,2924,33,,2924.0,,0.0,0.01,29.9,41.0,8.0,0.4,2.2,1.3,3.4,7.1,4.8,,,,,1.0
31867,2020-01-14,Göztepe,TR1,1,1932,26,,1932.0,0.37,,,26.0,36.0,7.0,1.8,1.3,0.5,0.1,2.0,4.9,,,,,1.6
52262,2020-01-23,Kasimpasa,TR1,1,646,21,,646.0,,,,30.799999999999997,18.0,6.0,1.5,3.1,1.5,2.2,6.800000000000001,5.4,,,,,1.4
34987,2020-08-01,Beşiktaş Jimnastik Kulübü,TR1,1,2060,25,7.19,2060.0,0.57,,,16.3,24.0,5.0,0.8,0.5,0.1,0.5,1.1,1.5,,,,,1.7
58267,2020-08-04,Göztepe,TR1,1,2117,32,6.66,2117.0,0.13,,,40.8,25.0,1.0,0.8,2.1,1.3,1.7,5.3,5.2,,,,,1.3
33793,2020-08-06,Beşiktaş Jimnastik Kulübü,TR1,2,4263,51,7.056007506450856,4263.0,0.12799437016185786,,,41.858479943701624,52.0,15.0,0.5400187661271405,1.8799437016185785,2.260075064508562,2.2799437016185786,6.579943701618579,5.279662209711471,,,,,0.760075064508562
167042,2020-08-06,Kayserispor,TR1,2,903,37,,903.0,0.17,,,23.4,16.0,4.0,4.4,2.2,0.7,,3.1,6.6,,,,,1.5
36182,2020-08-06,Fenerbahce,TR1,1,1694,20,7.34,1694.0,0.37,,,32.3,40.0,7.0,1.5,0.5,0.4,,1.0,3.2,,,,,1.1
39333,2020-08-06,Besiktas,TR1,2,5164,64,7.263133230054222,5164.0,0.11,,,41.08965917893106,156.0,28.0,0.6569713400464756,1.4046475600309838,1.5569713400464753,1.347676219984508,4.56161890007746,5.219790859798605,,,,,1.0092951200619675
78590,2020-08-06,Göztepe,TR1,1,741,14,,741.0,,,,,,,,,,,,,,,,,
103621,2020-08-10,MKE Ankaragücü,TR1,2,4049,61,6.274092368486047,4049.0,0.13409236848604594,,,11.814769078784884,27.0,1.0,0.6469745616201531,0.8765127191899235,0.31476907878488514,0.7147690787848853,2.1060508767596935,2.676512719189924,,,,,2.7234872808100765
248219,2020-08-11,C. Rizespor,TR1,2,2159,40,6.24,2159.0,0.21000000000000002,,,15.7,32.0,6.0,1.2,1.7,0.6,0.6,3.1,4.4,,,,,1.5
306462,2020-08-11,Sivasspor,TR1,2,4381,66,6.991949326637754,4381.0,0.20383474092672907,,,36.951905957543936,110.0,19.0,1.631568135128966,1.0,0.6917370463364528,0.37669481853458114,2.168431864871034,5.839831088792513,,,,,1.4533896370691624
86930,2020-08-12,Alanyaspor,TR1,2,4924,58,7.081340373679936,4924.0,0.04,,0.0,35.08139723801787,53.0,4.0,1.361169780666125,2.6089358245329,1.3,1.2656376929325752,5.4268074735987,6.9178716490658,,,,,1.2089358245328998
107665,2020-08-13,Trabzonspor,TR1,2,3495,48,6.8,3495.0,0.24000000000000002,,,24.0,18.0,4.0,0.4,1.4,2.1,1.8,5.8,3.9,,,,,0.9
209574,2020-08-15,Kasimpasa,TR1,2,2520,28,6.38,2520.0,,,,10.8,,,0.1,,,0.7,0.7,7.7,7.0,3.9,63.6,2.2,
187809,2020-08-15,Genclerbirligi,TR1,1,546,18,,546.0,,,,23.1,8.0,1.0,1.2,1.0,0.3,0.5,2.0,2.5,,,,,2.6
163053,2020-08-18,Kasimpasa,TR1,2,3468,55,6.7762889273356395,3468.0,0.44478373702422147,,,19.62205882352941,40.0,9.0,1.0451557093425605,1.3849480968858132,0.5575259515570934,0.7123702422145328,2.797318339100346,4.345155709342561,,,,,2.2301038062283736
27805,2020-08-19,Basaksehir FK,TR1,1,1325,23,6.57,1325.0,0.2,,,26.8,17.0,6.0,2.0,2.3,0.7,0.3,3.3,5.4,,,,,1.6
45511,2020-08-20,Yeni Malatyaspor,TR1,2,2763,48,6.44,2763.0,0.24000000000000002,,0.0,37.8,27.0,3.0,0.8,0.8,0.8,1.1,2.8,5.4,,,,,1.4
95152,2020-08-20,Alanyaspor,TR1,2,5030,58,7.223552683896621,5030.0,0.05429821073558648,,0.0,52.72866799204772,29.0,6.0,0.1595029821073559,2.3024850894632207,1.821491053677932,3.545467196819086,8.247952286282306,6.323976143141153,,,,,1.6380119284294237
20137,2020-08-21,Trabzonspor,TR1,2,4626,63,7.459967574578469,4626.0,0.2518093385214008,,,54.79124513618677,118.0,18.0,0.7272373540856031,2.58177691309987,1.4818417639429313,1.5817769130998702,5.954474708171206,7.290920881971466,,,,,1.1909208819714658
64016,2020-08-24,Gençlerbirliği Spor Kulübü,TR1,2,1828,33,,1828.0,,,,,20.0,,,,,,,,,,,,
148355,2020-08-25,Konyaspor,TR1,1,2773,32,6.690000000000001,2773.0,0.03,,,44.8,16.0,2.0,0.6,1.3,2.0,1.9,5.6,5.9,,,,,0.8
79522,2020-08-31,Galatasaray,TR1,1,1202,15,,1202.0,,,,,6.0,1.0,,,,,,,,,,,
62920,2020-08-31,Beşiktaş Jimnastik Kulübü,TR1,1,2048,23,6.84,2048.0,,,,68.4,8.0,2.0,0.2,0.7,1.5,3.0,5.9,7.1,,,,,1.3
64506,2020-09-01,Kayserispor,TR1,1,1605,26,5.94,1605.0,,,,36.3,9.0,,0.1,1.6,0.4,3.3,5.7,4.1,,,,,1.5
38360,2020-09-04,Fenerbahce,TR1,1,176,12,,176.0,,,,,1.0,,,,,,,,,,,,
34937,2020-09-04,Yeni Malatyaspor,TR1,1,3060,34,6.43,3060.0,,,0.0,15.6,,,0.1,0.1,0.0,1.1,1.2,8.1,8.0,3.0,66.9,1.5,0.1
35530,2020-09-07,Yeni Malatyaspor,TR1,1,1638,25,6.38,1638.0,0.05,,,37.0,11.0,2.0,1.1,1.6,0.8,0.4,2.9,6.2,,,,,1.4
4188,2020-09-07,Kasimpasa,TR1,1,1602,27,6.9,1602.0,0.22,,,25.5,44.0,8.0,2.5,0.9,0.6,0.2,1.6,4.9,,,,,1.1
98131,2020-09-07,Denizlispor,TR1,1,2264,29,6.93,2264.0,,,,33.1,42.0,7.0,0.4,2.1,1.8,2.4,6.6,6.7,,,,,0.7
186862,2020-09-08,Beşiktaş Jimnastik Kulübü,TR1,1,832,11,,832.0,,,,,3.0,,,,,,,,,,,,
114491,2020-09-08,Yeni Malatyaspor,TR1,1,1898,22,6.52,1898.0,,0.0,0.0,29.7,13.0,3.0,0.9,2.2,1.4,1.4,5.1,4.4,,,,,0.6
54148,2020-09-09,Galatasaray,TR1,1,1226,26,6.69,1226.0,0.51,,,16.2,15.0,2.0,0.6,1.2,0.5,1.5,3.3,2.9,,,,,2.3
157175,2020-09-09,Konyaspor,TR1,1,1232,16,,1232.0,,,,,2.0,1.0,,,,,,,,,,,
256267,2020-09-15,Fenerbahçe,TR1,1,2673,32,7.25,2673.0,0.51,,,19.6,43.0,14.0,0.9000000000000001,0.5,0.3,1.1,2.1,2.2,,,,,2.1
82130,2020-09-18,Y. Malatyaspor,TR1,1,1579,23,6.46,1579.0,0.06,,,28.0,41.0,9.0,2.5,0.8,0.3,0.3,1.4,4.0,,,,,1.8000000000000003
37091,2020-09-18,MKE Ankaragücü,TR1,1,1993,33,6.41,1993.0,0.32,,,14.1,22.0,2.0,0.7,0.9,0.8,1.3,3.1,3.3,,,,,1.0
53536,2020-09-18,Fenerbahçe,TR1,1,354,13,,354.0,,,,,3.0,1.0,,,,,,,,,,,
239733,2020-09-23,Trabzonspor,TR1,1,465,20,,465.0,,,,43.0,2.0,2.0,1.9,2.3,1.5,1.9,6.2,10.8,,,,,1.4
33952,2020-10-01,Alanyaspor,TR1,1,2737,32,7.24,2737.0,0.72,0.04,0.0,18.5,27.0,4.0,0.9,0.5,0.19999999999999998,1.0,1.8,2.1,,,,,1.0
121481,2020-10-05,Caykur Rizespor,TR1,1,1818,24,6.37,1818.0,,,,33.5,6.0,,0.6,2.0,1.1,1.2,4.9,4.6,,,,,2.0
159079,2020-10-05,Genclerbirligi,TR1,1,1395,16,,1395.0,,,,,1.0,,,,,,,,2.0,,,,
36200,2020-10-05,Denizlispor,TR1,1,1440,26,6.35,1440.0,0.05999999999999999,,,24.7,13.0,1.0,0.8,2.1,1.3,0.8,4.2,5.7,,,,,0.9
483063,2021-01-05,Genclerbirligi,TR1,1,2015,31,6.42,2015.0,0.09,,,37.7,14.0,1.0,0.6,2.5,1.6,1.1,5.3,5.7,,,,,1.5
170495,2021-01-14,Caykur Rizespor,TR1,1,1766,24,6.25,1766.0,,,,42.70000000000001,12.0,1.0,0.9,2.0,0.9,0.6,3.7999999999999994,6.900000000000001,,,,,2.2
44977,2021-01-15,Konyaspor,TR1,1,1092,13,,1092.0,,,,,1.0,,,,,,,,,,,,
91948,2021-01-18,Sivasspor,TR1,1,167,5,,167.0,,,,,2.0,,,,,,,,,,,,
224256,2021-01-18,Trabzonspor,TR1,1,556,18,,556.0,,,,16.7,7.0,3.0,0.8,2.9,0.5,0.8,4.2,3.4,,,,,2.1
110695,2021-01-26,Konyaspor,TR1,1,2526,30,6.5,2526.0,0.14,,,20.7,32.0,6.0,0.5,1.2,0.8,0.6,2.8,3.8,,,,,1.3
162571,2021-01-30,Alanyaspor,TR1,1,2841,34,7.16,2841.0,0.32,,0.0,30.4,84.0,10.0,1.2,0.9,0.2,0.4,1.6,5.4,,,,,1.3
216603,2021-01-31,Basaksehir,TR1,1,2424,29,7.09,2424.0,0.15,,,33.8,57.0,9.0,2.8,1.2,0.8,0.3,2.3,6.0,,,,,1.7999999999999998
98536,2021-02-01,Antalyaspor,TR1,1,2680,31,6.859999999999999,2680.0,0.57,0.01,0.0,16.1,19.0,4.0,0.4,0.6,0.3,1.1,2.2,1.9,,,,,1.8
674612,2021-02-01,Y. Malatyaspor,TR1,1,216,8,,216.0,,,,,5.0,1.0,,,,,,,,,,,
94199,2021-02-01,Fenerbahçe,TR1,1,1652,26,6.66,1652.0,0.11,,,45.2,29.0,6.0,1.1,1.2,0.9,0.5,2.8,6.0,,,,,1.5
79110,2021-07-01,Kasimpasa,TR1,2,2588,37,7.31,2588.0,0.56,,,24.7,41.0,7.0,1.5,0.5,0.1,1.1,1.9,2.3,,,,,1.6
159908,2021-07-01,Kasimpasa,TR1,2,5132,58,6.79421278254092,5132.0,0.16,,,48.661106780982074,48.0,5.0,0.6884255650818394,1.6115744349181602,1.223148869836321,1.2557872174590803,4.234723304754481,7.076851130163679,,,,,1.6
98131,2021-07-01,Y. Malatyaspor,TR1,2,4271,61,6.920601732615313,4271.0,0.09,,,30.9383985015219,72.0,10.0,0.4469913369234371,2.1469913369234375,1.9879653476937487,2.2120346523062513,6.553008663076564,5.807164598454695,,,,,0.9819480215406228
138736,2021-07-01,Göztepe,TR1,2,3488,45,6.79,3488.0,0.25495412844036697,,,35.05275229357798,10.0,4.0,0.2527522935779817,1.3472477064220183,1.4944954128440366,4.363761467889908,7.800000000000001,4.927522935779817,,,,,1.0889908256880734
110686,2021-07-01,Trabzonspor,TR1,2,2037,36,,2037.0,,,,40.0,20.0,3.0,1.2,2.7,0.8,0.8,4.5,6.1,,,,,1.1
98512,2021-07-01,Antalyaspor,TR1,2,2503,41,6.92,2503.0,0.29,,,21.3,42.0,10.0,1.1,1.2,0.5,0.3,2.0,3.9,,,,,0.8
224256,2021-07-01,Gaziantep FK,TR1,2,896,36,,896.0,,,,16.7,12.0,3.0,0.8,2.9,0.5,0.8,4.2,3.4,,,,,2.1
148550,2021-07-01,Fatih Karagümrük,TR1,1,1392,25,6.590000000000001,1392.0,,,,39.8,13.0,,0.4,1.8,1.6,2.1,5.6,5.2,,,,,1.7
56518,2021-07-01,Gençlerbirliği Spor Kulübü,TR1,2,2943,52,6.52,2943.0,0.17,,,19.45565749235474,41.0,6.0,0.7556574923547401,1.3782874617737004,1.12782874617737,0.77217125382263,3.33394495412844,4.339143730886851,,,,,1.6443425076452598
56046,2021-07-01,Gençlerbirliği Spor Kulübü,TR1,2,5735,67,6.639272885789014,5735.0,0.1105597210113339,,,22.572013949433305,117.0,22.0,1.1472013949433306,1.8472013949433306,0.6055972101133391,0.44160418482999125,2.9472013949433298,4.533583260680035,,,,,1.4888055797733215
42942,2021-07-01,Alanyaspor,TR1,2,4542,53,6.980495376486129,4542.0,0.06,,0.0,56.30616468516072,27.0,5.0,0.1672170849845883,0.8983487450462352,1.3655658300308233,3.522875385292822,6.085138705416116,4.131131660061646,,,,,0.46721708498458825
322077,2021-07-01,Kayserispor,TR1,1,379,11,,379.0,,,,,7.0,2.0,,,,,,,,,,,
468244,2021-07-01,Hatayspor,TR1,1,3258,39,6.89,3258.0,0.08,,,43.7,59.0,12.0,1.0,1.0,0.8,0.6,2.5,5.299999999999999,,,,,0.5
190941,2021-07-01,Denizlispor,TR1,1,2915,35,6.789999999999999,2915.0,0.030000000000000002,,,23.5,64.0,12.0,1.9,1.3,0.5,0.6,2.3,4.0,,,,,1.5
177031,2021-07-01,BB Erzurumspor,TR1,1,2286,38,7.01,2286.0,0.28,0.0,0.01,18.4,68.0,14.0,1.3,1.5,1.0,0.5,3.0,5.5,,,,,1.4
251029,2021-07-01,Ankaragücü,TR1,2,3741,52,6.66,3741.0,0.1,,,13.3,50.0,12.0,1.5,0.4,0.7,0.5,1.6,3.6,,,,,0.5
170838,2021-07-04,Alanyaspor,TR1,2,3733,61,7.014495044200375,3733.0,0.07000000000000002,,0.0,43.91872488615055,81.0,13.0,1.8346905973747658,3.042834181623359,1.3122153763728905,0.7040717921242968,5.489740155371016,8.189740155371016,,,,,1.9653094026252345
291750,2021-07-05,Genclerbirligi,TR1,2,2847,42,6.4,2847.0,0.04,,,30.4,18.0,,0.4,2.0,1.7,1.7,5.8,6.4,,,,,1.4
293661,2021-07-05,BB Erzurumspor,TR1,1,1461,27,6.46,1461.0,0.06,,,25.099999999999998,9.0,,0.39999999999999997,1.7,2.7,1.7,6.5,4.1,,,,,1.2
99186,2021-07-07,MKE Ankaragücü,TR1,2,1715,29,6.71,1715.0,0.11,,,22.2,26.0,5.0,2.1,1.6000000000000003,0.8000000000000002,0.3,2.9,5.400000000000001,,,,,1.1
291760,2021-07-08,Genclerbirligi,TR1,2,3227,45,6.370449333746515,3227.0,,,,25.65178184071893,22.0,6.0,0.5,1.5248218159281066,0.6293151533932445,1.81276727610784,4.258630306786489,5.278958785249458,,,,,0.6624109079640534
44402,2021-07-12,Basaksehir FK,TR1,2,2587,50,6.874391186702746,2587.0,0.14,,,55.62160804020101,20.0,4.0,0.548782373405489,2.7585233861615768,1.5999999999999999,2.6439118670274446,7.702435253189021,6.809741012756088,,,,,1.443911867027445
168163,2021-07-13,Konyaspor,TR1,2,4489,62,6.769803965248385,4489.0,0.14193138783693476,,,47.74205836489195,79.0,6.0,1.459411895745155,1.1,0.5,0.4198039652483849,2.0797059478725775,5.539117843617732,,,,,1.2801960347516148
39247,2021-07-14,Caykur Rizespor,TR1,2,1355,26,,1355.0,,,,,20.0,1.0,,,,,,,,,,,
105653,2021-07-14,Denizlispor,TR1,2,2996,48,6.644883177570093,2996.0,0.1814252336448598,,,39.75630841121496,47.0,2.0,1.2,1.2518691588785047,0.9623831775700935,0.44135514018691596,2.8556074766355137,6.352570093457944,,,,,0.9827102803738317
182079,2021-07-16,Ankaragücü,TR1,1,2373,30,6.77,2373.0,0.08,,0.0,39.5,27.0,5.0,0.9000000000000001,2.2,1.4,0.6,4.4,6.6,,,,,2.0
33793,2021-07-16,Fenerbahce,TR1,2,4263,51,7.056007506450856,4263.0,0.12799437016185786,,,41.858479943701624,52.0,15.0,0.5400187661271405,1.8799437016185785,2.260075064508562,2.2799437016185786,6.579943701618579,5.279662209711471,,,,,0.760075064508562
149579,2021-07-16,BB Erzurumspor,TR1,1,497,12,,497.0,,,,,3.0,,,,,,,,,,,,
68275,2021-07-27,Sivasspor,TR1,2,2355,41,6.72,2355.0,,,,41.5,17.0,1.0,0.4,1.6,1.4,1.4,4.7,5.6,,,,,0.9
204049,2021-07-29,Ankaragücü,TR1,1,2159,31,6.74,2159.0,0.08,,,24.4,40.0,3.0,1.2,1.7,1.0,0.8,3.6,4.6,,,,,1.6
275935,2021-07-29,Besiktas,TR1,2,1778,38,6.62,1778.0,,,,37.6,16.0,4.0,1.1,3.2000000000000006,2.2,0.8999999999999999,6.599999999999999,5.5,,,,,2.5
469787,2021-07-29,Alanyaspor,TR1,1,2427,38,6.76,2427.0,0.11000000000000001,,,52.8,37.0,3.0,0.4,2.1,1.1,0.4,3.8000000000000003,5.7,,,,,1.6
375856,2021-07-30,Ankaragücü,TR1,2,3295,38,6.55,3295.0,0.029999999999999995,,,28.3,4.0,1.0,0.3,1.6,1.8,3.3,7.4,4.9,,,,,1.3
129236,2021-07-30,MKE Ankaragücü,TR1,1,1578,29,6.62,1578.0,0.57,,,16.0,11.0,1.0,0.5,0.5,0.4,1.5,2.5,2.3,,,,,1.3
294767,2021-08-06,Trabzonspor,TR1,2,3176,46,6.74,3176.0,,,0.0,36.7,8.0,4.0,0.2,1.7000000000000002,1.4,4.2,8.4,5.0,,,,,0.7
199953,2021-08-10,Trabzonspor,TR1,1,2747,32,7.3500000000000005,2747.0,0.33,,,26.5,46.0,10.0,2.5,1.3,0.7,0.6,2.8,5.0,,,,,1.3
329630,2021-08-11,Konyaspor,TR1,1,1527,33,6.6,1527.0,0.29,,,27.8,33.0,5.0,1.1,1.1,0.6,0.5,2.3,4.7,,,,,1.0
58602,2021-08-11,Alanyaspor,TR1,2,2281,62,6.725545813239807,2281.0,0.3950942569048663,0.01,0.0,21.348180622533974,44.0,2.0,1.8854449802718105,1.7927224901359051,0.49272249013590524,0.6481806225339763,3.0372643577378344,4.529986847873739,,,,,1.444541867601929
189151,2021-08-12,Ankaragücü,TR1,2,4960,62,6.998842741935483,4960.0,0.04,,0.0,25.881814516129033,42.0,5.0,1.1016532258064515,3.1524798387096773,1.1049596774193546,0.8524798387096775,5.409919354838709,5.80991935483871,,,,,1.3
51894,2021-08-15,Basaksehir,TR1,2,2249,25,6.42,2249.0,,,,18.3,1.0,,,0.1,0.0,0.4,0.5,7.2,6.0,2.7,67.5,1.3,
240497,2021-08-17,Y. Malatyaspor,TR1,1,1653,31,6.62,1653.0,0.11000000000000001,,,24.4,13.0,4.0,3.9,1.1,0.4,0.2,1.7,3.6,,,,,1.1
182688,2021-08-18,Alanyaspor,TR1,2,4162,68,6.750028832292168,4162.0,,0.0,0.0,42.099711677078325,29.0,3.0,1.0714560307544452,2.1286400768861125,2.0143200384430564,0.5571359923113888,4.971552138395002,6.94291206150889,,,,,1.371407976934166
38414,2021-08-24,Galatasaray,TR1,2,4320,60,7.029740740740741,4320.0,0.08,,0.0,47.84916666666667,12.0,5.0,0.24935185185185185,1.2506481481481482,1.2974074074074073,3.150648148148148,5.997407407407407,6.692222222222223,,,,,1.0480555555555557
14221,2021-08-25,Kayserispor,TR1,1,2676,36,6.55,2676.0,,,,19.6,39.0,5.0,1.2,1.1,0.6,0.4,2.3,3.9,,,,,1.0
163053,2021-08-25,Fenerbahçe,TR1,2,3522,54,7.079787052810904,3522.0,0.43399488926746166,0.01,0.0,21.99625212947189,38.0,5.0,0.8163543441226575,1.1509369676320274,0.790885860306644,0.9418228279386713,3.0836456558773424,4.581771720613288,,,,,1.709114139693356
201248,2021-08-27,Kasimpasa,TR1,2,1186,17,,1186.0,,,,,6.0,3.0,,,,,,,,,,,
576033,2021-08-27,Kayserispor,TR1,2,2610,29,6.670000000000001,2610.0,,,,16.4,,,0.1,0.0,0.1,0.7,0.9,8.0,9.0,3.2,72.0,1.3,0.0
410285,2021-08-30,Konyaspor,TR1,2,713,20,,713.0,,,,,6.0,1.0,,,,,,,,,,,
600222,2021-08-31,Y. Malatyaspor,TR1,1,166,13,,166.0,,,,,1.0,,,,,,,,,,,,
39152,2021-09-04,Galatasaray,TR1,2,883,18,,883.0,,,,,11.0,2.0,,,,,,,,,,,
39333,2021-09-07,Fenerbahçe,TR1,1,2702,34,7.430000000000001,2702.0,,,,37.8,88.0,17.0,0.7999999999999999,1.5,1.7,1.3,4.8,4.6,,,,,1.2
109217,2022-01-12,Basaksehir,TR1,1,2071,26,7.23,2071.0,0.22,,,34.9,69.0,7.0,0.5,1.0,0.6,0.3,2.0,3.9,,,,,0.5
99227,2022-01-12,Karagümrük,TR1,1,1619,22,6.97,1619.0,0.11,,,32.9,15.0,2.0,1.2,1.5,0.9000000000000001,1.0,3.7,5.700000000000001,,,,,2.5
191391,2022-01-14,Kasimpasa,TR1,1,2089,29,6.81,2089.0,0.39,,,19.2,23.0,4.0,1.1,1.4,1.3,0.6,3.3,4.5,,,,,1.7
227676,2022-01-21,Antalyaspor,TR1,1,2813,35,6.79,2813.0,0.16,,,14.0,28.0,5.0,2.0,1.3,0.9000000000000001,0.6,3.0,5.2,,,,,1.6999999999999997
59931,2022-01-27,Antalyaspor,TR1,1,2202,33,6.65,2202.0,0.04,,,26.4,19.0,3.0,0.6,1.8,1.2,1.8,5.1,4.7,,,,,1.0
252922,2022-01-28,Gaziantep FK,TR1,2,1875,37,6.64,1875.0,0.25,,,30.4,16.0,3.0,0.7,2.2,1.0,0.9,4.4,5.8,,,,,1.9
26721,2022-07-01,Fatih Karagümrük,TR1,2,5696,68,7.232805477528091,5696.0,0.06052668539325842,,,64.40175561797753,72.0,7.0,0.7982443820224719,2.996488764044944,1.7052668539325844,1.149122191011236,6.196488764044943,9.347366573033707,,,,,1.7035112359550564
387143,2022-07-01,Kasimpasa,TR1,2,2324,43,7.25,2324.0,0.04,,0.0,31.4,11.0,2.0,0.7,2.4,2.9,1.7,7.4,7.6,,,,,2.3
291758,2022-07-01,Sivasspor,TR1,2,3486,50,7.167246127366609,3486.0,0.05,,0.01,26.928514056224895,37.0,6.0,0.5545897877223178,3.2270510613884107,2.272461273666093,2.263281698221457,7.96279403327596,6.308691910499139,,,,,2.045410212277682
260330,2022-07-01,Altay SK,TR1,2,2566,33,6.809999999999999,2566.0,0.04,,,26.6,12.0,3.0,0.5,2.6,1.1,1.1,5.0,6.4,,,,,1.8
16058,2022-07-01,Alanyaspor,TR1,2,1980,22,6.61,1980.0,,,,21.1,,,,,,1.4,1.4,8.9,7.0,3.4,69.6,1.5,
403834,2022-07-01,Göztepe,TR1,1,1605,23,6.4,1605.0,,,0.0,38.9,3.0,,0.2,1.4,1.8,3.2,7.1,5.7,,,,,1.2
113052,2022-07-01,Altay SK,TR1,1,2904,38,6.889999999999999,2904.0,0.15,,,12.1,45.0,11.0,1.9,1.2,0.5,0.1,1.8,3.4,,,,,2.0
468244,2022-07-01,Kasimpasa,TR1,2,5582,74,6.84003941239699,5582.0,0.06334647079899677,0.0,0.0,42.326083840917235,84.0,14.0,1.041633823002508,1.2081691150125402,0.6750985309924759,0.39183088498745966,2.3750985309924757,5.341633823002508,,,,,0.541633823002508
283223,2022-07-02,Karagümrük,TR1,1,1739,26,7.25,1739.0,0.26,,,19.6,30.0,4.0,3.8,1.3000000000000003,1.1999999999999997,0.4,2.8999999999999995,4.799999999999999,,,,,1.0
83560,2022-07-04,Gaziantep FK,TR1,2,4569,63,6.8439592908732765,4569.0,0.4107222586999344,0.01,0.0,17.76618516086671,47.0,6.0,1.444604946377763,0.7,0.4,0.9215802144889474,1.9769752681111843,3.110790107244474,,,,,1.1338148391332894
343463,2022-07-04,Besiktas,TR1,2,4645,67,7.044891280947255,4645.0,0.5028030139935414,,,23.38626480086114,48.0,9.0,1.172529601722282,0.9,0.5104413347685683,1.2,2.6862648008611414,4.389558665231432,,,,,1.775823466092573
149446,2022-07-05,Caykur Rizespor,TR1,1,857,19,,857.0,,,0.0,38.60000000000001,5.0,2.0,1.6,1.5,1.1,1.6,4.1,7.0,,,,,2.3999999999999995
239733,2022-07-07,Gaziantep FK,TR1,2,2803,50,6.96,2803.0,,,0.0,32.6,22.0,3.0,0.9,2.2,1.3,1.5,5.3,8.0,,,,,1.8
159079,2022-07-08,Y. Malatyaspor,TR1,2,4722,53,6.520216010165184,4722.0,,,0.0,19.851080050825917,,,0.045743329097839895,0.09999999999999999,0.1,0.7457433290978398,0.8457433290978399,11.205336721728083,10.0,3.279796696315121,70.26594663278273,1.3627700127064803,
212229,2022-07-08,Göztepe,TR1,2,5865,72,6.877493606138107,5865.0,0.19728900255754475,0.01,0.0,20.857289002557543,77.0,26.0,1.9145780051150896,1.6,0.45728900255754473,0.15728900255754474,2.257289002557545,4.686445012787724,,,,,1.2281329923273658
439022,2022-07-08,Galatasaray,TR1,2,5591,63,7.087782149883742,5591.0,,,0.0,57.73346449651225,16.0,2.0,0.2814523341083885,1.6629046682167767,1.6629046682167767,2.9221785011625823,6.866535503487749,5.629440171704525,,,,,1.1592738329458057
33481,2022-07-16,Trabzonspor,TR1,1,379,9,,379.0,,,,,9.0,2.0,,,,,,,,,,,
271966,2022-07-18,Galatasaray,TR1,2,1517,29,,1517.0,,,,,13.0,3.0,,,,,,,,,,,
259943,2022-07-20,Hatayspor,TR1,2,3041,54,6.735928970733311,3041.0,,,,36.071062150608356,4.0,1.0,0.8452482735942125,1.9334758303189743,1.507234462347912,2.1927655376520883,5.988227556724762,6.673758632028938,,,,,1.2714896415652746
390379,2022-07-25,Y. Malatyaspor,TR1,2,3724,56,6.981879699248119,3724.0,0.09639097744360903,0.03,0.02,21.303007518796992,55.0,6.0,1.7172932330827066,1.4466165413533834,1.0466165413533837,0.5586466165413534,3.15187969924812,6.065413533834586,,,,,0.6172932330827068
136834,2022-07-27,Giresunspor,TR1,2,5771,68,6.786473748050598,5771.0,,,,31.47114884768671,44.0,8.0,0.9483971582048173,1.2516028417951828,0.7580142089759141,1.548397158204817,3.7612198925662796,6.17756021486744,,,,,0.3516028417951828
503482,2022-07-27,Fenerbahçe,TR1,1,2674,31,7.259999999999999,2674.0,0.03,,0.0,56.20000000000001,3.0,,0.3,1.6000000000000003,2.4,4.2,8.8,6.5,,,,,0.8000000000000002
55524,2022-07-28,Adana Demirspor,TR1,2,757,22,,757.0,,,,,14.0,1.0,,,,,,,,,,,
46083,2022-07-31,Besiktas,TR1,2,5416,62,7.069798744460856,5416.0,0.10135709010339733,,,57.30252954209749,7.0,,0.1,0.7,2.0115583456425408,2.6884416543574594,6.021104135893649,6.051754062038405,,,,,1.0231166912850813
98131,2022-08-03,Giresunspor,TR1,1,2597,31,7.2,2597.0,,,,35.5,36.0,3.0,0.7999999999999999,2.1,1.4,2.6,6.3999999999999995,6.1,,,,,1.1
743091,2022-08-08,Besiktas,TR1,1,634,11,,634.0,,,,,14.0,3.0,,,,,,,,,,,
662131,2022-08-19,Trabzonspor,TR1,1,883,13,,883.0,,,,,2.0,1.0,,,,,,,,,,,
303939,2022-08-30,Gaziantep FK,TR1,1,431,16,,431.0,,,,,1.0,1.0,,,,,,,,,,,
94199,2022-08-31,Basaksehir,TR1,2,3895,48,7.37,3895.0,0.04,,,69.0,46.0,7.0,1.1,1.8,1.6,1.1,4.8,9.0,,,,,1.8
62049,2022-08-31,Hatayspor,TR1,2,4651,63,6.974151795312836,4651.0,0.40586755536443775,0.53,0.06,10.629628036981295,52.0,13.0,0.36471726510427865,0.6705654697914427,0.16471726510427864,0.8352827348957214,1.7705654697914426,1.8177381208342291,,,,,1.4588690604171146
203412,2022-08-31,Trabzonspor,TR1,2,2775,41,7.080000000000001,2775.0,0.56,0.01,0.0,17.5,31.0,5.0,0.6,0.3,0.1,0.7,1.3,2.0,,,,,1.9
77966,2022-09-01,Besiktas,TR1,1,607,13,,607.0,,,,,9.0,1.0,,,,,,,,,,,
168337,2022-09-02,Karagümrük,TR1,1,1739,31,6.74,1739.0,0.1,,,18.8,23.0,2.0,1.1999999999999997,0.9000000000000001,0.5,0.4,1.8000000000000003,3.8,,,,,0.5999999999999999
166086,2022-09-07,Konyaspor,TR1,2,1592,36,6.8,1592.0,0.39,,0.0,25.1,16.0,1.0,1.6,1.7,1.2,0.8,3.7,4.4,,,,,1.6
462772,2022-09-08,Adana Demirspor,TR1,1,2065,26,6.78,2065.0,0.04,,,47.7,7.0,1.0,0.3,0.6,1.0,3.7,6.1,3.8,,,,,0.7
110708,2022-09-08,Basaksehir,TR1,1,1143,30,6.55,1143.0,0.39,,,15.9,14.0,1.0,1.3,0.7,1.0,0.6,2.4,3.6,,,,,1.5
295024,2023-01-12,Adana Demirspor,TR1,1,2952,33,7.269999999999999,2952.0,0.060000000000000005,,,45.9,8.0,,0.39999999999999997,1.8,1.5999999999999999,4.5,8.7,5.5,,,,,1.3
191391,2023-01-16,Trabzonspor,TR1,1,1760,31,6.74,1760.0,0.1,0.02,0.01,24.3,30.0,5.0,0.7,2.0,0.9,0.4,3.4,3.9,,,,,1.2
45340,2023-01-19,Basaksehir FK,TR1,1,1461,22,7.02,1461.0,0.06,,,79.0,3.0,3.0,,1.0,1.8,3.6,7.0,4.4,,,,,1.2
674612,2023-01-25,Basaksehir,TR1,2,3780,44,7.2697486772486775,3780.0,0.118994708994709,0.14,0.03,70.55619047619048,17.0,5.0,0.5420105820105819,0.9394973544973545,0.7974867724867725,3.457989417989418,5.755476190476191,5.592460317460318,,,,,0.7974867724867725
88721,2023-01-30,Kasimpasa,TR1,2,2052,25,,2052.0,,,,,4.0,,,,,,,,,,,,
94199,2023-01-31,Ankaragücü,TR1,2,3895,48,7.37,3895.0,0.04,,,69.0,46.0,7.0,1.1,1.8,1.6,1.1,4.8,9.0,,,,,1.8
293213,2023-02-02,Konyaspor,TR1,1,3237,36,7.54,3237.0,0.06,,,57.6,37.0,6.0,1.6000000000000003,2.1,2.0,0.9,5.3,7.7,,,,,0.9
152733,2023-02-08,Kayserispor,TR1,1,2739,34,7.04,2739.0,0.03,,,27.6,40.0,6.0,1.3,2.0,1.4,1.8,5.5,5.6,,,,,0.9
439343,2023-02-17,Gaziantep FK,TR1,1,2358,34,6.83,2358.0,0.31,0.02,0.0,13.8,23.0,7.0,0.9000000000000001,0.6,0.2,0.8,1.8000000000000003,2.9,,,,,1.8000000000000003
291760,2023-02-17,Gaziantep FK,TR1,1,1283,24,6.610000000000001,1283.0,,,,27.8,10.0,1.0,1.1,1.2,0.4,1.0,2.6,5.8,,,,,0.6
189151,2023-03-05,Gaziantep FK,TR1,1,2439,32,7.069999999999999,2439.0,,,0.0,27.0,24.0,2.0,1.0,3.0,0.8,0.7,4.8,5.2,,,,,1.3
345105,2023-07-01,Antalyaspor,TR1,2,1341,42,6.42,1341.0,0.19,0.01,0.0,14.8,18.0,1.0,0.9,1.3,0.5,0.2,2.2,4.7,,,,,1.6
251345,2023-07-04,Giresunspor,TR1,1,2054,29,6.74,2054.0,0.04,0.12,0.11,35.1,33.0,3.0,0.6,1.1,0.6,1.7,3.9,6.6,,,,,1.1
48634,2023-07-05,Antalyaspor,TR1,2,3120,42,6.8,3120.0,0.04,,0.01,49.6,9.0,1.0,,0.7,1.2,2.9,5.2,4.9,,,,,0.9
177031,2023-07-05,Kayserispor,TR1,2,3168,57,6.933106060606061,3168.0,0.19924242424242425,0.04460227272727273,0.08304924242424243,22.782954545454544,63.0,10.0,0.984659090909091,1.5231060606060605,0.8924242424242423,0.5615530303030303,3.0770833333333334,5.33844696969697,,,,,0.8768939393939394
861410,2023-07-06,Fenerbahçe,TR1,2,1190,32,,1190.0,0.4,0.2,0.41,49.5,50.0,11.0,4.0,2.5,0.3,0.2,3.0,8.1,,,,,1.1
327402,2023-07-14,Alanyaspor,TR1,2,2930,56,6.796426621160409,2930.0,0.21409215017064845,0.16610921501706485,0.09279522184300341,40.22709897610921,36.0,9.0,1.3564846416382252,1.0487030716723549,0.29740614334470994,0.3051877133105802,1.7025938566552903,3.59740614334471,,,,,1.0487030716723549
158946,2023-07-14,Sivasspor,TR1,2,4374,63,6.889122085048011,4374.0,0.08263374485596708,0.0970233196159122,0.08702331961591221,22.01412894375857,60.0,9.0,0.8175582990397805,1.3561042524005489,0.7280521262002744,0.8912208504801097,3.0665980795610426,5.301714677640603,,,,,0.7631687242798354
95152,2023-07-20,Besiktas,TR1,2,2729,37,7.26,2729.0,,,,50.70000000000001,11.0,1.0,0.10000000000000002,3.0,2.5,3.2999999999999994,9.1,6.8,,,,,1.6000000000000003
129078,2023-07-21,Besiktas,TR1,1,1580,25,7.33,1580.0,0.28,0.19,0.22,26.4,38.0,6.0,2.2,1.1,0.4,0.3,1.8,5.6,,,,,1.3
319674,2023-07-24,Istanbulspor,TR1,1,2125,28,6.73,2125.0,,0.0,0.06,33.2,15.0,,0.3,1.8,1.9,2.0,5.8,6.0,,,,,0.8
99922,2023-07-24,Trabzonspor,TR1,1,2270,29,7.13,2270.0,0.16,0.1,0.04,51.7,10.0,1.0,0.5,1.7,2.1,3.6,8.3,6.7,,,,,1.3
28140,2023-07-25,Sivasspor,TR1,2,4835,61,7.158415718717684,4835.0,0.18417373319544986,0.11287900723888314,0.10820268872802481,22.766184074457083,102.0,20.0,2.2,1.4532368148914168,0.4597104446742502,0.2,2.2129472595656665,5.193526370217166,,,,,1.1467631851085833
315211,2023-08-01,Antalyaspor,TR1,1,474,12,,474.0,,,,,2.0,,,,,,,,,,,,
193612,2023-08-03,Kasimpasa,TR1,1,713,27,6.49,713.0,0.13,0.19999999999999998,0.11000000000000001,13.9,8.0,3.0,0.9,0.5,0.39999999999999997,1.0,2.0,3.3000000000000003,,,,,1.3
253290,2023-08-04,Sivasspor,TR1,1,325,15,,325.0,,,,,1.0,,,,,,,,,,,,
137206,2023-08-07,Karagümrük,TR1,1,2748,33,7.139999999999999,2748.0,0.16,0.12,0.1,35.6,44.0,5.0,0.4,1.6999999999999997,0.8,1.2,3.8999999999999995,4.4,,,,,1.0
238809,2023-08-07,Kasimpasa,TR1,2,4340,56,6.965456221198157,4340.0,0.10329493087557604,0.07261290322580645,0.1,32.831981566820275,42.0,8.0,0.49317972350230416,1.653410138248848,1.1795391705069127,1.493179723502304,4.619308755760368,4.572718894009216,,,,,0.4068202764976958
521956,2023-08-10,Kasimpasa,TR1,2,3871,44,6.529999999999999,3871.0,,,0.0,20.1,2.0,,,0.1,0.0,0.9,1.0,7.7,6.0,3.0,63.0,1.8,0.0
210747,2023-08-17,Fenerbahçe,TR1,1,2301,31,7.240000000000001,2301.0,,0.07,0.07,47.4,14.0,4.0,0.3,2.3,2.0,1.5,6.1,6.9,,,,,1.1
204049,2023-08-17,Konyaspor,TR1,2,1926,44,6.58,1926.0,0.1386344755970924,0.17299584631360332,0.09845794392523365,27.908359293873314,22.0,5.0,0.8436137071651091,1.7273104880581518,0.2709241952232606,0.8709241952232607,2.969158878504673,4.027310488058152,,,,,1.7281931464174456
394872,2023-08-18,Karagümrük,TR1,2,4134,48,6.807044025157233,4134.0,0.08,0.06352201257861635,0.01,46.02421383647798,6.0,1.0,0.1632075471698113,1.3896226415094342,1.0911949685534592,3.7,6.726415094339623,4.744025157232705,,,,,1.0176100628930815
80059,2023-08-25,Fenerbahçe,TR1,2,1373,49,6.51,1373.0,0.46097596504005833,0.6348871085214858,0.0597742170429716,19.297742170429714,17.0,6.0,0.47895120174799705,0.374435542607429,0.225564457392571,0.8,1.3,2.472177713037145,,,,,2.0045156591405684
134602,2023-08-29,Hatayspor,TR1,1,601,14,,601.0,,,,,7.0,2.0,,,,,,,,,,,
52480,2023-09-01,Hatayspor,TR1,1,1271,19,6.84,1271.0,,0.04,0.09,56.800000000000004,13.0,2.0,0.8,2.3,0.8,0.6,3.9,8.6,,,,,1.7
480705,2023-09-04,Adana Demirspor,TR1,2,977,14,,977.0,,,,,13.0,2.0,,,,,,,,,,,
387143,2023-09-06,Trabzonspor,TR1,2,844,22,,844.0,0.12,0.04,0.04,44.6,7.0,2.0,0.5,1.7,0.7,2.0,4.7,6.0,,,,,1.8
136180,2023-09-07,Galatasaray,TR1,1,613,21,,613.0,0.15,0.02,0.13,44.6,7.0,3.0,1.0,2.2,1.0,0.6,4.1,7.8,,,,,1.9000000000000001
126687,2023-09-15,Kasimpasa,TR1,1,2590,32,7.240000000000001,2590.0,0.1,0.15,0.16,37.5,62.0,12.0,1.1,1.9,0.6,0.5,3.1,5.8,,,,,2.1
199470,2023-09-15,Giresunspor,TR1,1,1959,23,6.57,1959.0,,0.01,0.0,15.5,,,,0.1,,1.1,1.2,8.7,2.0,2.9,59.4,2.0,0.0
170953,2023-09-15,Kasimpasa,TR1,1,1565,26,6.57,1565.0,0.22999999999999998,0.31,0.05,13.7,10.0,3.0,0.6,0.7,0.2,0.9,2.0,1.7,,,,,2.2
422203,2023-09-15,Alanyaspor,TR1,1,1823,27,6.61,1823.0,0.1,0.06,0.07,42.2,11.0,2.0,0.6,1.8,0.7,0.8,3.4,4.2,,,,,1.8
144128,2024-01-08,Karagümrük,TR1,1,990,11,,990.0,,,,,,,,,,,,,3.0,,,,
1141628,2024-01-11,Sivasspor,TR1,1,1328,17,,1328.0,,,,,6.0,1.0,,,,,,,,,,,
136184,2024-01-11,Adana Demirspor,TR1,1,2587,29,7.190000000000001,2587.0,,0.03,0.09999999999999999,34.5,29.0,4.0,0.39999999999999997,2.5,1.0,1.9000000000000001,5.8,4.7,,,,,1.1
163053,2024-01-12,Kayserispor,TR1,1,1939,27,6.9,1939.0,0.42,0.38,0.1,21.2,20.0,3.0,0.8,0.9,0.7,0.9,2.8,2.7,,,,,1.8
131506,2024-01-16,Sivasspor,TR1,1,989,13,,989.0,,,,,33.0,8.0,,,,,,,,,,,
162571,2024-01-22,Trabzonspor,TR1,2,3517,45,7.73,3517.0,0.34,0.3,0.25,49.3,87.0,12.0,0.9,2.2,0.9,0.5,3.8,7.0,,,,,1.3
72768,2024-01-24,Konyaspor,TR1,1,455,15,,455.0,,,,,3.0,1.0,,,,,,,,,,,
475413,2024-01-28,Galatasaray,TR1,2,4424,50,7.495886075949368,4424.0,0.03773056057866185,0.047730560578661846,0.13907775768535263,34.67129294755877,50.0,8.0,1.0226943942133815,2.4748191681735983,1.5840415913200723,1.868083182640145,6.088291139240507,6.329430379746835,,,,,1.6
243725,2024-01-30,Kayserispor,TR1,1,1943,27,6.95,1943.0,0.14,0.08,0.12,31.8,23.0,6.0,1.4,1.8,0.8,0.7,3.5,5.3,,,,,1.9
157501,2024-01-31,Adana Demirspor,TR1,1,993,16,,993.0,,,,,9.0,,,,,,,,,,,,
127048,2024-02-01,Galatasaray,TR1,1,185,10,,185.0,,,,,5.0,1.0,,,,,,,,,,,
69646,2024-02-01,Trabzonspor,TR1,2,3394,48,6.6,3394.0,0.04,0.06,0.06,42.5,19.0,2.0,0.2,1.2,0.9,1.6,4.1,4.8,,,,,0.9
211325,2024-02-05,Adana Demirspor,TR1,1,2754,32,7.58,2754.0,0.26,0.23999999999999996,0.09,34.2,39.0,4.0,1.9,2.0,1.0,0.9,4.2,6.0,,,,,1.4
294525,2024-02-08,Karagümrük,TR1,1,1979,28,6.55,1979.0,0.05,0.05,0.06,38.9,9.0,1.0,0.5,1.5,0.9,1.5,4.2,4.8,,,,,2.2
222876,2024-03-21,Adana Demirspor,TR1,1,354,12,,354.0,,,,,5.0,1.0,,,,,,,,,,,
388820,2024-07-01,Karagümrük,TR1,2,5209,65,7.0853810712228835,5209.0,0.05414282971779612,0.024023804952966018,0.061952390094067965,33.3964292570551,50.0,6.0,0.8390478018813593,2.2792858514110192,1.1195239009406797,2.14023804952966,5.73904780188136,6.480476099059321,,,,,0.7195239009406796
291758,2024-07-01,Konyaspor,TR1,2,4739,62,7.2376239713019626,4739.0,0.04,0.0044481958219033555,0.07665541253428992,33.976914960962226,50.0,8.0,0.9331082506857987,2.8555180417809662,1.8886262924667654,2.244481958219034,7.233108250685798,6.910023211648027,,,,,1.7775902089048323
275935,2024-07-01,Adana Demirspor,TR1,2,1002,26,,1002.0,,,0.04,27.9,4.0,,0.4,2.4,1.3,2.3,6.200000000000001,3.2,,,,,1.1
179184,2024-07-01,Fenerbahçe,TR1,2,1996,46,7.004689378757515,1996.0,1.0780210420841683,0.908496993987976,0.101062124248497,17.187174348697393,27.0,3.0,1.250551102204409,0.5164829659318638,0.1,0.2611723446893787,1.0164829659318637,2.1494488977955912,,,,,1.1446893787575152
341549,2024-07-01,Besiktas,TR1,2,912,22,,912.0,,,,,5.0,1.0,,,,,,,,,,,
278654,2024-07-02,Adana Demirspor,TR1,2,4588,64,7.210296425457715,4588.0,0.27154315605928514,0.268308631211857,0.12246294681778554,27.278334786399302,74.0,11.0,1.1000000000000003,1.9922842197035746,0.7584568439407149,0.5753705318221448,3.384568439407149,4.6845684394071485,,,,,1.3077157802964257
441170,2024-07-05,Besiktas,TR1,2,3083,39,7.14,3083.0,0.04,0.04,0.1,35.6,27.0,8.0,1.2,2.2,0.9,1.8,4.9,7.6,,,,,1.1
228940,2024-07-05,Alanyaspor,TR1,1,2053,32,6.83,2053.0,0.22,0.23,0.2,29.9,33.0,7.0,1.1,1.0,0.5,0.9,2.5,4.3,,,,,0.9
169511,2024-07-06,Ankaragücü,TR1,2,5030,57,6.863379721669981,5030.0,0.037793240556660036,0.042206759443339965,0.01,46.02624254473161,9.0,1.0,0.1,1.1220675944333995,1.3779324055666005,4.393439363817097,7.5324055666003975,4.662425447316103,,,,,0.8220675944333996
291750,2024-07-06,Konyaspor,TR1,2,5739,69,6.80228437009932,5739.0,0.09591740721380032,0.12076145669977348,0.03439449381425335,32.610733577278275,20.0,2.0,0.4000000000000001,1.5,1.1439449381425335,0.9802753092873322,3.824220247429866,4.519724690712668,,,,,1.124220247429866
45671,2024-07-16,Besiktas,TR1,2,3900,66,7.029584615384615,3900.0,0.4846846153846154,0.49485384615384614,0.08993846153846154,15.146076923076922,47.0,12.0,0.4998461538461539,0.9993846153846152,0.09984615384615385,0.7,1.949153846153846,2.399076923076923,,,,,1.249769230769231
256000,2024-07-16,Gaziantep FK,TR1,2,3599,51,6.901322589608225,3599.0,0.14954709641567102,0.05,0.03,30.29474854126146,12.0,,0.1477354820783551,1.6,1.8613225896082246,1.6999999999999997,5.461322589608225,5.340761322589609,,,,,1.00452903584329
100986,2024-07-19,Trabzonspor,TR1,1,1245,14,,1245.0,,,,,18.0,7.0,,,,,,,,,,,
252641,2024-07-23,Alanyaspor,TR1,1,662,20,,662.0,0.14,0.20999999999999996,0.09,38.7,7.0,,2.7,1.4,0.5,0.4,2.4,3.5,,,,,1.4
163053,2024-07-24,Pendikspor ,TR1,2,5100,63,7.129327450980392,5100.0,0.4757823529411765,0.38,0.1,19.402568627450982,54.0,10.0,0.6140588235294118,1.147921568627451,0.5140588235294117,1.0239607843137257,2.985941176470588,3.1338627450980394,,,,,1.8619803921568627
371256,2024-07-25,Galatasaray,TR1,1,1085,33,6.85,1085.0,,0.31,0.25,32.9,27.0,5.0,1.8,0.8,0.4,0.6,1.8,6.2,,,,,1.0
234124,2024-07-30,Istanbulspor,TR1,2,2952,38,6.56,2952.0,,0.04,0.03,38.1,7.0,1.0,0.2,0.9,1.4,4.6,8.3,4.1,,,,,0.8
267473,2024-08-02,Ankaragücü,TR1,1,1472,21,6.730000000000001,1472.0,,0.01,0.06,35.3,21.0,3.0,0.4,1.0,0.9,1.3,3.5,3.8,,,,,0.7
531332,2024-08-02,C. Rizespor,TR1,2,4612,60,7.087341717259323,4612.0,0.037896790980052046,0.054206418039895926,0.052103209019947964,41.54800520381613,20.0,4.0,0.2789679098005204,1.9630962705984392,1.8841283607979185,5.713291413703383,10.6025802254987,5.070836947094536,,,,,1.1210320901994795
343052,2024-08-04,Trabzonspor,TR1,1,1121,19,,1121.0,0.4,0.23999999999999996,0.13,31.599999999999998,17.0,2.0,1.6,0.6,0.5,0.2,1.3,3.6999999999999997,,,,,0.8
204201,2024-08-10,Pendikspor ,TR1,2,1076,27,,1076.0,,,,,21.0,6.0,,,,,,,,,,,
498529,2024-08-22,Fenerbahçe,TR1,2,2725,39,7.18,2725.0,0.08,0.08,0.11,27.6,30.0,8.0,1.0,3.0,1.7,1.5,6.5,5.2,,,,,2.3
112930,2024-08-23,Samsunspor,TR1,1,434,11,,434.0,,,,,5.0,2.0,,,,,,,,,,,
187587,2024-08-26,Besiktas,TR1,1,385,15,,385.0,,,,,20.0,5.0,,,,,,,,,,,
91059,2024-08-29,Fenerbahçe,TR1,1,371,16,,371.0,,,,,11.0,5.0,,,,,,,,,,,
192409,2024-08-29,Trabzonspor,TR1,1,1132,29,6.74,1132.0,0.16,0.16,0.11,22.3,10.0,1.0,0.8,2.5,1.0,0.9,4.5,4.1,,,,,1.4
272930,2024-08-30,Gaziantep FK,TR1,1,738,13,,738.0,,,,,12.0,2.0,,,,,,,,,,,
174733,2024-08-31,Besiktas,TR1,2,2114,24,7.09,2114.0,0.33,0.15,0.02,51.5,6.0,,0.1,1.3,1.5,3.7,7.5,3.1,,,,,1.0
382528,2024-09-03,Galatasaray,TR1,2,2652,40,7.35,2652.0,0.43999999999999995,0.4699999999999999,0.29,20.2,77.0,16.0,1.2,1.0,0.5,0.4,1.9,4.9,,,,,0.7
259953,2024-09-03,Fenerbahçe,TR1,2,775,13,,775.0,,,,,9.0,,,,,,,,,,,,
211325,2024-09-04,Pendikspor ,TR1,1,1518,20,7.03,1518.0,0.06,0.1,0.07,34.4,15.0,,1.5,2.3,1.1,0.8,4.6,5.6,,,,,1.3
112465,2024-09-04,Galatasaray,TR1,1,472,12,,472.0,,,,,10.0,2.0,,,,,,,,,,,
147487,2024-09-09,Beşiktaş Jimnastik Kulübü,TR1,1,1072,22,6.55,1072.0,0.42,0.31,0.09,13.6,7.0,1.0,0.9,0.1,0.1,0.4,0.6,2.2,,,,,0.6
170895,2024-09-13,Ankaragücü,TR1,1,804,19,,804.0,0.22,0.17,0.22,23.2,17.0,3.0,1.1,0.9,0.1,0.2,1.2,2.9,,,,,0.9
118287,2024-09-13,Besiktas,TR1,1,1166,27,6.85,1166.0,0.08,0.25,0.31,42.5,36.0,7.0,1.4,1.6,0.5,0.3,2.5,5.2,,,,,2.2
94199,2025-01-13,Ankaragücü,TR1,1,2050,27,7.29,2050.0,0.22,0.15,0.06,56.5,22.0,2.0,0.6,2.0,1.8,1.7,5.6,9.2,,,,,1.5
119150,2025-01-22,Trabzonspor,TR1,2,245,11,,245.0,,,,,2.0,1.0,,,,,,,,,,,
245014,2025-01-23,Trabzonspor,TR1,1,2359,35,7.17,2359.0,0.23,0.12,0.13,31.200000000000003,37.0,3.0,1.2,1.3,0.3,0.4,2.2,5.5,,,,,1.4
212832,2025-01-24,Basaksehir,TR1,2,1527,34,6.940000000000001,1527.0,0.43,0.34,0.16,24.3,35.0,10.0,1.3,1.4,0.9,0.4,2.7,3.4,,,,,1.8
179184,2025-02-03,Galatasaray,TR1,2,1166,45,6.76,1166.0,1.3095197255574615,1.3100600343053173,0.15335334476843912,21.11320754716981,28.0,3.0,0.7000000000000001,0.7000000000000001,0.13353344768439107,0.2,1.2,2.9682675814751285,,,,,1.1347341337907375
259025,2025-02-03,Trabzonspor,TR1,1,425,13,,425.0,,,,,4.0,,,,,,,,,,,,
390379,2025-02-07,Gaziantep FK,TR1,1,3067,35,7.21,3067.0,0.05999999999999999,0.04,0.09,25.599999999999998,29.0,8.0,1.2,1.9000000000000001,1.5999999999999999,1.0,4.6,6.1000000000000005,,,,,0.6
451353,2025-02-09,Hatayspor,TR1,1,2431,29,7.05,2431.0,0.19,0.13,0.11999999999999998,20.4,29.0,11.0,0.9,1.7,0.7,1.3,3.7,5.0,,,,,2.0
265542,2025-02-11,Adana Demirspor,TR1,1,2800,32,6.96,2800.0,,0.04,0.03,53.5,8.0,1.0,0.1,1.7,1.3,2.8,6.8,5.6,,,,,0.9
422203,2025-02-11,Trabzonspor,TR1,1,944,22,,944.0,,0.12,0.03,34.3,3.0,,0.5,3.0,1.2,1.0,5.8,4.1,,,,,2.2
306166,2025-07-01,Kasimpasa,TR1,2,4839,58,7.329999999999999,4839.0,0.5038355032031412,0.4409981401115933,0.08483364331473445,12.809981401115934,45.0,8.0,1.6933457325893777,1.1583178342632776,0.1483364331473445,0.7999999999999999,2.206654267410622,2.7616449679685884,,,,,1.406654267410622
152733,2025-07-01,Besiktas,TR1,2,2433,45,6.67,2433.0,,0.04,0.11,30.9,24.0,6.0,0.4,1.2,0.9,1.5,3.6,3.1,,,,,0.5
42913,2025-07-01,Göztepe,TR1,1,1750,28,6.94,1750.0,0.05,0.11,0.13,20.7,21.0,5.0,0.4,2.3,1.2,2.9,6.6,3.7,,,,,1.3
700031,2025-07-01,Adana Demirspor,TR1,1,2282,27,6.38,2282.0,0.04,0.03,0.05,21.9,14.0,1.0,1.0,2.8,1.5,4.2,9.3,4.5,,,,,1.2
477938,2025-07-01,Adana Demirspor,TR1,1,1717,28,6.78,1717.0,0.05,0.11,0.13,20.0,37.0,5.0,2.9,1.5,0.4,0.6,2.7,4.8,,,,,1.5
811841,2025-07-02,Adana Demirspor,TR1,2,1786,30,6.62,1786.0,,0.01,0.04,24.6,14.0,1.0,1.6,2.9,1.1,1.0,5.1,5.3,,,,,0.8
98512,2025-07-02,Basaksehir,TR1,2,1659,33,,1659.0,0.09,0.12,0.21,25.9,30.0,4.0,1.5,0.6,0.3,1.0,1.9,4.4,,,,,1.1
125858,2025-07-02,Galatasaray,TR1,2,2751,54,7.4,2751.0,0.23999999999999996,0.12968738640494365,0.15968738640494365,45.86252271901127,51.0,10.0,0.7806252271901127,2.796873864049437,0.9356234096692112,0.6774990912395492,4.8262450018175205,6.616248636859323,,,,,2.3225009087604507
666551,2025-07-03,Adana Demirspor,TR1,2,3963,46,6.62,3963.0,0.030000000000000002,0.02,0.02,36.1,25.0,3.0,1.4,2.1,1.0,1.3,4.6,7.1,,,,,1.1
323876,2025-07-03,Antalyaspor,TR1,1,2687,33,6.690000000000001,2687.0,0.07,0.07,0.02,43.8,6.0,,0.09999999999999999,1.8,1.7,5.2,9.7,3.4,,,,,1.3
28396,2025-07-10,Fenerbahçe,TR1,2,4980,71,7.4181746987951795,4980.0,0.631343373493976,0.6784156626506024,0.17548795180722893,19.580481927710842,84.0,19.0,0.6097590361445783,0.6,0.1,1.215843373493976,1.9609638554216868,2.145120481927711,,,,,0.9743975903614458
206947,2025-07-14,Kasimpasa,TR1,2,3202,39,7.200000000000001,3202.0,0.04,0.02,0.08,36.8,30.0,3.0,1.0,3.2,1.7,2.3,7.5,5.3,,,,,0.9000000000000001
440653,2025-07-25,Konyaspor,TR1,2,3316,62,6.558416767189384,3316.0,0.08282569360675512,0.09124246079613993,0.06406815440289505,22.89659227985525,35.0,6.0,0.2,1.75310615199035,0.8531061519903499,1.1813630880579011,4.140681544028951,2.9903799758745477,,,,,2.334469240048251
377387,2025-07-30,Alanyaspor,TR1,2,3757,53,6.94,3757.0,0.3,0.24,0.13,15.3,44.0,11.0,0.8,0.9,0.2,0.7,1.9,3.1,,,,,0.9
337800,2025-07-31,Besiktas,TR1,2,5408,63,7.421802884615385,5408.0,0.16456730769230768,0.15911057692307692,0.08728365384615384,34.44567307692308,64.0,5.0,1.6999999999999997,3.0543269230769234,1.236298076923077,0.8091346153846154,5.2451923076923075,5.727163461538462,,,,,1.5271634615384617
366194,2025-08-01,Antalyaspor,TR1,2,1156,34,,1156.0,,0.02,0.23,25.899999999999995,14.0,2.0,0.5,3.0,1.2,3.0999999999999996,7.400000000000001,4.2,,,,,1.2
275935,2025-08-08,Eyüpspor,TR1,2,1843,44,6.549999999999999,1843.0,,0.040830168204015194,0.06,23.929625610417798,8.0,1.0,0.40830168204015194,1.872924579489962,1.43537710255019,3.558111774281063,7.2664134563212155,3.702170374389582,,,,,2.110472056429734
361256,2025-08-14,Eyüpspor,TR1,2,3105,35,7.3,3105.0,,,0.0,26.1,1.0,,0.1,0.1,0.0,1.6,1.8,8.8,10.0,3.4,72.3,1.3,
957874,2025-08-15,Göztepe,TR1,1,2494,29,7.5,2494.0,0.4699999999999999,0.4699999999999999,0.18,16.6,45.0,16.0,1.6,0.8,0.3,0.3,1.5,3.4000000000000004,,,,,1.0
275683,2025-08-28,Eyüpspor,TR1,2,4185,58,6.948148148148148,4185.0,0.06,0.01,0.029175627240143366,36.21445639187575,18.0,1.0,0.5639187574671446,3.3360812425328557,1.8443249701314217,2.7556750298685784,8.263918757467145,4.588649940262844,,,,,1.4
581140,2025-08-30,Hatayspor,TR1,1,2266,34,6.66,2266.0,0.12000000000000001,0.1,0.13,14.9,28.0,6.0,1.1,1.2,0.4,0.6,2.1,3.3,,,,,1.5
743599,2025-09-01,Göztepe,TR1,2,576,17,,576.0,,,,,6.0,,,,,,,,,,,,
174694,2025-09-01,Alanyaspor,TR1,1,325,15,,325.0,,,,,12.0,2.0,,,,,,,,,,,
265569,2025-09-04,Samsunspor,TR1,1,2462,30,7.05,2462.0,0.04,0.04,0.04,44.1,18.0,4.0,0.2,2.0,1.2,2.3,6.0,6.4,,,,,1.6
221285,2025-09-08,Gaziantep FK,TR1,1,550,18,,550.0,0.33,0.13,0.12,32.7,11.0,2.0,0.2,3.4,1.0,1.8,6.2,7.0,,,,,3.1
187798,2025-09-08,Gaziantep FK,TR1,2,1682,21,6.74,1682.0,,,0.0,18.0,,,0.1,,,0.6,0.6,8.2,3.0,3.0,67.1,1.5,0.2
250844,2025-09-09,Fenerbahçe,TR1,2,1624,26,6.88,1624.0,,0.04,0.02,53.8,2.0,,0.2,1.4,2.3,4.4,8.4,4.4,,,,,1.7
159668,2025-09-11,Antalyaspor,TR1,1,2380,29,6.84,2380.0,0.22999999999999998,0.16,0.13,24.1,34.0,8.0,0.9,0.9,0.5,0.1,1.6,3.3,,,,,0.9
353403,2025-09-12,Sivasspor,TR1,1,2430,30,6.820000000000001,2430.0,,0.05999999999999999,0.05,32.4,25.0,2.0,0.7,2.1,0.9,1.3,4.3,4.4,,,,,1.1
216662,2026-01-03,Basaksehir,TR1,1,2256,34,7.1,2256.0,0.2,0.13,0.35,26.3,69.0,20.0,1.1,0.7,0.3,1.0,2.1,4.5,,,,,0.9
469787,2026-01-05,Galatasaray,TR1,1,802,25,,802.0,,0.06,0.21,44.2,13.0,4.0,1.6999999999999997,2.0,2.1,2.8999999999999995,7.299999999999999,7.0,,,,,0.7
45671,2026-01-15,Fenerbahçe,TR1,1,131,12,,131.0,,,,,6.0,1.0,,,,,,,,,,,
265542,2026-01-16,Gaziantep FK,TR1,1,2694,34,6.44,2694.0,0.10000000000000002,0.05000000000000001,0.02,40.0,9.0,2.0,0.20000000000000004,1.1,0.8999999999999999,4.7,7.599999999999999,3.7999999999999994,,,,,0.7
251345,2026-01-16,Hatayspor,TR1,1,2392,31,7.0,2392.0,0.15,0.13,0.21,41.4,59.0,12.0,0.4,1.3,0.5,0.8,2.9,4.2,,,,,2.0
320748,2026-01-22,Fenerbahçe,TR1,2,2740,49,7.07,2740.0,0.12,0.21,0.29,21.2,62.0,14.0,0.3,2.0,0.5,0.7,3.2,4.3,,,,,1.1
238055,2026-01-22,Besiktas,TR1,2,3910,45,7.44,3910.0,0.35,0.43999999999999995,0.19,28.1,77.0,18.0,1.7,0.7,0.3,0.1,1.0,3.8,,,,,0.4
331726,2026-01-27,Besiktas,TR1,1,1252,18,6.970000000000001,1252.0,0.5,0.59,0.13,11.0,14.0,1.0,0.2,0.4,0.4,0.8999999999999999,2.1,1.2,,,,,1.7999999999999998
248271,2026-01-29,Konyaspor,TR1,1,1467,33,6.559999999999999,1467.0,0.37,0.31,0.06,12.5,13.0,,0.2,0.4,0.3,0.9,1.7,1.3,,,,,1.0
56331,2016-08-28,VfL Wolfsburg,L1,1,81,1,,81.0,,,,,1.0,,,,,,,,,,,,
85148,2017-01-03,VfL Wolfsburg,L1,1,1054,13,,1054.0,,,,,27.0,4.0,,,,,,,,,,,
112062,2017-01-17,FC Schalke 04,L1,1,107,3,,107.0,,,,,1.0,,,,,,,,,,,,
35872,2017-01-31,SV Darmstadt 98,L1,1,588,11,,588.0,,,,,5.0,,,,,,,,,,,,
1667,2017-07-01,VfL Wolfsburg,L1,1,1260,14,,1260.0,,,,,,,,,,,,,3.0,,,,
143891,2017-07-01,Freiburg,L1,1,1939,25,6.8100000000000005,1939.0,0.42,,,17.0,26.0,5.0,1.6,1.2,1.0,0.7,3.0,2.4,,,,,1.9
159471,2017-07-01,Werder Bremen,L1,1,1970,27,7.05,1970.0,0.5,,,21.1,31.0,6.0,2.0,1.6,1.3,0.1,3.2,4.8,,,,,1.1
166601,2017-07-01,Hoffenheim,L1,1,2887,33,7.08,2887.0,0.06,,,65.4,8.0,,0.19999999999999998,2.1,2.2,2.3,7.1000000000000005,4.5,,,,,0.5
178459,2017-07-01,Leipzig,L1,1,436,21,,436.0,0.83,,,18.800000000000004,6.0,1.0,2.1,1.4,0.2,0.2,1.9,1.0,,,,,3.8999999999999995
124410,2017-07-01,Leipzig,L1,1,157,10,,157.0,,,,,1.0,,,,,,,,,,,,
43512,2017-07-01,B. Leverkusen,L1,1,2103,25,6.49,2103.0,0.04,,,45.3,2.0,1.0,0.1,1.5,2.1,3.8,8.2,5.1,,,,,1.3
124732,2017-07-01,Hertha BSC,L1,1,2115,24,6.79,2115.0,0.09,,,50.0,1.0,,0.2,1.4,2.6,4.9,9.5,4.2,,,,,1.0
61989,2017-07-01,Darmstadt 98,L1,1,2485,28,6.05,2485.0,,,,19.4,1.0,,,,,0.5,0.5,11.2,3.0,3.5,66.0,1.8,
82873,2017-07-01,FC Ingolstadt,L1,1,2728,33,7.09,2728.0,0.16,,,34.8,98.0,8.0,0.3,2.2,1.6,0.3,4.2,4.5,,,,,1.5
86784,2017-07-01,Wolfsburg,L1,1,2019,24,6.62,2019.0,0.09,,,45.2,27.0,3.0,0.0,1.2,1.6,2.5,5.6,4.3,,,,,1.1
94005,2017-07-01,FC Schalke 04,L1,1,2070,25,7.33,2070.0,0.13,,,29.9,23.0,4.0,0.7,3.0,3.5,2.2,9.0,6.9,,,,,1.7
118847,2017-07-01,Augsburg,L1,1,1964,26,6.89,1964.0,0.09,,,25.7,12.0,1.0,0.4,4.1,3.2,1.6,9.4,5.3,,,,,3.2
185077,2017-07-01,Freiburg,L1,1,2490,30,7.2,2490.0,0.21999999999999997,,,29.0,71.0,6.0,1.3,1.2,1.3,0.7,3.2,4.7,,,,,0.4
185245,2017-07-01,Mainz,L1,1,2351,29,6.3,2351.0,0.19,,,12.8,18.0,3.0,1.8,0.8,0.6,0.9,2.3,3.3,,,,,2.5
191422,2017-07-01,Mönchengladbach,L1,1,2281,28,7.1,2281.0,0.08,,,50.1,29.0,8.0,1.5,3.0,1.9,0.9,5.9,5.7,,,,,1.7
195736,2017-07-01,Werder Bremen,L1,1,1718,23,6.65,1718.0,0.1,,,37.1,5.0,1.0,0.6,2.4,2.7,1.5,6.9,4.6,,,,,1.6
231586,2017-07-01,Wolfsburg,L1,1,974,13,,974.0,,,,,10.0,1.0,,,,,,,,,,,
53669,2017-07-01,Hamburger SV,L1,1,1994,24,6.86,1994.0,0.05,,,24.1,17.0,,0.2,2.8,2.1,1.0,6.0,4.9,,,,,1.2
57051,2017-07-01,TSG 1899 Hoffenheim,L1,1,2788,32,7.33,2788.0,0.06,,,42.2,63.0,4.0,0.7,3.0,3.2,0.8,7.299999999999999,4.6,,,,,1.6
77809,2017-07-01,Borussia Mönchengladbach,L1,1,754,12,,754.0,,,,,7.0,1.0,,,,,,,,,,,
77108,2017-07-01,SV Darmstadt 98,L1,1,2552,29,6.91,2552.0,0.11000000000000001,,,20.9,36.0,2.0,0.5,2.9,2.6,1.8,7.7,4.2,,,,,1.6
1784,2017-07-01,Hamburger SV,L1,1,1710,19,5.82,1710.0,,,,13.8,1.0,,,,0.1,0.8,0.8,9.6,5.0,2.5,55.3,2.0,0.1
4357,2017-07-01,FC Schalke 04,L1,1,753,16,,753.0,,,,,3.0,,,,,,,,,,,,
14533,2017-07-01,TSG 1899 Hoffenheim,L1,1,390,10,,390.0,,,,,4.0,,,,,,,,,,,,
42783,2017-07-01,Borussia Mönchengladbach,L1,1,1598,30,6.38,1598.0,0.17,,,13.6,13.0,1.0,0.5,1.5,1.5,0.5,3.5,2.0,,,,,2.5
32207,2017-07-01,SV Darmstadt 98,L1,1,2721,32,6.28,2721.0,0.1,,,12.0,30.0,8.0,0.7,1.4,1.2,0.4,2.9,4.4,,,,,0.9
39372,2017-07-01,SV Darmstadt 98,L1,1,1540,23,6.859999999999999,1540.0,0.22999999999999998,,,25.8,52.0,4.0,0.8,2.6,1.8,1.1,5.6,4.3,,,,,1.9
109256,2017-07-01,Eintracht Frankfurt,L1,1,1060,25,6.12,1060.0,0.25,,,16.0,11.0,2.0,0.8,0.3,0.3,0.5,1.2,2.9,,,,,2.5
126414,2017-07-03,Leverkusen,L1,1,1217,15,,1217.0,,,,,29.0,5.0,,,,,,,,,,,
10471,2017-07-04,Wolfsburg,L1,1,2344,27,6.67,2344.0,,,,41.2,4.0,,0.4,2.6,3.4,2.3,8.9,5.8,,,,,1.8999999999999997
120205,2017-07-04,Hamburg,L1,1,1303,30,6.409999999999999,1303.0,0.35,,,20.7,9.0,2.0,0.6,1.1,1.1,1.5,3.9,3.5,,,,,1.8
124502,2017-07-04,Dortmund,L1,1,2475,29,6.94,2475.0,,,,68.1,8.0,1.0,0.3,1.4,1.6,2.5,5.8,4.3,,,,,0.8
85867,2017-07-08,Borussia Mönchengladbach,L1,1,409,12,,409.0,,,,,3.0,1.0,,,,,,,,,,,
31514,2017-07-13,FC Ingolstadt 04,L1,1,2735,31,7.209999999999999,2735.0,0.13,,,20.3,53.0,8.0,0.5,2.2,3.0,1.9,7.3,4.1,,,,,1.1
53437,2017-07-15,Eintracht Frankfurt,L1,1,2952,33,6.89,2952.0,0.030000000000000002,,,35.0,37.0,5.0,1.1,2.0,2.6,1.5999999999999999,6.3,5.7,,,,,0.7999999999999999
18021,2017-08-06,FC Augsburg,L1,2,5382,62,6.75247491638796,5382.0,0.08541248606465998,,,33.446878483835,32.0,5.0,0.25137495354886663,1.7054998141954665,1.870624303232999,2.0651244890375327,6.038498699368264,3.6137495354886653,,,,,0.7
45660,2017-08-07,FC Schalke 04,L1,1,1687,23,6.69,1687.0,0.16,,,23.0,32.0,5.0,2.1,0.5,0.5,0.7,1.8,4.6,,,,,1.3
34561,2017-08-08,Hamburger SV,L1,1,1142,14,,1142.0,,,,,3.0,,,,,,,,,,,,
19354,2017-08-09,FC Schalke 04,L1,2,2241,36,6.61,2241.0,,,,39.8,29.0,7.0,0.0,1.6,1.3,1.1,4.1,4.4,,,,,1.5
67869,2017-08-11,TSG 1899 Hoffenheim,L1,2,1863,33,6.37,1863.0,,,,28.6,38.0,5.0,0.5,1.9,0.5,0.8,3.2,3.2,,,,,0.8
51356,2017-08-17,FC Augsburg,L1,2,1489,31,6.44,1489.0,0.34,,,18.7,21.0,1.0,2.2,0.6,0.8,0.3,1.6,3.3,,,,,1.3
341317,2017-08-25,Leipzig,L1,1,617,25,,617.0,0.15,,,21.4,7.0,2.0,1.0,0.6,0.9000000000000001,,1.8000000000000003,3.6000000000000005,,,,,1.6
288230,2017-08-25,Dortmund,L1,1,2040,32,7.47,2040.0,0.26,,,22.5,64.0,17.0,4.5,1.3,1.1,0.2,2.6,4.3,,,,,1.2
283223,2017-08-29,Dortmund,L1,1,476,12,,476.0,,,,,9.0,2.0,,,,,,,,,,,
129674,2017-08-30,Hoffenheim,L1,2,2701,38,6.723054424287302,2701.0,0.0648611625323954,,,34.14576082932247,28.0,3.0,0.3486116253239541,1.6624953720844131,1.4319511292114033,1.6569418733802295,4.802776749352092,4.15694187338023,,,,,0.40555349870418367
35247,2017-08-31,VfL Wolfsburg,L1,1,1218,21,6.69,1218.0,,,,28.9,20.0,3.0,0.7,1.9,3.7,0.7,6.6,4.5,,,,,1.2
6288,2018-01-01,VfL Wolfsburg,L1,1,2854,33,7.110000000000001,2854.0,0.5,,,13.4,38.0,5.0,0.7,0.7,0.4,1.8,3.2,1.2,,,,,1.4
171167,2018-01-01,1.FSV Mainz 05,L1,2,975,19,,975.0,0.19,,,14.8,9.0,1.0,1.8,1.9,1.5,0.6,4.0,3.7,,,,,1.1
39743,2018-01-01,TSG 1899 Hoffenheim,L1,1,2601,31,6.93,2601.0,0.38,,,17.3,17.0,2.0,0.3,1.0,0.5,0.9,2.5,1.7,,,,,2.8
45668,2018-01-19,1.FC Köln,L1,2,2861,40,6.68,2861.0,,,,25.1,37.0,6.0,0.6,1.7,2.3,1.1,5.2,5.4,,,,,0.6
99922,2018-01-30,Dortmund,L1,2,2366,31,7.190000000000001,2366.0,,,,67.0,14.0,7.0,0.7,3.1,3.7,3.0,10.5,5.7,,,,,1.9
58864,2018-01-31,Dortmund,L1,2,4198,48,7.509999999999999,4198.0,1.0,,,11.7,41.0,11.0,0.6,0.5,0.4,0.1,1.0,1.9,,,,,0.7
66058,2018-01-31,Bayer 04 Leverkusen,L1,1,1263,22,6.44,1263.0,0.21000000000000002,,,24.6,12.0,,1.0,1.6,1.5,0.5,3.6,3.6,,,,,2.0
39094,2018-01-31,Hertha BSC,L1,1,2312,27,6.92,2312.0,,,,51.9,3.0,1.0,0.2,1.7,2.5,4.0,8.7,3.4,,,,,1.1
95755,2018-01-31,1.FSV Mainz 05,L1,1,331,10,,331.0,,,,,5.0,1.0,,,,,,,,,,,
261905,2018-07-01,Mainz,L1,2,2030,33,6.5,2030.0,0.11,,,23.3,22.0,1.0,1.5,3.1,1.1,0.7,5.1,5.0,,,,,1.9
302215,2018-07-01,RB Leipzig,L1,2,4372,58,7.407575480329369,4372.0,0.29103385178408053,,,44.20695333943275,79.0,16.0,3.1,3.0,2.472369624885636,0.9655077767612078,6.648215919487649,9.306861848124429,,,,,2.5103385178408053
323954,2018-07-01,Hamburg,L1,2,2041,27,6.41,2041.0,0.07,,,35.0,13.0,3.0,0.8,2.6,1.4,0.8,5.0,7.7,,,,,1.5
185077,2018-07-01,Mönchengladbach,L1,2,3270,47,7.2,3270.0,0.21999999999999997,,,30.097247706422017,91.0,9.0,1.228440366972477,1.128440366972477,1.1330275229357798,0.6522935779816513,2.9376146788990827,4.628440366972477,,,,,0.3522935779816514
282577,2018-07-01,1.FC Köln,L1,2,2056,27,6.48,2056.0,0.07,,,17.3,17.0,4.0,2.0,1.7,0.9,1.3,4.0,3.6999999999999997,,,,,1.5
28947,2018-07-01,Borussia Dortmund,L1,2,3132,47,6.916679438058749,3132.0,0.14,,,52.97311621966794,78.0,10.0,0.7000000000000001,1.8999999999999997,1.0073116219667944,0.6,3.7458492975734354,4.199010217113665,,,,,1.1541507024265645
229005,2018-07-01,1.FSV Mainz 05,L1,1,2416,27,6.889999999999999,2416.0,0.07,,,31.3,5.0,,1.2,2.8,1.9,2.4,7.6,4.1,,,,,2.2
91849,2018-07-01,Werder Bremen,L1,2,3715,45,7.08,3715.0,0.1,,,28.9,36.0,6.0,0.3,2.5,1.4,2.2,6.5,3.4,,,,,2.7
93844,2018-07-01,1.FC Köln,L1,2,2590,38,6.780000000000001,2590.0,0.28,,,25.7,41.0,8.0,1.4,2.7,0.9,0.6,4.2,4.6,,,,,1.9
108650,2018-07-01,1.FC Köln,L1,2,4280,55,6.610915887850467,4280.0,0.23441121495327105,,,20.3003738317757,57.0,11.0,0.9665420560747664,1.155140186915888,0.5110280373831775,0.7779439252336449,2.599626168224299,3.84411214953271,,,,,1.4885981308411216
110036,2018-07-01,1.FC Köln,L1,2,5564,63,6.6094248741912285,5564.0,0.030000000000000002,,,38.00517613227893,18.0,2.0,0.34985621854780735,1.9498562185478074,2.0988497483824586,4.1,8.69884974838246,4.600287562904385,,,,,1.0492810927390368
112935,2018-07-01,TSG Hoffenheim,L1,2,3329,53,6.87,3329.0,0.5696185040552718,,,18.57248422949835,50.0,9.0,1.0768398918594173,1.1961850405527186,0.7114448783418444,0.8038149594472813,2.7768398918594173,2.1844698107539804,,,,,2.065395013517573
119211,2018-07-01,Hertha BSC,L1,2,3106,41,6.950392788151963,3106.0,0.0898422408242112,,,28.288989053444947,67.0,7.0,1.9070830650354151,2.2826786864133934,2.1811010946555056,1.0102382485511914,5.510238248551191,4.581101094655506,,,,,1.5362202189311012
79377,2018-07-01,Hertha BSC,L1,2,2257,38,6.71,2257.0,0.04,,,20.3,22.0,5.0,2.2,2.1,1.0,0.6,3.7,3.9,,,,,1.5
72476,2018-07-01,Leverkusen,L1,2,6030,67,6.167910447761194,6030.0,,,,20.774626865671642,4.0,1.0,,0.1,0.0,0.7522388059701492,0.8014925373134328,8.51044776119403,16.0,2.656716417910448,64.85820895522389,1.4029850746268657,
59238,2018-07-01,Augsburg,L1,2,5760,64,6.225,5760.0,,,,20.25,1.0,,0.0,0.0,,0.45,0.5,9.5,16.0,3.55,71.35,1.45,0.1
56100,2018-07-01,1.FSV Mainz 05,L1,2,2197,31,,2197.0,,,,27.9,3.0,,0.3,2.2,3.8,3.3,10.3,3.3,,,,,1.2
48015,2018-07-01,Frankfurt,L1,2,5943,67,6.249106511862696,5943.0,,,,21.045532559313475,1.0,,,,,0.954467440686522,0.954467440686522,10.754467440686522,17.0,2.505956587582029,65.92978293791016,1.2514891468955074,0.0
196095,2018-07-01,Hamburg,L1,2,1137,35,6.13,1137.0,0.11000000000000001,,,19.2,11.0,2.0,1.0,1.1,0.3,0.1,1.6,3.3,,,,,1.6
153084,2018-07-01,FC Schalke 04,L1,2,4550,56,7.002567032967033,4550.0,0.18,,,32.15402197802198,52.0,4.0,0.9385054945054945,2.3,2.3513406593406594,1.0614945054945053,5.869252747252747,6.517912087912088,,,,,1.4435824175824175
160938,2018-07-01,Freiburg,L1,2,2047,25,,2047.0,,,,,8.0,3.0,,,,,,,,,,,
57995,2018-07-01,VfL Wolfsburg,L1,2,3237,48,6.70278344145814,3237.0,0.36,,,26.802811244979917,46.0,6.0,0.6305529811553907,1.216682113067655,0.5138708680877356,0.30834105653382765,2.0388940376892184,3.416682113067655,,,,,1.7138708680877357
89591,2018-07-01,Hannover 96,L1,1,1989,28,6.76,1989.0,0.18,,,19.8,32.0,1.0,0.6,2.2,0.4,1.0,3.8,3.8,,,,,1.3
79501,2018-07-01,VfB Stuttgart,L1,1,1528,23,6.42,1528.0,0.41000000000000003,,,12.0,15.0,1.0,0.8,0.5,0.3,0.7,1.5,1.9,,,,,1.9
77108,2018-07-01,SV Werder Bremen,L1,2,3346,50,6.724907352062164,3346.0,0.11000000000000001,,,20.449133293484753,43.0,3.0,0.40508069336521224,2.544052600119546,2.149133293484758,1.6101613867304245,6.655887627017335,4.247459653317394,,,,,1.7898386132695756
126534,2018-07-01,Hannover 96,L1,1,2879,32,7.25,2879.0,0.13,,,45.4,10.0,1.0,0.5,1.8,1.8,7.3,11.7,6.8,,,,,1.1
42783,2018-07-01,Hamburger SV,L1,2,2951,53,6.25620806506269,2951.0,0.18375465943747882,,,12.683022704168078,22.0,2.0,0.4083022704168079,1.8209420535411727,1.1332090816672313,0.9584886479159607,3.958488647915961,2.4126397831243644,,,,,2.5
119557,2018-07-01,Hannover 96,L1,1,846,22,,846.0,0.11,,,20.6,7.0,1.0,1.0,1.7,0.1,1.3,3.5,4.0,,,,,1.2
52200,2018-07-01,RB Leipzig,L1,2,1222,35,6.51,1222.0,0.09,,,24.2,25.0,1.0,0.1,1.7,1.2,0.8,3.7,3.3,,,,,1.1
31159,2018-07-01,Hannover 96,L1,1,1887,30,6.48,1887.0,0.43,,,18.0,18.0,3.0,0.6,0.8,0.4,1.1,2.4,2.9,,,,,1.9
34322,2018-07-02,Bor. Dortmund,L1,2,4675,56,7.127593582887701,4675.0,0.08,,,64.37112299465241,11.0,2.0,0.34919786096256683,2.401604278074866,1.2967914438502675,3.9,8.098395721925133,4.242780748663102,,,,,1.5983957219251337
193900,2018-07-02,Frankfurt,L1,2,2536,31,7.0200000000000005,2536.0,0.19,,,20.4,36.0,10.0,1.6,1.4,1.0,1.4,3.8999999999999995,3.5,,,,,1.0
52530,2018-07-03,Hamburger SV,L1,2,1439,33,6.23,1439.0,0.16,,,11.6,14.0,4.0,0.5,1.0,0.9,0.6,2.5,2.0,,,,,2.9
197126,2018-07-03,Mainz,L1,1,227,8,,227.0,,,,,4.0,,,,,,,,,,,,
364258,2018-07-05,Leipzig,L1,2,3244,40,7.16,3244.0,0.07,,,31.563995067817512,20.0,4.0,0.3,2.8999999999999995,2.309309494451295,3.34845869297164,8.840998766954378,4.949691738594328,,,,,1.5496917385943283
16922,2018-07-05,Eintracht Frankfurt,L1,1,2361,31,6.74,2361.0,0.22999999999999998,,,31.9,17.0,1.0,0.9,1.3,0.9,1.6,4.0,5.4,,,,,2.7
160285,2018-07-10,1.FC Köln,L1,2,2546,44,6.551327572663001,2546.0,0.20957580518460328,,,25.92882953652789,52.0,14.0,0.8,2.029379418695994,1.7104477611940296,0.585310290652003,4.5398271798900245,4.544069128043991,,,,,2.239827179890024
69015,2018-07-11,Dortmund,L1,1,1041,18,6.78,1041.0,0.26,,,27.1,28.0,4.0,1.4,1.5,0.6,0.3,2.4,3.6,,,,,1.6
65781,2018-07-11,FC Augsburg,L1,1,1418,17,6.960000000000001,1418.0,,,,16.4,6.0,1.0,1.5,2.0,1.8,3.1,7.2,5.8,,,,,1.3
99331,2018-07-13,Mönchengladbach,L1,2,5536,66,6.979132947976878,5536.0,0.11398843930635838,,,53.44682080924855,9.0,5.0,0.24797687861271675,2.0878612716763003,1.5398843930635837,5.3358381502890175,9.923699421965319,4.171676300578035,,,,,0.7520231213872832
532,2018-07-29,1.FC Köln,L1,2,1427,35,,1427.0,0.11,,,19.7,20.0,2.0,0.6999999999999998,0.6999999999999998,1.2,1.2,3.1,3.0,,,,,1.8999999999999997
146164,2018-08-02,FC Schalke 04,L1,1,1730,24,6.79,1730.0,,,,48.8,9.0,,0.7,2.5,2.8,0.5,6.0,7.8,,,,,1.3
230541,2018-08-02,Mainz,L1,1,1906,27,6.46,1906.0,0.38,,,11.9,18.0,5.0,0.6,1.0,0.3,0.6,1.8,2.2,,,,,1.7
37666,2018-08-06,Bayern Munich,L1,1,1457,22,7.46,1457.0,0.37,,,63.5,26.0,4.0,0.6,4.3,1.7,0.9,6.9,6.7,,,,,2.8
320141,2018-08-09,Freiburg,L1,1,2153,26,6.46,2153.0,0.04,,,38.8,,,0.3,1.8,2.3,3.7,8.5,4.1,,,,,1.1
49275,2018-08-14,Hamburger SV,L1,1,1107,19,6.6,1107.0,,,,35.9,7.0,1.0,0.6,3.2,1.7,1.5,6.7,5.3,,,,,1.1
228948,2018-08-16,FC Schalke 04,L1,1,2364,28,7.170000000000001,2364.0,0.11000000000000001,,,37.9,11.0,,0.6,3.1,1.3,3.5999999999999996,8.5,4.8,,,,,1.3
57051,2018-08-27,Bayern Munich,L1,2,2868,46,6.662520920502092,2868.0,0.06,,,45.459623430962345,33.0,4.0,0.4473849372384937,2.9526150627615064,1.0526150627615063,0.6369246861924687,4.689539748953975,5.889853556485355,,,,,1.5843096234309624
202591,2018-08-28,Leverkusen,L1,2,1324,24,6.48,1324.0,,,,35.1,11.0,2.0,0.5,3.0,2.2,2.1,7.6,6.3,,,,,1.1
75446,2018-08-30,1.FSV Mainz 05,L1,2,1742,26,6.69,1742.0,0.27,,,28.3,30.0,3.0,0.8,2.1,0.5,1.5,4.2,6.0,,,,,1.4
31095,2018-08-31,Borussia Dortmund,L1,2,2712,38,7.002057522123894,2712.0,0.1006858407079646,,,61.30147492625369,37.0,5.0,0.4547935103244838,3.2835545722713864,1.8835545722713867,2.173967551622419,7.45066371681416,6.505457227138643,,,,,1.6095870206489675
126719,2018-08-31,Bayern Munich,L1,1,892,11,,892.0,,,,,11.0,2.0,,,,,,,,,,,
315779,2019-01-02,Dortmund,L1,2,3235,52,6.825761978361671,3235.0,0.22562287480680066,,,28.180587326120556,49.0,14.0,3.313848531684698,1.5717465224111284,0.6,0.3997217928902628,2.671468315301391,3.7429366306027827,,,,,0.6855950540958269
106270,2019-01-18,Werder Bremen,L1,1,1685,30,6.63,1685.0,0.16,,,26.0,37.0,5.0,1.4,1.8,0.9,0.5,3.2,4.8,,,,,1.9
39728,2019-07-01,Bayern Munich,L1,2,3989,47,7.333356731010278,3989.0,0.044452243670092755,,,74.77204813236399,21.0,3.0,0.5,1.9657307595888693,1.9773878164953622,2.389044873401855,6.787641012785159,6.033567310102783,,,,,0.6109551265981449
152963,2019-07-01,SC Freiburg,L1,2,1668,34,6.169999999999999,1668.0,0.36999999999999994,,,11.1,17.0,2.0,0.8,0.7,0.6,0.9,2.5,3.4,,,,,2.1
142281,2019-07-01,1.FSV Mainz 05,L1,2,923,33,6.26,923.0,0.5,,,14.299999999999999,16.0,3.0,0.39999999999999997,0.19999999999999998,0.09999999999999999,1.2,1.9000000000000001,2.6,,,,,1.9000000000000001
70285,2019-07-01,FC Augsburg,L1,2,3989,53,6.5653296565555275,3989.0,0.11,,,26.09072449235397,74.0,3.0,0.5263474555026322,1.5263474555026324,1.168563549761845,1.768563549761845,4.6529957382802705,4.910779644021058,,,,,0.7631737277513162
85867,2019-07-01,TSG 1899 Hoffenheim,L1,2,4315,57,6.940841251448435,4315.0,0.04410892236384705,,,31.87821552723059,88.0,19.0,1.4301969872537659,1.5287137891077636,0.9643568945538817,1.0178215527230592,3.7519814600231753,5.3945538818076475,,,,,1.1
75489,2019-07-01,Hannover 96,L1,2,3501,48,6.85,3501.0,0.53,,,17.7,50.0,4.0,0.8,0.6,0.3,1.1,2.1,2.4,,,,,2.3
187624,2019-07-01,1.FC Nuremberg,L1,1,1126,13,,1126.0,,,,,,,,,,,,,2.0,,,,
187492,2019-07-01,Leverkusen,L1,2,5010,67,7.099389221556887,5010.0,0.29131137724550893,,,41.428922155688625,145.0,24.0,1.8067065868263474,0.9,0.6,0.3,1.8466467065868264,5.560359281437126,,,,,0.4466467065868263
186368,2019-07-01,Hertha BSC,L1,2,4602,57,6.8111299435028245,4602.0,0.1,,,26.604802259887002,84.0,18.0,1.1,1.5403954802259887,1.1172316384180792,1.6384180790960452,4.574858757062147,5.011299435028248,,,,,0.8403954802259888
164265,2019-07-01,Augsburg,L1,2,909,17,,909.0,,,,,10.0,1.0,,,,,,,,,,,
237164,2019-07-01,Hannover 96,L1,2,3206,42,6.86,3206.0,0.21,,,18.3,58.0,10.0,2.6,1.6,1.0,1.1,3.7,5.3,,,,,0.8
237662,2019-07-01,FC Schalke 04,L1,2,2263,41,6.288793636765356,2263.0,0.31789659743703047,,,12.83654441007512,23.0,6.0,1.821034025629695,1.4596553247901016,0.42103402562969505,0.35965532479010165,2.1806893504197964,3.3420680512593903,,,,,2.8472381794078654
260655,2019-07-01,1.FC Nuremberg,L1,1,1622,22,6.43,1622.0,0.17,,,29.1,15.0,3.0,1.6,1.7,0.4,0.9,3.2,6.7,,,,,1.0
125858,2019-07-01,Hoffenheim,L1,2,3233,45,7.222712650788741,3233.0,0.16876275904732446,,,43.615094339622644,111.0,19.0,2.1130528920507268,2.6123724095267553,1.0,1.0123724095267554,5.049829879369008,7.338818434890196,,,,,2.0749149396845037
361260,2019-07-01,Stuttgart,L1,1,1350,15,,1350.0,,,,,2.0,,,,,,,,,,,,
139396,2019-07-01,Leipzig,L1,2,2157,42,6.92,2157.0,0.22,,,35.3,35.0,6.0,3.8,1.0,0.7,0.5,2.3,6.5,,,,,0.6
353366,2019-07-01,Stuttgart,L1,2,5666,63,6.723829862336745,5666.0,0.03,,,44.144228732792094,20.0,3.0,0.25400635368866925,1.3240381221320154,1.9160254147546771,5.905930109424638,9.862019061066007,4.703847511471938,,,,,0.7
102226,2019-07-01,Mönchengladbach,L1,2,5823,67,7.263518804739825,5823.0,0.31,,,27.498815043791854,137.0,21.0,1.8964451313755797,1.54940752189593,0.85059247810407,0.35059247810407007,2.7505924781040703,4.538742916022668,,,,,0.7999999999999999
257462,2019-07-02,Frankfurt,L1,2,3177,54,6.729172175007869,3177.0,0.709241422725842,,,16.916965690903368,34.0,9.0,1.029241422725842,0.429241422725842,0.10000000000000002,0.9075857727415801,1.4953100409191062,2.8245514636449482,,,,,1.433931381806736
118847,2019-07-03,Leverkusen,L1,2,2634,46,6.48,2634.0,0.05000000000000001,,,40.40949126803341,27.0,3.0,0.5264996203492787,3.0777524677296886,1.5264996203492787,1.2470007593014427,6.4452543659832955,5.665755504935459,,,,,2.252999240698557
36182,2019-07-03,SV Werder Bremen,L1,2,5289,61,7.152246171298922,5289.0,0.2896823596142938,,,38.29047078842881,140.0,14.0,1.1072036301758366,0.5463981849120816,0.3463981849120817,0.15360181508791831,1.0927963698241632,4.257629041406693,,,,,0.6072036301758367
31182,2019-07-04,VfB Stuttgart,L1,2,3707,47,6.558920960345292,3707.0,0.05,,,25.867628810358777,31.0,5.0,0.2917453466414891,1.9561909900188832,0.9958726733207445,2.0876180199622336,5.235554356622605,4.227299703264095,,,,,1.4082546533585107
112930,2019-07-05,F. Düsseldorf,L1,1,1678,30,6.65,1678.0,0.54,,,15.3,21.0,4.0,2.0,1.9,0.8,0.4,3.2,4.7,,,,,1.4
19112,2019-07-05,VfB Stuttgart,L1,2,4435,56,6.789472378804962,4435.0,0.07,,,31.48069898534386,43.0,9.0,0.4456144306651635,3.080698985343856,1.3456144306651634,1.6,6.180698985343856,5.528072153325818,,,,,1.7350845546786924
181375,2019-07-17,Frankfurt,L1,2,4532,60,6.902058693733451,4532.0,0.47474845542806704,,,18.888106796116507,68.0,20.0,0.8887466902030008,1.0,0.4443733451015004,1.211253309796999,2.7556266548984993,3.288746690203001,,,,,1.9075022065313325
333241,2019-07-23,Hoffenheim,L1,1,2136,28,6.93,2136.0,0.29,,,23.1,43.0,9.0,2.0,1.5,0.6,0.3,2.5,4.6,,,,,2.4
187491,2019-07-26,Stuttgart,L1,2,4230,47,6.786170212765957,4230.0,0.060000000000000005,,,40.58297872340425,11.0,,0.2,2.5404255319148934,1.2765957446808511,4.459574468085107,9.206382978723404,4.336170212765958,,,,,1.1319148936170214
232454,2019-07-30,Hoffenheim,L1,2,2499,41,6.650000000000001,2499.0,0.10000000000000002,,,33.0,47.0,6.0,1.1,2.0,0.9,0.3,3.4,5.5,,,,,2.2
143891,2019-08-09,Dortmund,L1,1,761,18,,761.0,0.12,,,21.4,5.0,,0.6,0.8,0.4,0.6,1.8,1.3,,,,,1.3
323954,2019-08-12,Hannover 96,L1,1,1996,26,6.58,1996.0,0.05,,,41.0,15.0,,1.1,2.3,2.0,1.6,6.1,9.4,,,,,1.4
226450,2019-08-16,Hannover 96,L1,1,453,9,,453.0,,,,,9.0,2.0,,,,,,,,,,,
344600,2019-08-18,Borussia Mönchengladbach,L1,2,572,20,,572.0,,,,,10.0,,,,,,,,,,,,
22068,2019-08-21,Bayern Munich,L1,1,1167,25,6.71,1167.0,0.46,,,44.7,21.0,3.0,2.8,1.2,0.5,,1.7,5.4,,,,,1.3
258027,2019-08-23,Bayern Munich,L1,2,571,18,,571.0,0.16,,,48.8,9.0,1.0,2.7,0.8,0.6,0.2,1.6,5.6,,,,,1.6
39106,2019-08-27,TSG 1899 Hoffenheim,L1,2,2761,57,6.345939876856211,2761.0,0.22677653024266575,,,15.550344078232525,41.0,6.0,0.7238681637088011,0.8935530604853316,0.2,0.689025715320536,1.7825787758058673,2.5064469395146682,,,,,1.8
423436,2020-01-01,Stuttgart,L1,1,2428,27,6.54,2428.0,,,,32.6,13.0,,0.5,2.9,1.6,1.1,5.9,7.0,,,,,0.9000000000000001
196792,2020-01-01,Dortmund,L1,2,2476,31,6.730000000000001,2476.0,0.06,,,69.5,6.0,,0.4,2.0,1.0,3.3,6.9,5.6,,,,,0.9
82070,2020-01-11,RB Leipzig,L1,2,3273,43,7.018175985334555,3273.0,,,,58.75435380384968,37.0,5.0,0.4851512373968836,3.18890925756187,1.1,0.7481209899175069,5.237030247479376,7.570302474793767,,,,,1.5259395050412468
82863,2020-01-13,TSG Hoffenheim,L1,2,365,8,,365.0,,,,,2.0,,,,,,,,,,,,
126716,2020-01-30,Borussia Dortmund,L1,2,1729,37,7.01,1729.0,1.35,,,15.9,20.0,4.0,0.4,0.2,0.4,0.5,1.2,1.9000000000000001,,,,,0.4
293281,2020-01-31,Dortmund,L1,1,1270,24,6.62,1270.0,0.14,,,28.3,18.0,6.0,1.2,1.1,0.9,0.9,2.9,3.5,,,,,0.2
40074,2020-01-31,RB Leipzig,L1,1,926,19,,926.0,,,,34.9,4.0,,0.2,2.5,1.7,4.2,8.7,5.5,,,,,1.9
517894,2020-01-31,Leipzig,L1,1,848,25,,848.0,0.21,,,16.5,7.0,1.0,1.6000000000000003,1.1,0.4000000000000001,0.8000000000000002,2.4,4.4,,,,,3.6
57845,2020-07-01,Borussia Mönchengladbach,L1,2,2908,39,6.65,2908.0,,,,52.5,21.0,4.0,0.2,1.2,1.1,1.3,4.2,4.6,,,,,1.0
38410,2020-07-01,FC Schalke 04,L1,2,5060,59,7.051818181818181,5060.0,0.16181818181818183,,,24.163636363636364,99.0,13.0,1.8727272727272728,2.6818181818181817,1.3272727272727274,1.7363636363636363,5.954545454545454,7.027272727272727,,,,,1.0
78339,2020-07-01,Union Berlin,L1,1,2970,33,6.43,2970.0,,,,22.6,2.0,1.0,,0.0,0.1,1.1,1.2,9.5,8.0,3.2,66.3,1.6,0.1
170527,2020-07-01,Leipzig,L1,2,5330,64,7.518054409005628,5330.0,0.7437917448405253,,,21.569268292682928,89.0,21.0,1.4739774859287054,0.6,0.1526641651031895,0.04733583489681051,0.8946716697936211,2.842007504690432,,,,,0.7420075046904316
72792,2020-07-15,Fortuna Düsseldorf,L1,2,4649,55,6.574256829425683,4649.0,0.04,,0.01,28.99406323940633,50.0,8.0,0.35577543557754354,2.0,1.1999999999999997,2.0788771778877178,5.4788771778877186,4.646203484620349,,,,,0.9884491288449131
41323,2020-08-03,FC Augsburg,L1,2,3669,41,6.480000000000001,3669.0,,,0.0,22.9,,,0.0,0.0,,0.4,0.5,8.2,8.0,3.0,68.4,1.4,0.0
215864,2020-08-04,Frankfurt,L1,2,1858,46,6.393649085037675,1858.0,,0.21999999999999997,0.19,24.63396124865447,24.0,6.0,0.9381054897739504,1.7745963401506997,1.6055435952637247,0.8928417653390742,4.385683530678149,6.405543595263724,,,,,1.5127018299246502
213670,2020-08-04,Frankfurt,L1,1,329,7,,329.0,,,,,2.0,,,,,,,,,,,,
94201,2020-08-04,VfL Wolfsburg,L1,2,4636,55,6.663436151855048,4636.0,0.04030845556514236,0.04,0.03,49.5977782571182,8.0,,0.23436151855047455,1.4030845556514238,1.4343615185504746,3.640530629853322,7.243615185504746,6.82202329594478,,,,,0.8938308886971528
93763,2020-08-04,Freiburg,L1,2,4433,50,6.529706744868036,4433.0,,,0.0,23.683284457478006,,,0.0,,0.0,0.5527859237536656,0.6000000000000001,7.736070381231672,12.0,3.2193548387096773,68.33812316715543,1.4527859237536656,
68033,2020-08-04,Hoffenheim,L1,2,1330,34,,1330.0,,0.08,0.35,34.9,17.0,4.0,1.9000000000000001,3.6999999999999997,0.6,0.2,4.7,7.6000000000000005,,,,,2.0
196095,2020-08-14,Freiburg,L1,1,1270,23,6.52,1270.0,0.5,0.01,0.0,20.1,11.0,2.0,1.0,0.7,0.3,0.3,1.4,2.5,,,,,1.1
31095,2020-08-19,SV Werder Bremen,L1,1,1257,16,,1257.0,,,,,28.0,4.0,,,,,,,,,,,
328784,2020-08-29,Freiburg,L1,1,2708,32,6.56,2708.0,0.03,,,41.9,12.0,2.0,0.2,1.1,1.5,3.1000000000000005,6.4,4.6,,,,,0.9000000000000001
119031,2020-09-01,F. Düsseldorf,L1,1,2733,31,6.46,2733.0,0.07,0.0,0.0,46.8,18.0,5.0,0.5,1.3,1.5,2.3,5.6,5.4,,,,,1.2
82009,2020-09-02,Leverkusen,L1,1,2050,27,7.0,2050.0,0.44,,,16.9,34.0,10.0,1.0,0.7,0.2,0.3,1.3,3.2,,,,,0.9
111275,2020-09-02,Augsburg,L1,1,2712,31,6.82,2712.0,0.27,0.0,0.0,22.1,59.0,9.0,0.3,1.4,0.9,1.4,3.8000000000000003,6.0,,,,,0.39999999999999997
309400,2020-09-04,Leverkusen,L1,1,2462,30,7.119999999999999,2462.0,0.44,,,42.3,59.0,15.0,2.1,0.8,0.1,0.7,1.5,3.6999999999999997,,,,,1.0
185245,2020-09-15,1.FC Köln,L1,1,2003,29,6.75,2003.0,0.58,0.04,0.0,14.1,25.0,3.0,0.9,0.4,0.2,0.8,1.5,2.6,,,,,2.6
147573,2020-09-15,1.FC Union Berlin,L1,1,2689,33,6.550000000000001,2689.0,0.4000000000000001,,,15.300000000000002,23.0,3.0,0.7,0.7,0.20000000000000004,1.2,2.1,3.0,,,,,2.1
170463,2020-09-15,Wolfsburg,L1,1,1206,15,,1206.0,,,,,4.0,1.0,,,,,,,,,,,
60444,2020-09-18,Bayern Munich,L1,1,1771,24,7.39,1771.0,0.15,0.0,0.01,82.59999999999998,20.0,1.0,3.6,2.3,2.3,0.6,5.3,9.9,,,,,1.2
327251,2020-10-01,Mainz,L1,1,2350,30,6.62,2350.0,0.04,,,26.5,28.0,7.0,1.3,2.1,1.6,1.9,5.8,6.9,,,,,1.3
182932,2020-10-05,Werder Bremen,L1,2,3165,36,6.94,3165.0,0.21,,,28.9,41.0,4.0,0.3,1.7,1.2,1.2,4.6,5.8,,,,,0.9
182579,2020-10-05,Hertha BSC,L1,1,1260,14,,1260.0,,,,,3.0,1.0,,,,,,,,,,,
74842,2020-10-06,Dortmund,L1,1,516,15,,516.0,,,,,11.0,3.0,,,,,,,,,,,
56331,2021-01-04,E. Frankfurt,L1,2,2292,36,6.97,2292.0,0.49,,,16.5,30.0,8.0,0.09999999999999999,0.7000000000000001,0.3,1.3,2.4,2.2,,,,,1.0
159844,2021-07-01,Union Berlin,L1,2,4527,53,6.879829909432295,4527.0,,0.04,0.1,25.743317870554453,44.0,9.0,0.8501214932626463,2.699514026949415,1.550364479787939,2.0004859730505857,6.550607466313231,6.050364479787939,,,,,1.2002429865252926
59016,2021-07-01,Bayern Munich,L1,2,5174,60,6.974827986084266,5174.0,0.05551604174719753,0.020688055662930038,0.05172013915732509,71.0764978739853,47.0,6.0,0.4034402783146502,1.151720139157325,1.2068805566293004,1.5620409741012755,4.372361809045226,7.027638190954774,,,,,0.5034402783146502
127573,2021-07-01,Mainz,L1,2,1990,24,6.77,1990.0,0.05,0.03,0.12,14.7,18.0,2.0,0.8,1.9,1.3,1.5,4.9,5.6,,,,,1.6
124410,2021-07-01,Augsburg,L1,2,4482,59,6.47479027219991,4482.0,0.05,0.06,0.016287371709058456,21.65508701472557,18.0,4.0,0.09999999999999999,1.7556894243641232,1.5592815707273537,2.1221552878179386,5.855689424364122,4.7706604194555995,,,,,1.159281570727354
116088,2021-07-01,Union Berlin,L1,2,3296,58,6.414830097087378,3296.0,0.21724514563106795,0.14,0.07,14.162014563106796,38.0,8.0,1.7483009708737862,1.4706917475728154,0.6051577669902913,0.7293082524271846,2.9344660194174756,5.551699029126214,,,,,1.2413834951456313
112935,2021-07-01,FC Schalke 04,L1,2,3017,43,6.720835266821346,3017.0,0.24041763341067282,0.12447795823665894,0.06979118329466358,22.645475638051042,56.0,10.0,1.1,1.3993039443155453,0.40069605568445477,0.34895591647331786,2.1489559164733176,4.553828306264501,,,,,1.7
168543,2021-07-01,1.FSV Mainz 05,L1,2,2536,44,6.66,2536.0,0.17618296529968458,0.07,0.09000000000000001,15.851143533123029,36.0,5.0,1.7916009463722398,1.8465694006309148,0.8870268138801262,0.8572555205047319,3.5610804416403785,5.4,,,,,1.1511435331230284
39025,2021-07-01,1.FSV Mainz 05,L1,2,3177,52,6.430000000000001,3177.0,,0.11,0.14,28.02738432483475,44.0,5.0,0.9729933899905571,2.1432483474976394,1.2135033050047215,1.1594900849858356,4.8162417374881965,6.721529745042493,,,,,2.075731822474032
94771,2021-07-01,Arminia Bielefeld,L1,1,1003,18,,1003.0,0.18,0.35,0.13,12.7,11.0,2.0,0.3,1.1,0.3,1.0,2.3,4.0,,,,,1.3
357119,2021-07-01,Leipzig,L1,2,1262,22,,1262.0,,,,,1.0,,,,,,,,,,,,
339829,2021-07-01,1.FSV Mainz 05,L1,2,2386,39,6.59,2386.0,0.19,,,37.2,16.0,4.0,1.6,1.6,1.2,2.5,5.6,7.1,,,,,1.2
240274,2021-07-01,Arminia Bielefeld,L1,1,1607,21,6.62,1607.0,,0.01,0.02,20.2,6.0,,0.7,2.2,1.5,2.2,6.4,5.8,,,,,1.5
291739,2021-07-01,Werder Bremen,L1,2,3741,52,6.742232023523123,3741.0,0.26524993317294837,0.27,0.12,16.660892809409248,59.0,4.0,2.2,1.0737503341352579,0.2,0.32178561881849777,1.6955359529537557,4.517321571772254,,,,,1.0217856188184977
261905,2021-07-01,FC Schalke 04,L1,2,3563,45,6.6867639629525675,3563.0,0.20315745158574236,0.1,0.04,20.539629525680606,25.0,3.0,2.3405557114790905,2.7702778557395455,1.1900926185798484,0.6747684535503788,4.915324165029469,7.8360651136682575,,,,,1.4351389278697726
257814,2021-07-01,Stuttgart,L1,1,2970,33,6.34,2970.0,,,0.0,24.4,1.0,,0.0,0.1,0.1,0.6,0.7,10.0,5.0,3.2,66.3,1.6,
198008,2021-07-02,Frankfurt,L1,2,4350,57,7.323057471264368,4350.0,0.8264597701149426,0.86,0.16,17.9816091954023,62.0,14.0,0.8726436781609196,0.4,0.24528735632183907,0.3910344827586207,1.0363218390804598,2.554252873563218,,,,,0.6726436781609195
344695,2021-07-05,Leipzig,L1,2,4690,57,6.95,4690.0,0.04,0.05,0.05,70.97432835820895,17.0,3.0,0.8017910447761194,1.6514925373134326,1.45089552238806,2.951492537313433,6.654477611940299,9.150895522388058,,,,,1.1988059701492537
375137,2021-07-12,1.FC Köln,L1,2,3406,43,6.6345067527891946,3406.0,0.07957721667645333,0.06591603053435115,0.05042278332354669,18.167615971814442,27.0,4.0,0.4507046388725778,1.546476805637111,1.046476805637111,1.450704638872578,4.142248972401644,4.4,,,,,1.1014092777451556
112930,2021-07-15,FC Schalke 04,L1,2,2854,50,6.339747722494744,2854.0,0.18512964260686757,0.17,0.08,12.833286615276803,29.0,5.0,1.125648213034338,1.1743517869656621,0.39999999999999997,0.18717589348283112,1.7179397337070779,3.879467414155571,,,,,1.1435879467414156
338629,2021-07-16,1.FC Köln,L1,2,4531,52,6.444875303465019,4531.0,0.13728978150518648,0.07,0.01,34.73224453762966,7.0,2.0,0.308099757227985,1.3540498786139925,1.591900242772015,3.813551092474068,7.53520194217612,4.526947693665857,,,,,1.2702493930699625
118397,2021-07-19,FC Schalke 04,L1,2,2367,41,6.0962695395014785,2367.0,,0.04,0.04,30.281073088297425,15.0,2.0,1.3409801436417408,1.5217152513730463,1.2024503591043514,0.39999999999999997,3.1844106463878328,6.065145754119138,,,,,1.2204900718208704
292417,2021-07-22,Leverkusen,L1,1,438,10,,438.0,,,,,9.0,2.0,,,,,,,,,,,
185245,2021-07-23,Hertha BSC,L1,2,3545,50,6.763049365303244,3545.0,0.5060535966149506,0.20529196050775741,0.030448519040902684,13.534527503526094,49.0,4.0,0.9,0.4434978843441467,0.2869957686882934,0.53901269393512,1.36950634696756,2.643497884344147,,,,,2.4260084626234133
401173,2021-07-23,Dortmund,L1,2,4360,58,7.703217889908257,4360.0,0.5181467889908257,0.29,0.35,48.69165137614679,136.0,33.0,3.142362385321101,0.6423623853211009,0.594908256880734,0.14745412844036698,1.4372706422018349,4.369449541284403,,,,,0.21018348623853214
127160,2021-07-26,FC Schalke 04,L1,2,2765,33,6.34,2765.0,,0.0,0.04,34.9,8.0,,0.8,2.1,2.3,2.0,7.0,7.0,,,,,1.0
387626,2021-08-04,Leverkusen,L1,1,2147,30,7.3,2147.0,0.38,0.26,0.28,25.5,48.0,8.0,3.1,0.6,0.4,0.1,1.1,4.5,,,,,1.0
524285,2021-08-06,Hertha BSC,L1,2,1698,35,6.72,1698.0,,0.15,0.09,21.1,20.0,2.0,0.6,1.6,0.8,1.6,4.3,5.0,,,,,0.5
279009,2021-08-09,Augsburg,L1,2,3130,59,6.61114696485623,3130.0,0.22830990415335464,0.23790734824281154,0.10641853035143771,16.754728434504795,32.0,5.0,1.4338019169329075,1.3736421725239616,0.6189137380191694,0.8830990415335463,2.985111821086262,5.679073482428115,,,,,1.4641853035143773
170646,2021-08-15,Werder Bremen,L1,1,1960,23,6.91,1960.0,,0.04,0.17,25.0,41.0,4.0,0.3,1.7,0.9,2.5,5.4,3.6,,,,,0.7
159088,2021-08-16,Union Berlin,L1,2,4349,55,6.9790756495746145,4349.0,0.18836974017015407,0.11929409059553919,0.08581512991492296,40.0,32.0,6.0,0.6581512991492298,1.7163025982984594,1.674453897447689,1.5603357093584733,5.234789606806162,6.258151299149229,,,,,1.8836974017015407
285323,2021-08-17,Freiburg,L1,2,2238,31,6.84,2238.0,0.04,0.09,0.05999999999999999,31.199999999999996,15.0,2.0,0.8,2.1,2.1,1.2,5.7,7.0,,,,,1.3
190284,2021-08-18,Werder Bremen,L1,2,5145,64,6.841409135082605,5145.0,0.05143634596695821,0.0342818270165209,0.07571817298347912,29.82981535471331,53.0,7.0,0.357181729834791,1.8284548104956269,1.257181729834791,1.085636540330418,4.556909620991254,5.499727891156462,,,,,1.071273080660836
228433,2021-08-19,Leverkusen,L1,1,1454,22,6.69,1454.0,,0.03,0.05,56.3,1.0,,0.7,3.3,1.5,2.3,7.299999999999999,6.6,,,,,1.8000000000000003
142031,2021-08-23,FC Schalke 04,L1,1,1768,24,6.33,1768.0,0.05,0.02,0.05,36.8,5.0,1.0,0.4,2.1,1.9,1.6,6.3,6.3,,,,,1.3
111039,2021-08-23,TSG 1899 Hoffenheim,L1,2,2239,40,6.69,2239.0,0.27,0.21,0.11,17.7,29.0,3.0,1.0,0.5,0.3,0.9,1.7,2.4,,,,,1.0
91849,2021-08-25,Dortmund,L1,2,1305,21,6.7700000000000005,1305.0,0.07,0.08,0.03,47.6,5.0,,0.1,2.8,1.5,1.0,6.0,5.9,,,,,2.5
517894,2021-08-25,Hertha BSC,L1,2,2216,28,7.13,2216.0,0.29,0.35,0.16,18.5,50.0,7.0,3.4,1.5,1.3,0.3,3.2,5.6,,,,,1.9
106987,2021-08-30,Leipzig,L1,2,2972,54,7.035201884253028,2972.0,0.2706763122476447,0.295578734858681,0.17586473755047105,48.504676985195154,41.0,12.0,0.6365410497981158,1.4903768506056527,1.4096231493943472,1.1365410497981157,4.0048115746971735,6.595188425302827,,,,,1.122106325706595
94137,2021-08-30,Werder Bremen,L1,2,1912,43,6.51,1912.0,0.29,0.1,0.06,46.9,13.0,2.0,0.4,0.9,1.8,1.0,3.9,6.1,,,,,1.2
53437,2021-08-30,FC Schalke 04,L1,2,2845,45,6.23,2845.0,,0.016509666080843585,0.13207732864674868,30.563163444639724,40.0,3.0,0.7580316344463972,1.7603866432337432,1.132548330404218,1.8023550087873461,4.862741652021089,5.881159929701231,,,,,0.7976449912126539
153555,2021-08-31,Union Berlin,L1,2,3330,54,6.432111111111111,3330.0,0.04,0.027936936936936937,0.023228228228228228,23.124744744744742,2.0,,0.1,2.1470870870870873,1.308978978978979,2.7592192192192195,6.688828828828829,5.288348348348348,,,,,1.3058258258258257
26485,2021-09-01,Bayern Munich,L1,1,2378,29,6.84,2378.0,0.04,0.01,0.07,66.8,5.0,2.0,0.2,1.0,1.5,2.3,5.5,5.9,,,,,0.9000000000000001
146164,2021-09-02,1.FC Köln,L1,1,346,10,,346.0,,,,,3.0,1.0,,,,,,,,,,,
196231,2022-01-11,Union Berlin,L1,1,3060,34,7.01,3060.0,0.15,0.05,0.04,42.2,16.0,4.0,0.4,1.4,1.5,2.9,6.4,6.0,,,,,0.7
66058,2022-01-12,VfL Wolfsburg,L1,2,824,19,,824.0,,0.07,0.28,36.5,18.0,6.0,0.8,1.9,0.5,0.1,2.5,4.9,,,,,2.1
160938,2022-01-25,Stuttgart,L1,1,2733,32,6.9,2733.0,0.07,0.04,0.05,49.2,10.0,,0.6,1.6,2.2,3.0,7.700000000000001,6.799999999999999,,,,,1.2
36182,2022-01-30,1.FC Union Berlin,L1,1,1635,22,7.23,1635.0,0.61,0.37999999999999995,0.18,29.3,38.0,6.0,0.6,0.4,0.2,0.1,0.7,4.6,,,,,0.3
228645,2022-01-31,Wolfsburg,L1,2,4499,52,7.33476550344521,4499.0,0.5203089575461214,0.5058524116470327,0.109651033563014,16.451944876639253,61.0,13.0,0.4655034452100467,0.5379862191598133,0.09999999999999999,0.7310068904200933,1.50348966436986,3.1034896643698597,,,,,0.9344965547899534
334526,2022-01-31,Mönchengladbach,L1,2,2814,41,6.71,2814.0,0.06,0.1,0.04,35.7,19.0,3.0,1.3,1.9,1.5,1.8000000000000003,5.6,6.0,,,,,1.5
223979,2022-07-01,Wolfsburg,L1,2,3680,46,6.99,3680.0,0.07,0.11,0.09,32.7,29.0,9.0,1.4,2.3,1.7999999999999998,1.2,5.5,8.4,,,,,1.5
232144,2022-07-01,VfL Bochum,L1,1,1537,28,6.759999999999999,1537.0,0.22999999999999998,0.35,0.26,17.6,33.0,8.0,0.4,1.1,1.1,0.5,2.9,5.2,,,,,1.5
388198,2022-07-01,Freiburg,L1,2,4075,48,7.589999999999999,4075.0,0.13,0.12,0.07,44.9,15.0,3.0,0.7,2.3,1.8000000000000003,4.7,9.9,7.700000000000001,,,,,1.0
234029,2022-07-01,Union Berlin,L1,2,4253,53,7.021229720197508,4253.0,0.23563367035034094,0.16992475899365156,0.041417822713378794,26.686197977897955,23.0,4.0,0.6858217728662122,1.5574653185986362,1.0287326592993182,0.9287326592993183,3.6149306371972725,6.4279802492358336,,,,,1.442910886433106
193782,2022-07-01,Leverkusen,L1,2,1884,52,6.881868365180467,1884.0,0.8135881104033971,0.6287048832271762,0.09774946921443736,16.230148619957536,22.0,2.0,1.369851380042463,0.6679405520169852,0.1,0.7339702760084925,1.6019108280254777,1.9980891719745224,,,,,1.1660297239915076
190393,2022-07-01,Bayern Munich,L1,2,1482,31,,1482.0,,,,,24.0,5.0,,,,,,,,,,,
179635,2022-07-01,VfB Stuttgart,L1,2,2488,45,6.739999999999999,2488.0,0.18389469453376206,0.23557877813504824,0.19442122186495178,32.25156752411576,38.0,4.0,0.8,1.5336816720257236,0.6663183279742766,0.1389469453376206,2.4,5.216840836012862,,,,,1.4610530546623794
388363,2022-07-01,Greuther Fürth,L1,1,1686,26,6.18,1686.0,,0.01,0.01,38.5,1.0,,0.10000000000000002,1.5,1.5,5.2,9.0,4.8,,,,,1.3999999999999997
295313,2022-07-01,Union Berlin,L1,2,3565,52,6.815582047685834,3565.0,0.5027910238429173,0.49639551192145864,0.0685133239831697,12.638288920056102,47.0,5.0,1.208555399719495,0.423422159887798,0.138288920056101,0.8553997194950912,1.4171107994389902,3.208555399719495,,,,,1.1914446002805048
336869,2022-07-01,Bayern Munich,L1,2,551,15,,551.0,,,,,6.0,,,,,,,,,,,,
334221,2022-07-01,Arm. Bielefeld,L1,2,5066,57,6.825827082510856,5066.0,0.03,0.035298065534938805,0.025298065534938807,38.20335570469799,11.0,1.0,0.2529806553493881,2.0410580339518356,2.0589419660481645,5.164903276746941,10.323845242795104,4.741058033951836,,,,,0.6059613106987762
334207,2022-07-01,VfL Bochum,L1,1,1537,19,7.109999999999999,1537.0,0.06,0.06,0.01,39.7,3.0,2.0,0.2,1.1,1.8,4.2,8.1,8.7,,,,,0.5
177779,2022-07-01,Freiburg,L1,2,1286,40,6.61,1286.0,0.3400000000000001,0.16,0.03,27.3,3.0,,0.2,1.6,1.8,1.2,5.0,5.7,,,,,2.2
244940,2022-07-01,1.FC Köln,L1,2,3675,59,6.8677714285714275,3675.0,0.08,0.06769795918367347,0.07743401360544219,40.64941496598639,31.0,4.0,0.8141496598639456,1.5256598639455783,1.739809523809524,1.1513197278911567,4.616789115646259,8.35395918367347,,,,,1.7230204081632654
166601,2022-07-01,Bayern Munich,L1,2,3337,48,7.129919089002098,3337.0,0.054504045549895117,0.06549595445010488,0.08450404554989512,72.86164219358704,17.0,2.0,0.5351213664968534,1.6252022774947557,1.354959544501049,2.219838178004195,5.790080910997903,7.214474078513634,,,,,0.5
85906,2022-07-01,Frankfurt,L1,2,2044,33,6.78,2044.0,,0.02,0.14,16.8,15.0,4.0,1.2,1.5,1.2,1.7,4.6,5.3,,,,,0.5
85941,2022-07-01,Arm. Bielefeld,L1,2,6030,67,6.514626865671642,6030.0,,,0.015074626865671643,36.471641791044775,10.0,1.0,0.0,0.050746268656716415,,0.45223880597014926,0.45223880597014926,10.811940298507462,17.0,3.647761194029851,69.99701492537314,1.5492537313432835,
93081,2022-07-01,Greuther Fürth,L1,1,2134,24,6.51,2134.0,,0.02,0.02,36.7,1.0,1.0,0.0,1.3,1.6,4.9,8.7,5.6,,,,,0.6
183780,2022-07-01,SpVgg Greuther Fürth,L1,1,2110,27,6.79,2110.0,,0.02,0.11,36.0,21.0,2.0,0.6,2.1,0.8,1.2,4.2,7.3,,,,,1.8
60957,2022-07-01,VfL Bochum,L1,1,2345,33,6.65,2345.0,0.38,0.35,0.05,10.3,29.0,3.0,0.2,0.3,0.1,0.9,1.5,2.3,,,,,2.9
124502,2022-07-01,Mönchengladbach,L1,2,5415,62,6.902188365650969,5415.0,0.05130193905817175,0.05739612188365651,0.06434903047091414,56.97783933518006,26.0,7.0,0.2565096952908587,1.0609418282548477,1.4130193905817174,3.2390581717451523,6.395567867036011,5.356509695290859,,,,,0.3
418560,2022-07-01,Dortmund,L1,2,4324,52,7.831308973172988,4324.0,1.0188529139685478,0.8678677150786309,0.17311748381128583,13.727937095282147,50.0,17.0,0.8786771507863089,0.21147086031452358,0.055735430157261796,0.9983811285846439,1.3770582793709527,2.0114708603145237,,,,,0.7442645698427381
162434,2022-07-01,Hertha BSC,L1,2,4821,59,6.590479153702551,4821.0,0.04,0.03420659614187928,0.02579340385812072,39.42289981331674,11.0,2.0,0.18413192283758556,1.4317361543248288,1.4841319228375855,4.041319228375856,7.52545115121344,5.042065961418793,,,,,1.1476042314872434
533295,2022-07-01,Arm. Bielefeld,L1,1,2065,31,7.01,2065.0,0.13,0.16,0.16,17.0,42.0,5.0,3.1,2.3,1.2,0.4,4.0,7.3,,,,,2.1
106872,2022-07-01,Mainz,L1,2,929,42,,929.0,0.38513455328310015,0.31,0.35208826695371365,45.90290635091497,25.0,2.0,1.2875134553283099,2.129171151776103,1.0430570505920345,0.4847147470398277,3.656942949407966,10.179224973089344,,,,,2.1138858988159313
518505,2022-07-01,Greuther Fürth,L1,1,1958,33,6.47,1958.0,0.23,0.18,0.08,10.8,16.0,3.0,2.1,0.6,0.6,0.2,1.4,3.5,,,,,0.8
467563,2022-07-01,VfL Bochum,L1,1,1766,22,6.71,1766.0,,0.04,0.01,29.399999999999995,2.0,,0.10000000000000002,1.7,2.2,4.4,9.2,6.5,,,,,1.3
332705,2022-07-06,Leipzig,L1,2,3197,51,6.885373787926181,3197.0,0.05,0.0447575852361589,0.0784141382546137,52.937222395996244,21.0,1.0,0.7841413825461369,1.615858617453863,1.2737879261807945,1.1737879261807944,4.2792930872693145,7.148232718173287,,,,,1.3579293087269313
291200,2022-07-06,Mainz,L1,2,5434,62,6.888406330511595,5434.0,0.11361980125138021,0.10306772175193228,0.04527603974972396,34.434376150165626,26.0,4.0,0.39999999999999997,1.3472396025027604,1.6417188075082814,2.3527603974972395,5.794479205005521,6.508594037541405,,,,,1.3110415899889585
35047,2022-07-06,Dortmund,L1,2,3076,44,7.08,3076.0,0.09,0.04,0.04,56.1,10.0,2.0,0.2,1.9,1.2,1.7,5.3,7.0,,,,,1.2
147038,2022-07-07,Arminia Bielefeld,L1,2,4847,58,6.859874148958118,4847.0,,0.015487930678770375,0.07,26.034206725809778,32.0,4.0,0.7097586135754075,1.7158448524860737,1.580482772849185,2.980482772849185,6.676810398184444,6.554879306787703,,,,,1.235362079636889
120205,2022-07-08,Augsburg,L1,2,2223,49,6.675614035087719,2223.0,0.40430499325236163,0.2664507422402159,0.07990553306342779,15.88502024291498,12.0,4.0,0.5990553306342781,1.2747638326585693,0.36261808367071524,1.862618083670715,3.6626180836707154,3.874763832658569,,,,,1.1747638326585694
335457,2022-07-08,Freiburg,L1,2,2368,61,6.520194256756756,2368.0,0.2673521959459459,0.29725506756756753,0.10264780405405405,8.77943412162162,26.0,13.0,0.8725506756756756,1.0451013513513514,0.1,1.2735219594594593,2.518623310810811,3.053927364864865,,,,,2.6725506756756756
237662,2022-07-15,Mönchengladbach,L1,2,3598,60,6.886303501945526,3598.0,0.3460700389105058,0.42184824902723733,0.12005836575875486,18.37626459143969,50.0,8.0,2.019066147859922,0.7797665369649806,0.3196498054474708,0.3398832684824903,1.5994163424124512,2.7392996108949417,,,,,1.8595330739299611
38253,2022-07-19,Bayern Munich,L1,2,5414,63,8.126437015145918,5414.0,1.2656206132249723,1.0927890653860362,0.15909863317325454,17.94591799039527,69.0,15.0,1.1815478389360916,0.39098633173254527,0.15450683413372737,0.2909863317325453,0.936479497598818,2.2909863317325456,,,,,1.063945326930181
473169,2022-07-22,Leipzig,L1,1,124,9,,124.0,,,,,3.0,1.0,,,,,,,,,,,
185164,2022-07-23,Arm. Bielefeld,L1,2,2750,40,6.67,2750.0,0.11,0.01,0.05000000000000001,21.899999999999995,10.0,3.0,0.6999999999999998,0.9,1.5,2.2,5.0,5.400000000000001,,,,,0.6999999999999998
348026,2022-07-26,Leipzig,L1,2,3527,56,6.95476609016161,3527.0,0.10242699177771476,0.11383045080805218,0.11616954919194783,37.33538417918911,25.0,8.0,0.8570172951516869,2.03362631131273,1.357017295151687,1.857017295151687,5.404678196767791,5.575730082222852,,,,,1.471930819393252
318204,2022-07-31,Hoffenheim,L1,1,2761,32,7.44,2761.0,0.1,0.06,0.45,36.1,83.0,19.0,1.1,1.7,0.9,1.2,3.9,6.6,,,,,0.9
289592,2022-07-31,Stuttgart,L1,2,3973,52,6.760621696451044,3973.0,0.04468915177447773,0.07344575887238862,0.06,33.889881701485024,48.0,5.0,2.2062169645104452,1.012433929020891,0.8655424112761139,0.9062169645104455,3.090410269317896,6.25595268059401,,,,,1.3531084822552226
181547,2022-08-06,Frankfurt,L1,1,505,18,,505.0,0.53,0.62,0.03,17.5,6.0,,2.3,0.7,0.2,0.7,1.6,3.2,,,,,1.6
361068,2022-08-07,Hertha BSC,L1,1,708,21,6.3999999999999995,708.0,0.38,0.19,0.049999999999999996,20.5,8.0,2.0,0.7999999999999999,1.0,0.5,0.6,2.4,6.1000000000000005,,,,,1.4
50512,2022-08-08,1.FC Köln,L1,2,3421,51,7.049736919029524,3421.0,0.5792662964045601,0.5870154925460391,0.07293189125986554,9.452353113124817,27.0,6.0,0.2,0.3235603624671149,0.1235603624671149,1.3062847120724934,1.8534054370067232,1.7,,,,,1.3706810874013446
182574,2022-08-08,1.FSV Mainz 05,L1,2,2847,54,6.750800842992623,2847.0,0.10000000000000002,0.05632595714787496,0.11795574288724975,30.897506146821215,39.0,6.0,0.9162978573937479,2.220442571127503,1.2,0.5102212855637512,4.204144713733755,6.373480857042501,,,,,1.0734808570425007
161011,2022-08-12,Frankfurt,L1,2,2598,32,7.41,2598.0,0.14,0.09,0.35,25.5,88.0,16.0,0.8999999999999999,1.6,0.5,0.7,2.9,6.800000000000001,,,,,0.6
538996,2022-08-17,Bayern Munich,L1,1,573,17,,573.0,0.16,0.05999999999999999,0.11999999999999998,76.8,5.0,2.0,0.8,1.7,1.1,2.7,5.8,5.0,,,,,2.0
88262,2022-08-22,Hertha BSC,L1,1,1900,23,6.51,1900.0,,0.04,0.01,32.0,5.0,,0.1,0.7,0.8,6.3,8.4,4.4,,,,,0.5
272812,2022-08-29,1.FC Köln,L1,2,736,17,,736.0,,,,,9.0,1.0,,,,,,,,,,,
317740,2022-08-30,Arm. Bielefeld,L1,1,1109,27,6.39,1109.0,0.08,0.1,0.13,15.3,11.0,2.0,0.6,0.2,0.2,1.0,1.5,3.8,,,,,0.6
90024,2022-08-31,FC Augsburg,L1,1,286,10,,286.0,,,,,5.0,2.0,,,,,,,,,,,
369567,2022-08-31,Stuttgart,L1,2,1456,18,,1456.0,,,,,28.0,7.0,,,,,,,,,,,
284730,2022-09-01,Dortmund,L1,1,2263,26,7.05,2263.0,0.04,0.08,0.03,72.1,2.0,,0.3,1.3,1.4,2.2,5.5,6.5,,,,,0.8
179643,2023-01-01,Hertha BSC,L1,2,1825,28,6.99,1825.0,0.10000000000000002,0.09,0.13,32.8,34.0,4.0,0.9,1.6000000000000003,1.0,0.8000000000000002,3.5,6.900000000000001,,,,,1.1
178459,2023-01-02,Hertha BSC,L1,1,996,25,6.27,996.0,0.36,0.38,0.08,12.0,7.0,1.0,0.2,0.5,0.1,0.9,1.5,2.0,,,,,2.8
127076,2023-01-12,Wolfsburg,L1,1,1778,26,6.74,1778.0,0.05,0.05,0.06,26.8,15.0,3.0,1.5,0.7,0.7,1.5,3.2,4.9,,,,,0.5
538977,2023-01-14,Hoffenheim,L1,2,2613,48,6.739999999999999,2613.0,0.45,0.38999999999999996,0.16,10.8,25.0,6.0,2.1,1.0,0.3,0.6,2.0,3.1,,,,,2.1
370789,2023-01-17,Union Berlin,L1,1,1420,28,6.84,1420.0,0.13,0.09,0.1,22.6,18.0,3.0,1.2,1.7,1.0,2.0,5.0,7.2,,,,,0.8
222859,2023-01-17,FC Schalke 04,L1,1,407,9,,407.0,,,,,4.0,,,,,,,,,,,,
42205,2023-01-19,Mönchengladbach,L1,1,2967,33,6.46,2967.0,,,0.0,28.7,1.0,1.0,,,0.09999999999999999,0.6,0.7000000000000001,9.3,5.0,3.6999999999999997,67.0,1.8,
79377,2023-01-30,Union Berlin,L1,1,1767,30,6.89,1767.0,0.1,0.11,0.06,20.0,25.0,3.0,0.7,1.9,1.3,0.8,4.1,5.0,,,,,1.4
538971,2023-01-31,Stuttgart,L1,2,1464,20,6.93,1464.0,0.13,0.05,0.06,28.3,15.0,1.0,1.3,1.1,0.5,0.4,2.3,5.6,,,,,1.0
284769,2023-07-01,Stuttgart,L1,2,4410,49,6.07938775510204,4410.0,,,0.003877551020408164,24.485714285714284,2.0,,,,,0.8224489795918367,0.8224489795918367,8.255102040816327,5.0,2.9224489795918367,62.2469387755102,1.7387755102040816,
284732,2023-07-01,Mönchengladbach,L1,2,4502,51,7.191361617059085,4502.0,0.20207907596623723,0.17655930697467792,0.08207907596623723,38.61859173700578,28.0,6.0,0.5344069302532207,1.5584184806752555,1.4792092403376276,3.4344069302532207,6.8824300310972895,6.568813860506443,,,,,1.1688138605064415
282660,2023-07-01,Hertha BSC,L1,2,2338,41,6.97,2338.0,,0.023609923011120616,0.15834046193327633,24.880496150556027,33.0,5.0,1.9360992301112063,3.497091531223268,2.8,2.0721984602224124,8.697091531223268,7.530282292557743,,,,,1.2721984602224121
251299,2023-07-01,Mainz,L1,2,900,10,,900.0,,,,,,,,,,,,,,,,,
250013,2023-07-01,Mainz,L1,1,518,16,,518.0,,,,,8.0,2.0,,,,,,,,,,,
308552,2023-07-01,FC Schalke 04,L1,1,462,11,,462.0,,,,,4.0,1.0,,,,,,,,,,,
344381,2023-07-01,Leipzig,L1,2,4633,59,7.716259443125405,4633.0,0.7009669760414419,0.595547161666307,0.284936326354414,24.69389164688107,103.0,24.0,2.036132095834233,0.5951651197927909,0.4590330239585581,0.5,1.5951651197927907,3.154198143751349,,,,,0.9590330239585582
324278,2023-07-01,Hoffenheim,L1,2,4484,62,6.985298840321142,4484.0,0.2781155218554862,0.28388046387154325,0.1457649420160571,21.328166815343444,45.0,12.0,1.5188447814451382,1.3000000000000003,0.4576494201605709,0.6423505798394291,2.557649420160571,4.9,,,,,2.0882471008028545
318528,2023-07-01,Mönchengladbach,L1,2,3488,51,7.132798165137615,3488.0,0.417052752293578,0.5481995412844036,0.11836009174311928,14.950802752293576,43.0,8.0,1.6950688073394495,0.5278669724770642,0.2836009174311927,0.7442660550458715,1.6278669724770642,2.655733944954129,,,,,1.1721330275229356
312819,2023-07-01,VfL Bochum,L1,2,376,25,,376.0,,,,,5.0,,,,,,,,,,,,
232418,2023-07-01,1.FC Köln,L1,2,2311,44,6.85,2311.0,0.11,0.22,0.12,26.6,28.0,3.0,2.1,1.3,0.9,0.5,2.8,7.2,,,,,2.3
125714,2023-07-01,Freiburg,L1,2,5940,66,6.714545454545455,5940.0,,0.0,0.01,26.078787878787878,5.0,2.0,0.1,,0.1,0.6,0.6484848484848484,9.818181818181818,23.0,3.2484848484848485,71.92727272727272,1.2515151515151515,
191422,2023-07-01,Dortmund,L1,2,2001,31,7.23,2001.0,0.11,0.07999999999999999,0.18,44.3,32.0,5.0,1.4,2.3,0.9,0.8,4.2,7.7,,,,,1.2
223967,2023-07-01,Leipzig,L1,2,2715,47,7.066386740331491,2715.0,0.23036095764272557,0.16373480662983425,0.12746961325966852,37.814438305709025,34.0,8.0,1.8168692449355432,3.2879558011049723,0.7337384898710865,0.5373480662983425,4.713259668508288,7.216869244935545,,,,,2.2120441988950277
186988,2023-07-01,Union Berlin,L1,2,807,34,6.4,807.0,0.56,0.32,0.06,18.3,12.0,4.0,0.6,1.7,,0.8,2.6,5.5,,,,,2.4
170986,2023-07-01,Dortmund,L1,2,4097,50,7.487788625823773,4097.0,0.17758359775445448,0.12318769831584087,0.22966560898218208,53.82545765194044,86.0,13.0,1.1879179887722726,1.5318769831584085,1.3120820112277274,0.7681230168415915,3.756041005613864,6.724164022455455,,,,,0.43187698315840856
581678,2023-07-01,Dortmund,L1,2,5487,63,7.547607071259341,5487.0,0.1834353927464917,0.23435574995443778,0.1549079642792054,42.01226535447421,72.0,18.0,2.3398760707125934,2.0926371423364314,1.301840714415892,0.9,4.443557499544378,6.1417167851284855,,,,,1.349079642792054
445939,2023-07-01,Wolfsburg,L1,2,3083,56,6.805092442426208,3083.0,0.23232241323386313,0.3283522542977619,0.10041193642555951,16.958806357444047,44.0,4.0,2.404119364255595,1.260298410638988,0.4,0.20411936425559518,1.912358092766786,4.552059682127798,,,,,1.8520596821277975
473050,2023-07-01,Freiburg,L1,2,1001,29,6.58,1001.0,0.44,0.23,0.1,10.1,7.0,,1.6,1.0,0.3,1.4,3.1,4.5,,,,,2.4
451276,2023-07-02,Leipzig,L1,2,3989,62,7.382068187515668,3989.0,0.2700576585610428,0.23080471296064178,0.32540235648032084,41.79137628478315,110.0,26.0,1.5919528703935824,1.4304587615943845,0.5999999999999999,0.8385058912008022,2.968964652795187,5.654023564803209,,,,,0.9000000000000001
406640,2023-07-03,Wolfsburg,L1,2,2143,46,7.15,2143.0,0.15,0.13,0.08,26.0,20.0,6.0,1.3,2.0,1.2,1.5,5.2,5.7,,,,,1.4
251878,2023-07-03,Mainz,L1,2,4143,56,7.086183924692252,4143.0,0.129210716871832,0.0712237509051412,0.1766183924692252,25.248950036205645,73.0,11.0,0.832367849384504,2.055394641564084,0.755394641564084,1.2999999999999998,4.2661839246922515,5.764735698769008,,,,,1.2892107168718319
7161,2023-07-05,Mönchengladbach,L1,2,4765,57,7.6180398740818465,4765.0,0.45240713536201477,0.2936726128016789,0.330694648478489,36.72854144805876,169.0,20.0,0.6746904512067157,1.1310178384050367,0.5,0.35632738719832113,2.1,4.743672612801679,,,,,0.7746904512067155
290587,2023-07-05,1.FC Köln,L1,2,4677,54,7.377194782980543,4677.0,0.21221723326918965,0.16610861663459484,0.06389138336540517,44.12037630960017,42.0,4.0,0.6832584990378447,2.5778276673081035,1.8,1.3778276673081036,6.155655334616207,7.861086166345949,,,,,1.0221723326918968
116088,2023-07-06,FC Schalke 04,L1,1,2604,33,7.010000000000001,2604.0,0.38,0.32,0.16,13.699999999999998,39.0,5.0,1.1,0.8000000000000002,0.3,0.5,1.7000000000000002,4.6,,,,,0.8999999999999999
269878,2023-07-07,Mainz,L1,2,2107,56,6.5325961082107264,2107.0,0.68,0.49885144755576644,0.06123398196487898,16.760844803037493,11.0,1.0,0.9123398196487899,0.29999999999999993,0.5246796392975795,0.7,1.5246796392975794,3.5995728523967725,,,,,2.2251067869008065
361065,2023-07-07,Leverkusen,L1,2,3480,53,6.933931034482759,3480.0,0.10234482758620689,0.053310344827586204,0.08572413793103449,37.13103448275862,31.0,7.0,1.0193103448275862,1.266896551724138,0.9572413793103449,1.4717241379310346,3.848275862068965,6.776551724137931,,,,,0.8427586206896552
281963,2023-07-09,Bayern Munich,L1,2,2518,32,7.43,2518.0,,0.02,0.04,75.8,10.0,,0.8,2.2,1.2,1.9,5.9,7.9,,,,,1.0
297583,2023-07-11,Freiburg,L1,2,2427,58,6.774017305315204,2427.0,0.22112896580140093,0.27787391841779974,0.15099711578079936,23.528594973217963,30.0,2.0,0.8787391841779975,0.8524927894519984,0.3212608158220025,0.7049855789039967,1.8574783683559952,3.9475072105480016,,,,,0.8149567367119901
94199,2023-07-11,Hertha BSC,L1,1,679,11,,679.0,,,,,5.0,,,,,,,,,,,,
215099,2023-07-11,Leverkusen,L1,2,688,24,,688.0,,,,,8.0,3.0,,,,,,,,,,,
448177,2023-07-14,Hertha BSC,L1,2,1165,24,6.32,1165.0,0.44,0.45,0.03,7.5,7.0,1.0,1.1,1.5,0.10000000000000002,0.4000000000000001,2.2,2.6,,,,,2.1
606752,2023-07-14,FC Schalke 04,L1,1,1327,22,6.989999999999999,1327.0,0.07,0.21000000000000002,0.31,14.199999999999998,36.0,4.0,2.4,1.1,0.5,0.7,2.3,6.599999999999999,,,,,1.5
353948,2023-07-19,Hertha BSC,L1,2,4904,63,6.920328303425775,4904.0,0.1260562805872757,0.09403752039151714,0.0660093800978793,19.013152528548122,30.0,4.0,0.8197185970636216,2.0802814029363788,1.5399061990212073,2.1596247960848287,6.059624796084829,5.499061990212072,,,,,1.2596247960848288
395516,2023-07-22,Leverkusen,L1,2,5485,65,7.366091157702825,5485.0,0.36062351868732906,0.3094804010938924,0.2754676390154968,22.74844120328168,118.0,29.0,1.7505195989061075,0.5505195989061076,0.25051959890610753,0.1,0.8515587967183227,3.4051959890610757,,,,,0.9031175934366453
106987,2023-07-24,Bayern Munich,L1,2,1568,42,6.53,1568.0,0.1,0.2,0.21,55.4,17.0,5.0,0.5,1.9,1.0,1.0,3.8,6.8,,,,,1.6
153678,2023-07-26,1.FC Köln,L1,2,1407,47,6.46,1407.0,0.27,0.1610092395167022,0.13358919687277895,23.130277185501065,15.0,2.0,0.7,1.5201847903340437,1.3,1.7575692963752663,4.8014925373134325,5.927292110874201,,,,,0.805046197583511
125858,2023-08-03,Leverkusen,L1,1,1547,25,7.039999999999999,1547.0,0.23,0.13,0.23,46.4,31.0,5.0,0.5,2.1,0.9,0.6,4.0,5.8,,,,,1.8
212723,2023-08-04,Frankfurt,L1,1,2649,32,7.099999999999999,2649.0,0.14,0.06,0.04,44.8,17.0,1.0,0.4000000000000001,1.4,1.0,0.7,3.2000000000000006,7.099999999999999,,,,,1.3
275249,2023-08-04,Werder Bremen,L1,1,1083,24,6.92,1083.0,0.25,0.14,0.14,35.7,16.0,,2.7,2.1,0.4,0.8,3.3,8.4,,,,,1.7
356141,2023-08-04,Frankfurt,L1,1,2270,32,7.21,2270.0,0.36,0.39,0.14,39.3,34.0,4.0,0.6,2.0,0.6,0.7,3.4,5.6,,,,,1.6
475959,2023-08-05,Leipzig,L1,1,2170,30,7.04,2170.0,0.04,0.08,0.04,79.2,12.0,,0.7,1.0,1.4,2.9,6.0,6.9,,,,,0.8
42205,2023-08-07,Bayern Munich,L1,1,2610,29,6.76,2610.0,,,0.0,35.0,,,0.1,0.0,0.0,0.8,0.9,7.4,8.0,2.7,66.4,1.3,0.0
557459,2023-08-08,Wolfsburg,L1,1,2970,33,6.9,2970.0,0.03,0.04,0.04,44.6,6.0,2.0,0.6,1.4,0.8,3.1,6.0,5.9,,,,,0.7
146310,2023-08-18,Stuttgart,L1,1,2925,33,7.36,2925.0,0.15,0.12,0.12,35.8,46.0,7.0,0.9,2.2,0.8,1.8,5.0,7.1,,,,,1.2
415912,2023-08-22,Stuttgart,L1,1,2288,28,7.25,2288.0,0.08,0.16,0.04,45.7,15.0,2.0,0.6,2.0,2.5,3.8,9.0,7.200000000000001,,,,,0.9000000000000001
279009,2023-08-22,Hertha BSC,L1,2,2555,49,6.89093542074364,2555.0,0.24535029354207433,0.1967436399217221,0.1662778864970646,19.65812133072407,31.0,7.0,1.855812133072407,1.876751467710372,0.9488454011741684,0.6767514677103718,3.5465362035225048,7.007005870841488,,,,,1.6604696673189825
303259,2023-08-24,Hertha BSC,L1,1,2405,32,7.04,2405.0,0.41,0.33,0.18,15.0,29.0,6.0,2.5,0.7,0.5,0.6,1.9,4.5,,,,,1.2
443710,2023-08-25,Hoffenheim,L1,2,3478,52,7.51,3478.0,0.05006900517538815,0.05598619896492236,0.15792409430707302,67.9519838987924,56.0,8.0,0.5598619896492237,2.12110408280621,0.9802760207015526,0.9806210465784934,4.44186313973548,6.440138010350776,,,,,1.2401380103507762
232144,2023-08-28,Union Berlin,L1,2,208,14,,208.0,,,,,,,,,,,,,,,,,
513245,2023-08-29,Frankfurt,L1,2,1777,28,6.85,1777.0,0.37,0.32,0.17,16.5,19.0,4.0,1.5,1.4,0.5,0.3,2.3,5.0,,,,,1.0
353366,2023-08-30,Bayern Munich,L1,1,2432,30,7.55,2432.0,0.15,0.09,0.14,74.2,19.0,4.0,,2.6,1.6,2.8,7.6000000000000005,5.7,,,,,1.0
307924,2023-08-30,Augsburg,L1,2,1947,31,6.87,1947.0,0.48,0.43,0.15,7.6,24.0,6.0,0.3,0.6,,1.0,1.6,2.5,,,,,1.5
381753,2023-08-31,Werder Bremen,L1,2,1588,32,6.59,1588.0,,0.02,0.06,37.8,8.0,2.0,0.3,2.5,1.2,1.2,5.3,6.6,,,,,1.5
75489,2023-08-31,Werder Bremen,L1,2,4884,59,7.2675,4884.0,0.5159848484848484,0.4698484848484848,0.12984848484848485,18.437878787878788,70.0,12.0,0.6568181818181819,0.3,0.04924242424242424,0.9492424242424243,1.4492424242424242,2.3106060606060606,,,,,1.1015151515151513
293194,2023-09-01,Stuttgart,L1,2,2000,27,7.4,2000.0,0.09,0.05,0.38,38.8,70.0,7.0,0.8,1.2,0.9,1.6,3.9,5.2,,,,,0.6
478573,2023-09-01,Bayern Munich,L1,2,568,25,6.52,568.0,,0.14,0.13,52.2,10.0,,1.8,2.7,1.4,1.6,6.0,9.2,,,,,1.4
487969,2023-09-01,Frankfurt,L1,2,2801,34,7.42,2801.0,0.51,0.45,0.2,14.1,41.0,11.0,2.4,0.5,0.1,0.4,1.1,3.3,,,,,1.7
344069,2023-09-01,Mainz,L1,1,2076,30,7.2,2076.0,0.04,0.1,0.18,25.8,31.0,5.0,1.1,1.2,1.8,1.0,4.1,7.2,,,,,1.1
46104,2023-09-04,Hertha BSC,L1,1,886,17,6.75,886.0,0.41,0.28,0.1,19.8,14.0,1.0,1.0,0.3,0.2,0.9,1.5,3.6,,,,,0.8
102226,2023-09-06,Dortmund,L1,2,460,15,,460.0,,,,,11.0,1.0,,,,,,,,,,,
84435,2024-01-11,Hoffenheim,L1,1,1779,22,6.76,1779.0,,,0.04,52.1,4.0,1.0,0.1,0.8,1.3,3.3,5.9,6.8,,,,,1.1
188888,2024-01-18,Union Berlin,L1,2,3229,45,7.05,3229.0,0.38,0.22999999999999998,0.2,12.0,57.0,12.0,0.9,0.5,0.1,0.2,0.9,3.0,,,,,1.0
232454,2024-01-31,Leverkusen,L1,1,969,25,6.76,969.0,0.37,0.17,0.17,38.4,15.0,,1.7,1.4,0.6,0.6,2.6,7.0,,,,,1.3
117432,2024-01-31,Union Berlin,L1,1,1534,33,6.79,1534.0,0.4699999999999999,0.28,0.09,16.4,21.0,,0.7,0.6,0.3,1.4,2.5,2.5,,,,,2.1
100986,2024-02-07,Dortmund,L1,2,1170,18,,1170.0,,,,,10.0,4.0,,,,,,,,,,,
455661,2024-07-01,Werder Bremen,L1,1,1182,30,6.64,1182.0,0.15,0.19,0.14,23.9,24.0,,2.2,2.6,0.4,1.1,4.1,5.3,,,,,1.7
443331,2024-07-01,VfL Bochum,L1,2,2885,47,6.74162218370884,2885.0,0.1,0.05228769497400347,0.03708492201039862,27.33244367417678,18.0,,0.6583015597920278,1.8,1.229150779896014,1.6479722703639514,5.177123050259965,6.156083188908146,,,,,1.2479722703639513
286596,2024-07-01,Darmstadt 98,L1,1,1781,27,6.69,1781.0,,0.019999999999999997,0.10000000000000002,40.20000000000001,21.0,,0.9,2.2999999999999994,0.6999999999999998,2.0,5.5,3.7999999999999994,,,,,0.9
283497,2024-07-01,Darmstadt 98,L1,1,1013,23,6.36,1013.0,0.09,0.16,0.06,17.4,12.0,2.0,0.8,1.2,0.7,2.0,4.1,2.8,,,,,1.2
353892,2024-07-01,Stuttgart,L1,2,4792,56,7.13,4792.0,0.04,0.03465567612687813,0.1,63.89204924874792,39.0,7.0,0.24655676126878132,1.1206594323873122,1.3068864774624374,3.046556761268781,6.1206594323873125,6.442967445742905,,,,,0.6465567612687813
342039,2024-07-01,Freiburg,L1,2,1598,37,,1598.0,,0.02,0.04,25.1,6.0,1.0,0.5,1.5,1.6999999999999997,1.1,4.7,4.7,,,,,2.8
193033,2024-07-01,Heidenheim,L1,1,2874,33,7.02,2874.0,0.38000000000000006,0.44,0.06,15.8,27.0,5.0,0.6,0.7,0.4,1.8,3.1,3.1,,,,,2.8
106872,2024-07-01,VfL Bochum,L1,2,5287,64,7.4481974654813685,5287.0,0.20545678078305277,0.18039152638547382,0.30039152638547384,38.83262719878948,195.0,25.0,0.8,2.2415169283147343,0.7480423680726309,0.5986949120484207,3.7389067524115753,6.655872895782107,,,,,1.2986949120484206
303219,2024-07-01,1.FC Köln,L1,2,4513,53,7.068047861732772,4513.0,,0.062005317970308,0.04599822734323066,46.460602703301575,13.0,3.0,0.25998227343230673,1.9199645468646132,1.7000886328384666,4.74010635940616,9.560070906270775,5.48021271881232,,,,,1.1000886328384667
545332,2024-07-01,Union Berlin,L1,1,479,18,,479.0,0.19,0.24,0.08,12.2,4.0,2.0,0.6,1.1,0.2,0.8,2.1,3.6,,,,,1.3
357233,2024-07-02,Mainz,L1,2,4749,62,7.050974942093073,4749.0,0.15353758686039168,0.16451252895346388,0.04902505790692777,19.96072857443672,36.0,5.0,0.36462413139608335,2.3353758686039168,1.4256264476731941,1.6194988418614444,5.980501158138556,5.451252895346388,,,,,2.0
245744,2024-07-06,VfL Bochum,L1,2,3733,54,6.593903027055988,3733.0,0.2190222341280472,0.32755960353603,0.07244039646397,11.639030270559871,43.0,5.0,0.7,0.7536565764800429,0.29268684703991427,0.4,1.5463434235199571,3.763434235199571,,,,,0.6073131529600857
193004,2024-07-08,Stuttgart,L1,2,5828,67,7.073349347975291,5828.0,0.030000000000000002,0.05504461221688401,0.044955387783115995,58.836238846945776,19.0,5.0,0.55044612216884,1.3513383665065204,1.2,4.145984900480439,7.29643102264928,6.70356897735072,,,,,0.85044612216884
342967,2024-07-11,Heidenheim,L1,1,2618,31,7.5200000000000005,2618.0,0.28,0.15,0.22,14.599999999999998,70.0,10.0,1.0,2.6,0.6,0.8,4.1,4.6,,,,,1.0
335457,2024-07-16,Augsburg,L1,2,5259,63,7.007079292641186,5259.0,0.3930652215250048,0.3611675223426507,0.11999999999999998,10.685396463205933,62.0,13.0,0.8094884959117704,0.9810230081764595,0.39051150408822966,1.0715345122646893,2.5335805286176076,3.2094884959117698,,,,,1.8999999999999997
270541,2024-07-18,Stuttgart,L1,2,3864,50,7.582246376811595,3864.0,0.9091304347826086,0.7431159420289856,0.15159420289855072,22.207971014492756,72.0,15.0,0.7427536231884058,0.2,0.2,1.0289855072463767,1.4434782608695653,1.8992753623188405,,,,,0.7855072463768116
75489,2024-08-05,Dortmund,L1,1,2405,31,7.1,2405.0,0.45,0.4799999999999999,0.14,15.9,36.0,7.0,0.2,0.3,0.1,1.0,1.5,1.6,,,,,1.0
193900,2024-08-08,Dortmund,L1,2,3325,54,6.847624060150375,3325.0,0.04,0.04047518796992481,0.18650827067669173,31.404120300751877,56.0,5.0,0.8349172932330828,1.2745864661654136,0.8603308270676692,1.6555789473684208,3.9904962406015043,4.342766917293233,,,,,0.8349172932330828
293385,2024-08-09,Leipzig,L1,1,1454,21,7.37,1454.0,0.25,0.21,0.23,30.9,32.0,8.0,1.9,1.6,0.8,0.7,3.2,4.6,,,,,0.9000000000000001
661171,2024-08-09,Frankfurt,L1,1,2970,33,7.170000000000001,2970.0,,0.04,0.05,58.1,6.0,1.0,0.4,1.9,1.4,4.2,8.2,6.5,,,,,0.7
578392,2024-08-12,Hoffenheim,L1,2,4021,62,7.075555831882616,4021.0,0.5346406366575479,0.42790848047749314,0.12186272071623976,14.490848047749315,49.0,10.0,1.2,0.9767968167122606,0.3395424023874658,0.5186272071623974,1.895424023874658,2.497712011937329,,,,,0.8790848047749317
340456,2024-08-13,Bayern Munich,L1,1,1197,19,7.16,1197.0,,0.08,0.18,58.099999999999994,15.0,5.0,0.8999999999999999,2.4,1.5,1.7,5.7,4.7,,,,,0.8
326031,2024-08-13,Bayern Munich,L1,1,1389,22,7.01,1389.0,0.13,0.12000000000000001,0.04,72.4,3.0,,0.1,1.0,1.2,3.3999999999999995,6.200000000000001,4.7,,,,,0.8
700106,2024-08-14,Mainz,L1,1,1651,28,7.03,1651.0,0.22000000000000003,0.19,0.28,20.7,43.0,9.0,3.7999999999999994,1.2,0.3,0.20000000000000004,1.7,5.3,,,,,1.5
552057,2024-08-17,Leverkusen,L1,2,2325,50,7.01,2325.0,0.3838795698924731,0.33595268817204305,0.16551827956989246,17.932430107526883,31.0,9.0,1.4448172043010754,1.2745806451612904,0.2387956989247312,0.7642150537634409,2.3163870967741937,3.3551827956989246,,,,,0.8745806451612904
251302,2024-08-30,Augsburg,L1,2,2764,44,6.765126628075254,2764.0,0.13,0.054945730824891466,0.07480101302460204,36.595296671490594,16.0,2.0,0.5,2.050904486251809,1.0498191027496382,1.4014471780028943,4.802894356005789,6.154160636758321,,,,,1.1003617945007234
565435,2024-08-30,Augsburg,L1,2,1478,33,6.56,1478.0,0.19,0.12,0.11,22.8,19.0,1.0,0.4,2.1,1.0,1.3,4.4,3.9,,,,,1.5
434224,2024-08-30,Wolfsburg,L1,1,2364,28,6.88,2364.0,0.15,0.030000000000000002,0.05,46.6,8.0,,0.3,1.7999999999999998,0.8999999999999999,4.4,7.599999999999999,4.8,,,,,1.0
332798,2024-09-13,Freiburg,L1,2,1894,29,6.78,1894.0,0.15,0.39,0.17,19.3,30.0,7.0,1.0,0.8,0.3,1.0,2.2,3.5,,,,,2.0
119234,2025-01-02,Mainz,L1,2,1603,30,6.46,1603.0,0.05999999999999999,0.14,0.08,11.700000000000001,17.0,4.0,1.1,1.0,0.09999999999999999,0.39999999999999997,1.8,2.4,,,,,1.9000000000000001
345886,2025-01-10,Augsburg,L1,2,2283,39,6.79,2283.0,0.18,0.18,0.14,20.2,32.0,5.0,1.0,1.0,0.3,0.7,2.3,3.8,,,,,1.5
327251,2025-01-10,Wolfsburg,L1,1,2011,33,6.74,2011.0,0.04,0.08,0.16,29.9,30.0,10.0,0.8,1.7,0.9,1.6,4.3,5.5,,,,,1.1
326029,2025-01-14,Dortmund,L1,2,2393,41,7.28,2393.0,0.66,0.4799999999999999,0.17,19.9,23.0,10.0,2.1,0.6,0.1,0.4,1.3,3.6,,,,,0.6
392710,2025-01-21,Heidenheim,L1,1,2292,29,6.65,2292.0,0.04,0.029999999999999995,0.05,27.3,8.0,2.0,0.2,1.7,1.0,3.2,6.2,5.2,,,,,1.7
445939,2025-01-23,Frankfurt,L1,2,3764,46,7.683799149840595,3764.0,0.6476939426142402,0.48862911795961744,0.20476620616365568,15.918065887353878,75.0,17.0,2.0021785334750266,0.7613708820403826,0.2841126461211477,0.22274176408076513,1.3454835281615303,3.3841126461211477,,,,,0.8682252922422954
409517,2025-02-03,Union Berlin,L1,2,1308,30,,1308.0,0.13,0.16,0.23,15.6,22.0,5.0,2.4,0.8,0.4,0.6,1.8,4.0,,,,,1.8
690799,2025-02-03,Stuttgart,L1,2,2220,40,6.77,2220.0,0.07,0.026378378378378378,0.0617837837837838,64.1481081081081,14.0,3.0,0.14540540540540542,1.4632432432432432,1.082162162162162,3.5194594594594597,6.764864864864865,4.927027027027027,,,,,1.072972972972973
85791,2025-06-08,Mönchengladbach,L1,2,1494,36,,1494.0,0.11999999999999998,0.04,0.05,36.0,17.0,2.0,0.6,2.7,1.4,3.6,8.5,2.9,,,,,1.3
822959,2025-06-09,Hoffenheim,L1,2,2736,44,7.2299999999999995,2736.0,0.18,0.08,0.17,40.2,55.0,9.0,1.0,3.3000000000000003,1.1,1.8,6.6000000000000005,5.5,,,,,1.5999999999999999
196357,2025-06-09,Leverkusen,L1,2,5602,64,7.290474830417708,5602.0,0.11349161013923598,0.0487932881113888,0.0459050339164584,67.57200999642986,9.0,2.0,0.14698322027847197,0.6,0.9590503391645842,3.9952516958229207,6.189218136379864,5.2349161013923595,,,,,0.781899321670832
338629,2025-07-01,Wolfsburg,L1,2,2215,35,6.42,2215.0,,0.049999999999999996,0.01,46.4,4.0,1.0,0.3,1.5999999999999999,1.1,4.8,8.4,4.2,,,,,1.7
335993,2025-07-01,St. Pauli,L1,1,2885,33,6.86,2885.0,,0.04,0.09,30.3,22.0,4.0,0.4,1.9,0.6,2.4,5.3,4.6,,,,,0.6
340459,2025-07-01,VfL Bochum,L1,1,1144,28,6.49,1144.0,0.16,0.17,0.04,22.7,10.0,,0.1,2.3,0.9000000000000001,1.7,5.3,2.8,,,,,1.9
314288,2025-07-01,Wolfsburg,L1,2,495,22,,495.0,0.59,0.9,0.09,14.6,4.0,,0.8,0.4,0.4,0.8,1.6,3.0,,,,,1.4
341317,2025-07-01,Werder Bremen,L1,2,930,26,,930.0,0.5,0.41,0.11,17.2,14.0,2.0,0.7,1.1,0.2,0.6,1.9,2.6,,,,,1.2
364258,2025-07-01,VfL Bochum,L1,2,4705,54,6.936214665249734,4705.0,0.03,0.0648586609989373,0.055141339001062696,32.06046758767269,17.0,,0.32429330499468656,2.7350265674814027,1.548586609989373,3.9192136025504785,9.164973432518597,5.380786397449522,,,,,1.5107332624867162
343337,2025-07-01,Holstein Kiel,L1,1,697,23,6.27,697.0,0.26,0.48,0.22,11.4,12.0,2.0,1.8000000000000003,1.6999999999999997,0.4,0.9000000000000001,3.0,2.7,,,,,2.6
175722,2025-07-01,Bayern Munich,L1,2,2627,36,7.32,2627.0,0.12,0.07,0.07,81.3,5.0,,0.09999999999999999,1.2,1.2,4.7,7.6000000000000005,4.9,,,,,1.0
58995,2025-07-01,Werder Bremen,L1,2,4481,59,6.779522428029458,4481.0,0.03,0.01152867663467976,0.025764338317339878,57.547444766793134,8.0,,0.2423566168266012,1.4270698504798038,0.9694264673064048,3.384713233653202,6.48120955143941,4.434077214907386,,,,,0.45764338317339875
192565,2025-07-01,Bayern Munich,L1,2,3775,57,7.621011920529802,3775.0,0.4567973509933775,0.5032582781456955,0.3740450331125828,37.50617218543046,109.0,26.0,3.121350993377483,0.9028079470198677,0.34325827814569543,0.1432582781456954,1.3460662251655628,4.273033112582781,,,,,1.0134834437086093
202228,2025-07-01,Werder Bremen,L1,2,2950,37,6.62,2950.0,0.09,0.08,0.04,49.5,9.0,2.0,0.1,1.5,0.8,2.6,5.8,4.5,,,,,0.4
801734,2025-07-01,Bayern Munich,L1,2,1284,38,6.76,1284.0,0.61,0.32,0.26,28.2,13.0,7.0,3.2,1.0,0.5,0.5,2.1,3.7,,,,,1.6
484547,2025-07-01,Leverkusen,L1,2,4585,64,7.211976008724101,4585.0,0.27390621592148306,0.2439062159214831,0.19974263904034895,25.28069792802617,75.0,15.0,1.4442093784078516,1.151930207197383,0.3,0.6506434023991275,2.10257360959651,3.49742639040349,,,,,0.8
598577,2025-07-01,Leverkusen,L1,2,4732,63,7.755302197802197,4732.0,0.4000929839391377,0.3499535080304311,0.3650232459847844,53.36557480980558,131.0,29.0,3.0497675401521556,1.0995350803043111,0.3,0.14976754015215554,1.7493026204564668,4.85255705832629,,,,,0.8502324598478445
592534,2025-07-01,Holstein Kiel,L1,1,2412,32,6.69,2412.0,,0.06,0.04,28.0,9.0,2.0,0.3,1.7,1.1,3.5,7.0,3.8000000000000003,,,,,1.6
453870,2025-07-01,Union Berlin,L1,2,3837,62,6.513062288246025,3837.0,0.3300312744331509,0.24665624185561638,0.08668751628876727,15.868438884545219,41.0,5.0,1.700625488663018,1.3996872556684912,0.16687516288767265,0.299687255668491,1.7996872556684909,3.9668751628876726,,,,,1.6671879072191818
691786,2025-07-02,St. Pauli,L1,1,1813,25,6.93,1813.0,0.3,0.36,0.12,17.7,27.0,6.0,1.0,1.6,0.6,1.5,3.7,3.5,,,,,2.4
333647,2025-07-04,Mainz,L1,2,3661,50,7.066886096694893,3661.0,0.6379322589456433,0.5163507238459437,0.08895383774924882,15.28953837749249,35.0,8.0,0.952553947009014,0.6420923245015022,0.08418464900300465,0.3895383774924884,1.2579076754984977,3.394646271510516,,,,,1.0420923245015024
670882,2025-07-05,Dortmund,L1,2,2843,57,7.031143158635245,2843.0,0.28463594794231445,0.1837214210341189,0.22488568413647553,21.904783679212102,39.0,10.0,3.788357368976433,1.4511431586352446,0.42557157931762224,0.31164263102356665,2.2,3.1627857896588107,,,,,1.1883573689764333
605268,2025-07-09,Frankfurt,L1,1,300,16,,300.0,,,,,1.0,,,,,,,,,,,,
249157,2025-07-11,Augsburg,L1,2,2110,42,6.716303317535544,2110.0,0.13,0.06720379146919432,0.2079620853080569,17.580094786729855,43.0,5.0,0.48009478672985784,1.2478672985781991,0.6919431279620853,1.5161137440758294,3.5559241706161138,3.2075829383886254,,,,,0.7919431279620853
293281,2025-07-11,Stuttgart,L1,1,801,27,6.46,801.0,0.34,0.32,0.26,24.6,19.0,2.0,1.9,0.6,0.2,0.7,1.6,3.0,,,,,0.4
157635,2025-07-13,Leipzig,L1,2,1571,50,6.68,1571.0,0.39995544239338,0.5267791215786123,0.15617441120305536,16.359516231699555,20.0,5.0,0.7387014640356462,1.3456397199236156,0.3,1.5760661998726926,3.4217059197963082,3.3073838319541693,,,,,1.6921705919796308
344069,2025-07-22,Hoffenheim,L1,2,5087,63,7.3287202673481415,5087.0,0.04963436209946924,0.07,0.1050914094751327,40.99844702182032,47.0,10.0,0.7454295262433654,2.496343620994692,2.139944957735404,2.960055042264596,8.045429526243366,6.930804010222134,,,,,1.2509140947513269
709726,2025-07-23,Frankfurt,L1,2,3295,47,7.47,3295.0,0.52,0.76,0.19,16.7,56.0,15.0,1.8000000000000003,0.6,0.2,0.8,1.6999999999999997,3.0,,,,,1.4
550580,2025-07-26,Holstein Kiel,L1,1,1962,32,6.8,1962.0,0.5,0.2899999999999999,0.12,18.4,28.0,5.0,0.5,0.4,0.3,1.2,2.0,2.3,,,,,0.9
111455,2025-07-30,Leverkusen,L1,2,5719,66,7.603733170134639,5719.0,0.07977968176254589,0.04483476132190942,0.17483476132190945,86.65250917992657,91.0,11.0,0.34834761321909424,1.2033047735618116,0.49889840881272945,1.4011015911872704,3.3527539779681765,6.3911872705018355,,,,,1.0
116088,2025-07-31,Hoffenheim,L1,2,3085,55,6.7942042139384125,3085.0,0.23347163695299838,0.15073257698541329,0.22799351701782816,21.357633711507294,43.0,10.0,1.2,0.9181523500810372,0.4181523500810373,0.9617828200972447,2.3980875202593195,4.347131280388979,,,,,0.7308914100486225
358504,2025-08-07,Freiburg,L1,2,5253,65,7.172432895488293,5253.0,0.25565391205025695,0.16829811536264994,0.1990576813249572,24.59634494574529,66.0,20.0,1.5735579668760709,1.8735579668760711,0.4905768132495717,0.8735579668760709,3.3376927470017135,3.5659623072529985,,,,,0.8905768132495718
48015,2025-08-08,Leverkusen,L1,1,2610,29,6.85,2610.0,,,0.0,20.0,,,,,,0.3,0.3,8.0,6.0,2.9,69.1,1.3,
355816,2025-08-08,Mönchengladbach,L1,1,2790,31,6.83,2790.0,0.1,0.05,0.05,52.0,7.0,2.0,0.4,1.3,0.9,5.5,8.4,3.1,,,,,0.9
627442,2025-08-09,Leipzig,L1,1,2399,33,7.0,2399.0,0.49,0.37,0.06,15.399999999999999,19.0,5.0,1.5,0.3,0.2,0.8,1.4,2.3,,,,,1.0
55508,2025-08-11,Holstein Kiel,L1,1,1235,25,6.56,1235.0,,0.04,0.13,37.6,21.0,2.0,0.5,2.5,1.5,1.8,6.0,5.2,,,,,0.9
616344,2025-08-16,Wolfsburg,L1,2,2905,59,6.7465129087779685,2905.0,0.3423063683304647,0.35415146299483646,0.08046127366609296,17.38764199655766,31.0,6.0,1.3302581755593803,1.4953872633390708,0.4,0.7697418244406196,2.86512908777969,3.3953872633390705,,,,,1.2953872633390706
45672,2025-08-19,Frankfurt,L1,1,2295,26,6.96,2295.0,,,0.0,22.4,,,,,,0.9,0.9,8.7,6.0,3.3,71.2,1.3,
196813,2025-08-20,Werder Bremen,L1,2,5035,56,6.692154915590864,5035.0,,,0.003922542204568024,24.93922542204568,,,0.0,,0.0,0.8176762661370407,0.8176762661370407,9.727606752730884,15.0,3.0215491559086396,64.99225422045679,1.6215491559086395,
120205,2025-08-20,Freiburg,L1,2,1550,37,,1550.0,0.4636,0.4139870967741936,0.08223225806451613,11.53483870967742,12.0,3.0,0.36309677419354836,0.5407741935483871,0.33690322580645166,1.4184516129032259,2.573806451612903,2.126193548387097,,,,,0.7038709677419355
532776,2025-08-21,Leverkusen,L1,1,759,20,6.67,759.0,0.24,0.32,0.21999999999999997,30.5,11.0,1.0,1.8,1.8,,0.4,2.1,3.6,,,,,1.8
504215,2025-08-23,Dortmund,L1,2,852,35,,852.0,0.18,0.12,0.32,43.9,15.0,2.0,1.8,1.6,0.9,1.9,4.6,4.6,,,,,0.9
195736,2025-08-29,Hoffenheim,L1,1,604,8,,604.0,,,,,5.0,,,,,,,,,,,,
566931,2025-08-29,Leipzig,L1,2,2247,26,7.64,2247.0,0.42,0.21,0.25,38.2,52.0,12.0,1.4,1.2,0.5,0.6,2.4,5.3,,,,,1.0
455661,2025-08-30,Stuttgart,L1,2,1710,29,7.03,1710.0,0.67,0.58,0.19,19.1,38.0,9.0,1.7,0.6,0.1,0.8,1.6,2.9,,,,,1.3
353948,2025-09-01,Union Berlin,L1,1,560,15,,560.0,,,,,3.0,1.0,,,,,,,,,,,
82873,2026-01-02,Dortmund,L1,2,2952,41,7.06,2952.0,,0.09,0.24,57.60000000000001,69.0,11.0,0.1,1.7,0.3,1.0,3.6000000000000005,3.7,,,,,0.7
288340,2026-01-02,Augsburg,L1,1,1684,34,6.640000000000001,1684.0,0.37000000000000005,0.32,0.08,15.900000000000002,22.0,2.0,0.8,0.6,0.3,1.3000000000000003,2.2,2.6000000000000005,,,,,1.9
372712,2026-01-12,VfL Bochum,L1,1,2624,32,6.96,2624.0,0.07,0.06,0.09,27.200000000000003,27.0,2.0,1.1,2.3,1.2,2.0,5.9,5.3,,,,,2.6
149716,2016-08-31,Monaco,FR1,1,98,2,,98.0,,,,,3.0,1.0,,,,,,,,,,,
210081,2016-08-31,FC Lorient,FR1,1,120,2,,120.0,,,,,1.0,,,,,,,,,,,,
46741,2016-08-31,Paris Saint-Germain,FR1,1,242,3,,242.0,,,,,1.0,,,,,,,,,,,,
182904,2017-01-04,AS Nancy,FR1,1,1620,18,,1620.0,,,,,2.0,1.0,,,,,,,,,,,
240497,2017-01-10,FC Lorient,FR1,1,353,7,,353.0,,,,,7.0,1.0,,,,,,,,,,,
201497,2017-01-12,FC Nantes,FR1,1,746,13,,746.0,,,,,10.0,,,,,,,,,,,,
181477,2017-01-17,SC Bastia,FR1,1,708,14,,708.0,,,,,10.0,,,,,,,,,,,,
37920,2017-01-31,Stade Rennais,FR1,1,989,16,,989.0,,,,,25.0,7.0,,,,,,,,,,,
290561,2017-07-01,EA Guingamp,FR1,1,801,22,,801.0,0.34,,,13.9,14.0,,1.0,0.2,,0.7,1.0,1.7,,,,,1.0
127181,2017-07-01,FC Lorient,FR1,1,2790,31,6.37,2790.0,,,,18.8,,,,,0.0,1.2,1.2,13.2,4.0,3.4,66.9,1.7,
22628,2017-07-01,Stade Rennais,FR1,1,3420,38,6.74,3420.0,,,,15.4,1.0,,0.0,0.0,0.0,1.1,1.1,10.5,12.0,2.5,69.6,1.1,
30321,2017-07-01,Toulouse,FR1,1,2320,29,7.03,2320.0,0.08,,,34.3,62.0,7.0,3.3,3.2,1.0,0.2,4.5,8.8,,,,,2.1
40687,2017-07-01,Lyon,FR1,1,1399,29,6.950000000000001,1399.0,0.51,,,46.5,43.0,8.0,1.4,1.1,0.5,0.1,1.6999999999999997,7.1,,,,,1.8000000000000003
322305,2017-07-01,SM Caen,FR1,1,875,17,,875.0,,,,,4.0,,,,,,,,,,,,
343052,2017-07-01,Angers SCO,FR1,1,1309,33,6.299999999999999,1309.0,0.21,,,23.2,19.0,3.0,2.5,2.4,1.1,0.4,3.8999999999999995,5.8,,,,,1.6
357072,2017-07-01,AS Nancy,FR1,1,1044,14,,1044.0,,,,,9.0,4.0,,,,,,,,,,,
377393,2017-07-01,Dijon,FR1,1,2497,32,6.96,2497.0,0.25,,,26.8,28.0,5.0,0.9,3.5,1.2,0.9,5.8,7.3,,,,,1.4
241641,2017-07-01,Monaco,FR1,1,2798,37,7.290000000000001,2798.0,0.26,,,30.0,60.0,13.0,2.3,1.5,0.9000000000000001,0.5,2.9,6.1,,,,,0.9000000000000001
190393,2017-07-01,Lyon,FR1,1,2571,30,7.13,2571.0,0.25,,,59.1,43.0,13.0,0.7,1.9,1.1,1.2,4.5,8.3,,,,,1.1
199704,2017-07-01,Dijon,FR1,1,1311,18,,1311.0,,,,,3.0,,,,,,,,,,,,
43942,2017-07-01,AS Nancy-Lorraine,FR1,1,2003,31,6.6,2003.0,0.36,,,13.7,14.0,2.0,2.3,0.6,0.6,0.4,1.6,3.9,,,,,1.0
49804,2017-07-01,Dijon FCO,FR1,1,2045,24,6.81,2045.0,0.09,,,32.5,3.0,,0.4,1.7,3.1,5.9,11.8,5.4,,,,,1.8
52746,2017-07-01,EA Guingamp,FR1,1,739,28,6.2,739.0,0.49,,,29.7,16.0,2.0,0.1,1.7,0.6,0.2,2.7,5.5,,,,,1.9
55237,2017-07-01,FC Nantes,FR1,1,1405,20,,1405.0,,,,26.2,3.0,,,1.6,1.2,6.0,9.3,3.5,,,,,1.5
60540,2017-07-01,AS Monaco,FR1,1,2240,36,6.83,2240.0,0.4,,,19.3,21.0,1.0,0.3,0.8,0.5,1.4,2.9,2.8,,,,,0.4
43256,2017-07-01,OGC Nice,FR1,1,1857,22,7.16,1857.0,0.1,,,60.9,3.0,1.0,,1.8,1.6,5.8,9.8,5.1,,,,,0.4
42267,2017-07-01,AS Monaco,FR1,1,864,18,,864.0,,,,,24.0,3.0,,,,,,,,,,,
27305,2017-07-01,EA Guingamp,FR1,1,1260,22,,1260.0,,,,58.9,5.0,,0.3,0.7,1.6,2.9,5.8,6.3,,,,,1.4
127128,2017-07-01,Montpellier HSC,FR1,1,1126,19,,1126.0,,,,34.4,4.0,,0.6,2.0,1.3,2.8,6.2,6.2,,,,,1.8
182579,2017-07-01,Olympique Marseille,FR1,1,761,10,,761.0,,,,,4.0,,,,,,,,,,,,
154171,2017-07-03,AS Saint-Étienne,FR1,1,392,10,,392.0,,,,,3.0,1.0,,,,,,,,,,,
60542,2017-07-03,Olympique Lyon,FR1,1,2392,29,7.4399999999999995,2392.0,0.04,,,56.6,19.0,1.0,1.6,4.7,2.6,1.9000000000000001,9.5,8.4,,,,,1.7
171557,2017-07-03,EA Guingamp,FR1,1,1045,17,,1045.0,,,,,3.0,,,,,,,,,,,,
400485,2017-07-04,G. Bordeaux,FR1,1,1218,26,6.53,1218.0,0.21999999999999997,,,23.9,20.0,5.0,2.3,1.6,1.3,0.2,3.1,5.5,,,,,1.0
75282,2017-07-04,FC Lorient,FR1,1,1424,26,6.370000000000001,1424.0,,,,52.3,6.0,1.0,0.7,2.2,1.6,2.6,6.700000000000001,6.700000000000001,,,,,2.5
386552,2017-07-05,SC Bastia,FR1,1,2232,30,6.55,2232.0,,,,28.9,18.0,2.0,1.5,2.4,1.3,0.6,4.4,6.9,,,,,1.0
238639,2017-07-05,Montpellier,FR1,1,2830,35,7.08,2830.0,0.45,,,18.1,24.0,5.0,0.7,0.5,0.2,0.7,1.5,2.4,,,,,2.0
93720,2017-07-05,Lyon,FR1,1,2323,29,7.73,2323.0,1.05,,,24.4,48.0,12.0,1.8000000000000003,1.2,0.1,0.1,1.4,3.0,,,,,2.0
264956,2017-07-06,Paris Saint-Germain,FR1,1,190,10,,190.0,,,,,6.0,1.0,,,,,,,,,,,
183494,2017-07-06,Angers SCO,FR1,1,1159,13,,1159.0,,,,,7.0,2.0,,,,,,,,,,,
133078,2017-07-06,SM Caen,FR1,1,1291,17,,1291.0,,,,,1.0,,,,,,,,,,,,
126552,2017-07-07,Dijon FCO,FR1,1,2813,35,6.6,2813.0,0.35,,,14.7,51.0,8.0,1.6999999999999997,0.8,0.1,0.3,1.2,2.6,,,,,1.5
182916,2017-07-07,Stade Rennais,FR1,1,1023,25,6.31,1023.0,0.35,,,23.9,7.0,1.0,1.9,1.1,0.3,0.2,1.5,3.6,,,,,1.5
126711,2017-07-08,AS Saint-Étienne,FR1,1,2093,25,7.26,2093.0,,,,27.9,13.0,2.0,2.3,2.8,2.8,2.1,7.7,7.7,,,,,0.9
154199,2017-07-09,FC Lorient,FR1,1,1513,21,6.66,1513.0,0.06,,,41.6,3.0,,0.4,3.3,3.2,2.3,9.3,7.4,,,,,2.1
372711,2017-07-10,FC Nantes,FR1,1,2187,30,6.84,2187.0,0.04,,,36.8,35.0,2.0,3.6,1.4,1.1,0.1,2.7,7.8999999999999995,,,,,0.9
250844,2017-07-11,SC Bastia,FR1,1,1802,23,6.82,1802.0,0.05,,,24.8,6.0,,0.4,2.5,3.2,6.2,12.3,5.3,,,,,1.2
111048,2017-07-12,FC Lorient,FR1,1,513,17,,513.0,,,,,4.0,1.0,,,,,,,,,,,
102744,2017-07-13,LOSC Lille,FR1,1,3417,38,6.78,3417.0,0.03,,,19.7,23.0,4.0,0.6,2.7000000000000006,2.1,2.4,7.400000000000001,4.6,,,,,0.8000000000000002
182618,2017-07-15,Monaco,FR1,1,2219,32,7.29,2219.0,0.08,,,48.4,14.0,1.0,2.3,2.8,2.3,2.1,7.3,10.3,,,,,2.1
66791,2017-07-17,AS Nancy-Lorraine,FR1,1,1718,24,6.4,1718.0,,,,33.5,9.0,2.0,0.8,3.1,1.5,1.5,6.1,8.7,,,,,2.4
72857,2017-07-18,Stade Rennais,FR1,1,1667,19,6.590000000000001,1667.0,,,,33.1,2.0,,0.3,1.0,1.9,3.4,6.9,6.1,,,,,1.0
28335,2017-07-18,Olympique Lyon,FR1,1,1003,12,,1003.0,,,,,19.0,4.0,,,,,,,,,,,
56794,2017-07-18,AS Saint-Étienne,FR1,1,778,16,,778.0,,,,,7.0,,,,,,,,,,,,
59597,2017-07-19,Olympique Lyon,FR1,1,1191,19,,1191.0,,,,37.9,12.0,1.0,1.0,2.3,2.2,2.1,6.6,5.9,,,,,1.6
81460,2017-07-19,AS Saint-Étienne,FR1,1,1221,21,6.55,1221.0,0.29,,,13.799999999999999,10.0,1.0,0.6,0.6,0.2,1.0,2.0,2.1,,,,,1.0
157495,2017-07-24,Monaco,FR1,1,2060,25,7.21,2060.0,,,,28.3,26.0,6.0,1.7,2.1,1.8,2.5,6.6,6.6,,,,,1.3
44686,2017-07-25,SC Bastia,FR1,1,2384,29,6.64,2384.0,0.04,,,32.5,12.0,1.0,0.5,2.4,3.5999999999999996,2.3,8.8,6.6,,,,,2.0
410225,2017-07-26,FC Metz,FR1,1,1939,31,6.62,1939.0,0.23,,,14.2,24.0,5.0,2.5,1.2,1.2,0.5,3.0,5.1,,,,,1.2
139279,2017-07-27,G. Bordeaux,FR1,1,2788,31,6.9,2788.0,0.06,,,35.7,7.0,1.0,0.4,2.2,1.4,6.1,10.2,6.200000000000001,,,,,0.8
275512,2017-07-31,Lyon,FR1,1,1424,16,,1424.0,,,,,3.0,,,,,,,,,,,,
203655,2017-08-01,FC Lorient,FR1,2,1868,28,,1868.0,,,,,22.0,1.0,,,,,,,,,,,
129679,2017-08-04,FC Metz,FR1,1,2260,29,6.39,2260.0,,,,29.7,10.0,,0.7,3.5,2.6,0.9,7.3,6.2,,,,,1.6
31952,2017-08-07,FC Nantes,FR1,2,3383,39,6.99,3383.0,0.08,,,40.8,21.0,2.0,0.5,2.4,2.0,2.2,6.9,7.4,,,,,0.9000000000000001
118287,2017-08-07,Lyon,FR1,2,2247,51,6.553578104138851,2247.0,0.15771250556297284,,,34.765687583444596,39.0,9.0,2.544281263907432,2.1313751668891854,0.9442812639074322,0.590031152647975,3.609968847352025,6.065687583444592,,,,,1.8
312862,2017-08-09,OGC Nice,FR1,1,2873,33,7.25,2873.0,,,,39.0,25.0,4.0,1.5,2.7,1.5,2.8999999999999995,7.299999999999999,5.0,,,,,0.8
77826,2017-08-09,Montpellier HSC,FR1,1,2924,33,7.490000000000001,2924.0,0.34,,,44.2,117.0,15.0,2.7,1.2,0.5,0.2,1.8,4.3,,,,,0.6
126687,2017-08-09,OGC Nice,FR1,2,2173,30,7.28,2173.0,0.17,,,40.3,37.0,8.0,1.8,1.5,0.7,0.6,2.8,5.4,,,,,0.9
170927,2017-08-16,FC Metz,FR1,2,3090,35,6.69,3090.0,0.09,,,25.8,9.0,,0.5,0.8,2.7,5.2,9.5,5.7,,,,,1.1
137438,2017-08-17,SC Bastia,FR1,1,1420,28,6.490000000000001,1420.0,0.19,,,33.6,19.0,4.0,1.1,1.2,1.1,0.5,2.9,5.4,,,,,1.3
33923,2017-08-18,Paris Saint-Germain,FR1,2,2441,36,7.0,2441.0,0.15,,,57.4,27.0,7.0,0.8,2.2,1.5,0.7,4.5,5.3,,,,,1.9
168536,2017-08-28,FC Lorient,FR1,1,681,13,,681.0,,,,,3.0,,,,,,,,,,,,
122116,2017-08-31,LOSC Lille,FR1,2,4300,63,6.690581395348837,4300.0,0.41846046511627905,,,20.758837209302325,64.0,9.0,2.055302325581396,1.2588372093023257,0.7517674418604652,0.8858604651162791,3.048232558139535,4.7588372093023255,,,,,1.9212093023255816
290551,2018-01-16,OGC Nice,FR1,2,2480,42,6.789999999999999,2480.0,0.05,,,55.2,18.0,1.0,1.3,2.0,1.3,0.7,4.4,5.8,,,,,1.2
37157,2018-01-23,Montpellier HSC,FR1,2,3303,43,6.98,3303.0,0.08,,,44.5,51.0,5.0,2.6,1.1,0.7,0.5,2.3,7.0,,,,,0.7
184672,2018-01-25,Monaco,FR1,2,1002,34,,1002.0,1.08,,,17.1,8.0,2.0,0.2,1.2,0.2,1.7,3.2,2.5,,,,,1.8
149551,2018-01-29,SM Caen,FR1,1,2645,33,6.65,2645.0,,,,27.1,30.0,5.0,0.7,2.4,1.3,0.9,4.9,6.3,,,,,1.3
149446,2018-01-30,AS Saint-Étienne,FR1,2,1932,30,,1932.0,,,,,15.0,,,,,,,,,,,,
77100,2018-01-31,PSG,FR1,2,2506,42,7.409999999999999,2506.0,0.44,,,37.9,57.0,12.0,2.7,1.6,1.2,0.4,3.3,5.0,,,,,1.1
348026,2018-07-01,Montpellier,FR1,2,4235,50,7.3,4235.0,,,,38.1,50.0,5.0,1.3,2.2,2.4,3.2,8.2,7.9,,,,,1.1
346289,2018-07-01,Lyon,FR1,2,2565,33,6.91,2565.0,0.05,,,46.4,3.0,,0.3,1.3,1.7,6.1,9.8,5.7,,,,,0.9
236400,2018-07-01,FC Nantes,FR1,2,6158,70,6.992767132185776,6158.0,0.08999999999999998,,,30.59642741149724,96.0,13.0,0.9473205586229296,1.8053588827541411,1.6526794413770707,2.50178629425138,6.208931471256902,6.341961675868789,,,,,0.6491068528743098
272622,2018-07-01,Toulouse,FR1,2,5760,64,6.7690625,5760.0,0.080625,,,26.375,10.0,2.0,0.39375,1.653125,1.91875,3.70625,7.978125,5.525,,,,,0.9
55215,2018-07-01,Paris Saint-Germain,FR1,2,2208,40,7.12,2208.0,0.27,,,54.8,50.0,16.0,1.8000000000000003,2.2,0.7,0.7,3.6000000000000005,4.7,,,,,0.9000000000000001
315110,2018-07-01,Angers SCO,FR1,2,5478,68,6.906785323110624,5478.0,0.39314348302300106,,,21.64594742606791,85.0,12.0,2.178094194961665,0.7226177437020811,0.7116648411829135,0.1,1.4788061336254106,3.490470974808324,,,,,0.8554764512595838
432772,2018-07-01,Troyes,FR1,1,2606,36,6.4,2606.0,0.1,,,21.9,33.0,6.0,2.3,2.3,0.8,0.5,3.8,6.0,,,,,1.8
225693,2018-07-01,Monaco,FR1,2,6131,71,7.540000000000001,6131.0,0.23504485402055128,,,49.799102919588975,69.0,10.0,1.1,3.3499102919588974,1.4502691241233079,1.7500897080411024,6.850269124123308,7.550269124123307,,,,,1.800179416082205
56809,2018-07-01,R. Strasbourg,FR1,1,1457,17,,1457.0,,,,,,,,,,,,,2.0,,,,
215977,2018-07-01,FC Nantes,FR1,2,4507,65,6.544679387619259,4507.0,0.13583092966496563,,,34.81049478588862,52.0,9.0,0.742711337918793,2.457288662081207,0.8562680275127579,0.47186598624362097,3.9,7.441690703350344,,,,,1.4271133791879298
205562,2018-07-01,Monaco,FR1,2,4992,64,7.33645032051282,4992.0,0.20029847756410257,,,35.90460737179487,129.0,24.0,1.752303685897436,1.5138221153846154,0.8569110576923077,0.4476963141025641,2.8138221153846152,5.6661258012820515,,,,,0.5615184294871796
170544,2018-07-01,Troyes,FR1,1,2959,34,6.590000000000001,2959.0,,,,32.1,5.0,,0.0,1.2,1.7,7.2,10.9,5.3,,,,,0.8
170953,2018-07-01,R. Strasbourg,FR1,1,1665,26,6.21,1665.0,0.38,,,11.9,13.0,3.0,0.4,0.9,0.5,,1.4,2.6,,,,,2.5
190786,2018-07-01,Dijon FCO,FR1,2,6750,75,6.4752,6750.0,,,,22.542666666666666,2.0,1.0,0.1,0.15066666666666667,0.1,1.2,1.4,10.306666666666667,14.0,3.449333333333333,66.568,1.752,
81460,2018-07-01,FC Metz,FR1,2,4065,56,6.654944649446494,4065.0,0.4159335793357933,,,16.038819188191884,36.0,4.0,0.6699630996309963,0.7399261992619927,0.6197785977859779,0.7901107011070111,2.209889298892989,3.3593357933579338,,,,,1.3498154981549815
205503,2018-07-01,LOSC Lille,FR1,2,5367,65,6.634728898826159,5367.0,0.029999999999999995,,,51.96070430408049,24.0,1.0,0.565176076020123,2.150586920067077,1.6101173840134153,2.3247065399664617,6.475293460033538,6.6,,,,,1.0101173840134154
126683,2018-07-01,ESTAC Troyes,FR1,1,1195,14,,1195.0,,,,,14.0,2.0,,,,,,,,,,,
126699,2018-07-01,AS Saint-Étienne,FR1,2,2655,41,6.756380414312619,2655.0,0.17087005649717513,,,32.92395480225989,18.0,3.0,0.3,2.2145009416195856,2.2145009416195856,2.3543502824858757,7.280451977401131,4.605800376647835,,,,,2.4485499058380413
357117,2018-07-02,Toulouse,FR1,2,6660,74,6.542972972972972,6660.0,,,,15.543243243243243,2.0,,0.04864864864864865,0.04864864864864865,0.1,0.9,1.0486486486486486,9.445945945945946,22.0,2.848648648648649,69.12162162162163,1.2540540540540541,0.04864864864864865
61812,2018-07-02,PSG,FR1,1,1713,22,7.34,1713.0,0.11,,,47.1,16.0,3.0,0.6,2.0,1.3,1.7,5.1,4.7,,,,,0.9
292818,2018-07-02,Saint-Étienne,FR1,2,3404,50,6.780000000000001,3404.0,0.25,,,30.2,69.0,17.0,1.5,1.1,0.7,0.4,2.2,5.6,,,,,1.1
45832,2018-07-03,SM Caen,FR1,2,5664,66,6.4915536723163845,5664.0,0.41606814971751405,,,15.874276129943501,49.0,7.0,0.3490289548022599,0.5490289548022599,0.1509710451977401,0.8470868644067796,1.6961158192090393,2.1470868644067793,,,,,2.6
392810,2018-07-04,Montpellier HSC,FR1,2,1795,38,5.92,1795.0,0.07,,,12.5,21.0,1.0,1.1,0.8,0.3,0.8,2.1,2.7,,,,,2.3
291200,2018-07-07,FC Metz,FR1,1,3105,35,6.6,3105.0,,,,32.2,4.0,,0.5,1.7,1.6,3.9,7.6,7.0,,,,,1.0
222859,2018-07-11,FC Metz,FR1,2,2208,46,6.799999999999999,2208.0,0.45000000000000007,,,35.93152173913044,34.0,2.0,1.120199275362319,1.635960144927536,0.9876811594202899,0.43596014492753626,3.0236413043478265,6.07536231884058,,,,,2.0280797101449277
54933,2018-07-12,Angers SCO,FR1,2,1453,43,6.12,1453.0,0.14,,,24.511493461803163,12.0,1.0,1.6110805230557466,0.8221610461114934,0.6221610461114935,0.4,1.6664831383344805,4.755402615278734,,,,,1.0224363386097728
60558,2018-07-12,OGC Nice,FR1,2,3238,39,6.909999999999999,3238.0,,,,57.3,12.0,,0.6,1.7,2.3,3.0,7.5,6.3,,,,,0.8
178614,2018-07-12,OGC Nice,FR1,2,5612,65,7.334508196721311,5612.0,0.14459016393442625,,,79.53688524590164,140.0,20.0,1.1934426229508197,1.0065573770491805,0.9532786885245902,0.5,2.6131147540983606,6.34672131147541,,,,,0.8467213114754099
167329,2018-07-13,Nice,FR1,2,4889,60,7.085776232358356,4889.0,0.4964450807936183,,,23.811106565759868,54.0,10.0,1.6599918183677644,0.5888934342401309,0.2755573736960524,0.5377786868480261,1.5644508079361834,2.4622213131519737,,,,,1.4511147473921047
410425,2018-07-17,Lille,FR1,2,2324,48,6.735559380378657,2324.0,0.11323580034423407,,,45.03184165232358,22.0,1.0,3.2617900172117036,4.123580034423408,1.6705679862306366,1.338209982788296,7.300000000000001,7.226506024096386,,,,,2.1970740103270225
453594,2018-07-20,AS Monaco,FR1,2,1559,47,6.43,1559.0,0.346433611289288,,,17.301539448364334,17.0,5.0,2.137203335471456,2.6273893521488136,1.263566388710712,0.6273893521488133,4.563822963438102,4.554778704297626,,,,,1.1452212957023733
323704,2018-07-24,G. Bordeaux,FR1,2,5608,72,7.2013017118402285,5608.0,0.3066583452211127,,,30.15723965763195,139.0,22.0,2.1176890156918686,0.744472182596291,0.4977888730385165,0.1488944365192582,1.440049928673324,4.53783880171184,,,,,0.7022111269614836
178313,2018-07-24,R. Strasbourg,FR1,1,3010,35,6.81,3010.0,0.15,,,34.7,13.0,1.0,1.2,2.1,2.2,1.6,6.2,7.8,,,,,1.4
29364,2018-07-24,Monaco,FR1,2,4567,64,7.200665644843441,4567.0,0.05706809721918108,,,54.00807970221152,82.0,14.0,0.6226625793737683,2.3320122618786954,1.5866871031311582,1.5226625793737683,5.802693234070506,6.986687103131158,,,,,1.2226625793737684
72479,2018-07-24,EA Guingamp,FR1,2,1245,20,,1245.0,,,,,36.0,4.0,,,,,,,,,,,
276255,2018-07-24,FC Nantes,FR1,2,2502,48,6.209999999999999,2502.0,0.2,,,26.1,27.0,3.0,0.4,1.7,0.7,0.8,3.3,5.2,,,,,1.6
57370,2018-07-26,SM Caen,FR1,2,6006,68,6.707142857142857,6006.0,0.13,,,34.2032967032967,6.0,3.0,0.4054945054945055,1.9692307692307693,1.6274725274725275,4.714285714285714,9.0,7.5307692307692315,,,,,1.0472527472527473
125783,2018-08-01,Stade Rennais,FR1,2,2613,32,6.809999999999999,2613.0,0.06,,,46.1,26.0,2.0,0.1,2.1,1.7,1.1,5.3,8.0,,,,,0.8
77828,2018-08-03,FC Metz,FR1,2,4996,65,6.8713610888710965,4996.0,0.09462570056044836,,,22.114291433146516,146.0,22.0,2.0537429943955163,1.3993194555644515,1.0993194555644514,0.2503402722177742,2.7489791833466772,5.051701361088871,,,,,1.0
118287,2018-08-05,Monaco,FR1,1,995,26,6.47,995.0,0.18,,,35.1,16.0,4.0,2.6,2.8,1.0,0.2,4.0,6.4,,,,,1.8
127076,2018-08-06,Montpellier,FR1,1,1886,22,7.169999999999999,1886.0,0.14,,,26.9,27.0,6.0,1.8,1.9,0.7,2.0,4.7,5.1,,,,,0.5
126711,2018-08-08,LOSC Lille,FR1,1,1817,23,7.22,1817.0,,,,39.2,25.0,6.0,2.8,2.5,1.9,2.1,6.7,7.3,,,,,0.6
129990,2018-08-09,ESTAC Troyes,FR1,2,1976,48,6.25,1976.0,0.4064119433198381,0.05000000000000001,0.01,11.511234817813763,20.0,1.0,0.5792510121457489,0.817004048582996,0.13962550607287452,0.5,1.496255060728745,1.8433704453441297,,,,,3.101872469635627
354361,2018-08-09,Marseille,FR1,1,2434,37,7.01,2434.0,,,,58.099999999999994,28.0,4.0,2.2,3.3,2.5,1.6,7.5,9.5,,,,,2.1
18909,2018-08-10,EA Guingamp,FR1,2,5708,72,6.582515767344079,5708.0,0.28375262789067973,0.0,0.02,19.49385073580939,63.0,6.0,0.5562543798177996,0.7250175192711983,0.21250875963559915,1.1250175192711984,2.3062894183601963,3.243815697266994,,,,,1.3
371142,2018-08-13,Lyon,FR1,2,1278,27,,1278.0,,,,,26.0,5.0,,,,,,,,,,,
76055,2018-08-14,SM Caen,FR1,2,3952,54,7.110000000000001,3952.0,0.14,,,26.399999999999995,67.0,12.0,1.6000000000000003,0.9,0.8000000000000002,1.1,2.9,5.0,,,,,0.6999999999999998
181378,2018-08-16,G. Bordeaux,FR1,2,3961,57,6.68,3961.0,0.3179323403181015,,,17.07594041908609,46.0,9.0,1.324135319363797,1.103458722544812,0.17586468063620297,0.775864680636203,2.1034587225448123,4.227594041908609,,,,,1.217217874274173
447221,2018-08-17,Lille,FR1,1,851,12,,851.0,,,,,3.0,2.0,,,,,,,,,,,
419999,2018-08-28,Amiens SC,FR1,2,1398,29,,1398.0,,,,,4.0,,,,,,,,,,,,
225020,2018-08-29,Lyon,FR1,2,2659,37,7.069999999999999,2659.0,0.64,,,12.2,30.0,4.0,1.0,0.6,0.1,0.7,1.4,1.8,,,,,1.2
77383,2018-08-29,FC Metz,FR1,2,2660,30,5.88,2660.0,,,,13.0,1.0,,,0.0,0.1,0.5,0.7,9.4,3.0,3.9,65.1,2.1,0.0
427161,2018-08-30,LOSC Lille,FR1,2,3210,49,6.35,3210.0,0.45,,,16.5,30.0,2.0,0.6,0.5,,0.6,1.2,1.8,,,,,2.6
394906,2018-08-31,ESTAC Troyes,FR1,2,4161,47,6.59,4161.0,,,,30.2,26.0,8.0,0.6,1.8,1.7,4.2,8.2,6.6000000000000005,,,,,0.9
253842,2018-08-31,ESTAC Troyes,FR1,1,2168,33,6.05,2168.0,0.33,,,15.599999999999998,17.0,1.0,0.5,0.9,0.4,0.5,1.9,3.2,,,,,1.5
111058,2018-08-31,OGC Nice,FR1,1,2413,29,6.96,2413.0,,,,44.9,13.0,2.0,0.8,3.3,1.5,2.3,7.6,5.4,,,,,0.9000000000000001
296422,2019-01-10,Lille,FR1,1,2057,27,6.25,2057.0,,,,36.1,7.0,1.0,0.7,2.2,1.2,1.8,5.3,5.8,,,,,1.3
45146,2019-01-23,OGC Nice,FR1,1,2278,28,7.389999999999999,2278.0,0.71,,,23.2,33.0,4.0,1.2,0.3,0.3,0.9000000000000001,1.6,1.7,,,,,2.4
354352,2019-01-31,SM Caen,FR1,2,6157,70,6.843147636836122,6157.0,0.029999999999999995,0.0,0.0,23.284424232580804,40.0,7.0,0.7421309079096963,3.420984245574143,2.4,3.247376969303232,9.56311515348384,5.720984245574143,,,,,1.6947539386064643
216181,2019-01-31,AS Monaco,FR1,2,1589,24,,1589.0,0.07,,,25.1,19.0,5.0,0.8999999999999999,3.7000000000000006,1.6,3.7000000000000006,9.1,5.9,,,,,2.0
44686,2019-07-01,FC Toulouse,FR1,2,2949,43,6.490959647338081,2949.0,0.05999999999999999,,,27.79033570701933,10.0,1.0,0.2,2.2032214309935574,1.6548321464903357,2.732282129535436,6.996778569006443,5.987114276025771,,,,,1.5
203764,2019-07-01,AS Saint-Étienne,FR1,1,949,18,,949.0,,,,,13.0,2.0,,,,,,,,,,,
193130,2019-07-01,Nîmes Olympique,FR1,1,1239,27,6.65,1239.0,0.36,,,18.7,20.0,1.0,0.5,1.1,0.7,0.7,2.6,2.9,,,,,0.8
288241,2019-07-01,FC Nantes,FR1,2,2128,31,6.85,2128.0,,,,30.1,19.0,2.0,1.0,2.9,3.4,2.2,8.7,7.3,,,,,1.2
182913,2019-07-01,PSG,FR1,2,3429,47,7.17,3429.0,0.04,,,76.9,32.0,6.0,1.5,2.2,1.3,0.7,4.6,7.1,,,,,1.4
291417,2019-07-01,Lyon,FR1,2,4650,57,7.158070967741935,4650.0,0.07,,,48.661419354838706,68.0,6.0,1.945612903225806,1.7368387096774192,1.1543870967741934,1.2631612903225808,4.354387096774194,6.626322580645161,,,,,1.1368387096774193
167105,2019-07-01,G. Bordeaux,FR1,2,4585,55,6.88,4585.0,0.08,,,33.3,33.0,3.0,0.2,2.9,1.8,1.7,6.7,6.2,,,,,2.0
329145,2019-07-01,FC Nantes,FR1,2,5440,63,6.812113970588236,5440.0,0.034211397058823534,,,34.16729779411765,17.0,1.0,0.2,2.121139705882353,1.2736580882352941,5.494797794117648,9.9159375,5.705202205882353,,,,,1.3421139705882354
259350,2019-07-01,Dijon,FR1,2,3079,53,6.81,3079.0,0.3779214030529393,,,19.34238389087366,45.0,2.0,1.3519974017538163,1.3264046768431308,0.9392010392984735,0.9392010392984735,3.2440077947385517,5.239201039298473,,,,,0.9392010392984735
201737,2019-07-01,Toulouse,FR1,2,5622,64,6.666371398078975,5622.0,0.03,,,35.24797225186766,19.0,5.0,0.1,1.0927427961579508,1.2927427961579507,6.046371398078975,9.185485592315903,4.585485592315902,,,,,1.2072572038420493
395516,2019-07-01,PSG,FR1,1,1131,25,6.69,1131.0,0.16,,,34.1,20.0,5.0,1.6,1.1,1.0,0.3,2.5,5.5,,,,,1.2
441170,2019-07-01,Dijon,FR1,2,4237,54,6.45,4237.0,,,,28.4,26.0,6.0,1.6,2.4,1.9,3.0,7.5,5.8,,,,,2.0
80205,2019-07-02,FC Toulouse,FR1,2,2931,56,6.47,2931.0,0.21457523029682704,,,36.14882292732855,61.0,3.0,2.05424769703173,1.52978505629478,0.7457523029682703,0.5351074718526101,2.8755373592630504,5.7,,,,,1.5808597748208801
450936,2019-07-02,Lyon,FR1,2,5289,69,7.2678899602949505,5289.0,0.030000000000000002,,,54.17560975609756,96.0,12.0,2.6894498014747588,2.298241633579127,1.196483267158253,0.2508791832104368,4.045604083947816,7.036812251843448,,,,,1.3017583664208736
411975,2019-07-03,G. Bordeaux,FR1,2,4918,55,6.68,4918.0,,,0.0,42.8,14.0,2.0,0.4,1.3,1.4,4.9,8.2,6.1,,,,,0.7
135617,2019-07-03,Lille,FR1,2,5381,66,7.16337483739082,5381.0,0.12,,,47.134677569225055,105.0,11.0,1.0990708046831446,1.8591339899646906,1.5727559933097937,1.1145511986619587,4.7609923805984025,8.031889983274484,,,,,1.2708976026760825
274484,2019-07-03,LOSC Lille,FR1,1,1710,20,7.190000000000001,1710.0,,,,36.2,16.0,,0.9,3.5,2.1,2.1,7.8,6.1,,,,,0.9
189441,2019-07-03,Marseille,FR1,2,4751,65,6.974287518417174,4751.0,0.24576299726373396,,,20.785624079141233,53.0,10.0,2.1142496316564934,3.1287518417175333,1.12862555251526,0.8,5.200252578404546,6.271500736687013,,,,,1.6571248158282468
5023,2019-07-04,Paris Saint-Germain,FR1,1,1530,17,,1530.0,,,,,,,,,,,,,6.0,,,,
40995,2019-07-04,AS Saint-Étienne,FR1,2,3592,42,6.64,3592.0,0.04,,,40.0,10.0,2.0,0.1,1.8,1.6,4.5,8.2,4.8,,,,,0.5
250844,2019-07-05,SM Caen,FR1,2,5275,59,6.791658767772512,5275.0,0.029999999999999995,,0.0,37.474502369668244,6.0,1.0,0.25222748815165874,1.9344075829383887,2.3655924170616114,5.565592417061612,10.483412322274882,6.177725118483412,,,,,1.5522274881516587
283127,2019-07-05,Amiens SC,FR1,2,2739,37,6.66,2739.0,0.04,,,21.8,12.0,1.0,0.8,2.6,2.3,3.5,8.7,6.5,,,,,1.5
118732,2019-07-05,Stade Reims,FR1,1,1977,30,6.33,1977.0,0.23,,0.0,11.1,22.0,,0.5,0.9,0.2,0.9,2.0,2.5,,,,,2.1
471582,2019-07-05,G. Bordeaux,FR1,2,551,17,,551.0,,,,,4.0,,,,,,,,,,,,
249565,2019-07-08,Monaco,FR1,2,3250,47,6.948086153846154,3250.0,0.27,,,38.55907692307692,36.0,5.0,1.1927384615384615,2.5445538461538466,1.4818461538461538,1.0,5.222769230769231,6.8,,,,,1.5854769230769232
236045,2019-07-09,Nîmes Olympique,FR1,1,2635,35,6.55,2635.0,0.27,,,14.0,31.0,4.0,1.7,1.8,0.7,0.4,2.9,5.0,,,,,1.4
202278,2019-07-09,Angers SCO,FR1,2,5242,67,7.058538725677223,5242.0,0.15428653185806943,0.03,0.03,28.942464708126668,114.0,24.0,2.628595955742083,1.8285959557420832,0.8,0.4,3.1714612743227772,6.000057230064861,,,,,1.0857306371613886
112822,2019-07-12,Guingamp,FR1,2,4950,55,6.28,4950.0,,,,15.6,2.0,,0.0,,,0.7,0.7,8.5,15.0,3.0,65.9,1.6,
127181,2019-07-15,Montpellier,FR1,2,6750,75,6.505066666666666,6750.0,,,,17.328,4.0,,0.0,0.0,0.1,0.9973333333333333,1.096,9.854666666666667,25.0,2.596,72.056,0.9986666666666667,0.050666666666666665
353365,2019-07-16,Guingamp,FR1,2,3429,62,6.206369203849519,3429.0,0.07782152230971129,,,20.62405949256343,35.0,5.0,1.1854768153980753,2.085476815398075,0.9608923884514436,0.35363079615048115,3.546369203849519,5.402799650043744,,,,,2.3927384076990377
193469,2019-07-16,Stade Reims,FR1,1,2970,33,6.71,2970.0,0.03,0.0,0.01,33.3,11.0,2.0,0.2,0.3,1.3,5.4,7.8,4.2,,,,,0.6
23960,2019-07-16,Olympique Lyon,FR1,2,3979,45,6.73,3979.0,,,,55.0,5.0,,0.2,1.2,1.4,3.8,7.1,5.5,,,,,0.8
84301,2019-07-17,Stade Rennais,FR1,2,5513,64,7.0337656448394705,5513.0,0.09905858879013242,,,43.020605840740075,54.0,1.0,0.909414112098676,3.1623435516052965,1.7905858879013241,2.2923635044440416,7.435878831851986,7.790585887901324,,,,,2.1
318508,2019-07-17,Nice,FR1,1,863,14,,863.0,,,,,11.0,1.0,,,,,,,,,,,
344381,2019-07-18,PSG,FR1,2,1776,42,,1776.0,0.3523817567567567,,,44.444087837837834,21.0,8.0,1.834966216216216,1.285304054054054,0.7000000000000001,0.43006756756756753,2.6503378378378377,4.434966216216216,,,,,1.6349662162162162
111036,2019-07-22,Dijon,FR1,2,3202,45,6.59,3202.0,0.13,,,39.44269206745784,29.0,2.0,1.2897251717676452,2.1162086196127423,1.3367582760774517,1.1573079325421611,4.947033104309807,6.65730793254216,,,,,2.3897251717676453
318528,2019-07-22,Guingamp,FR1,2,4507,64,6.814619480807632,4507.0,0.23735300643443533,,,18.333392500554694,59.0,6.0,3.2008653206123805,1.3008653206123808,0.2572664743731973,0.5,2.1008653206123804,3.7598624362103394,,,,,1.7564011537608166
28335,2019-07-23,OGC Nice,FR1,2,2060,29,,2060.0,,,,,12.0,1.0,,,,,,,,,,,
290593,2019-07-23,Nîmes Olympique,FR1,1,2481,38,6.62,2481.0,0.11000000000000001,,,24.3,37.0,3.0,2.6,1.1,0.6,0.4,2.1,4.9,,,,,1.4
203496,2019-07-23,Olympique Lyon,FR1,2,4468,59,7.707417188898836,4468.0,0.5431602506714414,,,36.546463742166516,110.0,21.0,2.765801253357207,1.9116159355416293,0.3,0.1,2.3116159355416293,4.354834377797672,,,,,2.3329006266786037
170495,2019-07-24,SM Caen,FR1,2,2003,29,,2003.0,,,,,5.0,2.0,,,,,,,,,,,
241119,2019-07-25,Marseille,FR1,2,1221,39,6.84,1221.0,0.73,,,16.5,25.0,6.0,2.6,1.0,0.3,,1.3,2.3,,,,,1.8999999999999997
495666,2019-07-25,Saint-Étienne,FR1,1,1277,16,,1277.0,,,,,1.0,,,,,,,,,,,,
113707,2019-07-26,Saint-Étienne,FR1,2,5322,63,7.292897406989854,5322.0,0.27054114994363027,0.0,0.0,49.90383314543405,109.0,17.0,2.0926719278466743,2.5563697857948138,0.6,0.14363021420518604,3.3,5.379932356257046,,,,,0.912739571589628
290587,2019-07-29,Montpellier,FR1,2,6143,72,7.134333387595637,6143.0,0.10490476965651963,,,40.55412664821748,55.0,2.0,1.0490476965651963,2.9012697379130716,2.04841282760866,1.1987302620869282,6.398095393130392,6.700634868956536,,,,,1.1503174344782678
291110,2019-07-29,SM Caen,FR1,2,4029,59,6.205132787292133,4029.0,0.20077438570364853,,,13.220575825266815,32.0,1.0,0.5,0.843584015884835,0.2,0.7949118888061555,1.7820799205758253,2.03849590469099,,,,,1.8871680317696697
210081,2019-07-29,EA Guingamp,FR1,1,746,11,,746.0,,,,,4.0,,,,,,,,,,,,
343052,2019-08-01,Lille,FR1,1,3326,38,7.62,3326.0,0.6,,,25.7,70.0,16.0,2.7,0.7,0.4,0.2,1.2,3.7,,,,,0.6
357164,2019-08-01,Lille,FR1,1,1294,24,6.54,1294.0,0.56,,,12.2,13.0,2.0,0.6,0.3,0.3,0.6,1.5,1.6999999999999997,,,,,1.6999999999999997
174344,2019-08-01,SM Caen,FR1,1,3240,36,6.91,3240.0,0.14,0.0,0.01,43.2,54.0,5.0,0.8,1.8,0.8,0.4,3.2,6.6,,,,,1.2
272642,2019-08-02,Nice,FR1,1,2910,34,7.18,2910.0,0.19,,,20.3,58.0,10.0,4.4,0.4,0.1,0.1,0.6,3.2,,,,,0.4
182916,2019-08-03,Dijon,FR1,2,3420,57,6.37374269005848,3420.0,0.16,,,19.250877192982458,38.0,7.0,1.935672514619883,1.2035087719298245,0.5017543859649123,0.4678362573099415,2.1070175438596492,3.842690058479532,,,,,1.6269005847953217
442531,2019-08-06,Stade Reims,FR1,2,5580,62,6.675483870967741,5580.0,,,0.0,17.280645161290323,1.0,,0.0,,0.1,0.7225806451612903,0.7838709677419354,9.438709677419356,23.0,2.7451612903225806,73.90967741935484,0.9838709677419355,0.06129032258064516
203746,2019-08-06,Montpellier,FR1,2,3598,48,6.966136742634798,3598.0,0.04,,,39.546914952751536,62.0,5.0,1.2110339077265149,3.0703446359088384,1.181378543635353,1.6296553640911617,6.081378543635353,6.451723179544191,,,,,1.1517231795441913
146714,2019-08-06,Stade Rennais,FR1,1,2925,33,6.15,2925.0,,,,15.0,1.0,,0.0,,,1.0,1.0,7.4,9.0,2.8,65.5,1.5,
392810,2019-08-08,SM Caen,FR1,2,3152,49,6.1292449238578675,3152.0,0.25871827411167514,0.01,0.0,14.627220812182742,37.0,8.0,1.7709390862944159,1.6418781725888325,0.7139593908629442,0.3,2.712817258883249,5.278489847715735,,,,,2.2139593908629442
410225,2019-08-08,Stade Rennais,FR1,1,2794,35,7.0,2794.0,0.26,,,17.1,39.0,11.0,2.0,1.2,0.5,0.1,1.8,4.3,,,,,1.2
184528,2019-08-08,Amiens SC,FR1,1,2973,35,6.41,2973.0,0.03,,,23.5,16.0,4.0,0.2,1.6999999999999997,0.7,2.5,5.2,4.6,,,,,1.2
93726,2019-08-13,Montpellier HSC,FR1,2,3004,54,6.668508655126498,3004.0,0.12037283621837551,,,37.68535286284953,39.0,5.0,0.518508655126498,2.3332889480692414,0.855525965379494,0.755525965379494,4.08508655126498,6.229560585885485,,,,,1.337017310252996
174694,2019-08-14,Monaco,FR1,2,1936,25,6.87,1936.0,0.1,,,18.9,47.0,6.0,1.4,1.6,0.4,0.4,2.4,4.1,,,,,0.8
326300,2019-08-14,Angers SCO,FR1,2,3433,50,6.837471599184387,3433.0,0.16056801631226333,0.04,0.02,33.96988057092922,45.0,8.0,3.6286921060297113,1.3747159918438683,0.6999999999999998,0.25056801631226333,2.301136032624527,5.073579959219341,,,,,1.2011360326245266
284732,2019-08-14,Stade Rennais,FR1,1,2154,25,6.86,2154.0,0.04,,,33.5,9.0,1.0,0.5,2.9,1.7,3.5,8.5,5.5,,,,,1.3
45146,2019-08-18,Marseille,FR1,1,1699,25,6.61,1699.0,0.42,,,16.7,17.0,4.0,0.7,0.3,0.2,0.7,1.4,2.2,,,,,2.3
126557,2019-08-20,SM Caen,FR1,1,2012,24,6.52,2012.0,,,0.0,29.8,6.0,1.0,0.9,2.3,2.0,3.4,8.4,5.5,,,,,0.9
57372,2019-08-22,EA Guingamp,FR1,2,2533,35,6.969999999999999,2533.0,0.13,,0.01,35.2,28.0,5.0,0.6,3.3,1.0,1.1,5.7,8.1,,,,,1.7
344575,2019-08-29,Nîmes Olympique,FR1,2,2988,43,6.59,2988.0,0.29,,,28.6,36.0,3.0,0.7,1.4,0.6,0.5,2.7,5.3,,,,,1.5
288225,2019-09-02,Guingamp,FR1,1,2379,34,6.46,2379.0,0.04,,,26.4,21.0,4.0,2.2,2.3,0.8999999999999999,0.3,3.9000000000000004,6.0,,,,,1.4
10471,2019-09-02,Marseille,FR1,2,2621,33,6.68,2621.0,0.07,,,47.2,10.0,1.0,0.6,2.7,1.3,2.2,6.6,5.9,,,,,1.4
39152,2019-09-02,Monaco,FR1,1,2562,33,6.76,2562.0,0.53,,,17.8,18.0,2.0,0.5,1.2,0.09999999999999999,0.7999999999999999,2.3,3.0,,,,,2.5
127142,2019-09-02,R. Strasbourg,FR1,1,2060,23,7.0,2060.0,0.13,,,58.1,22.0,1.0,0.8,2.0,1.3,1.7,5.6,6.9,,,,,1.5
332889,2019-09-03,FC Nantes,FR1,1,3227,36,7.16,3227.0,0.11000000000000001,,,44.20000000000001,85.0,8.0,1.0,2.4,0.9,0.4000000000000001,3.9,6.8,,,,,1.2
399543,2020-01-09,Stade Reims,FR1,1,2627,37,6.66,2627.0,0.34,,0.0,15.700000000000001,25.0,4.0,0.39999999999999997,1.7,1.4,1.1,4.4,4.9,,,,,1.1
401836,2020-01-25,OGC Nice,FR1,2,944,25,,944.0,0.11000000000000001,,,27.5,11.0,2.0,2.4,2.2,0.6,0.4,3.2,4.8,,,,,1.6
353948,2020-01-27,Lyon,FR1,2,3489,54,6.67585267985096,3489.0,0.1,0.0,0.0,42.47993694468329,20.0,1.0,0.6515047291487533,3.44548581255374,1.5010031527658354,1.1505015763829178,6.545485812553739,6.246488965319576,,,,,1.6525078819145886
413112,2020-01-29,G. Bordeaux,FR1,1,705,10,,705.0,,,,,3.0,,,,,,,,,,,,
569598,2020-01-29,R. Strasbourg,FR1,1,910,17,,910.0,,,,,6.0,1.0,,,,,,,,,,,
81460,2020-01-30,EA Guingamp,FR1,1,1538,26,6.219999999999999,1538.0,0.12,,,14.5,14.0,,0.5,0.6,0.2,1.2,2.2,2.9,,,,,1.5
290017,2020-07-01,Stade Reims,FR1,2,2627,39,7.21,2627.0,0.11,,,39.9,18.0,,2.0,3.1,3.1,2.6,8.8,7.099999999999999,,,,,1.1
229006,2020-07-01,Saint-Étienne,FR1,1,850,12,,850.0,,,,,13.0,4.0,,,,,,,,,,,
138171,2020-07-01,Stade Brestois 29,FR1,1,1224,23,6.42,1224.0,0.15,,,25.4,30.0,5.0,0.3,1.6999999999999997,0.7,0.2,2.7,4.6,,,,,1.0
182875,2020-07-01,Stade Brestois,FR1,1,1840,22,6.389999999999999,1840.0,0.05,,,41.8,4.0,,0.5,0.9,1.6,4.2,7.5,5.2,,,,,1.3
190786,2020-07-01,FC Toulouse,FR1,2,4739,54,6.106990926355771,4739.0,,,,19.971681789407047,5.0,1.0,0.1,0.0,0.0,0.857079552648238,0.857079552648238,8.871238657944716,8.0,3.2141591052964764,64.62211437012029,1.8004431314623337,0.0
100986,2020-07-01,PSG,FR1,2,2858,38,7.077809657102869,2858.0,0.17,,,42.13586424072779,39.0,12.0,0.5304758572428271,2.226032190342897,1.1304758572428273,1.2130160951714486,4.756508047585724,5.6,,,,,1.3434919524142757
412671,2020-07-02,Toulouse,FR1,1,1150,20,6.38,1150.0,0.08,,,29.0,17.0,2.0,2.4,2.4,0.9,0.3,3.7,7.7,,,,,1.4
442891,2020-07-06,Lyon,FR1,2,2677,55,6.737243182667164,2677.0,0.34001867762420623,,0.0,25.587261860291374,45.0,5.0,1.078707508404931,1.4446768771012328,0.5787075084049309,0.6893537542024655,2.7680612626073966,4.0914456481135595,,,,,1.2020918939110945
531949,2020-07-10,Nice,FR1,2,2266,46,6.42,2266.0,0.1971844660194175,,,17.492233009708738,24.0,2.0,1.554368932038835,0.5174757281553398,0.2087378640776699,0.7174757281553398,1.4980582524271844,2.6893203883495147,,,,,0.9631067961165048
386047,2020-08-07,Stade Reims,FR1,2,4446,56,6.75080971659919,4446.0,0.08080971659919027,0.11,0.03,52.1506072874494,9.0,2.0,0.23603238866396764,1.245344129554656,1.0906882591093117,3.237246963562753,6.237246963562753,5.34412955465587,,,,,1.3546558704453442
170544,2020-08-11,OGC Nice,FR1,2,2483,31,6.57,2483.0,0.24,,,62.1,5.0,,0.2,1.1,1.4,1.9,5.0,4.8,,,,,1.4
361914,2020-08-14,Dijon,FR1,2,4106,46,6.99,4106.0,0.09,0.09,0.02,70.0,5.0,1.0,0.3,1.1,1.3,2.8999999999999995,5.9,5.6,,,,,0.6
28140,2020-08-16,Toulouse,FR1,1,1641,21,6.529999999999999,1641.0,0.16,,,19.0,18.0,4.0,2.0,2.0,0.6,0.9,3.6,4.9,,,,,1.3999999999999997
333802,2020-08-17,G. Bordeaux,FR1,1,648,11,,648.0,,,,,5.0,,,,,,,,,,,,
127182,2020-08-26,Amiens SC,FR1,2,2516,46,6.313823529411764,2516.0,0.16,0.09,0.031911764705882355,37.81617647058823,21.0,1.0,1.0455882352941175,1.9279411764705883,0.836764705882353,1.6,4.610294117647059,5.69264705882353,,,,,2.0088235294117647
344596,2020-08-27,Nice,FR1,1,1455,19,6.540000000000001,1455.0,0.06,,,63.7,2.0,,0.2,1.2,2.4,1.7,5.4,5.6,,,,,0.5
270541,2020-08-27,Amiens SC,FR1,2,3692,50,6.85385698808234,3692.0,0.46302546045503784,0.22468851570964246,0.047806067172264356,19.6307150595883,40.0,4.0,0.9390303358613217,0.25219393282773567,0.2478060671722644,0.9521939328277357,1.6087757313109428,2.3697453954496206,,,,,1.9
29241,2020-08-28,PSG,FR1,1,1573,21,6.96,1573.0,,,,81.6,,,0.1,1.6,1.5,3.0,7.0,6.6,,,,,0.5
45121,2020-08-28,LOSC Lille,FR1,1,964,20,6.57,964.0,0.65,,,15.4,8.0,,1.0,0.4,,0.7,1.1,1.5,,,,,1.4
61892,2020-09-01,Olympique Lyon,FR1,1,700,13,,700.0,,,,,3.0,1.0,,,,,,,,,,,
46552,2020-09-01,Monaco,FR1,1,2070,23,6.49,2070.0,0.04,,0.0,43.2,2.0,,,1.1,1.2,5.0,8.1,3.1,,,,,1.1
401923,2020-09-01,Lille,FR1,1,2289,27,6.95,2289.0,0.51,,,8.3,21.0,5.0,0.6,0.3,0.4,1.3,2.0,2.1,,,,,2.2
435338,2020-09-01,Lille,FR1,1,2087,24,6.85,2087.0,0.04,,,52.6,3.0,,0.1,1.8,0.9,3.4,6.9,5.9,,,,,0.8
137745,2020-09-01,Lyon,FR1,2,911,12,,911.0,,,,,12.0,2.0,,,,,,,,,,,
206746,2020-09-10,Lyon,FR1,2,1083,19,6.76,1083.0,,,0.01,47.6,12.0,2.0,0.9,2.8,1.6,2.8,7.5,6.0,,,,,1.1
60573,2020-09-14,AS Saint-Étienne,FR1,2,1960,24,6.39,1960.0,,,,47.9,10.0,2.0,0.2,1.3,1.9,2.0,5.4,6.2,,,,,0.6
285323,2020-09-17,Angers SCO,FR1,2,2776,31,6.9399999999999995,2776.0,0.04,,,38.6,17.0,4.0,1.1,3.2,1.5,1.2,6.2,7.0,,,,,0.7
131996,2020-09-19,Lyon,FR1,1,1253,23,6.790000000000001,1253.0,0.07,0.01,0.0,29.1,26.0,5.0,2.4,1.9,1.5,1.0,4.6,4.6,,,,,1.5
255220,2020-09-22,Nîmes Olympique,FR1,1,1998,27,6.62,1998.0,0.23,0.01,0.0,18.2,23.0,1.0,1.2,1.0,0.6,0.3,1.9,4.7,,,,,0.7
442531,2020-09-24,Stade Rennais,FR1,2,2250,25,6.89,2250.0,,,,20.1,1.0,,0.0,,,0.6,0.6,9.5,9.0,2.5,76.3,0.8,0.0
444725,2020-09-25,OGC Nice,FR1,1,1433,20,6.620000000000001,1433.0,0.05999999999999999,,,50.9,7.0,2.0,1.3,2.2,1.9,2.0,6.2,5.4,,,,,1.1
375885,2020-09-28,Toulouse,FR1,1,2177,25,6.71,2177.0,,,,41.1,27.0,1.0,1.2,3.5,1.6,2.0,7.5,8.0,,,,,2.0
163568,2020-09-29,Dijon,FR1,1,1620,19,6.7,1620.0,,,,22.6,,,0.1,0.1,,1.1,1.2,12.3,6.0,3.4,75.6,1.1,
475411,2020-10-02,Saint-Étienne,FR1,2,1530,18,6.55,1530.0,0.07,,,39.0,3.0,,0.2,1.9,2.7,3.9,8.7,6.4,,,,,1.0
413032,2020-10-04,Stade Brestois 29,FR1,2,2005,24,6.55,2005.0,,,,42.1,12.0,2.0,1.5,2.2,1.3,0.9,4.5,8.3,,,,,1.0
77828,2020-10-05,FC Toulouse,FR1,1,1759,26,6.43,1759.0,0.05,,,20.2,49.0,7.0,1.6,1.6,0.7,0.2,2.5,4.0,,,,,1.1
190685,2020-10-05,Marseille,FR1,2,2244,29,6.89,2244.0,0.04,,,37.6,14.0,2.0,2.0,2.5,1.3,1.5,5.3,5.9,,,,,1.0
48280,2020-10-05,PSG,FR1,1,602,14,,602.0,0.6,,,16.7,10.0,1.0,1.0,0.7,0.1,0.3,1.2,2.2,,,,,1.2
126683,2020-10-05,Stade Reims,FR1,1,900,15,6.21,900.0,,,,25.9,12.0,3.0,0.3,1.0,0.6,0.1,1.7,4.2,,,,,2.0
411295,2020-10-05,Stade Rennais,FR1,2,2102,28,6.95,2102.0,0.27,,,21.5,51.0,11.0,2.6,1.2,0.9,0.6,2.8,5.2,,,,,1.0
230166,2020-10-17,Amiens SC,FR1,1,1916,22,6.24,1916.0,0.05,,,34.2,14.0,1.0,0.6,1.7,1.6,2.4,6.2,5.5,,,,,1.5
482072,2021-01-10,Nîmes Olympique,FR1,2,1122,27,,1122.0,0.44999999999999996,,0.0,13.6,10.0,2.0,1.1,1.5,0.3,0.2,2.0,3.2,,,,,3.5999999999999996
149577,2021-01-15,FC Girondins Bordeaux,FR1,2,3249,38,6.84,3249.0,0.17,,,53.6,3.0,,0.2,1.1,1.7,5.3,8.7,5.5,,,,,1.1
174094,2021-01-26,Marseille,FR1,2,3014,39,6.84,3014.0,0.21,,,28.9,43.0,10.0,1.6,2.5,0.9,0.2,3.9000000000000004,6.6,,,,,2.3
174196,2021-02-01,R. Strasbourg,FR1,2,3877,46,6.781570802166624,3877.0,0.11842919783337631,0.07738199638896054,0.09002579313902502,32.43090018055197,58.0,10.0,1.378798039721434,1.2052360072220791,0.9947639927779212,1.3,3.74738199638896,6.131416043332473,,,,,0.7947639927779211
57370,2021-07-01,Stade Rennais,FR1,2,4909,55,6.858840904461195,4909.0,0.0942676716235486,0.07,0.02,52.28830719087391,9.0,2.0,0.2542676716235486,0.8829293135058057,1.2713383581177429,4.30611122428193,7.0061112242819314,4.996944387859035,,,,,1.0
135492,2021-07-01,G. Bordeaux,FR1,2,3829,45,6.78,3829.0,0.030000000000000002,0.02,0.05,40.8,37.0,3.0,1.3,1.5,1.5,1.2,4.4,5.2,,,,,1.0
167850,2021-07-01,Lyon,FR1,2,3952,50,7.7,3952.0,0.61,0.53,0.35000000000000003,25.900000000000002,119.0,25.0,2.3,0.09999999999999999,0.19999999999999998,0.09999999999999999,0.39999999999999997,2.7,,,,,1.0
666234,2021-07-01,R. Strasbourg,FR1,2,3121,38,6.7670778596603665,3121.0,0.06,0.07,0.025921179109259854,35.63316244793336,14.0,2.0,0.7926305671259213,2.474206984940724,1.7963152835629603,1.6110541493111183,6.292630567125921,6.285004806151874,,,,,1.344472925344441
182906,2021-07-01,Lille,FR1,2,5940,66,6.704545454545454,5940.0,,,0.0,14.296969696969697,1.0,,0.0,,0.1,0.4575757575757576,0.4575757575757576,8.015151515151516,33.0,2.2151515151515153,74.64545454545454,0.7696969696969697,0.0
318523,2021-07-02,Stade Brestois,FR1,2,4810,56,6.754675675675675,4810.0,0.09,0.08,0.11,35.53879417879418,53.0,5.0,0.795904365904366,1.6653014553014553,1.3693970893970895,1.938794178794179,5.177588357588358,5.626507276507277,,,,,1.2653014553014554
178314,2021-07-03,FC Metz,FR1,2,2699,46,6.445628010374213,2699.0,,0.029999999999999995,0.04,43.871952575027784,15.0,,1.1757317525009263,1.9378658762504628,0.8864023712486107,0.4000000000000001,3.4864023712486105,7.327195257502778,,,,,1.4757317525009264
730581,2021-07-05,Lens,FR1,1,2609,31,7.059999999999999,2609.0,,0.03,0.02,57.5,7.0,,0.8000000000000002,2.0,2.6,4.6,9.7,7.300000000000001,,,,,1.5
143029,2021-07-06,R. Strasbourg,FR1,2,4839,55,6.343670179789212,4839.0,0.051510642694771645,0.023021285389543296,0.005755321347385824,36.43670179789212,9.0,3.0,0.1,0.9877660673692912,1.0,3.469787146104567,5.757553213473859,4.712233932630709,,,,,0.7424467865261417
59950,2021-07-09,Montpellier HSC,FR1,2,3686,51,6.393738469886055,3686.0,0.07,0.11000000000000001,0.04,27.67097124253934,8.0,1.0,0.1,1.667552902875746,1.5328269126424308,1.9675529028757461,5.767932718393922,4.067932718393924,,,,,1.4
361065,2021-07-12,PSG,FR1,2,1781,27,7.029999999999999,1781.0,,0.01,0.13,56.29999999999999,16.0,3.0,0.8000000000000002,2.0,1.2,0.6999999999999998,4.0,6.599999999999999,,,,,0.9
377393,2021-07-13,Nice,FR1,2,4317,55,6.967815612694001,4317.0,0.18564975677553858,0.21,0.05,41.85686819550613,45.0,8.0,1.0,2.6913365763261523,1.3,1.3086634236738475,5.847834144081538,6.556497567755386,,,,,1.5
626913,2021-07-13,Stade Reims,FR1,2,4763,60,6.690814612639093,4763.0,0.39948141927356706,0.38,0.04,13.579256770942683,58.0,4.0,1.2855553222758767,0.6999999999999998,0.36185177409195884,0.9855553222758767,2.2474070963678354,3.1092588704597937,,,,,1.0144446777241234
532775,2021-07-16,Lyon,FR1,2,471,15,,471.0,,,,,6.0,1.0,,,,,,,,,,,
296422,2021-07-18,Monaco,FR1,2,2326,45,6.490000000000001,2326.0,,0.005571797076526225,0.04671539122957868,31.684436801375753,25.0,2.0,1.0492691315563198,2.178589853826311,1.1607050730868445,1.6492691315563197,4.988564058469476,5.027858985382631,,,,,1.0392949269131557
282250,2021-07-20,Nîmes Olympique,FR1,1,2329,26,6.78,2329.0,0.08,0.02,0.08,30.799999999999997,19.0,3.0,0.6,1.8999999999999997,1.4,2.1,5.8,5.4,,,,,0.6
524929,2021-07-23,RC Strasbourg Alsace,FR1,2,946,40,,946.0,0.2854334038054968,0.09103594080338265,0.04219873150105708,22.161310782241014,6.0,2.0,2.8663847780126854,1.621987315010571,0.9663847780126851,0.3443974630021141,2.9327695560253697,4.765961945031713,,,,,1.355602536997886
265763,2021-07-24,FC Metz,FR1,2,1282,41,6.137386895475818,1282.0,,0.13,0.12,20.31926677067083,23.0,1.0,3.0408736349453984,0.9681747269890795,0.3261310452418097,0.5,1.8522620904836196,4.546567862714508,,,,,2.069344773790952
46104,2021-07-27,Monaco,FR1,2,1262,38,6.66,1262.0,0.6899999999999998,0.63,0.13,28.0,17.0,,1.7,0.9,0.3,0.3,1.6000000000000003,5.1,,,,,1.8
325223,2021-07-31,Dijon,FR1,2,3850,53,6.303662337662337,3850.0,0.30309870129870126,0.34,0.029999999999999995,12.976051948051948,32.0,6.0,1.0619740259740258,1.130987012987013,0.2873246753246753,1.0436623376623377,2.418311688311688,3.798597402597403,,,,,1.5563376623376624
386552,2021-07-31,Angers SCO,FR1,1,1684,29,6.59,1684.0,0.05,0.06,0.03,29.0,7.0,1.0,0.8,4.2,1.8000000000000003,0.9000000000000001,7.0,6.9,,,,,1.4
11530,2021-08-05,R. Strasbourg,FR1,1,1332,27,6.530000000000001,1332.0,,0.01,0.07,40.0,11.0,2.0,0.3,2.5,2.6,1.7000000000000002,6.800000000000001,7.199999999999999,,,,,1.1
318520,2021-08-05,RC Lens,FR1,1,1146,26,6.58,1146.0,,0.029999999999999995,0.19,29.699999999999996,17.0,7.0,0.3,2.0,2.0,2.1,6.4,4.6,,,,,1.8000000000000003
388165,2021-08-10,FC Lorient,FR1,1,2682,38,6.99,2682.0,0.34,0.43,0.09,18.3,29.0,5.0,1.8,1.2,0.7,0.39999999999999997,2.4,4.8,,,,,1.0
270411,2021-08-14,Olympique Marseille,FR1,2,1525,40,6.5,1525.0,0.1,0.21,0.1,25.4,19.0,2.0,1.2,1.8,1.4,0.4,3.6,4.4,,,,,1.1
334835,2021-08-25,G. Bordeaux,FR1,2,2821,37,6.7299999999999995,2821.0,0.14,0.16,0.08,35.6,31.0,1.0,0.8000000000000002,1.1,1.1,1.3,3.7999999999999994,4.8,,,,,1.4
568693,2021-08-27,FC Metz,FR1,2,3722,55,6.954199355185384,3722.0,0.09563944116066632,0.07716012896292315,0.045720042987641055,39.365959161740996,36.0,3.0,1.1716012896292318,2.156797420741537,1.3283987103707682,0.8,4.527995701235894,7.328398710370769,,,,,1.4
122797,2021-08-28,Montpellier,FR1,2,5207,65,7.374382561935856,5207.0,0.5712963318609564,0.5012963318609565,0.18348761282888418,16.078701747647397,94.0,23.0,0.8391972344920301,0.504321106203188,0.20432110620318802,0.8870366813904358,1.6956788937968124,2.152160553101594,,,,,1.73919723449203
234781,2021-08-29,Lyon,FR1,2,2518,37,7.069999999999999,2518.0,0.07,0.08,0.10999999999999999,41.2,26.0,6.0,0.8,2.6,1.6,1.5,5.9,6.5,,,,,1.1
395236,2021-08-30,G. Bordeaux,FR1,2,4676,71,6.874835329341317,4676.0,0.055494011976047905,0.07483532934131737,0.1390119760479042,42.030538922155685,112.0,12.0,1.8516467065868263,2.26811377245509,1.5,0.5032934131736527,4.319760479041916,6.206586826347305,,,,,1.1615269461077844
122116,2021-08-30,FC Girondins Bordeaux,FR1,2,3586,60,6.622024539877301,3586.0,0.1537702175125488,0.1713887339654211,0.14690462911321805,19.95950920245399,59.0,11.0,1.95515895147797,0.9345231455660904,0.4242052426101505,0.4103179029559398,1.8242052426101507,4.84484104852203,,,,,1.6515895147796988
378953,2021-08-30,Stade Rennais,FR1,2,3852,48,6.96,3852.0,,0.06,0.01,36.6,7.0,2.0,0.2,1.1,0.8,2.6,4.9,5.4,,,,,1.0
60540,2021-08-31,Olympique Marseille,FR1,2,2818,58,6.452959545777146,2818.0,0.22202980837473388,0.20900638750887154,0.07898509581263308,17.550745209368348,21.0,3.0,0.1,0.9699787083037615,0.6401703335699077,1.4701916252661462,3.2103619588360544,2.830234208658623,,,,,1.0
181378,2021-08-31,Montpellier,FR1,2,6350,76,7.185149606299212,6350.0,0.44,0.40760629921259844,0.1345511811023622,14.526929133858268,78.0,21.0,0.6089763779527559,0.9089763779527559,0.4,0.6,2.008976377952756,2.95748031496063,,,,,1.3604724409448818
371142,2021-08-31,Nice,FR1,2,1112,20,,1112.0,0.25,0.19,0.16,21.6,15.0,4.0,1.8,1.1,0.5,0.3,1.9,3.3,,,,,1.5
353399,2021-08-31,Stade Rennais,FR1,2,1647,48,6.734778384942319,1647.0,,0.10711596842744385,0.2519793564055859,30.066545233758347,35.0,10.0,2.2711596842744384,3.219793564055859,0.5837887067395264,0.2774741955069824,4.1197935640558585,7.106314511232543,,,,,1.5162112932604734
640428,2021-08-31,Stade Rennais,FR1,2,2550,39,6.950000000000001,2550.0,0.04,0.07,0.05,53.0,22.0,4.0,1.6,3.7,0.9000000000000001,0.6,5.2,6.1,,,,,2.1
157501,2021-09-24,Stade Rennais,FR1,1,420,9,,420.0,,,,,2.0,,,,,,,,,,,,
324690,2022-01-03,Lille,FR1,2,3259,55,6.65,3259.0,0.16,0.18,0.09,24.5,40.0,11.0,2.2,0.7,0.3,0.3,1.4,3.9000000000000004,,,,,0.5
290017,2022-01-04,Nice,FR1,2,3511,47,6.89,3511.0,0.05999999999999999,0.04,0.09,40.9,31.0,6.0,1.1,2.0,1.7,1.5,5.5,5.4,,,,,0.7
399383,2022-01-11,Stade Reims,FR1,2,2282,35,6.67,2282.0,0.17,0.12,0.1,21.1,26.0,3.0,0.9,1.7,0.7,0.5,2.9,4.8,,,,,1.2
168471,2022-01-13,FC Nantes,FR1,2,527,28,,527.0,0.53,0.41,0.02,14.899999999999999,2.0,,,,,,,1.6000000000000003,,,,,1.3
52920,2022-01-28,Olympique Lyon,FR1,1,2911,34,6.960000000000001,2911.0,0.09,0.06,0.02,56.2,8.0,,0.1,1.3,1.5,3.6,7.3,5.8,,,,,1.2
520624,2022-01-30,Lyon,FR1,2,3396,53,7.3033244994110715,3396.0,0.15,0.09625736160188457,0.1778445229681979,65.23233215547704,54.0,10.0,1.6374263839811545,3.3215547703180213,0.9410188457008244,0.5035924617196701,5.01436984687868,7.251796230859835,,,,,1.7
174915,2022-01-31,Lyon,FR1,2,1145,30,,1145.0,,,,,17.0,4.0,,,,,,,,,,,
240692,2022-01-31,Lille,FR1,2,3712,47,7.19,3712.0,,0.01,0.08,42.9,22.0,2.0,1.2,3.3,1.9000000000000001,1.8,7.0,6.4,,,,,1.6
555076,2022-01-31,Stade Brestois,FR1,1,2898,36,7.26,2898.0,0.19,0.19,0.2,34.7,63.0,11.0,2.8,1.6999999999999997,0.9000000000000001,0.5,3.1000000000000005,7.1,,,,,1.1
222859,2022-07-01,Montpellier,FR1,2,5018,69,6.751416899163013,5018.0,0.15751096054204863,0.15472100438421682,0.10888401753686727,34.49912315663611,74.0,9.0,0.5,0.9583698684734955,0.9888401753686727,0.3527899561578318,2.4,4.688840175368672,,,,,1.2472100438421683
361093,2022-07-01,Lille,FR1,2,5561,62,7.085953965114188,5561.0,0.12,0.046184139543247626,0.02,57.865473835641076,12.0,,0.2,0.8809206977162382,1.2976982557094048,3.725984535155548,6.645063837439309,4.976317209135048,,,,,0.4809206977162381
379869,2022-07-01,Clermont Foot,FR1,1,1305,15,,1305.0,,,,,,,,,,,,,3.0,,,,
361914,2022-07-01,Stade Rennais,FR1,2,5886,66,7.064427454977914,5886.0,0.0806965681277608,0.0806965681277608,0.015348284063880394,67.30200475705063,9.0,1.0,0.25348284063880394,1.006965681277608,1.0674142031940197,3.4582059123343525,6.039551478083589,5.367414203194019,,,,,0.646517159361196
206912,2022-07-01,Angers SCO,FR1,2,2952,46,7.084756097560976,2952.0,0.1,0.026368563685636857,0.08273712737127371,36.383875338753384,30.0,5.0,2.095528455284553,3.249728997289973,1.3044715447154471,0.8452574525745259,5.467615176151761,7.494986449864498,,,,,1.5
324811,2022-07-01,Saint-Étienne,FR1,2,3657,68,6.644626743232158,3657.0,0.19487558107738587,0.18950232430954334,0.11512441892261416,18.776127973748974,46.0,8.0,1.3975116215477168,0.8537325676784249,0.39751162154771663,0.34875581077385837,1.6487558107738582,4.048755810773859,,,,,0.8049767569045666
271455,2022-07-01,Montpellier,FR1,2,4040,63,6.688195544554455,4040.0,0.05000000000000001,0.030000000000000002,0.08445792079207921,30.044579207920794,34.0,8.0,1.1228960396039604,1.9783168316831685,0.9108415841584159,2.0554207920792082,5.3,5.755420792079208,,,,,1.1891584158415844
296802,2022-07-01,Nice,FR1,2,6750,75,6.613733333333333,6750.0,,,0.0,19.082666666666668,,,,0.0,0.0,0.448,0.49866666666666665,7.398666666666666,23.0,3.1026666666666665,72.66666666666667,1.1533333333333333,
34987,2022-07-01,LOSC Lille,FR1,2,4272,59,6.951755617977528,4272.0,0.4196348314606741,0.4192322097378277,0.10519194756554306,16.480805243445694,52.0,15.0,0.44040262172284644,0.4442415730337078,0.14808052434456928,0.6404026217228465,1.2846441947565543,1.636563670411985,,,,,1.1923220973782773
103565,2022-07-01,Saint-Étienne,FR1,2,3428,52,6.867462077012836,3428.0,0.4451662777129522,0.32737164527421236,0.09610268378063011,16.794865810968496,51.0,8.0,1.5432030338389733,1.4737164527421236,0.43051341890315054,0.40845974329054846,2.377946324387398,4.204229871645274,,,,,1.2474329054842472
688707,2022-07-01,Clermont Foot,FR1,1,2468,31,6.670000000000001,2468.0,0.04,0.04,0.029999999999999995,55.8,17.0,1.0,0.9000000000000001,1.6,1.5,0.4,3.6000000000000005,6.799999999999999,,,,,1.6
670847,2022-07-01,Angers SCO,FR1,2,2175,53,6.33,2175.0,0.2,0.34489655172413797,0.11089655172413794,11.592413793103448,16.0,5.0,1.230344827586207,0.803448275862069,0.4606896551724138,,1.2641379310344827,3.3793103448275863,,,,,1.6910344827586208
98349,2022-07-01,AS Saint-Étienne,FR1,2,2654,51,6.533651092690279,2654.0,0.2668048229088169,0.26659758854559157,0.14327807083647323,20.599171062547097,48.0,8.0,1.6008289374529014,0.7327807083647324,0.4000000000000001,0.5,1.4668048229088166,3.300828937452901,,,,,1.832366239638282
170961,2022-07-01,FC Metz,FR1,2,4095,53,6.787868131868132,4095.0,0.08778754578754577,0.05737728937728937,0.08999999999999998,24.239340659340662,40.0,2.0,1.1606593406593406,1.7696703296703296,1.0868864468864468,1.2,4.313113553113554,4.865567765567765,,,,,0.9868864468864469
424072,2022-07-01,Angers SCO,FR1,2,2508,52,6.49,2508.0,0.28539473684210526,0.16539473684210526,0.054760765550239225,22.134808612440192,19.0,5.0,1.0412679425837321,1.7999999999999998,1.2714114832535885,1.1714114832535885,4.649162679425838,4.442822966507177,,,,,1.923803827751196
413112,2022-07-01,Monaco,FR1,2,6004,71,7.434943371085942,6004.0,0.07465522984676881,0.09068954030646235,0.10977015323117921,49.47818121252498,38.0,11.0,0.8931045969353764,3.162641572285143,2.435059960026649,1.1045969353764158,7.002298467688209,7.74425383077948,,,,,1.6511492338441038
394327,2022-07-01,Marseille,FR1,2,5685,69,7.183131046613896,5685.0,0.029999999999999995,0.03489006156552331,0.05467018469656992,62.03069481090589,50.0,5.0,0.8065963060686016,2.455496921723835,1.2956024626209324,1.451099384344767,5.502198768689534,6.206596306068602,,,,,1.4021987686895339
127142,2022-07-01,Stade Rennais,FR1,2,2589,41,7.0,2589.0,0.04,0.05,0.05,65.2,12.0,3.0,0.3,1.5,0.9,1.2,3.7,6.3,,,,,1.4
487969,2022-07-01,FC Nantes,FR1,2,5992,73,6.883247663551401,5992.0,0.3192990654205608,0.2997196261682243,0.11521028037383178,11.307009345794393,78.0,19.0,1.6478971962616824,0.7985981308411214,0.2,0.8492990654205608,1.847897196261682,3.350700934579439,,,,,1.8507009345794392
453016,2022-07-01,R. Strasbourg,FR1,2,5200,70,6.892569230769231,5200.0,0.04,0.019207692307692308,0.10841538461538461,38.70492307692308,47.0,8.0,0.9,2.507923076923077,1.5237692307692308,1.6381153846153849,5.761884615384616,6.531692307692309,,,,,1.1381153846153849
251075,2022-07-05,Lille,FR1,2,5087,61,7.108177707882839,5087.0,0.08878513858855908,0.030607430705720463,0.09469628464713978,38.11051700412817,45.0,4.0,0.6939256929427954,2.381777078828386,1.4,1.6060743070572046,5.693925692942796,5.487851385885591,,,,,1.6757027717711817
442552,2022-07-06,FC Lorient,FR1,2,4525,53,6.51,4525.0,,0.03,0.03,28.300000000000004,16.0,2.0,0.4,1.6,1.1,3.3999999999999995,6.799999999999999,5.0,,,,,1.1
23951,2022-07-06,Marseille,FR1,2,4140,46,6.34,4140.0,,,0.0,20.0,1.0,,0.0,,0.1,0.5,0.6,9.0,13.0,2.3,65.1,1.2,
45320,2022-07-08,PSG,FR1,2,3516,53,7.437013651877133,3516.0,0.22761092150170648,0.25820819112627985,0.4623890784982935,41.81484641638225,124.0,34.0,1.8059726962457336,1.4410409556313994,0.3,0.2529863481228669,1.9940273037542662,3.370136518771331,,,,,0.5
543387,2022-07-11,Lens,FR1,2,5580,67,7.186609318996416,5580.0,0.048867383512544806,0.05,0.0758494623655914,46.920860215053764,67.0,6.0,0.9830107526881721,2.630179211469534,1.9584946236559142,0.794336917562724,5.53584229390681,7.077347670250897,,,,,1.394336917562724
250013,2022-07-12,Angers SCO,FR1,2,5682,69,7.057071453713481,5682.0,0.18853572685674058,0.17518303414290745,0.12890179514255545,36.998081661386834,106.0,12.0,2.078035902851109,0.9073213657162972,0.6036606828581486,0.19633931714185143,1.7591517071453713,4.7780359028511095,,,,,1.0518303414290742
620313,2022-07-13,Saint-Étienne,FR1,2,3123,61,6.518184438040346,3123.0,0.05000000000000001,0.057348703170028825,0.019999999999999997,36.60480307396733,11.0,,0.6734870317002882,2.2,1.0217098943323728,0.6530259365994237,4.0325648414985595,7.757829010566762,,,,,2.0530259365994237
594991,2022-07-13,Clermont Foot,FR1,1,2425,32,7.02,2425.0,0.52,0.52,0.09,14.2,31.0,6.0,1.1,0.4,0.3,0.5,1.2,1.9,,,,,0.7
170953,2022-07-15,Angers SCO,FR1,2,2714,59,6.373655121591748,2714.0,0.2976934414148858,0.415578481945468,0.034038319823139276,12.719233603537214,20.0,4.0,0.7192336035372144,0.7422991893883567,0.3788504053058217,0.3788504053058217,1.5,2.038467207074429,,,,,1.7403831982313926
357796,2022-07-15,Lille,FR1,2,1667,41,,1667.0,0.07,0.01,0.07,45.0,17.0,2.0,0.6,2.0,1.8999999999999997,1.0,5.2,5.9,,,,,1.2
175639,2022-07-20,Lens,FR1,2,5598,70,7.281575562700965,5598.0,0.13186495176848875,0.07639871382636655,0.23813504823151124,26.273311897106108,125.0,20.0,0.8546623794212218,1.7186495176848875,1.8733118971061091,1.2,4.891961414790997,5.727974276527331,,,,,0.9639871382636657
57216,2022-07-21,Angers SCO,FR1,2,6209,71,6.733203414398454,6209.0,0.10035593493316153,0.08624577226606539,0.029999999999999995,43.69644065066838,18.0,3.0,0.2446609760025769,0.8964406506683846,1.2,3.2035593493316155,5.7517796746658085,6.1928813013367705,,,,,0.49644065066838455
236400,2022-07-21,Lyon,FR1,2,4661,60,7.088858614031324,4661.0,0.060000000000000005,0.04,0.18755631838661233,46.59806908388757,84.0,9.0,0.7876206822570264,1.5745977258099122,1.0374597725809913,1.4625402274190087,4.337137953228921,5.362862046771079,,,,,0.7123793177429736
190263,2022-07-22,Stade Reims,FR1,2,6705,75,6.728523489932886,6705.0,,,0.005100671140939598,20.008724832214764,2.0,,0.04899328859060403,0.1,0.04899328859060403,1.1020134228187919,1.202013422818792,9.106040268456375,21.0,3.1,71.37919463087249,1.248993288590604,0.0
557612,2022-07-25,G. Bordeaux,FR1,2,1122,34,6.52,1122.0,0.6,0.54,0.05,12.7,9.0,2.0,1.0,0.8,0.2,0.6,1.6,3.4,,,,,2.1
347913,2022-07-29,Marseille,FR1,1,2677,34,7.14,2677.0,,0.0,0.04,52.6,17.0,3.0,0.39999999999999997,2.2,1.4,1.7,5.7,4.8,,,,,0.6
342877,2022-07-29,Angers SCO,FR1,2,2149,33,6.63,2149.0,,0.01,0.02,41.8,11.0,2.0,0.4,1.2,0.7,1.9,4.2,5.3,,,,,0.7
471582,2022-08-04,Saint-Étienne,FR1,1,1556,30,6.71,1556.0,0.06,0.05000000000000001,0.06,34.9,12.0,3.0,2.0,2.7999999999999994,1.0,0.8000000000000002,4.7,8.1,,,,,1.2
258027,2022-08-04,Lille,FR1,2,2363,48,7.042039779940754,2363.0,0.1547524333474397,0.07685146000846382,0.2050825222175201,59.35873889123995,45.0,10.0,2.120990266610241,1.0,0.8895048666948794,0.4298349555649598,2.538679644519678,6.67016504443504,,,,,1.9580194667795177
485706,2022-08-09,Lille,FR1,1,1347,32,6.86,1347.0,0.07,0.17,0.10999999999999999,34.4,15.0,3.0,0.8999999999999999,3.2000000000000006,2.0,1.3,6.699999999999999,6.699999999999999,,,,,2.1
450417,2022-08-12,FC Metz,FR1,1,2544,30,6.710000000000001,2544.0,0.04,0.06,0.03,32.8,4.0,2.0,0.2,1.7000000000000002,1.4,2.5,6.2,5.8,,,,,1.1
157501,2022-08-16,G. Bordeaux,FR1,2,2254,52,6.355261756876665,2254.0,0.3565927240461402,0.4263708961845608,0.06385093167701864,11.44072759538598,16.0,5.0,0.534072759538598,0.6977817213842058,0.1,0.9614906832298136,1.7933451641526175,2.165927240461402,,,,,2.6340727595385984
228948,2022-08-17,PSG,FR1,1,1504,27,6.83,1504.0,0.12,0.06,0.02,65.9,2.0,,0.1,1.3,1.4,1.6,5.0,4.2,,,,,0.9000000000000001
272636,2022-08-18,Saint-Étienne,FR1,1,1657,24,6.44,1657.0,,0.05,0.01,44.8,3.0,,0.5,1.4,1.9,2.5,6.5,4.9,,,,,0.8
127610,2022-08-24,FC Girondins Bordeaux,FR1,1,1226,16,,1226.0,,,,,,,,,,,,,,,,,
444523,2022-08-29,Lyon,FR1,2,2868,37,7.44,2868.0,0.3,0.33,0.16,40.1,44.0,9.0,2.7,2.3,0.3,0.7,3.4,6.3,,,,,2.1
322655,2022-08-29,Nice,FR1,2,1379,26,6.9799999999999995,1379.0,,0.02,0.02,49.0,4.0,,0.4,3.2,1.0,2.1,6.8,6.8,,,,,1.2
569389,2022-08-29,Monaco,FR1,2,3252,53,7.1080535055350555,3252.0,0.22424969249692497,0.26805350553505536,0.16407134071340712,33.906088560885614,62.0,8.0,1.900891758917589,1.6601783517835178,1.1398216482164822,0.13982164821648219,2.979643296432964,6.438929889298893,,,,,1.0212484624846248
412829,2022-08-30,FC Lorient,FR1,1,1819,22,6.56,1819.0,0.05,0.03,0.0,38.8,2.0,,0.0,1.5,1.1,4.2,7.6,4.6,,,,,0.3
308439,2022-08-31,Lens,FR1,2,319,17,,319.0,,,,,2.0,,,,,,,,,,,,
579930,2022-08-31,FC Lorient,FR1,2,2759,38,6.8999999999999995,2759.0,0.22,0.27,0.15,19.2,50.0,8.0,1.6,1.2,0.5,0.1,1.9000000000000001,4.3,,,,,1.6
238266,2022-09-01,Marseille,FR1,2,2064,27,6.94,2064.0,0.09,0.08,0.03,72.8,3.0,1.0,0.0,0.9,1.1,2.4,4.6,4.3,,,,,0.5
189744,2022-09-01,FC Lorient,FR1,1,1980,22,5.99,1980.0,,,0.0,10.2,,,0.0,0.0,,0.8,0.8,6.1,4.0,2.6,60.0,1.7,
126665,2022-09-01,PSG,FR1,1,1643,26,7.28,1643.0,0.16,0.08,0.07,70.6,15.0,3.0,1.1,3.3,1.3,0.7,5.5,7.0,,,,,2.1
292808,2022-09-01,Stade Reims,FR1,2,3600,40,6.96,3600.0,0.11,0.06,0.019999999999999997,33.9,4.0,1.0,0.2,1.1,1.4,4.5,8.0,5.4,,,,,0.6
656441,2022-09-01,G. Bordeaux,FR1,1,1845,23,7.22,1845.0,0.15,0.07,0.060000000000000005,41.8,15.0,2.0,0.8,3.4,1.8,1.0,6.4,8.5,,,,,1.9
649016,2022-09-01,Stade Reims,FR1,2,1290,24,6.71,1290.0,0.15,0.31,0.06,18.1,13.0,2.0,0.6,1.0,0.5,1.3,2.9,2.8,,,,,1.5
531949,2022-09-01,Lens,FR1,1,1018,28,6.37,1018.0,0.44,0.38,0.05,12.4,11.0,2.0,1.0,0.3,0.2,0.3,0.7,2.4,,,,,0.8
569385,2022-09-01,AS Saint-Étienne,FR1,1,1064,35,6.4,1064.0,,0.1,0.11,37.1,17.0,2.0,1.3,1.1,1.4,0.3,3.0,6.5,,,,,0.8
572326,2022-09-01,Lens,FR1,1,1050,14,,1050.0,,,,,4.0,1.0,,,,,,,,,,,
418659,2022-09-01,Nice,FR1,1,2763,38,7.15,2763.0,0.33,0.38999999999999996,0.2,24.5,49.0,12.0,2.0,0.7,0.4,0.5,1.8000000000000003,2.9,,,,,1.0
161869,2022-09-09,Monaco,FR1,1,950,17,,950.0,,,,,6.0,2.0,,,,,,,,,,,
127048,2022-09-15,Marseille,FR1,2,411,15,,411.0,,,,,9.0,2.0,,,,,,,,,,,
384859,2022-09-22,FC Metz,FR1,1,1587,19,7.18,1587.0,0.22999999999999998,0.05,0.03,26.9,11.0,1.0,1.6,1.9,1.8,2.6,6.7,5.7,,,,,0.9
111038,2023-01-03,FC Nantes,FR1,1,2093,32,6.67,2093.0,,0.0,0.04,27.3,3.0,,0.6,2.4,1.2,3.0,7.1,4.2,,,,,1.7
463603,2023-01-05,Monaco,FR1,2,2676,35,7.27,2676.0,0.05,0.08,0.03,59.2,4.0,2.0,0.1,1.8,1.4,3.3,7.0,7.3,,,,,1.2
215977,2023-01-12,R. Strasbourg,FR1,1,2395,31,7.29,2395.0,0.3,0.23,0.17,36.3,33.0,8.0,1.2,2.4,1.1,0.5,4.2,6.7,,,,,1.3
170934,2023-01-13,Nice,FR1,2,2816,46,7.16,2816.0,0.09,0.09,0.03,46.6,10.0,,1.2,2.8,2.2,1.7,7.1,6.5,,,,,1.6
74230,2023-01-17,PSG,FR1,2,384,16,,384.0,,,,,10.0,1.0,,,,,,,,,,,
342226,2023-01-18,Stade Brestois,FR1,2,1552,42,6.48,1552.0,0.27,0.22,0.11,13.600000000000001,18.0,4.0,0.8000000000000002,0.8999999999999999,0.3,0.8999999999999999,2.2,3.7000000000000006,,,,,1.1
823231,2023-01-19,FC Lorient,FR1,2,2350,43,,2350.0,0.11,0.26,0.15,18.5,31.0,8.0,1.0,2.4,1.6000000000000003,1.6000000000000003,5.599999999999999,5.3,,,,,2.4
247915,2023-01-19,Montpellier,FR1,2,3756,43,6.89,3756.0,,,0.0,23.1,,,0.0,0.1,,0.7,0.8,9.9,10.0,4.2,74.5,1.4,0.0
211637,2023-01-20,FC Metz,FR1,1,2666,30,7.04,2666.0,0.030000000000000002,0.060000000000000005,0.01,31.6,2.0,,0.2,2.8,2.7,7.1,13.7,5.3,,,,,1.2
283994,2023-01-24,R. Strasbourg,FR1,2,3514,49,7.179999999999999,3514.0,0.39,0.35,0.13,21.2,56.0,13.0,0.5,1.2,0.3,1.0,2.6,2.8,,,,,1.3
485965,2023-01-25,Montpellier,FR1,2,4052,51,6.709999999999999,4052.0,0.060000000000000005,0.049999999999999996,0.049999999999999996,33.1,18.0,2.0,0.6,2.6,1.2,2.5,6.8999999999999995,4.4,,,,,0.7999999999999999
822458,2023-01-27,Marseille,FR1,1,973,25,6.88,973.0,0.65,0.73,0.13,13.1,9.0,4.0,0.5,1.6,0.5,0.6,2.7,3.8,,,,,1.3
593482,2023-01-29,Angers SCO,FR1,1,1622,32,6.7,1622.0,0.10999999999999999,0.10999999999999999,0.07,42.4,18.0,2.0,1.4,2.2,1.4,0.7,4.4,5.2,,,,,1.1
620322,2023-01-29,Lyon,FR1,2,3482,51,7.2160080413555425,3482.0,,0.02539919586444572,0.23000000000000004,53.97604824813325,49.0,10.0,0.9920160827110855,2.507983917288914,1.6000000000000003,1.1239517518667435,5.531935669155658,7.314072372199885,,,,,1.1539919586444571
174915,2023-01-31,Stade Brestois,FR1,2,1565,28,,1565.0,,,,,19.0,3.0,,,,,,,,,,,
746695,2023-01-31,Stade Rennais,FR1,2,1332,34,7.03,1332.0,0.35,0.21,0.15,22.8,28.0,5.0,4.8,2.0,0.4,0.3,2.7,4.0,,,,,1.7
297070,2023-07-01,Stade Rennais,FR1,2,5429,64,7.2574359918953775,5429.0,0.06668999815804015,0.05932400073678395,0.13533799963160803,48.245920058942716,56.0,12.0,0.3,1.860139988948241,1.239860011051759,2.1,5.4,5.5,,,,,1.3067599926321605
203938,2023-07-01,Toulouse,FR1,1,2891,35,7.45,2891.0,0.16,0.18999999999999997,0.25,49.1,88.0,13.0,0.6,2.2,0.3,0.8,3.4,5.7,,,,,1.0
370846,2023-07-01,Lille,FR1,2,3366,58,6.737852049910874,3366.0,0.17,0.16847890671420085,0.13885918003565062,29.91562685680333,42.0,8.0,1.0480986333927511,1.151901366607249,0.9114081996434938,0.5595068330362448,2.626619132501485,4.203802733214498,,,,,0.7557040998217468
538874,2023-07-01,FC Lorient,FR1,2,5462,71,6.994697912852434,5462.0,0.42481874771146105,0.4349176125961186,0.09003295496155254,12.30120834859026,70.0,5.0,1.2997803002563162,0.6499450750640791,0.1499450750640791,0.5501647748077627,1.4,2.2501647748077627,,,,,0.8998901501281583
980576,2023-07-01,Angers SCO,FR1,1,1245,25,6.37,1245.0,0.21999999999999997,0.23,0.14,16.8,9.0,4.0,1.6,0.8,0.7,0.1,1.8,3.7,,,,,0.5
395693,2023-07-01,Lyon,FR1,2,3028,52,7.2,3028.0,0.21999999999999997,0.25,0.19,43.9,44.0,9.0,2.5,1.7,0.7,0.1,2.5,5.6,,,,,1.0
424784,2023-07-01,Marseille,FR1,1,291,7,,291.0,,,,,3.0,,,,,,,,,,,,
351843,2023-07-04,Troyes,FR1,2,5320,63,6.755507518796993,5320.0,0.03,0.039962406015037595,0.015018796992481204,38.19135338345865,14.0,1.0,0.3003759398496241,1.8505639097744362,1.3,3.547932330827068,7.247932330827068,6.150187969924812,,,,,1.050187969924812
288225,2023-07-05,FC Nantes,FR1,2,5792,72,7.130797651933702,5792.0,0.2610635359116022,0.3210635359116022,0.11920234806629834,26.349482044198897,88.0,18.0,2.189364640883978,1.2433529005524862,0.7539882596685084,0.2,2.248670580110497,5.297341160220995,,,,,1.643352900552486
94005,2023-07-06,Marseille,FR1,2,2655,47,7.17,2655.0,0.16,0.17,0.07,44.3,15.0,1.0,0.1,2.1,1.7,1.4,5.4,6.7,,,,,1.7
633992,2023-07-07,FC Lorient,FR1,2,5236,71,7.345811688311688,5236.0,0.12060160427807487,0.09740068754774638,0.1232009167303285,44.34427043544691,117.0,13.0,1.9160045836516426,3.0740068754774637,1.0839954163483574,0.7740068754774637,5.048013750954928,6.974006875477464,,,,,1.2419977081741789
250844,2023-07-10,R. Strasbourg,FR1,2,5378,62,7.089702491632577,5378.0,0.029999999999999995,0.060029750836742286,0.050029750836742284,42.65669393826702,20.0,3.0,0.15014875418371143,1.7498512458162887,2.0997024916325775,3.997024916325772,8.346281145407215,5.048958720714021,,,,,1.400297508367423
229006,2023-07-11,Stade Brestois,FR1,2,5453,67,7.331358885017422,5453.0,0.27935081606455164,0.14866128736475337,0.22198789657069504,22.033467815881167,148.0,24.0,0.8200806895286997,1.5600403447643498,0.5933064368237667,0.5533467815881166,2.8,4.646653218411884,,,,,0.7466532184118834
368887,2023-07-14,Lens,FR1,1,2530,38,7.16,2530.0,0.75,0.65,0.13,10.2,24.0,12.0,0.7,0.4,0.1,0.2,0.7,2.1,,,,,1.5
33829,2023-07-18,Lille,FR1,2,6012,69,6.919820359281437,6012.0,0.029999999999999995,0.04431137724550898,0.02431137724550898,53.73592814371258,14.0,2.0,0.1,0.6862275449101797,1.0706586826347306,3.9706586826347303,6.3982035928143715,5.141317365269461,,,,,0.7293413173652695
787912,2023-07-18,PSG,FR1,2,583,14,,583.0,,,,,1.0,,,,,,,,,,,,
292818,2023-07-18,Lille,FR1,2,5226,65,7.132123995407578,5226.0,0.12005166475315729,0.1953884424033678,0.19601033295063144,32.04196326061997,92.0,15.0,1.1932644469957903,1.1533677765021049,0.7466322234978952,0.35336777650210494,2.2533677765021047,6.360103329506315,,,,,0.773574435514734
127142,2023-07-19,Lille,FR1,2,2378,41,7.0,2378.0,0.04,0.05,0.05,65.2,13.0,3.0,0.3,1.5,0.9,1.2,3.7,6.3,,,,,1.4
656441,2023-07-21,Lens,FR1,2,2651,44,7.22,2651.0,0.15,0.06087891361750283,0.050878913617502824,43.016144850999616,21.0,2.0,0.8,3.3087891361750286,1.860807242549981,1.3648434552998867,6.856054319124859,8.043945680875142,,,,,1.5655601659751037
395083,2023-07-21,Stade Reims,FR1,2,3180,39,6.68,3180.0,,0.04,0.04,27.4,13.0,2.0,0.2,1.3,1.4,3.2,6.6,4.1,,,,,1.5
805908,2023-07-27,Stade Reims,FR1,2,2332,46,6.689210977701544,2332.0,0.09,0.014313893653516296,0.041372212692967404,25.217667238421956,17.0,,1.470583190394511,2.443138936535163,1.4137221269296742,1.3254716981132075,5.654888507718697,6.098027444253859,,,,,0.9588336192109777
340328,2023-07-31,Montpellier,FR1,2,3595,56,6.69918776077886,3595.0,0.29926842837273987,0.3,0.08284561891515996,16.213824756606396,36.0,5.0,1.8146314325452018,1.186175243393602,0.3,0.5073157162726009,2.057719054242003,3.7788595271210013,,,,,1.0788595271210013
711999,2023-08-01,Stade Rennais,FR1,1,1326,26,6.74,1326.0,,0.060000000000000005,0.04,38.4,3.0,1.0,1.0,2.4,1.4,1.1,5.6,4.8,,,,,2.0
282199,2023-08-02,Troyes,FR1,1,3193,38,6.359999999999999,3193.0,,0.03,0.04,34.0,7.0,,0.2,1.2,0.7,4.4,7.200000000000001,5.0,,,,,0.8
315283,2023-08-02,Stade Reims,FR1,1,207,14,,207.0,,,,,,,,,,,,,,,,,
386047,2023-08-04,Monaco,FR1,1,3330,38,7.07,3330.0,0.07999999999999999,0.1,0.05,43.4,9.0,2.0,0.6,0.8,1.5,2.9,6.1,6.4,,,,,0.8
649033,2023-08-05,Stade Reims,FR1,1,1377,29,6.77,1377.0,,0.05999999999999999,0.05,40.9,15.0,2.0,1.0,2.9,1.4,1.1,5.7,8.4,,,,,2.0
318507,2023-08-08,Angers SCO,FR1,1,2430,27,6.12,2430.0,,,0.0,11.7,,,,0.1,0.0,0.8,0.9,7.0,3.0,3.1,57.8,2.3,0.0
379168,2023-08-08,Stade Brestois,FR1,1,1312,21,6.81,1312.0,0.07,0.05000000000000001,0.04,27.5,2.0,,1.2,2.1,1.7999999999999998,1.0,5.4,5.5,,,,,1.5
131978,2023-08-09,Nice,FR1,1,921,27,6.81,921.0,0.39,0.43,0.18,36.4,31.0,3.0,1.2,1.6,0.8,0.5,3.0,5.7,,,,,1.4
157501,2023-08-09,AJ Auxerre,FR1,1,1486,30,6.420000000000001,1486.0,0.36000000000000004,0.44,0.04,11.1,8.0,2.0,0.5,0.7999999999999999,0.09999999999999999,1.2,2.1,2.2,,,,,2.6
468066,2023-08-10,Stade Reims,FR1,1,1530,31,6.82,1530.0,0.18,0.11,0.05,35.5,16.0,1.0,2.3,2.7,1.1,1.3,5.4,5.9,,,,,1.9
618472,2023-08-11,Lyon,FR1,1,2985,34,7.13,2985.0,0.06,0.03,0.02,61.1,3.0,,0.3,1.2,2.3,3.0,7.2,6.3,,,,,1.1
743498,2023-08-12,Troyes,FR1,1,1766,32,6.64,1766.0,0.20000000000000004,0.13,0.07,20.100000000000005,23.0,3.0,1.7,1.0,0.8000000000000002,0.3,2.0,3.7999999999999994,,,,,0.5
395242,2023-08-12,Stade Reims,FR1,1,1996,33,7.0,1996.0,0.18,0.18,0.3,27.2,44.0,9.0,0.5,2.3,1.1,0.5,4.1,7.2,,,,,1.0
341647,2023-08-13,Marseille,FR1,1,2495,37,7.120000000000001,2495.0,0.18,0.3,0.27,25.6,55.0,12.0,1.4,1.3,0.6,0.4,2.5,4.8,,,,,1.0
282250,2023-08-14,Stade Rennais,FR1,2,1214,28,6.64,1214.0,,,0.14,41.6,7.0,2.0,0.4,1.8,1.7,1.7,5.3,5.3,,,,,1.5
387106,2023-08-16,Stade Rennais,FR1,2,1682,33,7.04,1682.0,0.11,0.18,0.24,39.70000000000001,38.0,5.0,1.5,1.8,1.1,0.20000000000000004,3.2000000000000006,7.7,,,,,2.6
82009,2023-08-17,Monaco,FR1,1,636,17,,636.0,,,,,14.0,2.0,,,,,,,,,,,
659542,2023-08-20,Montpellier,FR1,2,4242,61,6.873140028288543,4242.0,0.5952475247524752,0.5107166430928807,0.06596416784535597,10.943941537010843,39.0,12.0,0.9596416784535596,0.3,0.14035832154644037,0.1,0.6,1.7403583215464404,,,,,1.0999999999999999
486049,2023-08-24,Stade Rennais,FR1,2,1396,31,7.2,1396.0,0.41999999999999993,0.19,0.28,29.9,33.0,6.0,6.7,1.8,0.4,0.1,2.2,6.2,,,,,1.1
40433,2023-08-26,Marseille,FR1,1,2697,35,7.16,2697.0,0.47,0.42,0.17,22.4,55.0,13.0,1.4,0.9,0.19999999999999998,0.19999999999999998,1.3,2.8,,,,,1.5
245537,2023-08-28,Angers SCO,FR1,2,4459,56,7.3261426328773265,4459.0,0.14,0.0702780892576811,0.09027808925768109,55.168199147790986,47.0,3.0,1.549697241533976,2.4793227180982287,1.6441354563803545,1.1765418255214173,5.788270912760709,7.505561785153622,,,,,1.2675936308589368
308133,2023-08-28,Toulouse,FR1,1,1068,34,6.22,1068.0,0.17,0.13,0.12,21.1,8.0,2.0,0.5,0.9,0.2,0.4,1.6,2.9,,,,,1.3
973085,2023-08-29,Lille,FR1,2,533,21,,533.0,,0.1,0.03,47.6,2.0,,2.9,2.5,0.2,0.6,3.8,7.3,,,,,2.5
208172,2023-08-29,Clermont Foot,FR1,2,3294,37,6.880000000000001,3294.0,,0.06,0.02,38.3,3.0,1.0,0.3,1.2,1.6,2.7,6.3,5.3,,,,,0.8
344864,2023-08-30,Stade Brestois,FR1,2,3864,53,6.854099378881988,3864.0,,0.02,0.03301242236024845,31.73121118012423,13.0,2.0,0.7951863354037266,2.5650621118012427,1.0698757763975155,1.9650621118012421,5.834937888198758,5.56024844720497,,,,,1.5746894409937888
855015,2023-08-30,Toulouse,FR1,2,2400,38,6.85,2400.0,0.19,0.23,0.17,27.6,32.0,8.0,0.5,1.2,0.7,1.1,3.2,4.2,,,,,1.3
708265,2023-08-31,Lyon,FR1,2,3081,54,7.181947419668939,3081.0,0.26194741966893864,0.24067835118468028,0.2593216488153197,23.95777345017851,58.0,21.0,2.7669587796170076,1.8669587796170075,0.9330412203829925,0.6533917559234015,3.4601752677702042,3.586432976306394,,,,,1.4466082440765986
393239,2023-08-31,Stade Reims,FR1,1,888,28,6.45,888.0,,0.22000000000000003,0.26,19.100000000000005,19.0,5.0,1.3999999999999997,1.8,0.6,0.6999999999999998,3.2999999999999994,5.7,,,,,1.0
212804,2023-08-31,Troyes,FR1,1,1010,15,,1010.0,,,,,17.0,,,,,,,,,,,,
450050,2023-09-01,R. Strasbourg,FR1,2,2696,33,7.45,2696.0,0.07,0.09,0.22000000000000003,33.0,60.0,8.0,2.1,1.7,1.0,0.6,3.4,5.8,,,,,1.3
170544,2023-09-01,Stade Brestois,FR1,1,1059,16,,1059.0,,,,,3.0,,,,,,,,,,,,
203746,2023-09-01,Monaco,FR1,1,1174,20,,1174.0,,0.02,0.09,43.7,3.0,1.0,0.5,1.5,1.4,2.0,4.9,6.1,,,,,1.1
222876,2023-09-02,Stade Reims,FR1,1,999,23,6.43,999.0,,0.19,0.21,25.0,22.0,5.0,1.5,0.8,0.2,0.2,1.2,5.2,,,,,0.6
16911,2023-09-05,Nice,FR1,1,3240,36,6.819999999999999,3240.0,,,0.0,22.2,2.0,1.0,,0.0,0.0,0.4,0.5,6.8,11.0,3.0,75.4,1.0,
202278,2023-09-06,Stade Rennais,FR1,1,1684,30,6.91,1684.0,0.11,0.13,0.14,49.60000000000001,23.0,5.0,1.2,1.6,1.1,0.5,3.3999999999999995,6.799999999999999,,,,,1.3000000000000003
627163,2023-09-06,AC Ajaccio,FR1,1,2507,32,6.43,2507.0,0.21999999999999997,0.26,0.03,14.700000000000001,13.0,1.0,0.4,1.1,0.5,0.7,2.3,2.4,,,,,2.9
395234,2023-09-07,Angers SCO,FR1,1,2870,35,6.68,2870.0,,0.03,0.06,38.5,17.0,1.0,1.2,2.2,0.7,0.8,3.9,6.1,,,,,2.1
306166,2023-09-12,AJ Auxerre,FR1,1,2013,33,6.77,2013.0,0.22,0.22,0.1,11.4,25.0,6.0,2.1,2.0,0.9,0.6,3.5,3.0,,,,,1.7
134277,2023-09-15,AJ Auxerre,FR1,1,1759,22,6.45,1759.0,0.05,0.06,0.0,33.2,1.0,,0.1,1.6,1.4,4.9,8.7,4.2,,,,,1.3
750903,2024-01-19,FC Nantes,FR1,2,910,21,,910.0,,,,,11.0,1.0,,,,,,,,,,,
315145,2024-01-22,Stade Reims,FR1,1,2492,30,7.33,2492.0,,0.02,0.05,49.5,24.0,1.0,0.6,2.4,1.7,1.7,6.2,8.5,,,,,1.6
939964,2024-01-25,Angers SCO,FR1,1,264,10,,264.0,,,,,3.0,,,,,,,,,,,,
557613,2024-01-26,FC Nantes,FR1,1,1801,24,7.09,1801.0,0.05000000000000001,0.04,0.16,34.9,34.0,7.0,1.1,1.5,1.2,1.2,4.2,5.599999999999999,,,,,0.6
374040,2024-01-29,AC Ajaccio,FR1,1,2461,31,6.85,2461.0,,0.09,0.07,30.4,15.0,3.0,1.7,2.0,0.7,1.1,3.9,6.1,,,,,1.1
798404,2024-01-29,Clermont Foot,FR1,1,2462,28,7.26,2462.0,,0.01,0.02,38.8,7.0,2.0,1.1,1.9000000000000001,1.9000000000000001,1.7,6.0,7.3999999999999995,,,,,1.2
127202,2024-02-01,R. Strasbourg,FR1,2,5130,57,6.6,5130.0,,,0.0,15.633333333333333,2.0,2.0,,0.1,0.1,0.9333333333333333,1.0666666666666667,6.633333333333334,9.0,2.7333333333333334,65.1,1.5,
378953,2024-02-01,R. Strasbourg,FR1,2,2672,33,6.64,2672.0,0.06,0.09,0.02,40.4,7.0,,0.6,1.6,0.6,3.3,6.1,6.200000000000001,,,,,2.1
344607,2024-02-02,Le Havre AC,FR1,1,1017,18,6.83,1017.0,0.35,0.21,0.22,18.3,24.0,5.0,1.3,0.3,0.3,0.4,1.0,3.2,,,,,0.9
416108,2024-02-09,OGC Nice,FR1,2,1139,24,,1139.0,,,,,15.0,5.0,,,,,,,,,,,
372712,2024-07-01,R. Strasbourg,FR1,2,2943,53,6.7103058103975535,2943.0,,0.07656472986748217,0.09671763506625891,33.467176350662584,23.0,4.0,0.6,2.6885490995582737,0.8671763506625891,1.4229018008834524,5.390078151546041,7.006863744478424,,,,,2.5770981991165476
342229,2024-07-01,PSG,FR1,2,4980,63,7.927,4980.0,1.0110000000000001,0.8530000000000001,0.26533333333333337,33.666666666666664,96.0,25.0,2.4433333333333334,0.25666666666666665,0.15666666666666668,0.11333333333333333,0.47,1.8299999999999998,,,,,0.6866666666666668
586853,2024-07-01,Marseille,FR1,2,1378,32,6.85,1378.0,0.2899999999999999,0.5,0.23000000000000004,14.5,21.0,5.0,1.7,1.4,0.5,0.8,2.8,3.4,,,,,1.6
842341,2024-07-01,Montpellier,FR1,2,2714,35,6.61,2714.0,,0.030000000000000002,0.02,33.2,6.0,1.0,0.2,1.3,1.9,4.7,8.8,5.3,,,,,1.0
919515,2024-07-01,Stade Rennais,FR1,2,1957,31,6.74,1957.0,,0.03,0.02,44.8,7.0,,0.3,2.0,0.8,2.6,6.0,4.3,,,,,0.7
569376,2024-07-01,Toulouse,FR1,2,357,17,,357.0,,,,,4.0,,,,,,,,,,,,
646733,2024-07-01,Clermont Foot,FR1,2,4115,65,6.69,4115.0,0.06726609963547996,0.10908869987849332,0.08636695018226002,24.836208991494534,38.0,8.0,1.3545565006075335,1.5091130012150669,0.8182260024301337,1.0272174969623329,3.490886998784933,5.509234507897935,,,,,0.8091130012150668
650350,2024-07-01,Montpellier,FR1,2,1675,48,6.67,1675.0,,0.1061134328358209,0.06549253731343284,27.73629850746269,15.0,2.0,0.8290149253731344,3.8549253731343285,1.1580298507462687,0.861134328358209,6.1191641791044775,7.467880597014926,,,,,3.00310447761194
623570,2024-07-03,Marseille,FR1,1,1625,30,6.78,1625.0,0.17,0.25,0.16,25.5,22.0,4.0,2.4,1.2,0.3,0.3,1.9,5.9,,,,,1.2
485963,2024-07-05,Marseille,FR1,2,1250,29,,1250.0,,,,,8.0,2.0,,,,,,,,,,,
199704,2024-07-05,Stade Reims,FR1,2,6112,68,7.1525523560209425,6112.0,0.07551701570680629,0.08275850785340313,0.02,47.10274869109948,20.0,1.0,0.46344895287958116,2.154482984293194,1.5179319371727749,3.282068062827225,7.791034031413613,6.053108638743455,,,,,1.0724149214659686
238639,2024-07-05,Stade Brestois,FR1,2,3432,55,6.8126398601398614,3432.0,0.3148426573426573,0.4261013986013986,0.07,13.80944055944056,34.0,2.0,0.5515734265734266,0.5452797202797203,0.14842657342657345,0.9968531468531469,1.938986013986014,2.4421328671328677,,,,,2.1031468531468533
463618,2024-07-10,Nice,FR1,2,4670,62,7.151687366167025,4670.0,0.05641970021413276,0.12905353319057816,0.14,40.76214132762313,67.0,16.0,1.5547323340471093,1.8,1.073661670235546,1.326338329764454,4.6,5.281070663811563,,,,,1.2358029978586724
633992,2024-07-10,Stade Rennais,FR1,2,4569,60,7.399054497701904,4569.0,0.15,0.08317574961698401,0.143353031297877,50.13825782446925,95.0,11.0,1.89940906106369,3.09940906106369,1.0335303129787698,0.9000000000000001,5.26646968702123,7.234121251915079,,,,,1.2670606259575399
694509,2024-07-18,Toulouse,FR1,2,2615,45,6.750152963671128,2615.0,0.05999999999999999,0.020676864244741872,0.05067686424474187,33.20523900573614,17.0,5.0,0.4864627151051625,1.8203059273422564,1.3466156787762904,2.1736902485659657,6.193996175908222,4.566156787762906,,,,,1.4
729814,2024-07-18,FC Metz,FR1,1,1753,20,7.38,1753.0,0.67,0.49,0.05,14.8,21.0,4.0,2.2,0.2,0.4,0.1,0.7,3.5,,,,,0.7
923831,2024-07-18,Lille,FR1,2,3440,45,6.96,3440.0,0.07,0.049999999999999996,0.01,58.199999999999996,3.0,,0.3,1.2,1.2,3.3000000000000003,6.2,4.2,,,,,0.7
442891,2024-07-18,Stade Rennais,FR1,2,2860,40,7.03,2860.0,0.41,0.31,0.14,23.1,42.0,9.0,0.9,0.8,0.5,0.8,2.4,3.1,,,,,0.8
538964,2024-07-23,Toulouse,FR1,2,4878,69,6.956629766297663,4878.0,0.48063140631406315,0.4470520705207053,0.055157851578515785,13.58630586305863,40.0,7.0,0.5547355473554736,0.6610496104961049,0.10000000000000002,1.0578925789257894,1.9189421894218943,2.012628126281263,,,,,1.2999999999999998
175639,2024-07-25,Marseille,FR1,2,4671,61,7.371136801541426,4671.0,0.09658959537572256,0.10454720616570329,0.2411368015414258,34.40886319845857,95.0,19.0,0.9670520231213874,1.7772639691714838,1.3215799614643546,1.4772639691714837,4.676107899807321,5.845472061657033,,,,,0.7227360308285165
711980,2024-07-26,Stade Rennais,FR1,2,1238,26,6.9399999999999995,1238.0,,0.04,0.11000000000000001,30.1,17.0,1.0,1.5,2.1,1.1,4.7,7.9,5.7,,,,,2.1
918969,2024-07-30,FC Metz,FR1,1,2263,31,7.07,2263.0,0.04,0.09,0.11,27.0,41.0,5.0,0.9,2.5,1.1,1.4,5.0,7.2,,,,,1.8
711544,2024-07-30,Lyon,FR1,1,2370,27,6.88,2370.0,0.15,0.14,0.01,47.9,5.0,2.0,0.3,0.8,0.5,3.6,5.6,4.8,,,,,0.6
410225,2024-08-01,Marseille,FR1,1,1448,23,6.88,1448.0,0.19,0.2,0.14,22.1,20.0,4.0,0.9,0.9,0.8,0.6,2.6,4.2,,,,,1.0
215114,2024-08-03,Stade Reims,FR1,1,1837,27,6.63,1837.0,,0.01,0.07,33.7,11.0,2.0,0.3,1.6,1.2,1.6,4.9,4.8,,,,,1.3
1005240,2024-08-11,Toulouse,FR1,2,2618,39,6.876932773109244,2618.0,0.16,0.03413292589763178,0.018533231474407944,44.41871657754011,4.0,,1.1546600458365164,2.201336898395722,1.6853323147440793,2.870664629488159,7.313330786860198,5.010656990068755,,,,,1.0573338426279604
893675,2024-08-12,Stade Reims,FR1,1,1349,28,6.700000000000001,1349.0,0.2,0.12,0.09,35.2,12.0,2.0,0.5,2.2,1.0,1.9,5.5,5.7,,,,,2.0
659542,2024-08-13,Lens,FR1,2,2287,41,6.73,2287.0,0.47,0.63,0.06,11.6,23.0,5.0,0.9,0.3,0.2,0.1,0.6,1.8,,,,,1.1
569598,2024-08-17,Monaco,FR1,1,2701,32,7.57,2701.0,0.13,0.17,0.16,48.1,40.0,7.0,1.3,2.0,1.2,1.0,4.5,7.7,,,,,1.2
914562,2024-08-17,Stade Rennais,FR1,2,3359,62,7.171652277463531,3359.0,0.2664602560285799,0.20227150937779104,0.2512980053587377,38.59824352485859,86.0,21.0,3.2418874665078894,2.161357546888955,0.7483774933015779,0.39999999999999997,3.2581125334921106,5.041887466507888,,,,,1.6935099732063115
484988,2024-08-22,Toulouse,FR1,2,2738,32,7.02,2738.0,0.03,0.05,0.02,50.0,7.0,2.0,0.2,1.4,0.8,4.0,7.0,5.4,,,,,1.3
353403,2024-08-22,FC Nantes,FR1,1,1099,26,6.61,1099.0,0.08,0.15,0.09,34.1,11.0,,0.4,3.1,0.9,1.0,5.2,6.1,,,,,1.7
422281,2024-08-24,Clermont Foot,FR1,1,2561,33,7.15,2561.0,0.28,0.33,0.14,35.8,49.0,3.0,1.2,0.9,0.3,0.2,1.4,5.1,,,,,0.8
354352,2024-08-27,R. Strasbourg,FR1,1,2493,32,7.109999999999999,2493.0,0.07,0.04,0.05,35.6,23.0,1.0,0.7,3.1,2.6,3.2,9.3,4.9,,,,,1.3
249730,2024-08-29,Monaco,FR1,1,1768,23,6.83,1768.0,0.05,0.03,0.01,47.3,4.0,1.0,0.1,1.1,1.5,5.3,8.6,4.1,,,,,1.1
384593,2024-08-30,Nice,FR1,1,496,18,,496.0,,0.14,0.11,34.8,7.0,,2.9,2.2,0.9,0.9,4.2,4.9,,,,,2.9
325223,2024-08-30,Lyon,FR1,2,1721,49,6.54,1721.0,0.2067925624636839,0.3409645554909936,0.13155142359093552,14.052411388727485,29.0,5.0,1.5208599651365486,1.1631028471818712,0.5,0.747588611272516,2.479140034863452,3.341719930273097,,,,,1.4368971528181291
170929,2024-08-30,Lens,FR1,2,2414,40,6.76,2414.0,,0.02,0.05,32.20115990057995,9.0,2.0,0.8,1.3086578293289146,1.3695526097763049,3.330447390223695,6.239105219552609,3.234921292460646,,,,,1.1608947804473904
476701,2024-08-30,PSG,FR1,1,1934,25,7.52,1934.0,,0.03,0.05,56.4,14.0,1.0,1.0,4.6,1.9,1.1,7.8,8.4,,,,,2.1
313094,2024-09-02,Nice,FR1,2,1841,30,6.74,1841.0,0.05,0.04,0.06,34.9,12.0,1.0,0.9,1.8,0.8,0.9,4.0,3.6,,,,,0.6
344151,2024-09-02,Clermont Foot,FR1,1,921,27,,921.0,0.1,0.2,0.15,24.8,12.0,3.0,1.6,2.1,0.8,0.1,3.0,5.3,,,,,0.7
164771,2024-09-04,Marseille,FR1,1,2183,29,7.14,2183.0,0.04,0.12,0.19,42.0,48.0,10.0,0.4,1.6,0.5,0.9,3.2,6.2,,,,,0.9
37838,2024-09-16,Lyon,FR1,1,721,10,,721.0,,,,,1.0,,,,,,,,,,,,
60561,2025-01-01,Lyon,FR1,1,2790,31,6.960000000000001,2790.0,,,0.01,20.0,1.0,1.0,,,,0.8,0.8,8.5,9.0,3.6,69.4,1.6,0.0
1018259,2025-01-02,Lyon,FR1,2,659,16,,659.0,,,,,1.0,,,,,,,,,,,,
923838,2025-01-07,Le Havre AC,FR1,2,498,20,,498.0,,,,,3.0,1.0,,,,,,,,,,,
191056,2025-01-08,Lens,FR1,1,2970,33,6.88,2970.0,,,0.01,22.4,2.0,,,0.0,,0.5,0.5,7.7,14.0,3.2,74.8,1.1,0.0
683895,2025-01-09,Stade Reims,FR1,2,3857,46,7.239999999999999,3857.0,0.03,0.08,0.06,53.800000000000004,20.0,3.0,0.5,2.3,1.9000000000000001,3.8000000000000003,8.9,7.5,,,,,1.1
395237,2025-01-12,Lyon,FR1,2,3596,43,7.4,3596.0,0.03,0.07,0.21,48.6,67.0,10.0,1.5,2.7,1.4,0.7,5.1,7.0,,,,,1.0
469976,2025-01-13,Le Havre AC,FR1,2,3616,41,7.260000000000001,3616.0,0.11,0.05,0.18,32.4,70.0,9.0,1.1,2.0,1.3,1.9000000000000001,5.4,5.5,,,,,0.7
763079,2025-01-20,Lens,FR1,2,1786,24,,1786.0,,,,,3.0,1.0,,,,,,,,,,,
659542,2025-01-24,Marseille,FR1,2,2287,41,6.73,2287.0,0.47,0.63,0.06,11.6,23.0,5.0,0.9,0.3,0.2,0.1,0.6,1.8,,,,,1.1
607034,2025-01-27,Montpellier,FR1,2,3343,47,6.75,3343.0,0.32,0.5,0.060000000000000005,9.8,29.0,5.0,0.6,0.5,0.2,0.4,1.2,2.2,,,,,1.6
324811,2025-01-28,Montpellier,FR1,2,2422,36,7.17,2422.0,0.36,0.26,0.1,21.3,36.0,5.0,2.4,0.9,0.1,0.6,1.7,4.0,,,,,1.0
418659,2025-01-31,Stade Rennais,FR1,1,2074,31,7.01,2074.0,0.3,0.32,0.1,27.0,21.0,3.0,2.0,0.9,0.6,0.4,1.9,3.3,,,,,1.2
368891,2025-02-02,Stade Rennais,FR1,1,2300,28,7.05,2300.0,0.08,0.07,0.05,55.6,6.0,2.0,0.3,1.2,1.2,3.5,6.8,5.2,,,,,0.6
414908,2025-02-03,Stade Reims,FR1,2,3872,46,7.05375,3872.0,0.1875,0.24375000000000002,0.09000000000000001,14.7125,31.0,3.0,0.35625,2.2375000000000003,0.7312500000000001,1.4875,4.7124999999999995,4.1937500000000005,,,,,1.7249999999999999
551505,2025-02-03,Montpellier,FR1,1,1941,27,6.96,1941.0,0.23,0.17,0.09,18.0,20.0,7.0,2.0,0.9,0.2,0.2,1.4,4.7,,,,,0.5
955357,2025-02-03,FC Lorient,FR1,1,1077,30,6.53,1077.0,0.42,0.32,0.1,17.4,11.0,3.0,1.0,0.6,0.8,0.4,1.8,2.9,,,,,1.3
667965,2025-02-04,Le Havre AC,FR1,2,2026,28,,2026.0,,,,,15.0,2.0,,,,,,,,,,,
691316,2025-06-07,Marseille,FR1,2,3401,48,7.420000000000001,3401.0,0.24,0.14,0.17,36.6,63.0,10.0,1.8,0.5,0.3,1.0,2.0,4.0,,,,,0.3
607223,2025-06-10,Lyon,FR1,2,3763,63,7.2581690140845065,3763.0,0.21311453627424926,0.2428142439542918,0.4150544778102577,43.49425989901675,117.0,27.0,3.0581982460802553,1.0650279032686685,0.3456284879085835,0.15437151209141645,1.5650279032686685,4.33879883072017,,,,,0.6087430241828328
113707,2025-07-01,Lille,FR1,2,2478,53,7.078531073446327,2478.0,0.107772397094431,0.332227602905569,0.244455205811138,46.93510895883777,58.0,12.0,1.4630347054075867,3.3815173527037934,0.4630347054075868,0.3,4.144552058111381,5.4222760290556895,,,,,1.1630347054075867
149928,2025-07-01,AJ Auxerre,FR1,1,2643,30,7.06,2643.0,0.2,0.18,0.029999999999999995,31.300000000000004,6.0,2.0,0.1,2.0,0.9000000000000001,6.700000000000001,10.9,3.1000000000000005,,,,,0.9000000000000001
263236,2025-07-01,Lens,FR1,2,3735,42,7.22,3735.0,0.029999999999999995,0.05999999999999999,0.02,50.9,14.0,1.0,0.4,0.8,0.8,3.9,6.5,7.3,,,,,0.8
242273,2025-07-01,FC Nantes,FR1,2,4962,62,6.87,4962.0,0.03,0.035719467956469166,0.09047964530431278,50.819185812172506,38.0,4.0,0.1523982265215639,1.7,0.9095929060862556,1.233212414349053,3.995203546956872,5.081176944780331,,,,,0.9476017734784361
274862,2025-07-01,FC Nantes,FR1,2,4414,54,7.110013593112822,4414.0,0.2212550974173086,0.2040620752152243,0.2324966017217943,14.659379247847758,85.0,19.0,2.2812415043044862,0.5781377435432713,0.3187584956955143,0.3187584956955143,1.2156547349342999,3.4906887177163566,,,,,0.5218622564567286
711969,2025-07-01,Stade Rennais,FR1,2,3374,46,6.89,3374.0,0.11,0.08,0.14,31.400000000000002,49.0,7.0,1.1,1.9000000000000001,1.0,2.2,5.1,4.2,,,,,2.0
654539,2025-07-01,Stade Rennais,FR1,2,4900,63,6.9530918367346946,4900.0,0.056867346938775515,0.07562244897959183,0.10811224489795919,34.76908163265306,58.0,8.0,0.7188775510204082,1.8248979591836734,0.8562244897959184,1.6562244897959184,4.581122448979592,4.675102040816326,,,,,0.8875510204081632
424072,2025-07-01,Stade Brestois,FR1,2,2753,59,6.853977479113694,2753.0,0.16156556483835816,0.22437704322557211,0.16421721758082095,17.34616781692699,36.0,12.0,0.6,1.8851434798401745,0.9710860879041048,0.8710860879041046,3.970286959680349,3.798401743552488,,,,,1.5710860879041046
763182,2025-07-01,Le Havre AC,FR1,2,4035,57,6.879330855018587,4035.0,0.18,0.1197992565055762,0.11510037174721191,19.217397769516733,57.0,12.0,1.0,1.5489962825278807,0.45100371747211887,1.1489962825278812,3.149665427509294,4.203345724907063,,,,,1.1993308550185877
955281,2025-07-01,Stade Reims,FR1,1,1149,26,6.46,1149.0,,0.01,0.04,34.3,5.0,1.0,0.8,1.3,0.6,1.5,3.7,5.0,,,,,0.7
904662,2025-07-01,Saint-Étienne,FR1,1,1042,24,6.59,1042.0,,0.13,0.11,37.4,16.0,2.0,1.0,4.2,0.9,1.3,6.7,5.4,,,,,2.1
876631,2025-07-01,R. Strasbourg,FR1,2,4667,61,6.935819584315405,4667.0,0.13514463252624814,0.13,0.11543389757874438,29.25819584315406,48.0,11.0,0.8961431326333834,0.9980715663166917,0.5990357831583458,1.055303192629098,2.85337475894579,3.8951789157917296,,,,,1.2971073494750376
830890,2025-07-01,R. Strasbourg,FR1,2,2360,42,6.98,2360.0,0.04,0.05,0.08,29.4,23.0,3.0,1.1,3.0,1.7,2.6,7.9,3.5,,,,,1.5
448632,2025-07-03,Stade Reims,FR1,2,6120,68,6.955000000000001,6120.0,,0.0,0.0,22.65,,,0.1,0.1,0.0,0.95,1.0,8.85,15.0,3.35,70.2,1.4,
170929,2025-07-03,Stade Brestois,FR1,2,2414,40,6.76,2414.0,,0.02,0.05,32.20115990057995,9.0,2.0,0.8,1.3086578293289146,1.3695526097763049,3.330447390223695,6.239105219552609,3.234921292460646,,,,,1.1608947804473904
533738,2025-07-04,Lille,FR1,2,5195,66,7.325532242540905,5195.0,0.6056843118383061,0.585228103946102,0.09477189605389799,18.989355149181904,68.0,16.0,0.5984793070259865,0.8507603464870068,0.25076034648700674,0.2477189605389798,1.3984793070259867,2.5538017324350335,,,,,0.9507603464870069
392770,2025-07-04,Lille,FR1,2,3315,45,7.180000000000001,3315.0,,0.07,0.21,54.10000000000001,62.0,19.0,0.8,0.9000000000000001,0.6,0.9000000000000001,2.7,4.4,,,,,1.1
362108,2025-07-08,Lille,FR1,2,3050,55,6.776124590163935,3050.0,0.08756721311475411,0.05657704918032787,0.10828852459016394,32.355737704918035,29.0,2.0,0.8342295081967214,1.717114754098361,0.9828852459016394,1.8342295081967213,4.751344262295082,4.3657704918032785,,,,,1.5
412829,2025-07-11,Saint-Étienne,FR1,1,2610,31,6.7,2610.0,,0.02,0.05,32.6,16.0,3.0,0.2,2.3,1.4,3.4,8.1,4.0,,,,,0.8
385105,2025-07-12,Toulouse,FR1,2,4523,61,7.094333407030732,4523.0,,0.03,0.17388901171788637,35.90110546097723,83.0,13.0,1.156665929692682,2.5,1.2388901171788635,1.2388901171788635,5.130002210921955,5.304443953128454,,,,,1.091112093743091
393621,2025-07-12,FC Nantes,FR1,2,4095,53,7.032637362637363,4095.0,0.16,0.09957264957264957,0.06304029304029303,41.977655677655676,32.0,4.0,0.32612942612942614,3.0477411477411476,1.2434676434676435,1.5695970695970696,6.36080586080586,5.212820512820513,,,,,1.9477411477411477
220878,2025-07-15,Montpellier,FR1,2,2591,38,7.04,2591.0,0.06875337707448861,0.11626013122346585,0.05999999999999999,26.438209185642613,23.0,2.0,0.6437668853724431,1.8750675414897724,1.1373986877653415,2.668699343882671,6.093631802392899,4.9434967194133534,,,,,1.168699343882671
124884,2025-07-15,Stade Brestois,FR1,2,5758,64,6.865001736714137,5758.0,,,0.0,20.899722125738105,3.0,,,0.1,,1.1500521014241056,1.200069468565474,7.500173671413686,23.0,2.6998957971517887,66.29739492879473,1.4001042028482111,0.0
901019,2025-07-20,Lens,FR1,2,3153,49,7.140602600697748,3153.0,0.25617507136060896,0.20515065017443707,0.09527117031398669,38.885854741516006,38.0,5.0,0.5981921979067555,2.1503013003488745,1.7496986996511257,1.3515065017443706,5.7515065017443705,5.249096098953379,,,,,1.5521091024421183
332889,2025-07-21,Marseille,FR1,2,2417,35,7.14,2417.0,0.16999999999999998,0.060000000000000005,0.08,72.3,20.0,3.0,0.6,2.8999999999999995,1.9,1.5,6.799999999999999,4.9,,,,,2.1
384060,2025-07-22,FC Nantes,FR1,2,1583,37,6.4,1583.0,0.08,0.22,0.09,19.8,26.0,3.0,1.0,0.8,1.3,1.3,3.5,5.5,,,,,1.6
557613,2025-07-22,Marseille,FR1,2,3589,53,6.917665087768181,3589.0,0.06,0.07561994984675396,0.14,40.19629423237671,55.0,9.0,0.4219002507662301,1.5883254388409027,0.9664251880746727,1.0883254388409027,3.776650877681806,4.898551128448036,,,,,0.7664251880746725
353404,2025-07-23,AJ Auxerre,FR1,1,2704,34,7.29,2704.0,0.33,0.20000000000000004,0.16,22.3,73.0,19.0,2.0,1.6000000000000003,0.4000000000000001,0.10000000000000002,2.2,4.1,,,,,0.8000000000000002
352041,2025-07-26,Lyon,FR1,1,2970,33,7.11,2970.0,,,0.0,19.1,1.0,,,0.0,,1.1,1.2,7.7,10.0,3.5,72.5,1.3,0.0
393238,2025-07-29,Toulouse,FR1,2,2664,39,6.81,2664.0,0.33,0.49,0.09,10.0,17.0,2.0,0.8,1.0,0.3,0.4,1.7,2.9,,,,,1.7
565406,2025-08-07,Stade Rennais,FR1,1,295,10,,295.0,,,,,15.0,3.0,,,,,,,,,,,
500689,2025-08-08,Nice,FR1,1,2572,33,7.31,2572.0,0.42,0.32,0.19,14.5,32.0,12.0,1.7,1.5,0.5,0.5,2.7,3.4,,,,,1.5999999999999999
463600,2025-08-09,Lille,FR1,2,4590,51,7.1,4590.0,,,0.006666666666666667,21.0,3.0,2.0,,0.1,,0.5666666666666667,0.5666666666666667,7.2,20.0,2.5,72.36666666666666,1.0,
348791,2025-08-09,Stade Reims,FR1,1,2700,33,7.12,2700.0,0.13,0.16,0.3,24.3,83.0,12.0,1.6,1.5,0.4,0.4,2.5,4.5,,,,,0.5
211637,2025-08-12,Montpellier,FR1,1,728,11,,728.0,,,,,1.0,1.0,,,,,,,,,,,
324795,2025-08-13,Stade Brestois,FR1,2,5329,66,7.134991555638956,5329.0,0.13505911052730343,0.1200168887220867,0.08500844436104335,34.4487333458435,49.0,6.0,0.900168887220867,2.2502533308313,1.1,1.1495777819478326,4.7497466691687,3.2001688872208662,,,,,1.3500844436104336
463605,2025-08-13,Lille,FR1,1,2767,31,7.13,2767.0,0.13,0.08,0.029999999999999995,67.7,3.0,,0.3,1.0,0.9,3.1,5.6,4.5,,,,,1.4
1054839,2025-08-18,Stade Reims,FR1,1,840,28,6.62,840.0,0.21000000000000002,0.11,0.06,20.3,13.0,1.0,2.7,1.3,0.4,0.2,2.0,4.1,,,,,0.5
585959,2025-08-18,Stade Rennais,FR1,1,2589,33,6.849999999999999,2589.0,0.59,0.52,0.07,16.5,19.0,5.0,0.7,0.7,0.10000000000000002,0.6,1.4,2.2,,,,,1.0
711976,2025-08-22,Lens,FR1,2,2323,35,6.85,2323.0,0.04,0.12,0.13,34.1,33.0,3.0,1.7,1.5,0.6,0.6,2.8,6.2,,,,,1.7
624037,2025-08-23,Montpellier,FR1,2,4648,59,6.691314543889845,4648.0,0.055974612736660934,0.048050774526678136,0.04402538726333907,31.76355421686747,18.0,,0.22076161790017215,2.0597461273666093,1.2584767641996557,2.738984509466437,6.597461273666093,4.280507745266782,,,,,0.8597461273666094
672381,2025-08-24,Marseille,FR1,2,857,29,6.69,857.0,0.34,0.39,0.25,25.3,18.0,8.0,2.3,1.7,0.2,0.5,2.5,2.4,,,,,1.6
128969,2025-08-26,Lens,FR1,1,1260,14,,1260.0,,,,,,,,,,,,,6.0,,,,
74683,2025-08-26,Lyon,FR1,1,2024,29,6.91,2024.0,,0.0,0.09,54.4,17.0,2.0,0.4,1.9,0.8,1.3,4.4,5.6,,,,,0.6
648779,2025-08-28,Monaco,FR1,1,2093,27,7.25,2093.0,0.04,0.08,0.07,52.4,7.0,3.0,0.3,1.6,1.8,4.6,8.4,5.9,,,,,1.5
461607,2025-08-28,Angers SCO,FR1,2,4332,62,7.031763619575254,4332.0,0.6247460757156047,0.4334579870729455,0.058813481071098794,13.287119113573407,30.0,4.0,0.3,0.3505078485687904,0.1376269621421976,0.6,1.1257617728531857,2.1257617728531852,,,,,0.8376269621421976
377393,2025-08-28,Stade Brestois,FR1,2,3494,44,7.1412535775615344,3494.0,0.08061247853463079,0.06437321121923298,0.10749284487693189,44.59129937034917,38.0,8.0,0.5874642243846594,2.9125357756153405,0.9250715512306813,1.5125357756153406,5.6064109902690324,6.499713795077275,,,,,1.6186605609616485
370791,2025-08-28,Nice,FR1,2,1801,30,6.870000000000001,1801.0,0.15,0.19,0.04000000000000001,32.5,17.0,,0.5,1.5,1.6,2.1,5.8,3.0,,,,,1.2
745181,2025-08-29,Monaco,FR1,1,1020,21,,1020.0,,0.04,0.06,47.5,7.0,2.0,1.3,4.1,1.9,1.6,7.9,7.9,,,,,2.5
810895,2025-08-31,Monaco,FR1,2,1793,35,7.02,1793.0,0.31,0.29,0.23,37.7,33.0,9.0,1.8,1.6,0.7,0.1,2.3,4.4,,,,,1.3
707242,2025-08-31,Nice,FR1,2,1187,28,6.79,1187.0,0.25,0.22,0.18,26.2,21.0,6.0,1.2,0.9,0.9,0.2,2.2,3.6,,,,,1.1
182913,2025-09-01,Marseille,FR1,2,2573,30,7.52,2573.0,0.33,0.26,0.14,46.9,32.0,7.0,0.9000000000000001,1.8000000000000003,0.8,1.1,3.7,4.5,,,,,1.9
496857,2025-09-01,Lille,FR1,1,985,12,,985.0,,,,,16.0,5.0,,,,,,,,,,,
540664,2025-09-01,R. Strasbourg,FR1,2,2614,33,7.379999999999999,2614.0,0.22,0.16,0.21,26.799999999999997,50.0,14.0,1.7999999999999998,0.8999999999999999,0.5,0.8999999999999999,2.4,3.2999999999999994,,,,,1.0
729814,2025-09-01,Lyon,FR1,2,1611,36,6.85,1611.0,0.69,0.64,0.23,20.3,21.0,9.0,1.1,0.4,0.3,0.4,1.1,2.8,,,,,0.4
1006411,2025-09-01,Toulouse,FR1,2,1285,20,,1285.0,,0.02,0.03,37.2,4.0,1.0,0.6,1.9,0.9,4.2,7.2,4.1,,,,,1.5
237662,2025-09-01,Monaco,FR1,1,1844,29,6.8,1844.0,0.29,0.52,0.18000000000000002,14.6,32.0,9.0,0.7,1.1,0.1,0.5,1.7,2.8,,,,,1.3
296622,2025-09-01,PSG,FR1,1,620,12,,620.0,,,,,16.0,7.0,,,,,,,,,,,
315858,2025-09-01,PSG,FR1,1,2092,24,6.8,2092.0,,,0.0,19.9,,,,0.0,,0.8,0.9,6.6,4.0,2.2,67.1,1.1,
618425,2025-09-02,Montpellier,FR1,1,1459,25,6.54,1459.0,0.18999999999999997,0.26,0.06,18.1,18.0,1.0,1.9,2.2,0.7,0.1,3.2,4.6,,,,,2.8
418651,2025-09-02,Angers SCO,FR1,1,2970,33,7.27,2970.0,,,0.0,15.8,1.0,,0.1,,0.0,0.9,1.0,9.7,7.0,4.1,72.7,1.5,
783094,2025-09-04,Saint-Étienne,FR1,1,1774,25,6.89,1774.0,0.05,0.03,0.07,46.2,16.0,1.0,1.5,1.7,0.9,0.7,3.3,6.2,,,,,0.8
572326,2025-09-05,Stade Rennais,FR1,2,1522,22,6.620000000000001,1522.0,,0.09,0.02,46.2,2.0,,0.4,2.2,1.4,3.7,7.8,3.3,,,,,2.0
332560,2025-12-08,Lens,FR1,1,1805,27,6.86,1805.0,0.05,0.12,0.14,31.4,20.0,5.0,1.1,1.8,0.8,1.5,4.3,4.4,,,,,1.4
951579,2026-01-01,Lyon,FR1,2,1021,15,,1021.0,,,,,5.0,,,,,,,,,,,,
227039,2026-01-06,Le Havre AC,FR1,1,321,12,,321.0,,,,,3.0,1.0,,,,,,,,,,,
1131161,2026-01-14,Marseille,FR1,2,447,16,,447.0,,,,,6.0,2.0,,,,,,,,,,,
1314671,2026-02-02,Nice,FR1,2,146,7,,146.0,,,,,,,,,,,,,,,,,
1241211,2026-02-02,AJ Auxerre,FR1,1,62,5,,62.0,,,,,,,,,,,,,,,,,
354482,2026-02-06,Marseille,FR1,2,3424,46,7.19,3424.0,0.04,0.06,0.10999999999999999,56.3,35.0,7.0,0.5,1.8,0.7,2.4,5.2,5.1,,,,,1.1
40423,2016-08-25,Barcelona,ES1,1,90,1,,90.0,,,,,,,,,,,,,,,,,
73185,2016-08-30,Dep. La Coruña,ES1,1,90,1,,90.0,,,,,3.0,1.0,,,,,,,,,,,
88590,2016-08-30,Valencia CF,ES1,1,45,1,,45.0,,,,,,,,,,,,,,,,,
16135,2017-01-01,Deportivo de La Coruña,ES1,1,559,11,,559.0,,,,,3.0,1.0,,,,,,,,,,,
8060,2017-01-11,CD Leganés,ES1,1,594,8,,594.0,,,,,2.0,,,,,,,,,,,,
126516,2017-07-01,SD Eibar,ES1,1,2117,26,6.94,2117.0,0.04,,,29.8,24.0,4.0,1.1,1.9,2.8,1.9,7.0,6.5,,,,,0.8
137648,2017-07-01,Granada CF,ES1,1,1473,17,,1473.0,,,,,3.0,,,,,,,,,,,,
197126,2017-07-01,CA Osasuna,ES1,1,1466,28,6.24,1466.0,0.43,,,21.8,12.0,,0.3,0.7000000000000001,0.19999999999999998,1.1,2.2,4.1,,,,,0.9
225020,2017-07-01,Real Madrid,ES1,1,115,8,,115.0,,,,,5.0,,,,,,,,,,,,
45653,2017-07-01,Villarreal CF,ES1,1,2067,23,6.7,2067.0,,,,30.3,4.0,,0.0,2.0,1.6,4.3,8.8,3.9,,,,,1.0
44073,2017-07-01,SD Eibar,ES1,1,1537,28,6.419999999999999,1537.0,0.41,,,23.1,13.0,,0.3,1.3,0.5,0.6,2.5,5.5,,,,,2.0
7874,2017-07-01,Athletic Bilbao,ES1,1,1404,16,,1404.0,,,,,,,,,,,,,2.0,,,,
171068,2017-07-01,UD Las Palmas,ES1,1,1225,15,,1225.0,,,,,9.0,,,,,,,,,,,,
139434,2017-07-01,Deportivo Alavés,ES1,1,1268,18,,1268.0,,,,,10.0,,,,,,,,,,,,
145769,2017-07-01,CA Osasuna,ES1,1,2402,33,6.21,2402.0,0.37,,,7.8,7.0,1.0,1.0,0.1,0.1,0.0,0.3,1.8,,,,,0.8
163086,2017-07-01,Real Betis Balompié,ES1,1,1742,23,6.54,1742.0,0.1,,,23.1,17.0,3.0,1.9,2.0,1.0,1.8,4.9,4.4,,,,,1.9
199369,2017-07-03,Málaga CF,ES1,1,2315,30,7.08,2315.0,0.54,,,19.2,32.0,5.0,1.0,0.6,0.5,0.1,1.2,3.7,,,,,0.8
154059,2017-07-04,Málaga CF,ES1,1,1137,21,6.33,1137.0,0.24,,,15.0,8.0,1.0,0.1,0.4,0.3,1.0,2.0,2.5,,,,,1.4
14132,2017-07-04,Real Madrid,ES1,1,1081,13,,1081.0,,,,,5.0,1.0,,,,,,,,,,,
127108,2017-07-04,SD Eibar,ES1,1,2971,34,6.98,2971.0,0.03,,,32.0,7.0,1.0,0.4,1.3,2.2,5.5,9.7,5.3,,,,,0.5
58330,2017-07-04,CD Leganés,ES1,1,1811,23,6.669999999999999,1811.0,0.05000000000000001,,,25.600000000000005,11.0,1.0,0.6,2.9,2.7000000000000006,1.8999999999999997,7.8,5.3,,,,,2.1
188838,2017-07-05,Real Betis Balompié,ES1,1,1330,16,,1330.0,,,,,3.0,1.0,,,,,,,,,,,
27493,2017-07-05,Sporting Gijón,ES1,1,3240,36,6.31,3240.0,,,,14.1,1.0,,,,0.1,1.2,1.3,10.2,7.0,3.5,64.8,1.9,
7914,2017-07-05,Málaga CF,ES1,1,3150,35,6.19,3150.0,,,,12.9,1.0,,0.1,0.1,0.1,0.5,0.7,8.5,8.0,2.6,65.5,1.4,
202984,2017-07-06,UD Las Palmas,ES1,1,3037,35,6.56,3037.0,0.03,,,67.2,19.0,4.0,1.1,1.5,1.1,0.39999999999999997,3.1999999999999997,8.8,,,,,1.7
65467,2017-07-06,Sevilla FC,ES1,1,1471,31,6.820000000000001,1471.0,0.43,,,48.0,16.0,5.0,0.6,1.5,2.0,2.6,6.8999999999999995,6.1000000000000005,,,,,2.4
61812,2017-07-07,Real Sociedad,ES1,1,3090,35,7.03,3090.0,0.08999999999999998,,,39.9,23.0,,1.0,2.2,1.8,2.0,6.3,6.7,,,,,1.2
44065,2017-07-07,Real Sociedad,ES1,1,693,19,,693.0,,,,46.0,14.0,1.0,1.5999999999999999,2.6,2.5,1.2,6.5,7.3999999999999995,,,,,2.6
5404,2017-07-07,FC Barcelona,ES1,1,1039,13,,1039.0,,,,,2.0,,,,,,,,,,,,
58874,2017-07-08,Málaga CF,ES1,1,3146,35,7.08,3146.0,0.11,,,40.7,14.0,1.0,0.2,3.0,3.3,2.3,8.9,6.6,,,,,2.6
94304,2017-07-11,CA Osasuna,ES1,1,2007,26,6.39,2007.0,0.04,,,29.1,14.0,1.0,0.5,1.7,1.3,1.0,4.3,6.9,,,,,1.7
55240,2017-07-11,SD Eibar,ES1,1,761,11,,761.0,,,,,,,,,,,,,,,,,
67082,2017-07-12,Sevilla FC,ES1,1,2335,30,7.220000000000001,2335.0,0.23000000000000004,,,38.5,46.0,4.0,2.7,1.7,0.7,0.2,2.7,5.8,,,,,1.6
51118,2017-07-13,Sevilla FC,ES1,1,1785,21,6.75,1785.0,,,,40.6,2.0,,0.2,1.1,1.6,4.6,8.2,5.2,,,,,1.2
66099,2017-07-13,Celta de Vigo,ES1,1,948,12,,948.0,,,,,12.0,,,,,,,,,,,,
319745,2017-07-14,Real Betis,ES1,1,2336,30,7.37,2336.0,0.08,,,43.3,39.0,1.0,3.1,3.5,2.2,0.5,6.3,9.8,,,,,1.9
59551,2017-07-15,UD Las Palmas,ES1,1,1107,17,,1107.0,,,,,6.0,,,,,,,,,,,,
54155,2017-07-17,Sevilla FC,ES1,1,2643,31,6.929999999999999,2643.0,,,,35.8,37.0,5.0,1.1,2.5,1.4,1.0,5.0,6.1,,,,,1.0
338425,2017-07-17,CA Osasuna,ES1,1,2118,29,6.65,2118.0,0.04,,,16.3,27.0,4.0,2.8,2.8,2.2,1.4,6.5,6.0,,,,,1.2
286779,2017-07-20,Sporting Gijón,ES1,1,2774,31,6.5,2774.0,,,,29.3,3.0,,0.5,2.0,2.1,3.7,8.5,6.1,,,,,0.6
174344,2017-07-20,Deportivo de La Coruña,ES1,1,1202,24,,1202.0,,,,36.2,24.0,1.0,0.4,2.3,0.5,1.0,3.9000000000000004,6.3,,,,,1.4
128223,2017-07-21,Real Madrid,ES1,1,1331,26,7.309999999999999,1331.0,1.01,,,19.1,17.0,6.0,1.5,1.0,0.19999999999999998,0.7,1.9000000000000001,2.6,,,,,2.1
145707,2017-07-23,Real Madrid,ES1,1,1488,17,,1488.0,,,,,18.0,2.0,,,,,,,,,,,
129386,2017-07-24,Deportivo Alavés,ES1,1,2245,27,6.83,2245.0,0.08,,,28.6,7.0,2.0,0.2,1.0,2.5,6.1,10.5,5.4,,,,,1.2
357885,2017-07-24,Málaga CF,ES1,1,2672,32,6.72,2672.0,0.19999999999999998,,,36.1,37.0,2.0,0.7,2.0,1.3,0.39999999999999997,3.9,6.2,,,,,1.1
127142,2017-07-25,Real Betis,ES1,1,1156,20,6.29,1156.0,0.16,,,36.0,9.0,,0.7,1.2,1.0,0.9000000000000001,3.2,6.5,,,,,1.5
37834,2017-08-02,RCD Espanyol Barcelona,ES1,1,1287,27,5.95,1287.0,0.14,,,12.7,5.0,1.0,0.7,1.7000000000000002,0.10000000000000002,0.6,2.6,2.2,,,,,3.7999999999999994
68290,2017-08-03,Barcelona,ES1,1,2652,30,8.53,2652.0,0.44000000000000006,,,39.5,91.0,12.0,5.7,1.4,0.3,0.09999999999999999,1.8,4.0,,,,,1.2
34870,2017-08-10,Villarreal CF,ES1,1,746,10,,746.0,,,,,14.0,4.0,,,,,,,,,,,
16922,2017-08-18,UD Las Palmas,ES1,1,1989,28,6.79,1989.0,0.45,,,26.9,21.0,3.0,0.3,1.0,0.8,1.4,3.3,2.9,,,,,2.5
56790,2017-08-23,Deportivo Alavés,ES1,1,746,14,,746.0,,,,,7.0,1.0,,,,,,,,,,,
336828,2017-08-29,Celta de Vigo,ES1,1,562,16,,562.0,,,,,5.0,,,,,,,,,,,,
158795,2017-09-01,CD Leganés,ES1,1,1873,24,6.62,1873.0,0.1,,,33.2,23.0,1.0,0.4,1.5,1.9,1.8,5.5,6.8,,,,,1.6
39907,2018-01-01,RCD Espanyol Barcelona,ES1,1,899,18,,899.0,,,,,2.0,,,,,,,,,,,,
67542,2018-01-02,CD Leganés,ES1,2,1177,18,,1177.0,,,,,7.0,1.0,,,,,,,,,,,
43256,2018-01-10,Málaga CF,ES1,1,1238,15,,1238.0,,,,,,,,,,,,,,,,,
18006,2018-01-29,Sevilla FC,ES1,1,172,2,,172.0,,,,,1.0,,,,,,,,,,,,
56134,2018-01-30,RCD Espanyol Barcelona,ES1,1,2565,31,6.569999999999999,2565.0,0.04,,,36.4,6.0,1.0,0.2,2.5,2.2,1.8,6.8,6.8,,,,,1.9
158863,2018-01-30,Real Sociedad,ES1,1,2999,34,6.84,2999.0,0.08999999999999998,,,46.9,13.0,2.0,0.4,1.3,1.8,3.5,6.9,5.8,,,,,1.4
176553,2018-01-30,Athletic Club,ES1,2,4575,52,6.943737704918033,4575.0,0.060000000000000005,,,42.42426229508197,14.0,4.0,0.2,1.8747540983606557,1.7757377049180327,4.211147540983607,8.43639344262295,5.475737704918033,,,,,0.9373770491803278
357565,2018-07-01,Villarreal,ES1,2,4065,60,7.15,4065.0,0.030000000000000002,,,60.782214022140224,25.0,4.0,0.6176383763837638,3.3941697416974166,1.5235424354243543,2.8235424354243546,8.341254612546125,9.085313653136533,,,,,2.0382287822878227
56777,2018-07-01,Deportivo de La Coruña,ES1,2,4529,56,6.825259439169795,4529.0,0.03,,,29.226230956060935,30.0,5.0,1.247361448443365,3.421042172665048,1.942106425259439,2.5684036211084122,8.0315522190329,5.315787149481122,,,,,1.7526385515566352
98249,2018-07-01,SD Eibar,ES1,2,4726,62,6.641244181125688,4726.0,0.15234447735928905,,,22.11722386796445,48.0,5.0,1.3558611933982225,1.8296656792213288,0.8206940330088871,0.2,2.850359712230216,4.653110452814219,,,,,1.488277613203555
64399,2018-07-01,Getafe,ES1,1,2970,33,6.7,2970.0,,,,10.9,1.0,1.0,,,0.1,1.0,1.1,10.0,12.0,2.6,76.8,0.8,
129476,2018-07-01,Barcelona,ES1,1,503,10,,503.0,,,,,10.0,3.0,,,,,,,,,,,
177467,2018-07-01,Espanyol,ES1,2,6693,75,7.01099357537726,6693.0,0.39059614522635594,,,21.511922904527115,76.0,11.0,1.503974301509039,1.2960256984909606,0.6470192738682206,1.1019871507545198,3.294038547736441,4.094038547736441,,,,,1.5
178425,2018-07-01,SD Eibar,ES1,2,5965,68,6.8739865884325235,5965.0,0.03,,,40.81217099748534,41.0,2.0,0.3,2.8135121542330257,2.1932439228834872,0.9668901927912825,6.127024308466051,7.386487845766973,,,,,1.5
197545,2018-07-01,SD Eibar,ES1,2,4800,64,6.7808375,4800.0,,,,25.794000000000004,44.0,4.0,1.293625,2.51275,2.2063749999999995,1.8595625,6.685062500000001,5.344625,,,,,1.4
95736,2018-07-01,UD Las Palmas,ES1,1,2430,27,6.25,2430.0,,,,23.6,1.0,,0.2,0.1,0.1,1.6,1.8,10.8,4.0,3.8,68.7,1.7,
164055,2018-07-01,SD Eibar,ES1,2,1585,24,,1585.0,,,,,21.0,4.0,,,,,,,,,,,
135208,2018-07-01,Real Betis Balompié,ES1,2,4467,51,6.602216252518469,4467.0,0.06328184463845982,,,26.452585627938216,65.0,9.0,0.6740541750615626,1.7534363107230804,0.867181553615402,1.8396910678307588,4.7,3.6862547571076787,,,,,0.7603089321692411
137704,2018-07-01,CD Leganés,ES1,2,3586,53,6.184411600669269,3586.0,0.22604015616285553,,,18.41879531511433,33.0,5.0,0.659899609592861,0.5197992191857222,0.4203011712214166,0.9401003904071388,1.8802007808142776,2.719297267150028,,,,,2.5994980479643055
177065,2018-07-01,Deportivo de La Coruña,ES1,2,4530,66,6.225651214128035,4530.0,0.37719646799117,,,9.431788079470198,25.0,3.0,1.0920529801324503,0.6280353200883002,0.13598233995584988,0.8280353200883003,1.7200883002207505,2.0317880794701986,,,,,3.0439293598233994
66106,2018-07-03,Real Sociedad,ES1,2,2914,67,6.756654083733699,2914.0,0.19,,,46.4318462594372,92.0,12.0,1.859231297185999,1.8770761839396017,0.5340768702814002,0.13407687028140014,2.611153054221002,5.672614962251201,,,,,1.2363074811256007
286415,2018-07-04,Espanyol,ES1,1,2566,29,6.55,2566.0,,,,11.9,2.0,,,,0.0,0.6,0.7,9.1,9.0,3.3,75.0,1.1,
350219,2018-07-05,Real Betis,ES1,2,2816,38,7.380000000000001,2816.0,0.09999999999999999,,,60.9,34.0,3.0,2.3,2.8,1.4,1.1,5.4,8.6,,,,,0.9
8184,2018-07-05,Deportivo de La Coruña,ES1,1,2477,28,5.66,2477.0,,,,12.3,,,,0.0,0.0,0.4,0.4,7.5,4.0,2.9,57.699999999999996,2.1,
280730,2018-07-05,Real Sociedad,ES1,2,4202,50,6.37,4202.0,,,,35.4,62.0,7.0,1.0,1.3,0.7999999999999999,1.1,3.4,5.5,,,,,0.7999999999999999
184767,2018-07-06,UD Las Palmas,ES1,1,2606,31,6.72,2606.0,,,,38.4,5.0,1.0,1.2,2.2,2.3,4.3,9.3,7.0,,,,,1.0
8198,2018-07-10,Real Madrid,ES1,2,4836,56,7.919528535980148,4836.0,0.9463523573200991,,,22.558312655086848,69.0,14.0,1.0421836228287842,0.24739454094292807,0.25260545905707193,0.5,1.147394540942928,2.105210918114144,,,,,0.647394540942928
63463,2018-07-10,Celta de Vigo,ES1,2,5331,67,6.829424123053837,5331.0,0.11551116113299568,,,34.64935284186832,102.0,20.0,0.3897767773400863,1.1244419433502157,0.9000000000000001,1.2897767773400861,3.4693303320202586,5.0,,,,,0.8
182904,2018-07-12,Sevilla FC,ES1,2,4359,52,6.72,4359.0,0.09,,,43.1,7.0,3.0,0.39999999999999997,2.0,1.0,4.5,8.4,4.9,,,,,1.5999999999999999
226012,2018-07-13,Sevilla FC,ES1,2,1355,16,,1355.0,,,,,,,,,,,,,6.0,,,,
273152,2018-07-16,Valencia,ES1,1,551,15,,551.0,,,,,9.0,,,,,,,,,,,,
249513,2018-07-24,CD Leganés,ES1,2,4450,51,6.935060674157303,4450.0,0.06002696629213483,,,26.649662921348316,41.0,8.0,0.6002696629213484,2.8997303370786516,2.9002696629213487,1.5998651685393257,7.7497977528089885,7.05047191011236,,,,,1.3002696629213484
92947,2018-07-25,Celta de Vigo,ES1,2,4587,58,6.565245258338783,4587.0,0.03,,,47.18031393067364,8.0,1.0,0.04153041203400916,1.990712884238064,2.232243296272073,4.066121648136036,8.947547416612164,4.683060824068018,,,,,0.6661216481360366
96454,2018-07-25,Málaga CF,ES1,1,671,12,,671.0,,,,,10.0,3.0,,,,,,,,,,,
135343,2018-07-26,Dep. La Coruña,ES1,1,2220,25,6.58,2220.0,0.08,,,30.7,7.0,1.0,0.6,2.4,1.8,5.6,10.7,5.3,,,,,1.6
128295,2018-07-29,CD Leganés,ES1,2,2485,32,6.5,2485.0,,,,19.2,12.0,2.0,0.2,2.4,2.4,2.9,8.2,2.7,,,,,1.5
227081,2018-08-01,Sevilla FC,ES1,1,1198,21,6.74,1198.0,0.08,,,29.0,23.0,3.0,3.0,1.1,0.2,0.8,2.2,4.9,,,,,2.0
126664,2018-08-01,Barcelona,ES1,1,702,12,,702.0,,,,,6.0,2.0,,,,,,,,,,,
27374,2018-08-02,Deportivo de La Coruña,ES1,2,3522,45,6.705051107325384,3522.0,0.05000000000000001,,,44.82172061328791,7.0,2.0,0.7010221465076661,2.2979557069846677,1.847444633730835,3.812265758091993,8.357666098807496,6.505110732538331,,,,,0.649488926746167
174344,2018-08-03,Getafe CF,ES1,1,2383,31,6.84,2383.0,0.04,,,26.4,34.0,3.0,0.7,2.3,1.1,1.5,5.1,6.7,,,,,1.7
88490,2018-08-04,FC Barcelona,ES1,2,979,26,,979.0,,,,,18.0,4.0,,,,,,,,,,,
70245,2018-08-04,Málaga CF,ES1,2,2092,27,6.27,2092.0,,,,25.5,2.0,,0.5,1.0,1.7,5.6,8.9,4.4,,,,,2.1
262980,2018-08-07,Levante,ES1,1,2137,26,7.02,2137.0,,,,37.6,19.0,1.0,0.8,2.1,2.1,1.6,6.2,7.8999999999999995,,,,,2.3
192279,2018-08-08,Athletic Club,ES1,1,2700,30,6.34,2700.0,,,,19.6,1.0,1.0,,,0.1,0.7,0.8,8.4,7.0,3.3,69.7,1.4,0.0
68645,2018-08-09,Valencia,ES1,1,2152,25,7.2,2152.0,,,,32.6,13.0,5.0,0.8,2.8,2.2,2.7,8.1,4.1,,,,,1.6
216463,2018-08-10,UD Las Palmas,ES1,1,468,10,,468.0,,,,,3.0,,,,,,,,,,,,
27389,2018-08-12,Atlético Madrid,ES1,2,2724,58,6.441618942731278,2724.0,0.4303744493392071,,,16.638986784140968,34.0,9.0,0.7,0.841079295154185,0.30000000000000004,0.24107929515418502,1.38215859030837,2.4000000000000004,,,,,0.641079295154185
73734,2018-08-14,Sevilla FC,ES1,1,2215,27,6.96,2215.0,0.04,,,66.2,13.0,2.0,0.5,1.6,1.1,1.4,4.4,7.6,,,,,1.3
81532,2018-08-15,Dep. La Coruña,ES1,1,2306,32,6.72,2306.0,0.11999999999999998,,,36.9,25.0,5.0,0.5,2.4,1.3,1.3,5.3,6.9,,,,,1.4
433049,2018-08-17,Málaga CF,ES1,2,3696,56,6.35478354978355,3696.0,0.3153896103896104,,,10.998484848484848,27.0,3.0,1.1138528138528137,1.1738095238095236,0.3861471861471861,1.3445887445887448,2.9614718614718614,3.0430735930735935,,,,,1.6722943722943722
115382,2018-08-17,Dep. La Coruña,ES1,1,2643,31,6.679999999999999,2643.0,,,,40.8,15.0,2.0,0.9000000000000001,2.7,1.6,2.0,6.6,7.200000000000001,,,,,1.9
167291,2018-08-27,CD Leganés,ES1,1,2383,29,6.97,2383.0,0.19,,,29.800000000000004,21.0,3.0,1.9,3.4,1.4,1.0,6.0,7.9,,,,,2.1
150948,2018-08-31,Málaga CF,ES1,2,3128,40,6.67,3128.0,0.05,,,38.7,31.0,2.0,0.8,2.6,1.5,0.8,5.1,7.1,,,,,2.1
153427,2018-08-31,SD Eibar,ES1,2,1719,38,6.39,1719.0,0.07,,,18.8,31.0,7.0,2.3,1.3,0.7,0.9,2.8,5.6,,,,,1.7
127837,2019-01-10,Deportivo Alavés,ES1,1,2324,34,6.59,2324.0,0.27,,,23.1,40.0,11.0,1.5,0.7,0.6,0.7,2.1,5.6,,,,,0.7
139434,2019-01-15,CD Leganés,ES1,1,1388,19,,1388.0,,,,21.5,25.0,2.0,0.7,2.2,1.2,2.7,6.4,6.1,,,,,0.6
85383,2019-01-31,Alavés,ES1,1,1461,28,6.510000000000001,1461.0,0.18000000000000002,,,17.5,21.0,1.0,1.5,2.0,1.1,0.5,3.8000000000000003,4.7,,,,,2.3
54928,2019-07-01,Atlético de Madrid,ES1,2,5061,60,6.965325034578146,5061.0,0.10999999999999999,,,33.47925311203319,9.0,1.0,0.299071329776724,1.849535664888362,1.8523216755581902,4.8504643351116385,9.054179016004742,4.899071329776723,,,,,1.3523216755581902
228917,2019-07-01,SD Huesca,ES1,1,2496,30,6.87,2496.0,0.04,,,26.6,26.0,2.0,1.2,2.6,1.6,1.9,6.5,8.0,,,,,0.9
145769,2019-07-01,Real Betis Balompié,ES1,2,2613,47,6.51,2613.0,0.5,,,11.6,16.0,3.0,0.9,0.6,0.3,0.2,1.1,2.0,,,,,1.1
225015,2019-07-01,SD Huesca,ES1,1,1012,13,,1012.0,,,,,3.0,,,,,,,,,,,,
281963,2019-07-01,Atlético,ES1,2,3234,41,7.43,3234.0,,,,32.3,9.0,2.0,1.3,4.0,1.7,3.3,9.4,5.7,,,,,1.3
282411,2019-07-01,Real Madrid,ES1,2,1080,20,,1080.0,,,,,7.0,,,,,,,,,,,,
182381,2019-07-01,Sevilla FC,ES1,1,1569,33,6.61,1569.0,0.11,,,34.2,29.0,7.0,1.6,2.0,1.4,1.1,4.7,6.4,,,,,1.4
257448,2019-07-01,Atlético,ES1,1,223,8,,223.0,,,,,2.0,,,,,,,,,,,,
257851,2019-07-01,Valencia,ES1,2,3088,38,,3088.0,0.12,,,29.317487046632124,9.0,4.0,0.5006476683937824,2.052914507772021,1.2503238341968912,4.896113989637306,9.147085492227978,4.952914507772021,,,,,1.2006476683937826
263727,2019-07-01,SD Eibar,ES1,2,5300,71,6.9317773584905655,5300.0,0.17112830188679246,,,40.51833962264151,107.0,8.0,1.5456981132075474,1.6344150943396225,1.0456981132075474,0.45430188679245287,3.1887169811320755,7.205924528301885,,,,,1.6172075471698115
111819,2019-07-01,Valencia,ES1,2,6030,67,6.433731343283581,6030.0,,,,10.146268656716417,1.0,,,0.050746268656716415,0.0,0.6,0.6492537313432836,7.655223880597015,20.0,3.298507462686567,76.69253731343284,1.0,
119228,2019-07-01,Sevilla FC,ES1,2,1723,35,6.38,1723.0,0.39000000000000007,,,17.9,23.0,3.0,1.6,0.9,0.2,0.2,1.3,2.4,,,,,1.5
126737,2019-07-01,Real Sociedad,ES1,2,3010,60,6.434152823920265,3010.0,0.3891029900332225,,,17.050498338870433,19.0,5.0,0.8009966777408638,1.2495016611295682,0.7514950166112957,0.3524916943521595,2.453488372093023,3.5514950166112955,,,,,1.4019933554817277
146227,2019-07-01,Barcelona,ES1,2,360,4,,360.0,,,,,,,,,,,,,1.0,,,,
357885,2019-07-01,Villarreal,ES1,2,5105,70,6.801126346718903,5105.0,0.08540842311459354,,,33.849010773751225,97.0,26.0,1.1431929480901077,1.8,0.8486385896180216,0.5486385896180216,3.2972771792360427,6.310891283055828,,,,,1.1513614103819787
99353,2019-07-01,Girona,ES1,2,5843,71,6.494543898682183,5843.0,0.3106058531576245,,,13.981824405271263,73.0,20.0,1.2575731644703063,0.9484853671059388,0.35151463289406126,0.0,1.3484853671059387,3.7636316960465517,,,,,1.21211706315249
74230,2019-07-02,Sevilla FC,ES1,2,5126,67,6.973347639484979,5126.0,0.3204721030042919,,,30.857939914163087,114.0,26.0,0.8532188841201718,1.0,0.8871244635193133,0.640343347639485,2.627467811158798,4.840343347639485,,,,,1.5935622317596567
162056,2019-07-03,SD Huesca,ES1,1,1346,22,6.55,1346.0,0.13,,,41.3,22.0,2.0,0.9,1.7,0.09999999999999999,1.4,3.5,6.3999999999999995,,,,,2.1
357565,2019-07-04,Atlético,ES1,2,5970,71,7.205115577889448,5970.0,0.062150753768844214,,,60.03316582914573,40.0,5.0,0.654070351758794,3.1296482412060302,1.3540703517587938,2.47035175879397,7.462211055276381,9.037788944723617,,,,,2.008140703517588
238868,2019-07-04,SD Eibar,ES1,2,4400,59,6.905525,4400.0,0.03785,,,30.3805,61.0,7.0,1.66825,2.1,1.357,1.28225,5.0785,7.043000000000001,,,,,0.8
242497,2019-07-04,Girona FC,ES1,2,5360,65,6.535671641791044,5360.0,0.03,,,29.421641791044777,28.0,6.0,1.1391791044776118,2.7478358208955225,1.1,1.0043283582089553,5.060820895522388,5.939179104477612,,,,,2.2043283582089552
286415,2019-07-10,Real Betis,ES1,2,5536,62,6.389053468208093,5536.0,,,,19.303540462427744,2.0,,,,0.05364884393063584,0.7072976878612717,0.7536488439306358,8.778106936416185,19.0,2.924458092485549,69.58146676300578,1.2609465317919075,0.0
167798,2019-07-12,Celta de Vigo,ES1,2,361,17,,361.0,,,,,6.0,2.0,,,,,,,,,,,
396894,2019-07-14,Celta de Vigo,ES1,2,6038,71,6.850960582974496,6038.0,0.4509605829744949,,,14.133670089433588,53.0,8.0,0.4,0.2,0.1,1.1471182510765154,1.449039417025505,2.1961576681020203,,,,,1.845197085127526
255653,2019-07-14,Valencia CF,ES1,2,3407,62,6.540930437334899,3407.0,0.5036747872028178,,,18.53686527737012,26.0,11.0,0.8273260933372468,0.8909304373348987,0.15453478133255064,0.9454652186674494,2.0909304373348987,2.736395656002348,,,,,1.672673906662753
125781,2019-07-14,Atlético,ES1,2,5731,69,7.438825684871751,5731.0,0.5347339033327517,,,29.629174664107484,118.0,26.0,0.7765136974350025,1.0765136974350027,0.34412842435875063,0.5117431512824987,1.8882568487175013,3.741284243587506,,,,,0.6765136974350026
281769,2019-07-18,Espanyol,ES1,2,4735,54,6.6874128827877515,4735.0,0.07963041182682154,,,39.14460401267159,10.0,1.0,0.25926082365364306,0.9963041182682154,1.2,5.481478352692714,8.214825765575501,5.637043294614573,,,,,0.7814783526927138
77826,2019-07-27,Real Betis Balompié,ES1,2,2621,47,6.69,2621.0,0.10115604731018694,,,41.59816863792445,55.0,13.0,1.9711942006867609,1.8596337275848913,0.5480732544830218,0.5480732544830218,3.0038534910339565,4.059633727584891,,,,,1.1115604731018693
175323,2019-08-01,RCD Espanyol Barcelona,ES1,2,1141,19,,1141.0,,,,,2.0,,,,,,,,,,,,
323704,2019-08-02,Barcelona,ES1,1,608,15,,608.0,,,,,13.0,1.0,,,,,,,,,,,
374139,2019-08-04,Real Betis,ES1,2,2947,41,7.09,2947.0,0.14,,,36.0,30.0,2.0,1.4,1.8,1.1,1.6,4.6,4.9,,,,,1.4
62920,2019-08-07,Villarreal CF,ES1,1,1976,22,6.57,1976.0,,,,46.9,4.0,1.0,0.4,1.3,1.7,2.8,6.6,5.3,,,,,1.3
357884,2019-08-09,Real Valladolid,ES1,2,4174,51,6.59,4174.0,0.03,,,34.8,5.0,1.0,0.3,1.5,1.6,4.7,8.7,4.6,,,,,1.0
74297,2019-08-09,Rayo Vallecano,ES1,1,720,12,,720.0,,,,,5.0,,,,,,,,,,,,
278359,2019-08-14,Espanyol,ES1,2,5000,72,6.615178,5000.0,0.36183200000000004,,,12.7486,58.0,10.0,0.7383799999999999,0.54648,0.2,1.0464799999999999,1.9697200000000001,2.1545799999999997,,,,,1.6
146854,2019-08-14,Sevilla FC,ES1,1,2819,35,7.16,2819.0,0.57,,,17.8,45.0,13.0,1.5,0.6,0.4,0.1,1.0,3.0,,,,,0.8
193098,2019-08-21,Rayo Vallecano,ES1,2,5405,67,6.548384828862165,5405.0,0.03,,,26.741221091581867,56.0,7.0,1.7257724329324697,1.6742275670675302,1.07422756706753,1.9646068455134136,4.954986123959297,5.648455134135061,,,,,1.2
249730,2019-08-24,Alavés,ES1,2,2098,24,7.18,2098.0,0.09,,,23.9,3.0,2.0,0.1,2.1,1.8,5.8,10.5,4.0,,,,,0.7
79422,2019-09-02,Real Madrid,ES1,1,900,10,,900.0,,,,,,,,,,,,,4.0,,,,
125783,2019-09-02,Levante,ES1,1,533,10,,533.0,,,,,1.0,,,,,,,,,,,,
192735,2020-01-15,Celta de Vigo,ES1,2,3884,48,6.6,3884.0,,,,45.2,27.0,,1.1,1.1,0.9000000000000001,0.6,2.7,6.0,,,,,0.7
433049,2020-01-16,CD Leganés,ES1,1,2104,31,6.54,2104.0,0.38,,,11.3,17.0,2.0,1.2,0.7,0.3,1.0,2.1,3.0,,,,,1.5
102423,2020-01-20,Getafe,ES1,1,2793,32,6.9799999999999995,2793.0,0.05999999999999999,,,15.7,7.0,,0.1,1.5,1.6999999999999997,6.9,10.6,4.4,,,,,1.1
288318,2020-01-23,Rayo Vallecano,ES1,1,2289,36,6.58,2289.0,0.2,,,16.5,54.0,8.0,1.8999999999999997,2.1,1.1,0.5,3.7999999999999994,5.0,,,,,1.7
302991,2020-01-31,Levante,ES1,1,1638,21,6.14,1638.0,0.11,,,27.9,3.0,,0.1,1.2,1.6,3.6,7.1,3.8,,,,,1.8
95732,2020-02-20,CD Leganés,ES1,1,1407,19,6.56,1407.0,0.26,,,11.3,14.0,2.0,1.1,0.3,0.2,0.3,0.8,2.8,,,,,1.5
70934,2020-06-18,Sevilla FC,ES1,2,1297,26,6.74,1297.0,0.37,,,26.5,16.0,1.0,1.0,2.1,0.1,0.3,2.6,4.9,,,,,2.4
44352,2020-07-01,Barcelona,ES1,2,4828,61,7.47296396023198,4828.0,0.6907228666114333,,,22.609879867439933,73.0,18.0,1.0585542667771335,0.4342170671085336,0.17566280033140017,0.6171085335542666,1.3269884009942006,1.9513256006628004,,,,,0.8756628003314001
60890,2020-07-20,SD Eibar,ES1,2,5134,62,6.677331515387611,5134.0,0.1933385274639657,,,27.793221659524743,96.0,16.0,2.653330736268017,1.2599922088040514,0.6933385274639657,0.05333073626801714,2.0066614725360346,5.826645890144138,,,,,0.8000000000000002
398184,2020-08-04,Valencia,ES1,1,2258,34,6.69,2258.0,0.16,,,20.4,25.0,9.0,2.2,0.9,0.6,0.3,1.9,5.0,,,,,0.8
563963,2020-08-12,Real Valladolid,ES1,1,2726,31,6.669999999999999,2726.0,0.03,0.0,0.0,29.4,2.0,1.0,0.3,1.4,1.2,5.1,8.5,4.9,,,,,0.7
74869,2020-08-12,Valencia,ES1,2,2634,48,6.52723614274867,2634.0,,0.02,0.06,45.73773728170084,10.0,1.0,1.0658314350797267,1.8658314350797265,2.0211085801063025,1.2552771450265754,5.514578587699316,7.276385725132878,,,,,1.7105542900531512
59561,2020-08-12,Valencia,ES1,2,6149,71,7.255940803382663,6149.0,0.16391445763538784,0.04,0.16,63.58684338916897,101.0,11.0,1.1,1.9492763050902584,1.0043421694584487,0.5,3.7028947796389655,6.84493413563181,,,,,0.8014473898194829
129386,2020-08-18,Real Betis Balompié,ES1,1,1434,17,,1434.0,,,,,6.0,1.0,,,,,,,,,,,
42920,2020-08-19,CA Osasuna,ES1,1,1158,23,6.5,1158.0,,,,44.9,10.0,2.0,1.8,2.1,1.9,0.7,5.1,8.2,,,,,1.3
57825,2020-08-25,Getafe CF,ES1,2,3504,67,6.432859589041096,3504.0,0.33666952054794524,0.33000000000000007,0.11,17.025371004566207,45.0,11.0,0.7317351598173517,0.4920662100456621,0.2,0.9380993150684932,1.6301655251141551,3.255536529680365,,,,,1.6
131505,2020-08-29,Valencia CF,ES1,1,1889,27,6.76,1889.0,0.19,,,21.9,27.0,11.0,1.0,0.5,0.4,0.6,1.6,2.3,,,,,0.9
32467,2020-09-01,Barcelona,ES1,1,1584,31,6.69,1584.0,0.06,,,74.3,18.0,1.0,0.6,1.5,0.9000000000000001,0.9000000000000001,3.6000000000000005,6.0,,,,,1.1
266795,2020-09-01,SD Eibar,ES1,1,1671,23,6.45,1671.0,,,,23.399999999999995,9.0,2.0,0.9,2.2,1.6000000000000003,0.8000000000000002,4.7,5.7,,,,,1.7
362842,2020-09-01,Barcelona,ES1,1,1185,21,7.170000000000001,1185.0,0.23,,,70.7,12.0,4.0,2.4,1.1,0.3,0.4,1.8,5.5,,,,,0.8
252641,2020-09-05,Celta de Vigo,ES1,1,886,21,,886.0,0.2,,,33.4,9.0,,2.4,1.7,0.6,0.2,2.5,5.1,,,,,0.9
88103,2020-09-07,Real Madrid,ES1,1,419,8,,419.0,,,,,14.0,4.0,,,,,,,,,,,
174344,2020-09-14,Getafe CF,ES1,1,402,10,,402.0,,,,,9.0,1.0,,,,,,,,,,,
37666,2020-09-22,Barcelona,ES1,1,1661,33,6.82,1661.0,0.43,,,58.5,23.0,6.0,0.4000000000000001,3.4,0.9,0.6999999999999998,5.400000000000001,5.900000000000001,,,,,2.4
231572,2020-09-23,Barcelona,ES1,1,2094,32,6.88,2094.0,0.04,,,57.0,12.0,3.0,2.1,2.2,0.9,0.9,4.2,5.5,,,,,0.9
246291,2020-09-24,Real Sociedad,ES1,2,2417,30,6.45,2417.0,0.04,,,55.0,5.0,1.0,0.3,1.2,1.1,3.6000000000000005,6.1,5.8,,,,,0.8
148666,2020-09-25,Espanyol,ES1,1,1331,18,,1331.0,,,0.0,,3.0,1.0,,,,,,,,,,,
336869,2020-10-04,Espanyol,ES1,1,3019,35,6.380000000000001,3019.0,0.06,0.0,0.0,40.4,28.0,6.0,0.4,2.4,0.9,1.5,5.2,6.3,,,,,2.4
32522,2020-10-04,Real Betis Balompié,ES1,1,639,12,,639.0,,,,,8.0,1.0,,,,,,,,,,,
230784,2020-10-05,Atlético,ES1,2,2751,38,7.129999999999999,2751.0,0.11000000000000001,,,48.1,19.0,1.0,2.0,2.5,1.7,1.4,5.9,7.8999999999999995,,,,,1.7
127189,2020-11-03,Valencia,ES1,1,1806,27,6.79,1806.0,0.05000000000000001,,,46.5,6.0,,1.1,3.1,2.7999999999999994,1.6000000000000003,7.900000000000001,7.900000000000001,,,,,1.7
234523,2021-01-31,Real Betis,ES1,1,936,16,,936.0,,,,,3.0,,,,,,,,,,,,
93936,2021-07-01,SD Eibar,ES1,2,4872,64,6.535545977011495,4872.0,0.3136494252873563,0.32,0.03,16.21824712643678,38.0,5.0,0.781896551724138,0.7,0.16364942528735635,0.6545977011494254,1.5182471264367816,3.372844827586207,,,,,2.1454022988505748
80293,2021-07-01,Real Betis,ES1,2,4972,57,6.6555591311343525,4972.0,0.10999999999999999,0.08,0.01,54.22956556717619,11.0,5.0,0.15185036202735316,1.1518503620273532,1.3481496379726468,3.1444489139179406,6.192598551890587,4.229646017699115,,,,,0.9037007240547064
139336,2021-07-01,SD Eibar,ES1,2,4729,57,6.579321209558046,4729.0,0.04,0.04,0.030000000000000002,26.41215901882005,4.0,2.0,0.15582575597377882,1.3558257559737787,1.9116515119475577,3.9650454641573267,7.776696976104885,4.702431803764009,,,,,0.9
34870,2021-07-01,Granada CF,ES1,2,3801,62,6.501854775059194,3801.0,0.379789529071297,0.36,0.05,13.732123125493292,37.0,8.0,0.36214154169955276,0.5242830833991056,0.23785845830044725,0.6757169166008945,1.5,2.189292291502236,,,,,1.562141541699553
234811,2021-07-01,Granada CF,ES1,2,6030,67,6.514925373134329,6030.0,,,0.0,16.965671641791044,3.0,,0.0,0.05223880597014925,0.1,0.808955223880597,0.908955223880597,9.597014925373134,20.0,2.756716417910448,65.48059701492538,1.4388059701492537,0.1
51510,2021-07-02,Getafe CF,ES1,2,2754,65,6.206067538126361,2754.0,0.4916267247639797,0.37,0.06,12.09288307915759,24.0,5.0,1.0030501089324617,0.7020334059549747,0.15050835148874364,0.5505083514887437,1.4030501089324618,3.108133623819898,,,,,2.608133623819898
94308,2021-07-04,SD Eibar,ES1,2,6271,70,6.400369956944666,6271.0,0.03,0.05,0.01,12.643756976558763,5.0,1.0,0.0,0.1,0.1,0.851156115452081,0.951156115452081,9.201387338542498,19.0,2.1995375538191673,60.7428320841971,1.4502312230904162,0.0
374139,2021-07-06,Barcelona,ES1,2,1295,24,,1295.0,,,,,15.0,2.0,,,,,,,,,,,
65318,2021-07-07,Villarreal,ES1,2,1732,33,6.559999999999999,1732.0,,,,37.2,13.0,,0.8,1.8,1.6,2.5,6.2,3.9,,,,,1.3
203043,2021-07-07,SD Eibar,ES1,2,3306,44,6.5620145190562615,3306.0,0.15,0.05,0.01,24.932788868723534,3.0,,0.1,0.7613430127041743,1.6151240169388992,3.4764670296430733,6.360496067755595,4.908408953418028,,,,,0.8235329703569267
25557,2021-07-08,Real Madrid,ES1,2,4292,50,7.2,4292.0,0.33,,,58.4,9.0,2.0,0.3,1.4,1.5,2.9,6.0,6.3,,,,,1.6
119235,2021-07-13,Villarreal,ES1,2,1462,42,,1462.0,0.43050615595075237,0.37000000000000005,0.07,12.4671682626539,10.0,4.0,0.6934336525307797,0.8598495212038303,0.3,0.473734610123119,1.54671682626539,1.826265389876881,,,,,1.15328317373461
27389,2021-07-18,Valencia,ES1,2,2653,56,6.291767810026386,2653.0,0.33999999999999997,0.32,0.060000000000000005,17.716019600452316,17.0,6.0,0.7176781002638523,0.8386732001507727,0.3,0.18066339992461364,1.158009800226159,2.158009800226159,,,,,0.8
138803,2021-07-22,Getafe CF,ES1,2,774,32,,774.0,,,,,13.0,5.0,,,,,,,,,,,
261504,2021-07-23,SD Eibar,ES1,1,435,11,,435.0,,,,,12.0,2.0,,,,,,,,,,,
326416,2021-07-27,Elche CF,ES1,1,1778,23,6.51,1778.0,0.1,0.06,0.0,32.1,,,0.1,1.0,0.6,3.4,5.6,4.1,,,,,1.0
92947,2021-07-28,Sevilla FC,ES1,2,1435,22,,1435.0,,,,,2.0,,,,,,,,,,,,
448628,2021-07-31,SD Huesca,ES1,1,3068,37,7.16,3068.0,0.03,0.01,0.13,30.9,42.0,6.0,3.5,2.6,1.1,1.5,5.3,6.6,,,,,1.8000000000000003
28003,2021-08-10,Barcelona,ES1,1,3023,35,8.35,3023.0,0.8900000000000001,0.71,0.4,57.0,77.0,22.0,4.7,0.5,0.2,,0.7,2.0,,,,,0.7
164770,2021-08-14,Real Madrid,ES1,1,2716,31,6.96,2716.0,0.07,0.09,0.01,52.4,4.0,1.0,0.2,0.7,1.2,3.6,6.2,5.0,,,,,0.5
88490,2021-08-18,Sevilla FC,ES1,2,2495,43,6.74,2495.0,0.09,0.03,0.1,35.3,32.0,5.0,0.6,1.5,1.2,1.2,4.1,6.0,,,,,1.1
67548,2021-08-21,Levante UD,ES1,2,2145,40,6.630000000000001,2145.0,,0.09,0.09999999999999999,38.0,29.0,4.0,1.9000000000000001,2.4,1.4,0.39999999999999997,4.4,8.3,,,,,2.5
481084,2021-08-25,Real Valladolid,ES1,2,2131,52,6.4231346785546695,2131.0,0.21078836227123415,0.33941342092914123,0.060586579070858744,9.82740497419052,19.0,5.0,1.1352885969028625,0.9607695917409667,0.42548099483810414,0.8803847958704833,2.3215391834819337,2.6509619896762087,,,,,2.0352885969028627
557149,2021-08-30,Valencia,ES1,2,2674,54,6.605691847419597,2674.0,0.06,0.08526925953627525,0.16526925953627528,27.596522064323114,44.0,6.0,2.541922213911743,0.9419222139117427,0.20538519072550487,0.3,1.3580777860882574,4.568848167539267,,,,,1.2634629768137622
170472,2021-08-30,Granada CF,ES1,2,5189,63,6.559034496049335,5189.0,,0.03,0.03514550009635768,18.188359992291385,22.0,3.0,0.8514550009635767,1.2485449990364232,0.9970899980728464,1.5999999999999999,3.94563499710927,5.228174985546348,,,,,1.194179996145693
73185,2021-08-31,Alavés,ES1,2,4107,61,6.768743608473339,4107.0,0.19430484538592646,0.26596299001704404,0.18860969077185294,19.25427319211103,95.0,11.0,0.8735329924519113,0.3,0.1,0.2,0.6,3.287436084733382,,,,,0.42914536157779404
145769,2021-08-31,Levante UD,ES1,1,732,28,6.11,732.0,0.25,0.31,0.02,11.8,6.0,,0.1,0.7,0.4,0.1,1.2,3.2,,,,,1.6999999999999997
93935,2021-08-31,Sevilla FC,ES1,2,1995,36,6.7,1995.0,0.13,0.07,0.08,25.3,19.0,1.0,0.2,2.9,1.6,1.7,6.4,5.7,,,,,0.9
284857,2021-08-31,Getafe,ES1,2,3270,38,6.73,3270.0,0.08000000000000002,0.05,0.09,22.300000000000004,40.0,4.0,0.7,1.8000000000000003,1.1,0.6,3.5,5.6,,,,,1.9
67808,2021-09-03,SD Huesca,ES1,1,1119,21,,1119.0,0.08,0.1,0.08,38.4,20.0,1.0,1.7,1.0,0.8,0.3,2.2,4.8,,,,,0.2
95810,2022-01-07,Atlético,ES1,2,3455,43,7.459999999999999,3455.0,,0.01,0.14,43.0,41.0,7.0,0.7,2.2,1.5,1.7,5.5,5.3,,,,,1.1
238868,2022-07-01,Villarreal,ES1,2,1239,26,,1239.0,0.08,0.07,0.08,30.200000000000003,8.0,3.0,2.4,2.0,1.1,1.1,4.2,4.5,,,,,1.8
246204,2022-07-01,Cádiz CF,ES1,2,3347,51,6.4603884075291305,3347.0,0.1067314012548551,0.12346280250971019,0.07163429937257244,12.025485509411414,26.0,3.0,0.6,1.0091425156856888,0.6908574843143114,0.7745144905885869,2.5745144905885873,4.709142515685689,,,,,0.6581714968628621
376514,2022-07-01,Getafe,ES1,2,5426,63,7.041409878363436,5426.0,0.03,0.08482676004423148,0.06482676004423148,21.593549576115002,52.0,6.0,0.8999999999999999,2.306929598230741,1.4621267969037965,1.7517323995576854,5.572521194249908,5.913859196461481,,,,,1.3655915960191671
252677,2022-07-01,Levante,ES1,2,5176,73,6.923607032457496,5176.0,0.4536959041731066,0.3752163833075734,0.13895672333848533,16.047836166924267,70.0,14.0,1.626081916537867,0.8052163833075735,0.24217542503863987,0.2473918083462133,1.2947836166924265,4.020865533230293,,,,,0.7578245749613601
329145,2022-07-01,Sevilla FC,ES1,2,5748,67,6.909530271398746,5748.0,0.0608768267223382,0.050292275574112734,0.020292275574112735,56.3526096033403,12.0,2.0,0.19707724425887263,0.9058455114822548,0.845615866388309,3.5514613778705644,6.205845511482254,5.508768267223382,,,,,1.2426931106471817
81999,2022-07-01,Alavés,ES1,2,6158,74,7.2106105878532,6158.0,0.36553426437154923,0.38,0.08522897044494966,18.05686911334849,65.0,8.0,0.6477102955505034,0.6477102955505034,0.29847353036700225,1.4969470607340047,2.54313088665151,2.9923676518350115,,,,,1.249236765183501
60542,2022-07-01,Granada CF,ES1,2,3037,50,6.69872571616727,3037.0,,0.015120184392492592,0.02,33.65432993085282,20.0,2.0,0.9463944682252222,2.841587092525519,1.2439907803753705,1.4048073756997035,5.846394468225222,7.083174185051036,,,,,1.7487981560750743
118997,2022-07-02,Levante,ES1,2,3777,42,6.19,3777.0,,,0.0,19.2,,,,,0.1,0.9,1.0,8.5,5.0,2.7,63.9,1.5,
237499,2022-07-05,RCD Mallorca,ES1,1,401,10,,401.0,,,,,2.0,,,,,,,,,,,,
309110,2022-07-06,Celta de Vigo,ES1,2,5712,71,6.910987394957983,5712.0,0.20432773109243696,0.20558823529411768,0.10531512605042016,32.69180672268907,53.0,9.0,0.71890756302521,2.0,1.1,0.8468487394957984,4.053151260504201,5.665756302521009,,,,,2.3873949579831937
148355,2022-07-06,Cádiz CF,ES1,2,3940,57,6.693258883248731,3940.0,,0.030000000000000002,0.026659898477157364,17.733604060913706,20.0,4.0,0.5,2.1663959390862946,1.8997969543147206,1.6997969543147209,6.165888324873096,5.166395939086295,,,,,1.1667005076142132
257462,2022-07-08,Real Madrid,ES1,2,508,19,,508.0,,,,,7.0,2.0,,,,,,,,,,,
257376,2022-07-11,Granada CF,ES1,2,4054,50,6.437486433152442,4054.0,0.044166255550074,0.054166255550074,0.010000000000000002,28.87491366551554,9.0,1.0,0.09999999999999999,1.11667488899852,1.14166255550074,3.6166255550074,6.6999506660088795,4.88332511100148,,,,,1.0083127775037002
197135,2022-07-11,Real Sociedad,ES1,2,1805,36,6.64,1805.0,,0.01,0.04,27.9,11.0,3.0,0.2,2.4,1.0,2.3,6.0,4.1,,,,,1.4
483573,2022-07-18,Alavés,ES1,2,3168,50,6.52125,3168.0,,0.01,0.04,22.240624999999998,26.0,,0.45729166666666676,1.8999999999999997,1.4979166666666666,1.7999999999999998,5.348958333333333,4.546875,,,,,1.2999999999999998
297784,2022-07-19,Granada CF,ES1,2,1658,37,6.16,1658.0,,0.02,0.01,18.6,5.0,,0.6,1.5999999999999999,0.9,1.0,3.6,5.0,,,,,3.1
424784,2022-07-20,Granada CF,ES1,2,4525,64,6.686187845303867,4525.0,0.2573812154696133,0.34630939226519336,0.08785635359116023,11.623756906077348,45.0,7.0,1.4369060773480662,0.8738121546961326,0.27381215469613257,0.6261878453038674,1.8738121546961326,2.921436464088398,,,,,1.3738121546961326
129444,2022-07-25,Espanyol,ES1,1,743,18,,743.0,,,,,3.0,1.0,,,,,,,,,,,
281989,2022-07-25,Granada CF,ES1,2,4042,50,7.269999999999999,4042.0,0.1,0.12,0.12,35.7,59.0,15.0,0.9,1.9,0.8,1.0,3.8,7.0,,,,,0.8
411975,2022-07-28,Sevilla FC,ES1,2,5713,66,7.196234902853141,5713.0,0.06479082793628567,0.050418344127428676,0.04916331174514266,62.81065989847716,27.0,6.0,0.8520917206371433,1.0395413968142833,0.9604586031857167,3.0958165587257134,5.64372483808857,6.031174514265709,,,,,0.5520917206371433
175449,2022-07-28,Villarreal,ES1,2,3847,64,6.673610605666752,3847.0,0.14,0.15327787886664934,0.149958409149987,35.90707044450221,51.0,7.0,1.1672212113335068,0.8327787886664934,0.39999999999999997,0.4668053028333766,1.7331946971666234,5.60041590850013,,,,,0.99875227449961
331505,2022-07-30,Barcelona,ES1,2,2793,46,7.07,2793.0,0.09,0.04361976369495167,0.08595059076262083,66.55896885069816,17.0,5.0,0.4638023630504834,2.5,0.8999999999999999,2.004296455424275,5.6404940923737925,5.249087003222341,,,,,0.9957035445757251
212391,2022-08-04,Levante,ES1,2,3422,55,6.546206896551725,3422.0,0.21275862068965515,0.30310344827586205,0.04,13.655172413793103,37.0,5.0,0.6,0.9241379310344828,0.13793103448275862,0.5655172413793103,1.5896551724137928,2.5931034482758624,,,,,2.713793103448276
448344,2022-08-06,Espanyol,ES1,1,996,21,6.67,996.0,,0.04,0.09,35.1,18.0,2.0,1.4,1.0,0.1,0.8,2.0,5.1,,,,,0.8
85288,2022-08-07,Real Madrid,ES1,2,1125,26,,1125.0,,,,,27.0,5.0,,,,,,,,,,,
225122,2022-08-08,Valencia,ES1,1,2613,36,7.17,2613.0,0.38,0.21000000000000002,0.17,17.4,43.0,7.0,2.2,0.7,0.3,0.0,1.1,3.7,,,,,1.3
146227,2022-08-08,Valencia,ES1,1,1458,17,,1458.0,,,,,1.0,,,,,,,,3.0,,,,
245014,2022-08-11,Levante,ES1,1,1700,30,6.81,1700.0,0.16,0.2,0.16,26.0,42.0,3.0,2.0,1.5,0.5,0.3,2.4,5.0,,,,,1.7
99922,2022-08-15,Real Betis,ES1,1,1994,23,7.06,1994.0,0.05,0.08,0.02,41.7,4.0,,0.3,1.8,1.5,4.6,8.8,4.5,,,,,0.9
349599,2022-08-16,Villarreal,ES1,1,1574,28,6.790000000000001,1574.0,,0.04,0.12,38.4,13.0,4.0,1.0,2.1,1.4,1.3,5.0,7.200000000000001,,,,,1.4
16306,2022-08-22,Real Madrid,ES1,2,2582,33,7.62,2582.0,0.03,0.11,0.1,59.0,26.0,7.0,0.7,2.8,1.3,2.1,6.8,8.0,,,,,1.9
288318,2022-08-24,Espanyol,ES1,2,3431,61,6.896965899154765,3431.0,0.25,0.18022442436607403,0.15255610609151854,19.725561060915183,69.0,7.0,2.344097930632469,2.460390556689012,0.7744389390848149,0.8070241911979015,4.1,5.527805304575926,,,,,1.4
349066,2022-08-26,Real Sociedad,ES1,2,2309,34,6.79,2309.0,0.25,0.42,0.13,12.9,22.0,7.0,1.8,0.3,0.1,0.3,0.8,2.3,,,,,1.3
177847,2022-08-31,Real Sociedad,ES1,2,1671,35,6.82,1671.0,0.17,0.23,0.21,24.6,34.0,2.0,2.5,0.9,0.7,0.7,2.5,5.2,,,,,1.6
223725,2022-08-31,Sevilla FC,ES1,2,1615,44,6.54,1615.0,0.23999999999999996,0.21,0.14,18.8,21.0,3.0,0.8999999999999999,0.8999999999999999,0.7,0.3,2.1,5.0,,,,,1.1
262939,2022-09-01,Elche CF,ES1,1,2856,33,7.1899999999999995,2856.0,0.06,0.03,0.15,33.7,29.0,10.0,1.0,1.4,0.8,1.5,3.9,7.4,,,,,1.0
58864,2022-09-01,Barcelona,ES1,2,1100,18,,1100.0,,,,,8.0,3.0,,,,,,,,,,,
44501,2022-09-01,Real Madrid,ES1,1,521,12,,521.0,,,,,9.0,1.0,,,,,,,,,,,
372246,2022-09-01,Valencia,ES1,2,2723,35,7.369999999999999,2723.0,0.4,0.32,0.16,22.3,57.0,5.0,0.7,1.1,0.5,0.9,2.6,5.0,,,,,0.8
396894,2022-09-01,Valencia,ES1,2,2066,32,6.66,2066.0,0.23,0.22,0.06,11.5,20.0,3.0,0.2,0.2,0.1,1.0,1.4,2.2,,,,,2.3
162038,2022-09-13,Espanyol,ES1,1,2923,34,7.219999999999999,2923.0,0.52,0.4600000000000001,0.05,18.6,25.0,2.0,1.5,0.5,0.2,1.2,1.9,2.1,,,,,1.1
229604,2023-01-06,Villarreal,ES1,2,4140,46,6.67,4140.0,,,0.0,27.9,,,0.0,,0.0,1.0,1.0,7.9,21.0,2.3,72.8,0.9,
193098,2023-01-11,Real Betis,ES1,2,3757,45,7.25,3757.0,0.19,0.16,0.08,29.8,30.0,4.0,0.9,2.8,1.3,2.5,6.8999999999999995,5.4,,,,,1.2
167850,2023-01-20,Barcelona,ES1,1,1847,28,7.35,1847.0,0.58,0.55,0.28,32.4,45.0,5.0,2.2,0.5,0.1,0.2,0.9,2.5,,,,,1.1
156501,2023-01-31,Atlético Madrid,ES1,2,1692,29,6.93,1692.0,0.12,0.04,0.03,37.9,6.0,2.0,0.1,1.2,1.6999999999999997,4.5,8.0,6.0,,,,,1.3
341264,2023-07-01,Rayo Vallecano,ES1,2,6435,72,7.091776223776224,6435.0,0.040592074592074597,0.030000000000000002,0.0547039627039627,31.430256410256412,58.0,1.0,0.752960372960373,2.011841491841492,1.2470396270396271,1.3,4.805920745920746,6.094079254079254,,,,,0.647039627039627
320271,2023-07-01,Valencia,ES1,2,1500,35,6.56,1500.0,0.1,0.08,0.1,33.5,18.0,1.0,0.7,2.3,0.6,1.2,4.2,5.0,,,,,1.2
221321,2023-07-01,Real Valladolid,ES1,1,2157,27,6.67,2157.0,0.04,0.029999999999999995,0.01,34.0,2.0,,0.0,1.5,1.1,4.0,7.6000000000000005,3.8999999999999995,,,,,0.7
126751,2023-07-01,RCD Mallorca,ES1,2,3840,52,7.097515625,3840.0,,0.01721875,0.07000000000000002,37.84671875,31.0,3.0,1.0609375,2.2165625,1.1721875,0.85265625,4.46921875,7.16390625,,,,,1.9834375
127189,2023-07-01,Atlético,ES1,2,2883,48,7.15,2883.0,0.05,0.037343045438779046,0.03,44.30329517863336,16.0,4.0,1.087825182101977,3.534686090877558,2.1693721817551164,1.065313909122442,7.0,9.034686090877559,,,,,1.7612556364897676
142031,2023-07-01,Elche CF,ES1,2,4954,60,6.889672991522003,4954.0,,0.02,0.02483649576100121,38.59018974566007,27.0,2.0,0.5978199434800161,1.7989099717400079,1.7,1.7989099717400079,5.896729915220025,6.002180056519984,,,,,1.05272507064998
524010,2023-07-01,Athletic Club,ES1,2,1991,57,6.396875941737821,1991.0,0.08,0.1184379708689101,0.07375188347564038,29.764088397790058,17.0,2.0,0.38437970868910093,1.2109492717227524,1.3312405826217981,0.6156202913108989,3.6202913108990455,5.248468106479157,,,,,1.5109492717227524
776890,2023-07-01,Villarreal,ES1,2,1758,35,7.04,1758.0,0.68,0.45,0.11,13.7,25.0,8.0,1.3,0.8,0.1,0.2,1.2,2.6,,,,,1.8
449796,2023-07-01,Rayo Vallecano,ES1,2,6344,71,6.931715006305169,6344.0,0.045321563682219415,0.04489281210592686,0.02,41.04640605296343,14.0,4.0,0.10000000000000002,0.9532156368221943,0.8000000000000002,4.6,6.951071878940732,5.251071878940732,,,,,0.7978562421185372
380598,2023-07-01,Rayo Vallecano,ES1,2,5167,70,7.107880781885039,5167.0,0.06822721114766789,0.11610799303270758,0.07,38.87091155409328,68.0,2.0,1.4566479581962455,2.7566479581962455,1.147784013934585,0.7610799303270757,4.817727888523321,6.717727888523321,,,,,1.9044319721308305
517894,2023-07-01,Atlético,ES1,2,1422,40,6.58,1422.0,0.51,0.46,0.14,12.6,14.0,6.0,0.6,1.6,0.4,0.8,3.0,3.8,,,,,1.9
448628,2023-07-03,Celta de Vigo,ES1,2,6462,74,7.279145775301764,6462.0,,0.01489322191272052,0.09957288765088208,35.66388115134633,75.0,5.0,2.1532033426183843,2.9489322191272054,1.2,1.344661095636026,5.646796657381615,6.204271123491179,,,,,1.4510677808727948
82503,2023-07-05,CA Osasuna,ES1,2,2949,38,6.870000000000001,2949.0,,0.010000000000000002,0.020000000000000004,37.4,5.0,1.0,0.3,1.1,1.4,4.7,8.2,5.4,,,,,0.7
158863,2023-07-05,Athletic Club,ES1,2,3682,42,7.28,3682.0,0.11999999999999998,0.08,0.02,36.3,9.0,1.0,0.1,1.1,1.5,5.3,8.2,6.7,,,,,1.3
296622,2023-07-06,Real Madrid,ES1,2,3163,62,7.309073664242807,3163.0,0.538147328485615,0.38277900727157754,0.2053683212140373,37.68883970913689,72.0,10.0,1.4,0.7814732848561493,0.4638950363578881,0.2546316787859627,1.6453683212140373,3.6194751817894404,,,,,0.49073664242807463
557149,2023-07-08,RCD Mallorca,ES1,2,4249,66,6.9711390915509535,4249.0,0.14689103318427865,0.14347140503647918,0.16331607437044013,23.162179336314427,76.0,18.0,2.734196281477995,1.1341962814779947,0.3,0.23316074370440104,1.7673570251823958,4.699482231113203,,,,,1.566839256295599
465967,2023-07-09,Real Sociedad,ES1,2,1087,25,,1087.0,,,,,10.0,1.0,,,,,,,,,,,
280701,2023-07-12,Cádiz CF,ES1,1,1949,31,6.790000000000001,1949.0,0.18,0.24,0.11000000000000001,14.4,20.0,3.0,1.8,1.3,0.3,0.4,2.0,4.4,,,,,0.7
399776,2023-07-12,Villarreal,ES1,2,5911,67,7.193148367450515,5911.0,0.09281170698697344,0.07966333953645745,0.04483166976822873,53.965149720859415,23.0,6.0,0.8,1.1550499069531381,0.4966333953645745,3.6651497208594144,6.065149720859415,5.844950093046862,,,,,0.5033666046354255
66100,2023-07-19,Girona,ES1,1,2952,33,7.01,2952.0,0.060000000000000005,0.049999999999999996,0.04,42.7,20.0,,0.6,2.1,1.1,1.5,5.0,5.8999999999999995,,,,,1.8
401922,2023-07-27,Villarreal,ES1,2,3675,64,7.0840571428571435,3675.0,0.21915102040816328,0.27169795918367345,0.2097795918367347,24.570448979591834,73.0,12.0,3.7339591836734694,0.6446530612244898,0.42767346938775513,0.42767346938775513,1.5,4.091510204081632,,,,,0.7
268670,2023-07-27,Elche CF,ES1,2,4632,66,6.879499136442142,4632.0,0.029999999999999995,0.0636873920552677,0.1551403281519862,35.83516839378238,101.0,13.0,0.24078151986183075,1.726252158894646,0.9815630397236615,1.1592184801381693,4.185470639032815,5.236873920552677,,,,,1.985470639032815
649016,2023-07-29,UD Almería,ES1,1,1255,20,6.87,1255.0,0.5,0.45,0.05,13.0,14.0,,0.4,0.3,0.1,1.5,1.9,3.3,,,,,1.8
223725,2023-07-30,Getafe,ES1,2,1615,44,6.54,1615.0,0.23999999999999996,0.21,0.14,18.8,21.0,3.0,0.8999999999999999,0.8999999999999999,0.7,0.3,2.1,5.0,,,,,1.1
343463,2023-08-03,Real Valladolid,ES1,2,3292,54,6.560804981773997,3292.0,0.3017193195625759,0.4544623329283111,0.04338699878493316,9.624726609963547,27.0,6.0,0.6553766707168894,0.7107533414337789,0.1,0.8446233292831106,1.9215066828675578,2.278493317132442,,,,,1.3446233292831107
503991,2023-08-04,Valencia,ES1,1,2122,33,6.7,2122.0,,0.08,0.08,25.0,16.0,3.0,1.2,2.0,0.5,0.7,3.2,4.1,,,,,1.8
296783,2023-08-05,Elche CF,ES1,1,1114,34,6.18,1114.0,0.32,0.29,0.030000000000000002,17.5,11.0,,0.4,0.7,0.1,1.1,1.9,2.9,,,,,2.6
216240,2023-08-06,Real Valladolid,ES1,1,1496,23,6.63,1496.0,,0.02,0.05999999999999999,27.599999999999998,16.0,1.0,0.19999999999999998,1.4000000000000001,0.7999999999999999,1.8,4.6,4.3,,,,,0.7000000000000001
142021,2023-08-11,Espanyol,ES1,2,5390,73,7.246170686456401,5390.0,0.13403339517625232,0.09600371057513915,0.18598515769944343,29.661335807050094,124.0,24.0,1.7001855287569574,1.7801113172541743,0.7,0.6,3.160037105751392,5.500185528756957,,,,,0.8600371057513916
289255,2023-08-11,Real Sociedad,ES1,2,4573,63,6.8289525475617765,4573.0,0.03,0.02373933960201181,0.08373933960201181,29.48635469057511,28.0,4.0,0.6878198119396458,2.0121801880603543,0.9000000000000001,1.6634594358189372,4.800852831839055,4.863459435818937,,,,,1.0495735840804725
288230,2023-08-12,Barcelona,ES1,1,1415,25,7.33,1415.0,0.32,0.25,0.32,38.9,41.0,9.0,3.3,1.2,,0.1,1.3,3.8,,,,,1.0
93936,2023-08-13,CA Osasuna,ES1,2,2419,68,6.516229847044232,2419.0,0.18587432823480776,0.45699462587846207,0.08174865646961554,13.531417941298058,31.0,6.0,1.0412567176519223,0.5,0.1,0.965026870607689,1.7237701529557665,3.176229847044233,,,,,1.888797023563456
225593,2023-08-15,Elche CF,ES1,1,1872,31,6.72,1872.0,0.29,0.28,0.07,19.4,14.0,2.0,0.8,1.5,0.4,0.8,2.9,4.7,,,,,0.9
222805,2023-08-21,UD Almería,ES1,2,2999,34,6.64,2999.0,0.09,0.04,0.01,36.1,7.0,,0.1,0.9,0.9,3.7,6.2,4.2,,,,,0.7
481084,2023-08-29,Valencia,ES1,1,437,17,,437.0,,,,,4.0,1.0,,,,,,,,,,,
946883,2023-08-30,Real Valladolid,ES1,1,1775,22,6.76,1775.0,,0.03,0.06,28.2,18.0,3.0,0.8,2.4,0.8,2.2,5.8,5.2,,,,,0.7
334222,2023-08-30,Elche CF,ES1,2,5027,66,6.698514024268948,5027.0,0.22966978317087725,0.25933956634175453,0.0650825542072807,17.02936144817983,55.0,8.0,2.342570121344738,1.5541277103640343,0.4491744579271932,1.6,3.801651084145614,3.9016510841456133,,,,,2.352476626218421
438001,2023-08-31,Girona,ES1,1,3012,34,6.86,3012.0,,0.04,0.02,46.5,9.0,1.0,0.09999999999999999,1.9000000000000001,0.9,3.0,6.5,4.3,,,,,1.1
225020,2023-09-01,Real Madrid,ES1,1,150,9,,150.0,,,,,1.0,1.0,,,,,,,,,,,
387687,2023-09-01,Espanyol,ES1,1,1499,19,6.68,1499.0,0.18,0.05,0.04,37.0,,,0.1,1.0,0.8,5.9,8.5,5.5,,,,,1.1
99353,2023-09-01,Getafe,ES1,1,1758,34,6.570000000000001,1758.0,,0.09,0.13,19.2,27.0,1.0,0.7,1.4,0.9,0.7,3.2,4.7,,,,,1.3
670847,2024-01-08,Real Sociedad,ES1,2,817,30,,817.0,0.16,0.28,0.25,15.400000000000002,8.0,5.0,2.5,2.0,0.3,0.3,2.6,5.3,,,,,1.7
95641,2024-02-01,CA Osasuna,ES1,1,1035,25,6.59,1035.0,0.09,0.1,0.06,26.3,7.0,1.0,0.3,2.5,1.0,0.8,4.5,4.3,,,,,1.4
143029,2024-02-01,Getafe,ES1,2,2377,33,6.679999999999999,2377.0,,0.01,0.0,21.6,2.0,1.0,,0.8,0.9,4.8,7.0,3.4,,,,,0.7
165467,2024-07-01,Rayo Vallecano,ES1,2,6655,74,6.625011269722013,6655.0,,,0.0,14.300751314800902,3.0,,0.0,0.0,0.0,0.8500375657400451,0.950037565740045,8.449812171299774,22.0,2.750112697220135,67.75131480090158,1.3,
122155,2024-07-01,Real Betis,ES1,2,2693,61,6.78,2693.0,0.40424433717044195,0.2892053471964352,0.07734496843668771,21.12577051615299,35.0,6.0,0.3,0.5124025250649833,0.1,1.018603787597475,1.7044559970293354,2.431006312662458,,,,,0.5858522094318604
289255,2024-07-01,Alavés,ES1,2,4573,63,6.8289525475617765,4573.0,0.03,0.02373933960201181,0.08373933960201181,29.48635469057511,28.0,4.0,0.6878198119396458,2.0121801880603543,0.9000000000000001,1.6634594358189372,4.800852831839055,4.863459435818937,,,,,1.0495735840804725
273152,2024-07-01,Getafe,ES1,2,5338,66,6.873240914200075,5338.0,0.11,0.12290745597602097,0.042259273136006,21.513150992881233,30.0,1.0,0.16129636568003,1.8000000000000003,1.3774072686399401,1.3838890970400899,5.16129636568003,3.9774072686399395,,,,,0.7935181715998502
261504,2024-07-01,Girona,ES1,2,5540,67,7.402447653429602,5540.0,0.06311191335740073,0.05844404332129965,0.19533212996389893,61.60263537906137,122.0,21.0,0.4422202166064982,1.4,1.0844404332129962,1.2733393501805053,4.115559566787003,5.5044584837545125,,,,,0.6733393501805055
689637,2024-07-02,Real Betis,ES1,2,2165,27,6.79,2165.0,,0.030000000000000002,0.01,44.6,2.0,,,1.5,1.0,4.4,7.4,4.6,,,,,0.6
341227,2024-07-03,Real Betis,ES1,2,3335,46,6.98,3335.0,0.10749625187406296,0.10653673163418292,0.13326836581709145,33.427136431784106,44.0,9.0,0.38845577211394305,1.623088455772114,1.0326836581709145,2.765367316341829,5.809595202398801,4.353823088455772,,,,,0.9557721139430285
252677,2024-07-05,Villarreal,ES1,2,2241,58,6.579687639446677,2241.0,0.5616465863453816,0.48537260151717987,0.07537260151717984,13.192547969656403,13.0,3.0,1.0686300758589915,0.4537260151717983,0.33136992414100847,0.1925479696564034,1.1313699241410085,2.7090138331102187,,,,,0.3537260151717983
646402,2024-07-05,Real Betis,ES1,2,2001,36,6.74,2001.0,,0.01,0.07,31.8,10.0,3.0,0.5,1.6,1.0,3.1,6.0,5.1,,,,,1.0
178425,2024-07-05,Athletic Club,ES1,2,2229,42,6.77,2229.0,,0.09,0.04,34.3,12.0,1.0,0.09999999999999999,2.8000000000000003,1.1,1.2,5.5,5.8999999999999995,,,,,2.1
131996,2024-07-15,Villarreal,ES1,1,569,11,,569.0,,,,,5.0,,,,,,,,,,,,
588426,2024-07-17,UD Las Palmas,ES1,1,2293,30,6.73,2293.0,0.04,0.04,0.01,49.3,1.0,,0.1,1.3,0.8,4.6,7.200000000000001,4.1,,,,,0.7
7825,2024-07-18,Villarreal,ES1,2,2160,24,6.68,2160.0,,,0.0,26.1,,,0.0,,0.0,0.4,0.5,8.1,5.0,2.8,69.3,1.2,
678406,2024-07-18,UD Las Palmas,ES1,1,2816,35,7.24,2816.0,0.029999999999999995,0.09,0.11999999999999998,45.7,39.0,4.0,0.5,2.9,1.5,2.9,7.5,6.0,,,,,1.7
128223,2024-07-19,Atlético,ES1,2,3815,68,7.060007863695938,3815.0,0.6600393184796856,0.6150275229357798,0.07000786369593709,12.49992136304063,32.0,8.0,0.8499606815203147,0.8,0.0,1.1500393184796853,2.100078636959371,2.5999213630406293,,,,,1.6999213630406294
207917,2024-07-19,Villarreal,ES1,2,2783,51,6.70393819619116,2783.0,0.11999999999999998,0.05393819619116062,0.11929213079410708,32.69471793029105,28.0,4.0,0.34646065397053544,1.7606180380883938,1.4929213079410708,1.6,5.007078692058929,4.460618038088393,,,,,1.5858426158821415
111630,2024-07-21,Sevilla FC,ES1,2,2303,45,6.69,2303.0,0.29,0.28,0.06,28.2,36.0,4.0,1.6,2.2,0.3,0.1,2.8,5.1,,,,,2.9
568158,2024-07-21,Alavés,ES1,1,2387,32,6.89,2387.0,0.04,0.04,0.09,21.1,14.0,4.0,1.5,0.9,0.4,2.4,4.0,4.6,,,,,0.9
433049,2024-07-24,Sevilla FC,ES1,2,4229,64,6.824693781035707,4229.0,0.5090943485457555,0.41132655474107355,0.030000000000000002,7.569898321116103,19.0,5.0,0.3216836131473162,0.5349491605580516,0.2,0.9608418065736581,1.7957909671317098,1.5,,,,,0.6216836131473161
107010,2024-07-26,Atlético,ES1,2,3576,45,6.908780760626398,3576.0,,0.014560961968680088,0.019121923937360178,45.45268456375839,2.0,,0.29121923937360183,1.6631711409395973,1.5,3.028048098434004,6.773657718120805,4.526342281879195,,,,,1.1719519015659954
351809,2024-07-27,Real Sociedad,ES1,2,5267,62,6.908781089804443,5267.0,0.07,0.03939054490222138,0.024695272451110688,52.82145433833301,6.0,,0.05304727548889311,1.1530472754888932,1.053047275488893,3.134763622555534,5.834763622555534,4.371330928422252,,,,,1.3060945509777862
426192,2024-07-30,Villarreal,ES1,1,261,14,,261.0,,,,,2.0,,,,,,,,,,,,
585323,2024-07-30,Villarreal,ES1,2,3420,38,6.65,3420.0,,,0.0,24.3,,,0.0,0.1,0.1,0.7,0.9,8.5,6.0,4.0,69.4,1.8,0.1
80293,2024-08-01,Villarreal,ES1,1,1113,16,,1113.0,,,,,2.0,1.0,,,,,,,,,,,
343537,2024-08-02,Girona,ES1,1,2605,36,7.26,2605.0,0.8300000000000001,0.84,0.13,9.6,27.0,10.0,0.6,0.1,,0.6,0.8,0.8,,,,,0.9
494880,2024-08-03,Villarreal,ES1,1,1961,29,6.8,1961.0,0.14,0.06,0.03,42.1,6.0,,0.4,1.9,1.0,5.0,8.5,3.8,,,,,1.1
238407,2024-08-03,Villarreal,ES1,2,4051,69,7.209938286842755,4051.0,0.9532288323870649,0.6602468526289804,0.08304369291532954,12.954036040483832,47.0,8.0,0.9844729696371267,0.3155270303628734,0.1,1.1695630708467044,1.6850901012095778,2.2155270303628734,,,,,1.3155270303628732
342385,2024-08-06,Real Betis,ES1,1,1849,24,7.18,1849.0,0.1,0.03,0.04000000000000001,43.2,4.0,1.0,0.5,2.6,1.4,1.9,6.2,7.5,,,,,1.1
94308,2024-08-12,Sevilla FC,ES1,2,4050,45,7.140000000000001,4050.0,,,0.0,11.2,2.0,,0.0,0.0,,1.5,1.5,9.8,12.0,3.3,68.0,1.5,0.0
246968,2024-08-13,Real Betis,ES1,2,4284,61,7.273837535014006,4284.0,0.5853571428571429,0.42383053221288514,0.10615546218487394,18.36197478991597,62.0,12.0,1.7692577030812324,1.7923669467787116,0.6692577030812326,0.5,2.969327731092437,3.6847338935574228,,,,,1.215406162464986
277137,2024-08-15,Celta de Vigo,ES1,2,3764,55,6.988145589798086,3764.0,0.04,0.03776036131774708,0.037104144527098835,32.54707757704569,15.0,1.0,1.0907279489904358,2.4776036131774704,1.1420828905419766,3.106562167906482,7.384165781083953,6.339373007438895,,,,,1.4710414452709883
339699,2024-08-17,RCD Mallorca,ES1,1,2463,34,6.85,2463.0,0.04,0.02,0.07,28.1,21.0,1.0,0.5,2.7,1.1,2.0,5.9,5.6,,,,,1.4
278837,2024-08-22,Alavés,ES1,2,5377,74,6.923349451366934,5377.0,0.1693397805467733,0.15603868328063975,0.16599032917984005,20.68486144690348,77.0,14.0,1.393397805467733,1.0533010972661336,0.6533010972661335,0.9066021945322671,2.613204389064534,4.013687930072531,,,,,0.693397805467733
53622,2024-08-23,Barcelona,ES1,1,2997,36,7.71,2997.0,0.15,0.22,0.29,63.5,97.0,15.0,1.0,1.0,0.6,0.5,2.2,5.7,,,,,0.5
85370,2024-08-23,Barcelona,ES1,1,863,14,,863.0,,,,,9.0,1.0,,,,,,,,,,,
338424,2024-08-27,Real Sociedad,ES1,1,2485,32,7.31,2485.0,0.18,0.12,0.1,38.7,20.0,4.0,0.9,2.8,0.6,2.0,5.8,7.1,,,,,2.5
502676,2024-08-27,Valencia,ES1,2,6345,71,6.952127659574468,6345.0,,,0.0,14.956028368794327,4.0,1.0,,0.1,0.05177304964539007,0.9553191489361702,1.1070921985815603,7.821276595744681,21.0,2.8553191489361702,69.36524822695036,1.2446808510638299,0.05177304964539007
387687,2024-09-12,UD Almería,ES1,1,1792,21,6.39,1792.0,,0.04,0.02,37.6,4.0,,0.2,1.1,0.6,4.7,6.8,3.2,,,,,1.1
1061282,2025-01-07,Real Betis,ES1,2,1324,28,,1324.0,,,,,18.0,3.0,,,,,,,,,,,
527698,2025-01-29,Real Valladolid,ES1,2,2026,43,6.56426456071076,2026.0,0.13365251727541952,0.17043435340572557,0.08408687068114512,31.178282329713724,24.0,3.0,0.7634748272458045,2.8408687068114507,0.6634748272458045,1.054787759131293,4.736525172754196,5.194768015794669,,,,,3.299111549851925
523318,2025-02-03,Celta de Vigo,ES1,2,1578,52,6.52106463878327,1578.0,0.5696704689480354,0.5138529784537389,0.05245880861850444,10.24917617237009,11.0,2.0,0.7245880861850444,1.3684410646387832,0.2877059569074778,0.8561470215462611,2.7684410646387834,2.112294043092522,,,,,1.5807351077313054
468309,2025-02-04,Real Valladolid,ES1,1,1890,21,6.45,1890.0,,0.04000000000000001,0.07,24.5,13.0,3.0,0.7,2.6,1.3,2.4,6.8,4.2,,,,,1.7
908621,2025-02-08,Getafe,ES1,2,443,9,,443.0,,,,,1.0,,,,,,,,,,,,
357628,2025-07-01,Celta de Vigo,ES1,1,1372,26,6.769999999999999,1372.0,0.33,0.3,0.14,16.7,24.0,4.0,1.6,0.5,0.3,0.2,1.0,2.4,,,,,1.0
413262,2025-07-01,CD Leganés,ES1,1,1890,29,7.3,1890.0,0.38,0.36,0.22,19.0,47.0,12.0,2.2,1.8,0.7,0.8,3.4,4.3,,,,,1.9
94308,2025-07-01,CD Leganés,ES1,2,4050,45,7.140000000000001,4050.0,,,0.0,11.2,2.0,,0.0,0.0,,1.5,1.5,9.8,12.0,3.3,68.0,1.5,0.0
234811,2025-07-01,Real Betis,ES1,2,3825,43,6.78,3825.0,,,0.0,20.1,2.0,,0.0,,0.0,0.8,0.8,8.6,13.0,3.2,70.7,1.3,0.1
733576,2025-07-01,UD Las Palmas,ES1,2,4534,63,6.84420379355977,4534.0,0.1800727834142038,0.14811645346272606,0.1279708866343185,27.698544331715926,68.0,10.0,2.3789810322011467,0.8202911336568152,0.4804367004852228,0.2797088663431848,1.620291133656815,3.9616012351124836,,,,,0.9202911336568153
1064471,2025-07-01,Celta de Vigo,ES1,1,668,17,,668.0,,,,,14.0,3.0,,,,,,,,,,,
785353,2025-07-01,CA Osasuna,ES1,2,2430,61,6.490609053497942,2430.0,0.07469547325102881,0.14286831275720163,0.058172839506172844,26.393909465020577,18.0,5.0,0.7591358024691359,1.4,1.0182716049382716,1.3530452674897118,4.077407407407407,4.792139917695473,,,,,2.0469547325102884
93936,2025-07-01,Alavés,ES1,2,3971,68,6.749166456811886,3971.0,0.36338201964240746,0.4000982120372702,0.07073533115084361,13.142155628305213,31.0,2.0,0.6789221858473936,0.6284311256610425,0.03578443716947872,0.8,1.6642155628305213,3.2357844371694786,,,,,1.6642155628305213
563137,2025-07-01,RCD Mallorca,ES1,2,3191,51,6.873729238483234,3191.0,0.058060169225947984,0.11612033845189597,0.11193983077405202,23.88210592290818,54.0,11.0,2.51939830774052,2.1596991538702603,1.0612033845189597,0.36120338451895956,3.582105922908179,6.182105922908179,,,,,0.8209025383892197
561613,2025-07-01,Espanyol,ES1,1,3420,38,7.18,3420.0,,0.0,0.0,18.7,,,,,,1.0,1.0,10.3,8.0,3.8,74.1,1.3,
441170,2025-07-01,CD Leganés,ES1,1,2592,32,6.929999999999999,2592.0,0.029999999999999995,0.029999999999999995,0.04,26.7,11.0,1.0,0.7999999999999999,2.5,1.8,4.5,9.4,4.2,,,,,1.5
1190411,2025-07-02,Real Betis,ES1,1,1119,21,6.75,1119.0,0.16,0.18,0.06,18.8,8.0,,2.4,1.3,0.5,0.2,1.9,4.7,,,,,1.4
548111,2025-07-02,Villarreal,ES1,2,5201,66,7.395060565275909,5201.0,0.15504902903287832,0.2649913478177274,0.3850317246683331,27.59948086906364,179.0,38.0,0.7999423187848491,1.099942318784849,0.6500865218227264,0.5499711593924245,2.3,4.400230724860603,,,,,1.6499134781772737
548188,2025-07-03,Valencia,ES1,1,142,8,,142.0,,,,,1.0,,,,,,,,,,,,
282421,2025-07-04,UD Las Palmas,ES1,2,5236,72,6.724090909090909,5236.0,0.05021390374331551,0.06526737967914438,0.06989304812834225,31.972994652406417,53.0,6.0,0.5989304812834224,1.4989304812834223,0.8978609625668451,0.8978609625668451,3.445187165775401,3.9000000000000004,,,,,1.1010695187165775
461617,2025-07-04,Atlético,ES1,2,2030,50,6.81,2030.0,0.18,0.16,0.21999999999999997,27.0,43.0,11.0,1.4,1.8,0.5,0.8,3.1,5.8,,,,,0.7
423440,2025-07-06,Real Sociedad,ES1,2,5617,67,7.1209008367455935,5617.0,0.09781377959765,0.08472672244970625,0.054180167349118756,44.805465551005874,35.0,3.0,0.505465551005875,1.9636638775146877,1.3,2.063663877514687,5.738258857041125,4.961741142958875,,,,,1.2527327755029376
240692,2025-07-08,Atlético,ES1,2,1658,35,,1658.0,,0.01,0.02,42.1,7.0,1.0,0.4,1.7,1.5,3.1,6.8,5.0,,,,,1.8
937941,2025-07-09,Villarreal,ES1,1,2322,35,6.92,2322.0,0.43,0.48,0.08,8.0,24.0,7.0,0.7,0.4,,0.7,1.2,1.4,,,,,1.8000000000000003
895334,2025-07-10,Valencia,ES1,2,1677,29,,1677.0,,,,,3.0,,,,,,,,,,,,
720038,2025-07-14,Barcelona,ES1,2,998,36,6.32,998.0,,0.1,0.19,46.4,19.0,1.0,0.8,0.7,0.5,0.4,1.8,5.5,,,,,1.0
290273,2025-07-14,Espanyol,ES1,1,1234,28,6.640000000000001,1234.0,0.07,0.05,0.26,26.0,33.0,6.0,0.2,1.0,0.9000000000000001,2.0,4.1,4.7,,,,,1.0
27992,2025-07-14,Real Madrid,ES1,2,3504,67,7.225573630136986,3504.0,0.1048087899543379,0.07519121004566211,0.2859560502283105,79.88958333333332,121.0,29.0,0.8923515981735161,1.3557363013698631,1.2038242009132423,0.455736301369863,3.31912100456621,5.055736301369864,,,,,1.051912100456621
624942,2025-07-15,Real Valladolid,ES1,1,2346,33,6.94,2346.0,0.15,0.16,0.21,17.1,44.0,8.0,2.2,0.8,0.4,0.7,2.0,3.3,,,,,0.2
1390649,2025-07-16,CD Leganés,ES1,1,543,10,,543.0,,,,,14.0,,,,,,,,,,,,
625660,2025-07-16,Real Sociedad,ES1,2,1203,36,6.48,1203.0,0.11,0.1,0.08,33.0,12.0,2.0,0.3,2.2,1.6,1.1,5.1,4.4,,,,,1.6
255906,2025-07-16,UD Las Palmas,ES1,1,2467,29,6.51,2467.0,,0.04,0.02,46.4,4.0,2.0,0.1,0.8,0.3,5.9,8.0,2.5,,,,,0.5
689505,2025-07-16,Real Betis,ES1,2,3474,45,7.07,3474.0,0.13,0.09,0.029999999999999995,39.9,17.0,2.0,1.1,2.3,2.0,2.6,7.5,5.8,,,,,1.6
488626,2025-07-22,CA Osasuna,ES1,2,5749,73,6.839999999999999,5749.0,0.03,0.009999999999999998,0.0946286310662724,25.05543572795269,66.0,10.0,1.0702904853017916,1.5,0.3851452426508958,1.9908505827100365,4.214854757349104,3.8628631066272394,,,,,0.9462863106627241
646750,2025-07-24,Valencia,ES1,2,6394,73,6.7826931498279635,6394.0,0.03,0.01480763215514545,0.005192367844854552,45.890428526743825,1.0,,0.1480763215514545,1.596152643102909,0.996152643102909,3.540381607757272,6.836534250860182,4.767313106036909,,,,,0.5442289646543634
284854,2025-07-24,Getafe,ES1,2,2553,53,6.568280454367411,2553.0,0.09,0.09788875832354092,0.08394437916177047,25.697218958088524,40.0,6.0,0.7422248335291813,1.7366627497062284,0.21833137485311402,0.6577751664708187,2.79165687426557,3.9127692910301604,,,,,1.454994124559342
707572,2025-07-25,Barcelona,ES1,1,308,21,,308.0,0.58,0.8800000000000001,0.12000000000000001,28.299999999999997,8.0,1.0,2.0,0.8999999999999999,0.6,1.2,2.9,4.1,,,,,2.0
520840,2025-07-28,RCD Mallorca,ES1,2,2858,44,6.812039888033589,2858.0,0.07,0.03467109867039888,0.01934219734079776,34.14996501049685,4.0,1.0,0.2467109867039888,2.3072428271518546,1.5605318404478656,5.091427571728481,9.678936319104269,3.8210636808957306,,,,,1.9736878936319104
92947,2025-08-07,Espanyol,ES1,1,662,12,,662.0,,,,,,,,,,,,,,,,,
318523,2025-08-08,Real Betis,ES1,1,1998,28,6.77,1998.0,0.09,0.02,0.06,32.8,16.0,4.0,0.5,1.6,1.0,2.7,5.5,4.3,,,,,1.2
353032,2025-08-12,Getafe,ES1,1,2978,34,7.180000000000001,2978.0,0.030000000000000002,0.05,0.030000000000000002,21.8,11.0,2.0,0.5,1.3,1.1,7.200000000000001,10.3,3.5,,,,,1.0
35047,2025-08-12,Atlético,ES1,2,3381,46,6.96,3381.0,0.04,0.08,0.04,47.5,19.0,3.0,0.4,1.3,1.1,2.0,4.8,5.9,,,,,1.2
622988,2025-08-15,Valencia,ES1,2,1787,55,6.48,1787.0,0.15,0.12595970900951314,0.14641857862339114,20.61376608841634,20.0,7.0,1.0928371572467823,1.6260772243984332,0.2237828763290431,0.4381085618354784,2.457022943480694,5.642977056519306,,,,,1.2071628427532175
286384,2025-08-18,Villarreal,ES1,2,1854,27,,1854.0,,,,,3.0,,,,,,,,,,,,
316884,2025-08-18,RCD Mallorca,ES1,1,2790,31,6.91,2790.0,,,0.0,19.7,,,0.1,,,0.9,0.9,7.7,7.0,2.7,71.4,1.1,
525299,2025-08-19,Girona,ES1,1,2464,29,6.930000000000001,2464.0,0.04,0.060000000000000005,0.17,36.9,41.0,6.0,1.1,1.4,0.6,1.1,3.3,5.3,,,,,1.1
358115,2025-08-21,Real Valladolid,ES1,1,2558,30,6.3,2558.0,,0.01,0.09,24.8,27.0,4.0,0.4,1.4,1.0,2.6,5.4,2.7,,,,,0.5
730581,2025-08-21,Sevilla FC,ES1,1,2687,32,6.97,2687.0,0.03,0.02,0.01,52.1,4.0,1.0,0.6,1.5999999999999999,1.0,5.4,8.3,4.6,,,,,0.9
221316,2025-08-26,Real Madrid,ES1,1,2193,32,7.06,2193.0,0.04,0.05999999999999999,0.16,51.8,33.0,8.0,0.8,2.4,0.7,1.3,4.6,3.4,,,,,1.2
57500,2025-08-29,Atlético,ES1,2,2095,31,,2095.0,,,,,6.0,1.0,,,,,,,,,,,
165007,2025-08-29,Villarreal,ES1,2,2006,51,6.589999999999999,2006.0,0.08691924227318047,0.0839282153539382,0.15785643070787636,40.3902293120638,37.0,5.0,1.5700897308075772,1.5897308075772683,0.4299102691924227,0.7102691924227318,2.8299102691924225,5.271884346959123,,,,,0.9709870388833499
476219,2025-08-30,Girona,ES1,2,920,18,,920.0,,,,,4.0,,,,,,,,,,,,
633056,2025-09-01,Real Valladolid,ES1,1,855,13,,855.0,,,,,2.0,,,,,,,,,,,,
188888,2025-09-01,Real Sociedad,ES1,1,994,22,6.43,994.0,0.18,0.18,0.15,17.0,8.0,4.0,0.4,0.3,0.1,0.9,1.3,2.7,,,,,0.7
378293,2025-09-01,Girona,ES1,1,2263,29,6.99,2263.0,0.16,0.14,0.05,34.1,17.0,5.0,0.8,2.6,1.2,1.9,6.1,4.2,,,,,2.9
297070,2025-09-01,Real Sociedad,ES1,1,706,11,,706.0,,,,,4.0,1.0,,,,,,,,,,,
303259,2025-09-01,Sevilla FC,ES1,2,3278,40,7.110000000000001,3278.0,0.32,0.29,0.12,21.699999999999996,63.0,10.0,2.4,0.6,0.3,0.4,1.4,3.5,,,,,1.1
401583,2025-09-02,CD Leganés,ES1,1,294,14,,294.0,,,,,2.0,1.0,,,,,,,,,,,
448628,2026-01-01,Atlético,ES1,1,1790,25,7.05,1790.0,,0.010000000000000002,0.15,34.3,15.0,8.0,1.4,2.6,0.6,2.1,5.4,3.6,,,,,1.9
340853,2026-01-05,Real Valladolid,ES1,1,2031,25,6.32,2031.0,0.09,0.02,0.02,44.7,6.0,1.0,0.1,1.2,1.0,4.9,8.2,2.5,,,,,0.8
488362,2026-01-14,Atlético,ES1,2,2297,51,6.752882020026122,2297.0,0.19895080539834567,0.14999999999999997,0.06289508053983457,40.24754026991728,16.0,2.0,0.7552459730082717,2.442098389203309,1.2158032215933825,0.913147583804963,4.9,5.552590335219852,,,,,1.973704832390074
405885,2026-01-15,Atlético,ES1,1,226,12,,226.0,,,,,4.0,2.0,,,,,,,,,,,
423444,2026-01-20,Celta de Vigo,ES1,1,2426,34,6.73,2426.0,0.07,0.04,0.07,48.6,15.0,4.0,0.4,1.9,1.0,1.2,4.3,4.4,,,,,1.3
48634,2020-01-06,Sochi,RU1,1,1338,16,6.61,1338.0,0.07,,,34.6,12.0,,0.4,2.2,1.4,2.4,6.6,4.6,,,,,1.3
319452,2020-07-01,FC Rubin Kazan,RU1,1,416,11,,416.0,,,,,3.0,,,,,,,,,,,,
59187,2020-08-01,AO FK Zenit Sankt-Peterburg,RU1,2,2065,33,6.86,2065.0,0.06,,,36.9,40.0,3.0,0.5,1.3,1.1,0.7000000000000001,3.5,5.7,,,,,0.9
46635,2020-08-01,AO FK Zenit Sankt-Peterburg,RU1,2,2213,35,6.62,2213.0,,,,50.20000000000001,20.0,6.0,0.5,1.4,1.8999999999999997,1.1,4.4,4.3,,,,,1.2
25035,2020-08-03,PFK Krylya Sovetov Samara,RU1,2,3510,39,6.397692307692308,3510.0,,,,14.243589743589743,2.0,,,0.1,0.1,0.35128205128205126,0.4512820512820513,10.62051282051282,10.0,4.651282051282052,76.10512820512821,1.4538461538461538,0.1
400713,2020-08-03,Ufa,RU1,2,4785,56,7.059216300940439,4785.0,0.2249216300940439,,,32.10282131661442,65.0,4.0,0.35078369905956114,1.5476489028213165,1.1539184952978057,1.4031347962382446,4.407836990595611,5.6952978056426335,,,,,1.34294670846395
49788,2020-08-03,FK Sochi,RU1,2,1404,37,5.962514245014246,1404.0,0.32448005698005694,,,14.46937321937322,9.0,,0.30491452991452994,0.26502849002849,0.2,0.8846866096866096,1.40982905982906,2.56994301994302,,,,,1.86994301994302
126337,2020-08-06,Ufa,RU1,2,3002,37,6.717871419053963,3002.0,,,,32.2890073284477,3.0,1.0,0.2754830113257828,0.9,1.3122584943371085,6.196135909393737,9.557428381079282,4.126449033977348,,,,,0.8683877415056629
106675,2020-08-06,Dynamo Moscow,RU1,2,2487,48,6.3527301970245285,2487.0,0.1814435062324085,,,23.700522718134298,27.0,3.0,0.7850422195416165,0.8,0.5283474065138721,0.35721753116204263,1.8427824688379575,3.743305186972256,,,,,1.0866103739445114
38340,2020-08-23,FK Rostov,RU1,2,2120,28,6.98,2120.0,0.23,,,34.1,41.0,4.0,1.4,1.2,0.9,1.6,3.9,6.7,,,,,1.7
127074,2020-09-01,Ural Yekaterinburg,RU1,1,1180,16,6.44,1180.0,,,,54.7,7.0,1.0,0.8,1.6,1.4,2.7,5.9,8.0,,,,,2.4
255450,2020-09-04,Loko Moscow,RU1,2,2576,31,7.41,2576.0,0.48,,,36.5,77.0,13.0,1.9,1.3,0.7,0.2,2.3,6.4,,,,,0.8
315252,2020-09-07,Arsenal Tula,RU1,1,1972,27,6.66,1972.0,0.14,,,19.8,31.0,3.0,2.8,1.3,0.5,0.3,2.1,4.3,,,,,1.2
97541,2020-09-07,Dynamo Moscow,RU1,1,1422,21,6.69,1422.0,0.06,,,49.2,43.0,4.0,0.8,2.5,1.3,0.5,4.6,7.2,,,,,2.2
36827,2020-09-15,AO FK Zenit Sankt-Peterburg,RU1,1,2221,25,7.13,2221.0,0.16,,,45.8,7.0,,0.1,0.7,0.9,3.3,5.4,5.5,,,,,0.4
358166,2020-10-01,Rostov,RU1,2,3009,36,6.76,3009.0,0.42,,,14.199999999999998,46.0,6.0,0.6,0.8999999999999999,0.2,1.0,2.1,3.7000000000000006,,,,,1.8999999999999997
105506,2020-10-01,Tambov,RU1,1,1555,20,6.660000000000001,1555.0,0.41,,,18.3,21.0,2.0,0.9,0.5,0.2,0.8,1.5,3.0,,,,,1.1
55336,2020-10-01,Akhmat Grozny,RU1,1,1849,24,6.67,1849.0,0.19,,,29.2,24.0,1.0,0.4,1.7,0.8,1.6,4.3,4.5,,,,,1.5
16791,2020-10-05,FK Krasnodar,RU1,1,832,16,6.64,832.0,0.22,,,47.3,22.0,5.0,2.6000000000000005,1.1,0.3,,1.5,5.200000000000001,,,,,1.2
282544,2020-10-05,Zenit S-Pb,RU1,2,561,19,,561.0,,,,,13.0,1.0,,,,,,,,,,,
274694,2020-10-05,Ufa,RU1,2,2585,29,6.83,2585.0,,,,31.9,10.0,,0.2,1.5,2.0,3.1,7.1,4.9,,,,,0.7
55356,2020-10-15,Rostov,RU1,1,2120,25,7.05,2120.0,0.25,,,20.1,58.0,14.0,0.6,0.8,0.4,0.3,1.5,3.8,,,,,0.4
176618,2020-10-16,FC Rubin Kazan,RU1,1,1355,20,6.43,1355.0,,,,24.5,15.0,4.0,0.9,1.1,0.6,0.8,2.8,4.5,,,,,0.6
16756,2021-01-21,Akhmat Grozny,RU1,1,2214,27,6.6,2214.0,0.04,,,40.9,35.0,1.0,0.7,1.3,0.4,0.9,2.8,4.5,,,,,1.3
89086,2021-01-27,Spartak Moscow,RU1,2,1242,18,,1242.0,,,,,19.0,1.0,,,,,,,,,,,
375668,2021-01-29,Zenit S-Pb,RU1,1,310,9,,310.0,,,,,1.0,,,,,,,,,,,,
275159,2021-02-01,Tambov,RU1,1,1973,27,6.38,1973.0,0.32,,,13.0,9.0,2.0,0.8,1.6,0.8,0.8,3.5,3.1,,,,,1.5
379634,2021-02-01,Tambov,RU1,1,1710,19,6.5,1710.0,0.05,,,26.2,2.0,,0.1,1.0,1.3,4.8,8.4,3.6,,,,,1.3
230929,2021-02-24,FK Ufa,RU1,1,1455,19,6.660000000000001,1455.0,0.06,,,25.3,20.0,3.0,0.4,1.0,0.9,0.8,2.9,4.8,,,,,0.6
143891,2021-07-01,Dynamo Moscow,RU1,2,1647,27,6.950000000000001,1647.0,0.57,,,29.1,29.0,2.0,1.6,1.1,0.7,0.4,2.2,3.3999999999999995,,,,,1.1
382535,2021-07-01,Akhmat Grozny,RU1,2,3098,36,6.79,3098.0,,,,27.6,26.0,5.0,0.4,1.8000000000000003,1.9,1.5,5.4,4.4,,,,,1.0
623274,2021-07-01,Loko Moscow,RU1,1,714,10,,714.0,,,,,,,,,,,,,,,,,
457743,2021-07-01,Khimki,RU1,2,1615,28,6.35,1615.0,0.18000000000000002,,,12.5,14.0,2.0,0.5,0.2,0.4,1.2,2.0,2.5,,,,,2.3
486083,2021-07-01,Zenit S-Pb,RU1,2,969,15,,969.0,,,,,4.0,,,,,,,,,,,,
220650,2021-07-01,Akhmat Grozny,RU1,2,3742,54,6.402095136290754,3742.0,0.3633992517370391,,,11.437252805986104,33.0,2.0,1.0915018706574025,0.6542490646712987,0.30849812934259757,0.41699625868519513,1.4254943880277926,3.2254943880277924,,,,,1.7372528059861034
267396,2021-07-02,Ural,RU1,2,2443,28,6.93,2443.0,0.05,,,32.8,30.0,3.0,0.4,1.4,2.3,2.3,6.2,5.0,,,,,1.3
231873,2021-07-02,FK Sochi,RU1,2,2455,33,6.84,2455.0,0.06,,,28.65254582484725,10.0,2.0,,1.2211812627291243,2.1945010183299387,3.6364562118126273,7.441547861507129,3.8419551934826885,,,,,0.5
214257,2021-07-06,FK Sochi,RU1,2,1938,36,6.27,1938.0,,,,16.5796697626419,27.0,4.0,0.3559339525283797,1.6919504643962848,1.2839009287925696,2.1839009287925695,5.267801857585139,3.852115583075335,,,,,1.3199174406604748
70074,2021-07-08,Arsenal Tula,RU1,2,896,10,,896.0,,,,,,,,,,,,,,,,,
100160,2021-07-19,FK Sochi,RU1,2,4204,48,6.830423406279734,4204.0,0.08453853472882969,,,34.43192197906755,4.0,,0.10000000000000002,1.1159609895337774,1.3000000000000003,5.1386536631779265,8.215960989533777,4.66384395813511,,,,,0.754614652711703
258987,2021-07-21,Rubin Kazan,RU1,2,3492,39,6.929999999999999,3492.0,0.09999999999999999,,,40.0,3.0,,0.0,1.1,1.5,4.0,7.3,3.0,,,,,0.5
193592,2021-07-21,Krasnodar,RU1,2,3657,53,6.829999999999999,3657.0,0.1019469510527755,,,54.95020508613619,69.0,3.0,0.6111019961717256,1.7305715066994807,1.2888980038282745,0.6527754990429313,3.9666940114848237,5.827754990429313,,,,,1.641673502871206
46635,2021-07-23,FK Krasnodar,RU1,2,2213,35,6.62,2213.0,,,,50.20000000000001,20.0,6.0,0.5,1.4,1.8999999999999997,1.1,4.4,4.3,,,,,1.2
50617,2021-07-23,Ural Yekaterinburg,RU1,1,1478,17,6.990000000000001,1478.0,0.06,,,46.8,8.0,1.0,0.3,1.1,2.5,2.9,7.1,6.5,,,,,0.8
381714,2021-07-23,FK Sochi,RU1,1,585,20,,585.0,,,,30.5,12.0,1.0,0.9,1.5,1.2,0.2,3.4,5.2,,,,,1.1
45184,2021-08-02,"Футбольный клуб ""Локомотив"" Москва",RU1,2,3542,41,7.415355731225296,3542.0,0.3310220214568041,,,49.23066064370412,49.0,10.0,0.7826651609260304,1.2913325804630151,1.3913325804630154,0.6811123658949746,3.6275550536420105,6.900000000000001,,,,,1.163777526821005
461701,2021-08-04,CSKA Moscow,RU1,2,2193,47,6.662216142270863,2193.0,0.2,,,28.186046511627907,31.0,4.0,0.8900136798905609,1.2,1.6359781121751027,1.0160054719562244,4.141997264021888,5.060054719562244,,,,,1.1779753761969904
599203,2021-08-06,Rubin Kazan,RU1,2,3471,53,7.001172572745606,3471.0,0.2582080092192452,,,15.206856813598387,58.0,7.0,2.411725727456065,1.923451454912129,1.0469029098242582,0.32345145491212907,3.449668683376548,4.937942955920484,,,,,1.455862863728032
293200,2021-08-31,CSKA Moscow,RU1,2,2567,31,7.42,2567.0,0.44,,,35.8,79.0,7.0,1.7,0.7,0.3,0.1,1.2,4.9,,,,,1.2
535974,2021-09-02,CSKA Moscow,RU1,1,2089,26,7.04,2089.0,0.04,,,36.6,20.0,2.0,0.6,2.7,2.1,0.7,5.7,6.2,,,,,1.4
178400,2021-09-07,Akhmat Grozny,RU1,1,1008,16,6.59,1008.0,0.09,,,28.8,1.0,,,1.0,2.3,4.2,8.1,2.9,,,,,1.1
332554,2021-09-07,FC Khimki (-2025),RU1,1,372,8,,372.0,,,,,5.0,1.0,,,,,,,,,,,
621436,2022-01-01,Arsenal Tula,RU1,1,1243,25,6.57,1243.0,0.21999999999999997,,,17.1,15.0,4.0,1.5,2.5,1.1,1.2,4.9,5.5,,,,,2.2
50355,2022-01-12,Loko Moscow,RU1,1,1384,21,6.950000000000001,1384.0,0.45999999999999996,,,20.2,22.0,6.0,1.2,0.5,0.1,0.3,0.8,2.7,,,,,0.8
455016,2022-01-25,Ural,RU1,1,648,11,,648.0,,,,,6.0,1.0,,,,,,,,,,,
276896,2022-01-29,Spartak Moscow,RU1,2,4546,53,7.174326880774307,4546.0,0.10029916410030795,,,44.91944566652002,19.0,2.0,0.49850417949846015,1.4567311922569293,1.9462604487461506,3.2955125384953807,7.450747910250771,5.707479102507699,,,,,1.14925208974923
180337,2022-01-30,Zenit S-Pb,RU1,2,2706,39,7.3148780487804865,2706.0,0.8619512195121951,,,13.485365853658534,34.0,3.0,0.6,0.6642276422764227,0.3357723577235772,0.5715447154471545,1.6146341463414633,1.9357723577235773,,,,,0.7073170731707317
116598,2022-03-30,Krasnodar,RU1,2,3050,42,7.068534426229508,3050.0,0.2673180327868852,,,28.978065573770493,54.0,12.0,0.8560983606557379,1.443901639344262,0.9073114754098361,0.7317049180327868,3.0951147540983612,3.902426229508197,,,,,1.0317049180327869
220650,2022-07-01,Krasnodar,RU1,2,2958,50,6.596078431372548,2958.0,0.39686274509803926,,,11.519607843137255,30.0,2.0,1.0,0.7941176470588235,0.3686274509803922,0.8509803921568627,1.9823529411764707,3.374509803921568,,,,,1.4745098039215687
362667,2022-07-01,FK Sochi,RU1,1,1859,22,7.36,1859.0,0.68,,,17.4,31.0,4.0,0.5,0.4,,0.4,0.9,2.2,,,,,0.6
263962,2022-07-01,KS Samara,RU1,1,2451,30,7.2,2451.0,0.15,,,21.8,45.0,11.0,2.3,1.2,0.4,0.3,2.0,4.6,,,,,0.6
323710,2022-07-01,Ufa,RU1,1,2184,26,7.06,2184.0,0.08,,,33.7,12.0,1.0,0.4,1.1,2.2,3.4,7.4,5.4,,,,,0.7
296783,2022-07-01,Spartak Moscow,RU1,2,2138,32,6.709999999999999,2138.0,0.51,,,17.1,23.0,5.0,1.3,0.6,0.10000000000000002,0.6,1.3999999999999997,2.9,,,,,2.4
279242,2022-07-01,Spartak Moscow,RU1,2,2364,49,6.847956852791878,2364.0,0.09,,,26.801395939086294,81.0,8.0,1.834010152284264,1.041497461928934,0.35850253807106597,0.6000000000000001,2.0,3.70748730964467,,,,,1.62246192893401
187460,2022-07-01,FK Ufa,RU1,2,3105,48,6.562608695652174,3105.0,0.13,,,19.77855072463768,50.0,5.0,0.9710144927536232,0.9457971014492753,0.7457971014492754,0.9831884057971015,2.820579710144928,4.137391304347825,,,,,1.2747826086956522
98547,2022-07-01,Zenit S-Pb,RU1,1,630,7,,630.0,,,,,,,,,,,,,,,,,
16756,2022-07-01,Ufa,RU1,2,2299,45,6.960008699434537,2299.0,0.11574597651152677,,,40.617050891692045,20.0,2.0,0.397868638538495,1.597868638538495,1.30852544584602,0.9510656807307525,4.2595911265767725,8.425576337538061,,,,,0.8425402348847325
59597,2022-07-01,Loko Moscow,RU1,2,3883,47,7.050000000000001,3883.0,0.04,,,35.76701004378058,44.0,3.0,0.3,1.7,2.1590522791655937,2.140947720834406,6.379526139582796,5.2,,,,,1.379526139582797
406806,2022-07-01,CSKA Moscow,RU1,2,408,12,,408.0,,,,,8.0,1.0,,,,,,,,,,,
393864,2022-07-01,KS Samara,RU1,1,1889,29,6.98,1889.0,0.43,,,21.9,32.0,4.0,1.3,1.1,0.5,0.5,2.2,4.3,,,,,1.0
342389,2022-07-06,Rubin Kazan,RU1,1,1209,14,,1209.0,,,,,13.0,2.0,,,,,,,,,,,
510782,2022-07-07,FK Sochi,RU1,1,2265,26,7.539999999999999,2265.0,0.08,,,43.9,8.0,1.0,0.2,1.5,1.6,5.2,9.3,8.7,,,,,0.8
334440,2022-07-07,CSKA Moscow,RU1,2,1703,34,7.06,1703.0,0.09,,,39.8,35.0,5.0,1.1355842630651791,1.5,0.9,0.6,3.2,5.2,,,,,1.3288314738696418
260672,2022-07-08,Arsenal Tula,RU1,1,1567,24,6.55,1567.0,,,,27.5,14.0,2.0,1.3,1.8,0.5,0.5,2.9,5.5,,,,,1.2
371851,2022-07-14,CSKA Moscow,RU1,2,2459,33,7.120000000000001,2459.0,0.04,,,55.10000000000001,4.0,1.0,0.2,0.8,1.2,4.0,7.1,5.2,,,,,0.5
263963,2022-07-14,FC Rubin Kazan,RU1,2,2365,40,6.7804016913319245,2365.0,,0.01,0.0,29.60507399577167,23.0,3.0,0.719661733615222,2.633615221987315,1.1,1.3,5.186892177589852,5.306553911205074,,,,,1.946723044397463
422838,2022-07-15,Dynamo Moscow,RU1,2,3434,45,7.04,3434.0,0.04,,,43.22341292952825,13.0,2.0,0.3361677344205009,1.7808386721025045,2.736167734420501,3.4361677344205006,8.421258008153757,6.540419336051252,,,,,0.9042516016307512
567023,2022-07-15,Ufa,RU1,2,2418,34,7.09,2418.0,0.74,,,10.3,27.0,2.0,0.5,0.4,0.1,0.4,1.1,2.4,,,,,2.2
46635,2022-07-16,Arsenal Tula,RU1,2,3728,50,6.709039699570815,3728.0,0.04,,,42.377226394849785,36.0,4.0,0.5,1.3364002145922749,1.4548015021459229,1.2271995708154506,4.082001072961374,4.872398068669527,,,,,0.8820010729613732
496706,2022-07-18,Rubin Kazan,RU1,1,2250,25,6.56,2250.0,,,0.0,34.6,1.0,,0.3,1.1,1.6,4.6,8.2,4.5,,,,,0.4
607814,2022-07-22,Zenit S-Pb,RU1,2,1209,24,,1209.0,0.08,,,35.7,10.0,,1.4,2.8,1.4,1.8,6.3,7.8,,,,,1.4
169511,2022-07-24,Arsenal Tula,RU1,1,1472,18,6.619999999999999,1472.0,,,,34.9,2.0,,0.1,1.2,1.9,4.5,8.5,4.5,,,,,0.9
137206,2022-07-28,Zenit S-Pb,RU1,2,2133,41,6.97,2133.0,,,,47.9,40.0,7.0,0.3,1.8,2.1,1.0,5.1,6.4,,,,,1.2
241119,2022-07-29,Dynamo Moscow,RU1,2,1712,42,6.52,1712.0,0.2621086448598131,,,18.676752336448597,27.0,4.0,1.882710280373832,0.9021612149532711,0.4,0.16810747663551404,1.334053738317757,5.034053738317756,,,,,1.670268691588785
264796,2022-07-30,Ural,RU1,2,4168,51,7.154846449136277,4168.0,0.152447216890595,,,43.303071017274476,28.0,2.0,0.7390595009596929,1.9145873320537428,1.385412667946257,1.7463531669865642,5.678119001919386,7.851055662188099,,,,,1.4463531669865641
539065,2022-08-01,Loko Moscow,RU1,2,1419,21,6.9799999999999995,1419.0,,,,35.8,13.0,,1.6,2.0,1.8000000000000003,0.9000000000000001,4.8,6.6,,,,,1.2
214257,2022-08-15,FC Khimki (-2025),RU1,2,1809,29,6.72,1809.0,0.07,,,19.8,16.0,2.0,0.5,1.9000000000000001,1.0,1.2,4.4,4.1,,,,,1.3
152962,2022-09-04,Ufa,RU1,1,1622,26,6.73,1622.0,0.10999999999999999,,,32.6,10.0,1.0,0.7,1.3,1.3,1.3,4.2,7.7,,,,,1.5
448981,2023-01-01,KS Samara,RU1,1,1419,28,6.83,1419.0,0.44,,,18.7,26.0,6.0,1.1,1.3,0.3,0.3,2.0,3.2,,,,,1.2
516751,2023-01-01,KS Samara,RU1,1,352,28,6.370000000000001,352.0,0.51,,,28.4,13.0,3.0,3.8,1.0,0.3,,1.3,6.1,,,,,0.8
37838,2023-01-02,Zenit S-Pb,RU1,2,2528,29,7.49,2528.0,0.07,,,55.2,7.0,1.0,0.1,0.9,1.4,3.0,5.8,5.4,,,,,0.6
104700,2023-01-12,Khimki,RU1,1,1984,29,6.77,1984.0,0.23,,,15.7,18.0,5.0,0.4,1.2,0.8,1.1,3.1,3.3,,,,,0.7
285868,2023-01-27,Spartak Moscow,RU1,1,1025,18,6.64,1025.0,,,,41.0,5.0,3.0,0.6,1.2,2.5,1.9,5.9,5.4,,,,,1.3
301037,2023-01-31,Khimki,RU1,2,2341,30,6.77,2341.0,,,,39.3,13.0,,0.19999999999999998,1.7,1.7,2.2,6.1000000000000005,5.6,,,,,1.1
257468,2023-07-01,Khimki,RU1,2,1198,29,6.669999999999999,1198.0,0.12,,,34.9,23.0,,0.6,2.3,2.0,0.5,4.8,7.400000000000001,,,,,1.1
55356,2023-07-01,Krasnodar,RU1,2,3546,51,6.934774393683023,3546.0,0.22882684715172025,,,25.434207557811618,67.0,11.0,0.5,0.4,0.3522560631697687,0.3,1.0522560631697688,3.4045121263395375,,,,,0.39909757473209245
86097,2023-07-01,Fakel Voronezh,RU1,1,2118,28,7.0,2118.0,0.25,,,19.1,29.0,3.0,0.4,1.1,0.8,0.5,2.6,5.7,,,,,1.2
601852,2023-07-01,Krasnodar,RU1,2,1561,25,6.6,1561.0,,,,43.1,2.0,,0.1,1.4,1.3,3.4,6.7,3.9,,,,,0.7
393864,2023-07-01,FK Sochi,RU1,2,3211,55,6.831784490812831,3211.0,0.3641264403612582,,,21.982341949548427,52.0,6.0,1.0941451261289319,0.976487075677359,0.6235129243226409,0.3764870756773591,2.0764870756773592,4.176487075677359,,,,,1.0
391907,2023-07-01,Orenburg,RU1,1,1876,25,6.94,1876.0,0.14,,,25.2,18.0,3.0,0.4,2.1,1.5,1.6,5.9,5.3,,,,,1.2
372808,2023-07-01,Orenburg,RU1,1,1010,15,6.75,1010.0,,,,21.3,14.0,,1.3,1.3,1.3,1.2,4.2,4.4,,,,,0.7
353037,2023-07-10,CSKA Moscow,RU1,2,2644,35,7.48,2644.0,0.36,,,26.3,68.0,5.0,1.2,1.2,0.5,0.5,2.4,4.7,,,,,0.7
279570,2023-07-12,Zenit S-Pb,RU1,2,3482,48,7.453719126938541,3482.0,0.24,,,48.21588167719702,55.0,8.0,0.7537909247558874,2.3613727742676622,1.4386272257323378,0.4924181504882251,4.546209075244112,5.846209075244112,,,,,1.0772544514646756
189485,2023-07-17,Krasnodar,RU1,2,3270,39,7.290000000000001,3270.0,0.08,,,47.3,38.0,2.0,0.7,1.8,1.3,2.1,5.5,6.7,,,,,1.0
334477,2023-07-25,FK Sochi,RU1,2,2491,28,6.21,2491.0,,,,16.5,,,,0.1,,0.6,0.7,7.1,7.0,3.2,64.6,1.7,
74081,2023-08-09,FK Sochi,RU1,1,2383,27,6.82,2383.0,,,,41.2,18.0,2.0,0.1,1.4,2.2,1.1,5.0,5.1,,,,,1.3
288121,2023-08-15,Khimki,RU1,1,772,11,,772.0,,,,,3.0,,,,,,,,,,,,
555143,2023-08-19,Dynamo Moscow,RU1,2,2393,30,7.43,2393.0,0.16,,,34.7,81.0,7.0,0.9,1.6,0.8,0.8,3.3,5.2,,,,,1.2
354145,2023-08-27,CSKA Moscow,RU1,2,3016,49,7.3264323607427055,3016.0,0.35,,,31.589389920424406,74.0,13.0,2.9084880636604775,2.2441644562334218,0.5,0.1,2.793633952254642,6.1,,,,,1.546286472148541
655456,2023-08-31,Dynamo Moscow,RU1,2,2051,28,6.92,2051.0,0.05,,,35.6,2.0,1.0,,1.6,2.0,3.0,7.2,5.9,,,,,1.3
334440,2024-01-09,Krasnodar,RU1,1,1021,27,6.94,1021.0,0.18,,,33.6,24.0,4.0,2.2,1.4,1.0,0.7,3.2,4.8,,,,,0.9
494954,2024-02-09,Orenburg,RU1,1,1262,20,7.09,1262.0,0.14,,,46.2,13.0,,1.2,1.8999999999999997,1.7000000000000002,0.7,4.6,8.1,,,,,0.7
59352,2024-06-28,Rubin Kazan,RU1,1,1670,20,7.1,1670.0,0.16,,,31.5,4.0,,0.2,1.6,1.3,3.9,7.4,4.6,,,,,0.7
372535,2024-07-01,Zenit S-Pb,RU1,2,1102,31,,1102.0,,,,55.199999999999996,20.0,2.0,0.9,1.9000000000000001,1.5,1.5,5.1,6.0,,,,,1.2
379637,2024-07-01,Fakel Voronezh,RU1,2,2771,51,6.585478166726814,2771.0,0.09,,,19.761097076867557,24.0,1.0,0.845867917719235,1.7726091663659327,0.6,1.1178274990977985,3.7082641645615295,4.707614579574161,,,,,1.3095633345362685
393699,2024-07-01,FK Sochi,RU1,1,998,12,,998.0,,,,,14.0,2.0,,,,,,,,,,,
448981,2024-07-01,Loko Moscow,RU1,2,4351,58,7.415998621006666,4351.0,0.32836589289818435,,,20.396368650884856,118.0,21.0,1.2527235118363595,0.901815674557573,0.4,0.44546081360606754,1.7472764881636405,3.096368650884854,,,,,0.996368650884854
268427,2024-07-01,Baltika,RU1,1,1151,26,6.63,1151.0,0.16,,,25.8,21.0,3.0,1.1,1.6,0.6,0.2,2.4,5.6,,,,,1.5
259849,2024-07-01,Baltika,RU1,1,1638,19,6.75,1638.0,,,,29.0,3.0,2.0,,0.9,1.3,5.7,8.9,5.2,,,,,0.5
296513,2024-07-01,Rostov,RU1,1,661,8,,661.0,,,,,,,,,,,,,2.0,,,,
318470,2024-07-01,Krasnodar,RU1,2,5085,57,6.78920353982301,5085.0,,,,26.728318584070795,4.0,1.0,0.1,0.0,,0.7,0.7,8.908849557522124,18.0,3.595575221238938,74.95575221238938,1.2345132743362832,0.0
220650,2024-07-01,Akhmat Grozny,RU1,2,2456,47,6.590358306188925,2456.0,0.21955211726384366,,,14.118566775244298,20.0,3.0,1.278745928338762,0.9203583061889251,0.3398208469055375,0.8805374592833876,2.2008957654723127,3.7574918566775244,,,,,1.3601791530944625
621397,2024-07-01,CSKA Moscow,RU1,2,1062,39,6.25,1062.0,,,,26.010263653483992,13.0,2.0,0.38540489642184567,2.4562146892655368,0.7892655367231639,0.9038606403013183,4.4124293785310735,5.738606403013183,,,,,2.7000000000000006
720287,2024-07-01,Baltika,RU1,2,803,12,,803.0,,,,,19.0,1.0,,,,,,,,,,,
211727,2024-07-04,Akhmat Grozny,RU1,2,4181,52,7.150899306386033,4181.0,0.2164051662281751,,,27.219086342980148,31.0,3.0,0.35056206649127003,2.20112413298254,1.60337239894762,1.64606553456111,6.10337239894762,5.64943793350873,,,,,0.9460655345611098
267383,2024-07-09,Loko Moscow,RU1,2,981,32,6.7,981.0,0.85,,,27.4,19.0,4.0,1.4,1.2,0.3,0.5,2.2,5.6,,,,,3.2
689628,2024-07-10,Orenburg,RU1,2,4181,55,7.26623295862234,4181.0,0.06608706051183927,,,42.48258789763215,83.0,17.0,1.5,1.0536235350394645,0.46087060511839273,0.3,1.9681176751973213,6.653623535039464,,,,,0.5391293948816073
371245,2024-07-15,Ural,RU1,1,1111,24,6.39,1111.0,0.16,,,14.3,17.0,3.0,1.0,0.3,0.1,0.6,1.0,1.9000000000000001,,,,,1.8
817700,2024-07-26,Ural,RU1,1,1184,26,6.65,1184.0,,,,12.7,21.0,3.0,1.1,1.9,0.4,0.5,2.7,4.8,,,,,0.9000000000000001
287183,2024-08-01,CSKA Moscow,RU1,2,2159,31,7.21,2159.0,0.52,,,22.8,47.0,6.0,0.8,0.9,0.5,0.3,1.9,3.2,,,,,1.0
371627,2024-08-05,Akhmat Grozny,RU1,2,3631,53,6.955651335720187,3631.0,0.17041586339851283,,,21.43351693748279,58.0,9.0,1.0,1.5905811071330211,0.3047094464334894,1.0094188928669787,2.9047094464334893,5.11467915174883,,,,,0.9952905535665107
371856,2024-08-13,FK Sochi,RU1,2,2259,30,6.91,2259.0,0.1,,,37.0,3.0,,0.0,1.1,0.7,5.5,8.1,4.4,,,,,1.1
811544,2024-08-16,Zenit S-Pb,RU1,2,839,23,6.43,839.0,,,0.0,23.399999999999995,11.0,1.0,1.7,2.0,0.8000000000000002,1.2,4.4,3.9,,,,,2.2
567023,2024-08-21,Akhmat Grozny,RU1,2,2639,47,6.550454717696097,2639.0,0.3430807123910572,0.0,0.0,8.620538082607048,25.0,4.0,0.5117847669571808,0.2779461917392952,0.1,0.6558923834785904,1.1117847669571808,1.9764304660856387,,,,,1.667677150435771
464259,2024-08-30,Spartak Moscow,RU1,2,2733,51,6.7766410537870465,2733.0,0.2949506037321625,0.03,0.010000000000000002,14.744785949506037,46.0,7.0,0.8616904500548848,0.5,0.13457738748627882,1.2345773874862789,1.9345773874862788,1.9962678375411635,,,,,2.1616904500548846
189740,2024-09-06,Baltika,RU1,1,1395,26,6.5,1395.0,0.39000000000000007,,,12.4,17.0,3.0,0.3,0.5,0.1,0.5,1.2,2.7,,,,,1.1
48067,2024-09-12,Loko Moscow,RU1,1,1415,21,6.94,1415.0,0.25,,,14.8,23.0,1.0,0.3,0.4,0.1,1.3,1.8,1.2,,,,,1.4
365261,2025-01-10,Dynamo Moscow,RU1,1,224,18,,224.0,0.4,,,8.4,1.0,,,1.6,0.8,0.4,2.8,2.4,,,,,1.6
494237,2025-02-01,Zenit S-Pb,RU1,2,622,21,,622.0,0.48000000000000004,,,8.3,2.0,,1.4,1.0,,0.3,1.3,1.9000000000000001,,,,,1.8
570423,2025-02-20,Rostov,RU1,1,2687,30,7.07,2687.0,0.07,,,33.3,22.0,1.0,0.19999999999999998,1.1,0.9,1.8,4.2,3.9,,,,,0.5
171072,2025-02-20,CSKA Moscow,RU1,1,2475,28,7.11,2475.0,0.04,,,42.0,17.0,1.0,0.3,1.4,1.5,1.5,4.7,6.4,,,,,1.4
318468,2025-07-01,Khimki,RU1,1,1402,29,6.48,1402.0,0.38999999999999996,0.029999999999999995,0.0,17.0,13.0,3.0,0.8,0.8,0.4,0.6,1.9,3.2,,,,,1.8
301037,2025-07-01,Khimki,RU1,1,2700,30,6.51,2700.0,,,0.0,32.1,10.0,,0.1,1.6,1.0,5.5,8.9,2.7,,,,,0.8
293829,2025-07-01,Rostov,RU1,2,4561,54,7.46445954834466,4561.0,0.2977022582766937,,0.0,52.62841482131111,35.0,1.0,0.2554045165533874,1.1216180662135495,1.3108090331067748,4.886472264854198,8.063494847621135,5.013527735145802,,,,,0.6
373374,2025-07-01,Orenburg,RU1,2,4199,53,7.2056346749226,4199.0,0.15019528459156944,,,18.442676827816143,75.0,14.0,1.5543939033103118,2.152441057394618,1.0990235770421528,0.9534174803524648,4.304882114789236,4.907811383662777,,,,,1.9009764229578472
254003,2025-07-01,Spartak Moscow,RU1,1,381,7,,381.0,,,,,,,,,,,,,,,,,
939065,2025-07-01,Fakel Voronezh,RU1,1,930,21,6.4,930.0,,0.01,0.02,23.4,13.0,2.0,0.2,2.3,0.9,2.0,5.5,4.0,,,,,0.9
911400,2025-07-01,Dinamo Makhach.,RU1,1,2124,26,6.74,2124.0,0.17,0.01,0.04,21.2,38.0,6.0,1.2,1.6,0.3,1.0,3.1,5.2,,,,,1.5
867082,2025-07-01,Dinamo Makhach.,RU1,1,991,28,6.42,991.0,0.09,,0.0,16.7,13.0,1.0,2.5,2.3,0.7,1.4,4.6,3.5,,,,,2.4
461701,2025-07-01,Loko Moscow,RU1,2,2491,45,6.847017262143717,2491.0,0.28641910879164995,,,23.2955439582497,32.0,4.0,0.8746286631874748,1.1671617824167,1.174628663187475,0.88358089120835,3.5253713368125252,4.974628663187475,,,,,0.6835808912083501
456814,2025-07-01,Orenburg,RU1,2,3539,43,6.671432608081379,3539.0,,0.0,0.0,28.872704153715738,34.0,4.0,0.6062164453235378,1.9,0.6583780729019497,2.6416219270980505,5.4,4.635405481774511,,,,,0.9708109635490252
582074,2025-07-01,Loko Moscow,RU1,2,1960,58,6.444647959183674,1960.0,0.4108724489795918,,0.0,11.12377551020408,22.0,3.0,0.4381122448979592,1.1237755102040816,0.2856632653061225,0.9381122448979592,2.485663265306122,2.628673469387755,,,,,2.5958163265306125
538954,2025-07-08,Khimki,RU1,1,1890,21,6.96,1890.0,,,0.0,17.3,,,,0.0,,0.7,0.8,8.8,5.0,4.1,71.1,1.7,0.0
419672,2025-07-09,Spartak Moscow,RU1,2,1293,33,6.49,1293.0,0.17,,,19.6,17.0,3.0,0.8,1.1,0.4,0.7,2.2,3.0,,,,,1.2
284843,2025-07-09,KS Samara,RU1,2,2663,38,6.9533496057078485,2663.0,0.21,,,21.471686068343974,25.0,4.0,0.9086744273375893,1.108674427337589,0.3,0.6514457378895981,2.108674427337589,4.663011641006383,,,,,0.4057829515583928
372730,2025-07-11,Orenburg,RU1,2,2737,50,6.716445012787724,2737.0,0.23419437340153454,,0.0,19.83248081841432,46.0,7.0,0.8355498721227622,0.8419437340153453,0.14194373401534527,0.14194373401534527,1.125831202046036,3.2999999999999994,,,,,1.2419437340153452
185024,2025-07-23,Khimki,RU1,2,1864,25,6.319999999999999,1864.0,,0.0,0.0,14.7,3.0,2.0,,1.0,0.6,6.4,9.9,2.3,,,,,0.5
923177,2025-07-24,Khimki,RU1,1,1080,14,,1080.0,,,,,1.0,,,,,,,,,,,,
203961,2025-07-24,KS Samara,RU1,2,3030,39,6.879762376237624,3030.0,0.060000000000000005,,,39.18198019801981,48.0,5.0,0.25168316831683163,1.9415841584158415,0.9067326732673268,2.6314851485148516,5.834851485148515,5.206732673267327,,,,,1.3966336633663368
811544,2025-07-25,Orenburg,RU1,2,839,23,6.43,839.0,,,0.0,23.399999999999995,11.0,1.0,1.7,2.0,0.8000000000000002,1.2,4.4,3.9,,,,,2.2
314944,2025-08-06,Spartak Moscow,RU1,2,371,13,,371.0,,,,,5.0,,,,,,,,,,,,
322616,2025-08-08,Fakel Voronezh,RU1,1,1411,27,6.260000000000001,1411.0,,,0.0,18.9,7.0,1.0,1.3,1.7,0.19999999999999998,1.4,3.5,4.7,,,,,2.3
403187,2025-08-20,Khimki,RU1,2,2086,26,6.680000000000001,2086.0,,0.030000000000000002,0.01,21.5,16.0,5.0,0.6999999999999998,1.8,0.6,2.9,5.8,3.4,,,,,1.3
267383,2025-09-04,CSKA Moscow,RU1,1,879,24,6.54,879.0,0.2,0.01,0.0,25.6,12.0,1.0,0.9,1.0,0.8,0.6,2.5,4.0,,,,,1.7
375857,2025-09-06,CSKA Moscow,RU1,1,964,20,6.51,964.0,0.09,,0.01,33.3,2.0,,0.6,0.7,0.5,1.3,2.7,3.3,,,,,0.9
393858,2025-09-11,KS Samara,RU1,1,2070,23,6.72,2070.0,,,,42.9,1.0,,0.0,1.2,1.1,6.1,9.3,3.1,,,,,0.7
851111,2026-01-11,Zenit S-Pb,RU1,1,1416,23,7.07,1416.0,0.64,0.01,0.0,18.2,17.0,3.0,0.7999999999999999,1.1,0.39999999999999997,0.7,2.5,3.0,,,,,1.3
532732,2026-01-11,CSKA Moscow,RU1,1,2312,26,7.5,2312.0,0.19,0.0,0.0,54.5,10.0,,0.2,1.5,0.6,5.4,8.1,4.4,,,,,0.7
615650,2026-01-24,Dinamo Makhach.,RU1,1,2520,28,7.170000000000001,2520.0,,0.0,0.0,23.2,12.0,,0.3,2.1,1.6,5.4,10.1,3.4,,,,,0.7
599203,2026-01-26,Dynamo Moscow,RU1,2,572,19,,572.0,,,,,11.0,3.0,,,,,,,,,,,
353404,2026-02-02,Krasnodar,RU1,1,468,12,,468.0,,,,,9.0,2.0,,,,,,,,,,,
720287,2026-02-12,Krasnodar,RU1,1,416,23,6.4,416.0,0.43,,0.0,22.300000000000004,6.0,,0.6,1.9,0.4,0.4,3.0,3.7,,,,,1.9
260827,2017-08-25,FC Twente,NL1,1,180,2,,180.0,,,,,,,,,,,,,,,,,
166240,2018-01-19,PSV Eindhoven,NL1,1,1253,15,,1253.0,,,,,22.0,5.0,,,,,,,,,,,
291739,2018-01-31,Vitesse,NL1,1,1607,19,7.32,1607.0,0.17,,,16.1,25.0,3.0,2.5,1.7,0.8,0.3,2.8,4.7,,,,,0.8
348863,2018-07-01,FC Groningen,NL1,1,2594,33,6.81,2594.0,0.03,,,32.9,35.0,4.0,1.3,1.7999999999999998,1.0,1.6000000000000003,4.7,6.2,,,,,1.6000000000000003
249157,2018-07-01,FC Twente,NL1,1,2516,30,6.49,2516.0,0.18,,,16.2,36.0,5.0,1.1,0.5,0.4,0.6,1.6,3.1,,,,,0.8
258519,2018-07-01,Twente FC,NL1,1,1779,22,6.73,1779.0,,,,25.1,11.0,1.0,0.2,4.0,1.5,3.1,8.9,5.1,,,,,1.4
330659,2018-07-01,Ajax,NL1,1,2334,30,7.51,2334.0,0.39,,,27.3,48.0,9.0,3.1,1.3,0.5,0.2,2.0,3.5999999999999996,,,,,1.6
315211,2018-07-01,Sparta R.,NL1,1,1973,24,6.5,1973.0,,,,28.1,14.0,2.0,1.0,2.1,2.3,3.7,8.3,6.8,,,,,1.3
321528,2018-07-01,Heerenveen,NL1,1,2940,33,6.88,2940.0,0.08999999999999998,,,30.2,29.0,9.0,1.5,2.3,1.3,3.0,6.9,6.2,,,,,2.1
93081,2018-07-01,Ajax,NL1,1,1080,12,,1080.0,,,,,13.0,1.0,,,,,,,,,,,
53696,2018-07-01,VVV-Venlo,NL1,1,2880,32,6.33,2880.0,,,,15.0,,,,,0.1,1.1,1.2,11.2,8.0,4.0,71.5,1.6,
228645,2018-07-01,AZ Alkmaar,NL1,1,2762,31,7.48,2762.0,0.59,,,21.4,39.0,4.0,0.39999999999999997,0.7,0.09999999999999999,1.3,2.3,2.5,,,,,1.2
182573,2018-07-01,FC Utrecht,NL1,1,2635,31,7.37,2635.0,0.2,,,31.9,64.0,10.0,1.6,2.6,1.0,1.1,4.8,6.2,,,,,1.3
182582,2018-07-01,AZ Alkmaar,NL1,1,1424,25,6.59,1424.0,0.13,,,40.4,31.0,5.0,0.4,1.2,0.4,0.4,2.0,5.799999999999999,,,,,1.0
183397,2018-07-01,Excelsior,NL1,1,2408,29,6.66,2408.0,0.3,,,10.0,28.0,4.0,1.4,0.9000000000000001,0.2,0.9000000000000001,2.2,2.6,,,,,1.6
187245,2018-07-01,Ajax,NL1,1,681,9,,681.0,,,,,8.0,,,,,,,,,,,,
207006,2018-07-01,PSV,NL1,1,2822,32,7.28,2822.0,0.03,,,35.0,42.0,9.0,1.4,2.4,1.5999999999999999,2.9,7.2,7.5,,,,,0.6
123349,2018-07-01,Utrecht,NL1,1,2549,29,7.41,2549.0,0.42,,,22.6,80.0,11.0,0.8,0.8,0.3,0.2,1.3,3.5999999999999996,,,,,1.7000000000000002
93393,2018-07-01,Willem II Tilburg,NL1,1,2816,32,6.5,2816.0,,,,34.2,4.0,,0.3,1.4,1.3,6.6,10.2,6.3,,,,,0.7
187301,2018-07-01,FC Groningen,NL1,1,1448,21,6.58,1448.0,0.06,,,34.1,16.0,1.0,0.3,1.6,1.6,5.0,8.9,7.0,,,,,0.7
206744,2018-07-01,PEC Zwolle,NL1,1,418,13,,418.0,,,,,3.0,,,,,,,,,,,,
203939,2018-07-01,FC Utrecht,NL1,1,488,8,,488.0,,,,,3.0,,,,,,,,,,,,
182420,2018-07-01,Sparta Rotterdam,NL1,1,1337,22,6.650000000000001,1337.0,0.13,,,18.6,25.0,4.0,1.8999999999999997,0.8000000000000002,0.3,0.5,1.7000000000000002,4.0,,,,,1.1
96167,2018-07-01,Ajax Amsterdam,NL1,1,848,13,,848.0,,,,,17.0,2.0,,,,,,,,,,,
175912,2018-07-01,FC Groningen,NL1,1,878,18,,878.0,0.41,,,11.699999999999998,13.0,2.0,0.8000000000000002,0.20000000000000004,,2.1,2.3,1.7,,,,,0.9
166959,2018-07-01,PEC Zwolle,NL1,1,2731,31,6.9,2731.0,0.36,,,21.4,35.0,1.0,0.4,1.0,0.8,0.5,2.3,4.5,,,,,0.7
237426,2018-07-01,Excelsior Rotterdam,NL1,1,2156,26,6.54,2156.0,0.21,,,22.5,10.0,2.0,0.4,2.0,1.3,3.3,7.1,4.2,,,,,1.4
224256,2018-07-01,Feyenoord Rotterdam,NL1,1,397,13,,397.0,,,,,10.0,2.0,,,,,,,,,,,
64507,2018-07-01,Roda JC Kerkrade,NL1,1,2775,33,6.91,2775.0,0.06,,,18.2,52.0,8.0,2.6,1.4,0.9,0.5,2.7,5.4,,,,,1.0
228572,2018-07-01,Excelsior Rotterdam,NL1,1,2922,33,7.239999999999999,2922.0,0.15,,,40.3,51.0,7.0,0.6,2.0,1.9000000000000001,1.4,5.8999999999999995,5.7,,,,,0.7999999999999999
56381,2018-07-06,Roda JC Kerkrade,NL1,1,2408,29,6.72,2408.0,0.07,,,36.0,23.0,4.0,0.5,1.5,1.7,6.0,10.2,5.1,,,,,1.1
73504,2018-07-11,Sparta Rotterdam,NL1,1,2523,29,6.38,2523.0,0.04,,,24.8,3.0,,0.1,2.1,1.8000000000000003,5.4,10.1,3.3,,,,,1.5
312493,2018-07-13,VVV-Venlo,NL1,1,2462,31,6.83,2462.0,0.18,,,19.7,42.0,6.0,0.5,1.8,0.8,0.9,3.6999999999999997,5.0,,,,,1.2
250464,2018-07-13,VVV-Venlo,NL1,1,2939,33,7.2,2939.0,0.31,,,36.3,60.0,4.0,0.4,1.5,0.7,1.7,4.2,5.9,,,,,0.7
303219,2018-07-16,Sparta R.,NL1,1,1565,20,6.96,1565.0,0.12,,,28.5,6.0,1.0,1.1,2.3,2.5,6.0,11.5,6.9,,,,,1.1
83946,2018-07-17,PEC Zwolle,NL1,1,2649,32,6.98,2649.0,0.27,,,21.5,69.0,5.0,2.6,1.0,0.4000000000000001,0.3,1.7000000000000002,5.2,,,,,1.1
123521,2018-07-25,Heracles Almelo,NL1,1,1486,23,6.39,1486.0,0.06,,,31.099999999999998,11.0,,1.5999999999999999,1.8,0.7999999999999999,1.4000000000000001,4.4,6.5,,,,,1.4000000000000001
213268,2018-07-25,AZ Alkmaar,NL1,1,2839,33,8.14,2839.0,0.67,,,32.8,79.0,20.0,3.5,2.2,0.5,0.1,2.8,5.1,,,,,1.3
250686,2018-07-27,ADO Den Haag,NL1,1,2560,34,6.959999999999999,2560.0,0.67,,,12.9,18.0,2.0,0.6,1.1,0.3,1.9,3.5,2.7,,,,,1.9
56628,2018-07-31,PEC Zwolle,NL1,1,1267,20,6.599999999999999,1267.0,0.07,,,40.2,16.0,1.0,0.1,1.1,0.8999999999999999,1.5,3.5999999999999996,5.0,,,,,0.8999999999999999
120443,2018-07-31,PSV,NL1,1,2664,30,7.420000000000001,2664.0,0.10000000000000002,,,37.0,55.0,6.0,0.8000000000000002,1.5,1.7000000000000002,2.1,5.4,7.199999999999999,,,,,0.8999999999999999
103444,2018-08-02,Excelsior,NL1,1,1350,15,,1350.0,,,,,,,,,,,,,2.0,,,,
203357,2018-08-10,PEC Zwolle,NL1,1,2711,31,7.269999999999999,2711.0,0.03,,,43.7,37.0,1.0,1.3,2.3,2.2,2.5,7.3,7.7,,,,,1.2
188905,2018-08-14,Excelsior Rotterdam,NL1,2,2565,47,6.198592592592592,2565.0,0.14240545808966862,,,15.057037037037038,22.0,5.0,0.6721637426900584,1.1240545808966862,0.6037816764132553,0.7721637426900585,2.675945419103314,3.7113450292397663,,,,,1.6721637426900586
305947,2018-08-14,PSV,NL1,2,1482,34,6.8,1482.0,0.4099999999999999,,,26.7,27.0,7.0,2.1,1.5,0.6,0.19999999999999998,2.5,4.5,,,,,1.2
60317,2018-08-22,FC Utrecht,NL1,2,2158,26,6.5,2158.0,,,,51.2,3.0,,0.1,0.7,0.8,4.2,6.3,6.0,,,,,0.4
287579,2018-08-24,Feyenoord,NL1,1,1190,21,6.66,1190.0,0.08,,,47.9,12.0,1.0,1.4,2.3,0.9,1.1,4.5,8.0,,,,,2.0
182574,2018-08-27,Feyenoord Rotterdam,NL1,2,1759,29,7.04,1759.0,0.32,,,29.4,44.0,10.0,1.9,2.2,0.9000000000000001,0.3,3.5,5.1,,,,,1.4
95673,2018-08-29,FC Groningen,NL1,2,2314,33,6.61,2314.0,0.5,,,13.4,24.0,1.0,0.4,0.5,0.3,1.1,2.3,2.5,,,,,1.4
143155,2018-08-30,FC Groningen,NL1,2,3015,53,6.348600331674958,3015.0,0.15,,,18.43253731343284,33.0,4.0,0.5790713101160863,2.0348922056384744,0.6813930348258707,0.7604643449419569,3.837213930348259,4.558142620232172,,,,,1.1790713101160863
393239,2018-08-31,Vitesse,NL1,2,2383,43,6.79,2383.0,0.32,,,17.7,45.0,8.0,1.7,1.3,0.4,0.7,2.5,4.5,,,,,0.6
147846,2019-01-06,PSV Eindhoven,NL1,2,2967,33,6.81,2967.0,0.030000000000000002,,,39.6,4.0,1.0,0.19999999999999998,0.7999999999999999,1.5,5.3,8.3,5.5,,,,,1.2
164292,2019-01-16,Willem II Tilburg,NL1,2,4394,49,6.71739872553482,4394.0,0.5939531178880291,,,17.221961766044608,40.0,5.0,0.39560764679107874,0.19999999999999998,0.09999999999999999,0.7347974510696403,1.2043923532089214,1.8608101957214382,,,,,1.2391898042785616
114940,2019-01-22,SC Heerenveen,NL1,2,844,23,6.4,844.0,0.34,,,16.8,7.0,1.0,1.8,1.4,0.6,0.3,2.3,4.8,,,,,0.3
222876,2019-01-26,Heerenveen,NL1,2,2983,39,7.070053637277908,2983.0,0.2111230305062018,,,25.525678846798527,61.0,18.0,2.9780757626550454,0.8556151525310091,0.15561515253100908,0.44438484746899093,1.4556151525310093,5.633154542406973,,,,,0.5331545424069729
72522,2019-07-01,PSV,NL1,2,5137,62,7.871882421646876,5137.0,0.6987035234572707,,,20.116974888066963,98.0,15.0,0.4595678411524236,1.2382713646096943,0.3,1.2382713646096943,2.8765427292193886,3.312653299591201,,,,,0.9191356823048472
113996,2019-07-01,Fortuna Sittardia Combinatie,NL1,1,1080,12,,1080.0,,,,,6.0,1.0,,,,,,,,,,,
122421,2019-07-01,AZ Alkmaar,NL1,2,3408,42,7.28,3408.0,0.05417546948356807,,,55.90730633802817,77.0,13.0,1.0912265258215963,2.6494718309859153,1.840698356807512,1.1242077464788733,5.814377934272301,9.738585680751173,,,,,1.9494718309859156
124866,2019-07-01,Excelsior Rotterdam,NL1,2,2684,33,6.36,2684.0,,,,25.9,18.0,5.0,1.1,2.2,1.0,4.0,7.5,5.5,,,,,0.9000000000000001
188660,2019-07-01,Excelsior Rotterdam,NL1,2,5826,65,6.701369721936147,5826.0,0.08999999999999998,,,34.41956745623069,16.0,4.0,0.1,1.3470648815653965,1.705870236869207,8.207826982492277,12.458805355303811,4.845108135942327,,,,,1.298043254376931
182816,2019-07-01,FC Utrecht,NL1,1,2620,31,6.95,2620.0,0.03,,,32.9,53.0,1.0,0.4,2.3,0.9,2.6,6.0,5.8,,,,,0.7
187809,2019-07-01,AZ Alkmaar,NL1,2,3930,63,6.943592875318066,3930.0,0.20538931297709925,,,32.385597964376586,70.0,17.0,2.664071246819338,1.1461068702290078,0.4820356234096692,0.6640712468193385,2.43323155216285,4.889516539440203,,,,,1.223053435114504
182581,2019-07-01,Feyenoord,NL1,2,5749,65,7.195743607583928,5749.0,0.25148721516785527,,,36.69299008523222,82.0,7.0,1.0,1.7442163854583406,0.8491737693511915,1.0983475387023829,3.9392590015654894,5.54421638545834,,,,,1.3
303219,2019-07-01,FC Groningen,NL1,2,3885,48,6.948056628056628,3885.0,0.07222651222651222,,,31.426126126126125,11.0,1.0,0.7416988416988417,2.5985842985842984,2.0222651222651225,4.745945945945946,10.126512226512226,6.302831402831403,,,,,1.1
326330,2019-07-01,Ajax,NL1,2,4075,53,7.708863803680981,4075.0,0.11,,,77.20112883435583,77.0,10.0,2.5443190184049085,1.9765153374233126,1.5234846625766874,1.4,5.123484662576687,9.346969325153374,,,,,0.5382576687116565
188888,2019-07-01,ADO Den Haag,NL1,2,5098,60,6.937793252255787,5098.0,0.15911730090231466,,,18.83885837583366,99.0,19.0,1.0565123577873676,0.5130247155747352,0.3130247155747352,0.3130247155747352,1.2390741467242057,4.139074146724205,,,,,1.0739505688505295
227039,2019-07-01,PEC Zwolle,NL1,2,5500,65,7.2616000000000005,5500.0,0.1453,,,29.459,171.0,19.0,2.849,1.543,0.602,0.398,2.543,5.69,,,,,0.596
238084,2019-07-01,NAC Breda,NL1,1,1390,17,6.98,1390.0,,,,20.4,40.0,4.0,2.1,1.7,1.1,1.1,4.2,5.6,,,,,0.6
226524,2019-07-01,Heerenveen,NL1,2,3466,51,6.837541834968262,3466.0,0.28754183496826313,,,34.45626081938834,39.0,4.0,0.46604154645124063,2.735833814195038,1.0679169070975187,1.2320830929024813,5.303750721292556,6.801875360646279,,,,,2.628332371609925
215099,2019-07-01,Ajax,NL1,2,363,13,,363.0,,,,,3.0,,,,,,,,,,,,
272812,2019-07-01,PEC Zwolle,NL1,2,5789,65,6.7998324408360675,5789.0,0.03,,,30.22905510450855,93.0,11.0,0.9966488167213682,2.296648816721368,1.250837795819658,2.393297633442736,6.29162204180342,5.349162204180343,,,,,1.8983244083606843
182578,2019-07-03,NAC Breda,NL1,2,4140,46,6.48,4140.0,0.06,,,39.5,9.0,1.0,0.2,1.6,1.9,5.6,10.0,4.3,,,,,1.1
342702,2019-07-04,Heerenveen,NL1,2,4215,58,6.757136417556347,4215.0,0.4272004744958482,,,23.659193357058125,57.0,11.0,1.131838671411625,1.2,0.3993594306049822,0.8006405693950177,2.5,4.6636773428232505,,,,,1.2987188612099645
347900,2019-07-05,Excelsior,NL1,1,2727,31,7.08,2727.0,0.030000000000000002,,,41.1,16.0,1.0,1.4,2.4,2.3,2.2,7.3999999999999995,9.9,,,,,1.2
57328,2019-07-06,Heracles Almelo,NL1,2,2623,33,6.65,2623.0,0.05,0.0,0.0,30.7,17.0,4.0,0.2,2.9,2.0,4.1,9.6,5.9,,,,,1.2
317806,2019-07-08,Utrecht,NL1,2,1729,40,6.54,1729.0,0.58,,,15.7,19.0,4.0,1.1,0.8,0.5,0.4,1.7,2.9,,,,,2.5
288228,2019-07-09,Heracles Almelo,NL1,1,2393,31,6.67,2393.0,0.71,,0.0,10.6,18.0,4.0,0.8,0.8,0.2,0.2,1.2,2.5,,,,,2.4
338680,2019-07-09,Fortuna Sittardia Combinatie,NL1,1,1334,17,6.4,1334.0,,,,29.6,6.0,,0.3,3.2,1.1,2.7,7.799999999999999,5.0,,,,,0.8
326031,2019-07-18,Ajax,NL1,2,5883,66,7.101065782763896,5883.0,0.09000000000000001,,,58.61744008159103,23.0,2.0,0.34854665986741457,1.0495155532891383,1.4466088730239677,4.198062213156553,7.396124426313104,6.951453340132584,,,,,0.7990311065782765
266414,2019-07-22,De Graafschap Doetinchem,NL1,1,526,10,,526.0,,,,,,,,,,,,,,,,,
195359,2019-07-23,SC Heerenveen,NL1,2,1664,27,,1664.0,,,,,3.0,,,,,,,,,,,,
160361,2019-07-23,Excelsior Rotterdam,NL1,1,1153,14,,1153.0,,,,,,,,,,,,,2.0,,,,
241389,2019-07-31,ADO Den Haag,NL1,2,1530,17,,1530.0,,,,,3.0,,,,,,,,1.0,,,,
124883,2019-08-01,AZ Alkmaar,NL1,2,2181,33,6.49,2181.0,,,,39.0,7.0,,0.4,1.5,1.5,1.9,4.9,6.200000000000001,,,,,0.5
372267,2019-08-05,AZ Alkmaar,NL1,1,2970,33,7.079999999999999,2970.0,0.36000000000000004,,,23.8,41.0,4.0,0.5,2.1,0.7,0.3,3.3,3.6,,,,,1.7
180843,2019-08-07,FC Groningen,NL1,2,670,32,,670.0,0.48,,,24.2,14.0,2.0,0.5,0.5,,1.5,1.9,4.4,,,,,3.9
288253,2019-08-07,Feyenoord,NL1,2,1719,23,7.23,1719.0,0.17,,,50.10000000000001,17.0,3.0,1.3000000000000003,2.5,1.8000000000000003,2.0,6.5,6.1,,,,,1.2
64506,2019-08-07,SC Heerenveen,NL1,2,2699,33,6.91,2699.0,0.14,,,35.8,29.0,5.0,0.4,2.1,1.1,1.3,4.6,6.1,,,,,1.1
34784,2019-08-09,Ajax,NL1,1,2112,30,7.18,2112.0,0.21,,,65.8,41.0,7.0,0.9,2.0,1.4,0.9,4.5,8.0,,,,,1.0
316889,2019-08-23,PSV,NL1,2,2522,31,7.77,2522.0,0.62,,,18.5,66.0,14.0,2.4,1.2,0.7,0.1,2.0,3.5,,,,,1.1
283196,2019-08-29,Ajax,NL1,2,1541,26,7.109999999999999,1541.0,0.68,,,11.599999999999998,15.0,1.0,0.9000000000000001,0.4,0.2,0.2,0.9000000000000001,1.6999999999999997,,,,,1.9
358504,2019-08-30,FC Groningen,NL1,2,3837,51,6.73107375553818,3837.0,0.18570237164451397,,,22.364451394318476,45.0,6.0,2.2256189731561116,2.2371905134219436,0.8628094865780558,0.2884284597341673,3.4198332030231953,5.674381026843888,,,,,0.7314047432890278
170620,2019-09-02,Vitesse,NL1,2,3386,38,6.890000000000001,3386.0,0.03,,,33.2,41.0,6.0,0.5,2.5,0.8,2.3,5.6,5.9,,,,,0.5
182573,2020-01-22,Feyenoord,NL1,2,245,18,,245.0,,,,,7.0,,,,,,,,,,,,
102660,2020-01-26,Excelsior Rotterdam,NL1,1,2791,32,6.76,2791.0,0.13,,,29.9,28.0,,0.5,3.0,1.2,3.5,7.9,5.4,,,,,1.2
284165,2020-01-29,PSV,NL1,2,4191,49,7.74496062992126,4191.0,0.40814602720114534,0.01,0.02,31.48017179670723,110.0,22.0,3.1088761632068715,0.7725841088045813,0.3,0.3,1.4725841088045812,4.459269863994273,,,,,0.6318539727988547
264116,2020-01-31,PSV,NL1,2,1757,31,7.39,1757.0,0.54,,,29.1,42.0,10.0,1.0,0.9,0.2,0.6,1.8,3.9,,,,,0.7
288449,2020-07-01,FC Groningen,NL1,2,3494,45,6.741442472810532,3494.0,0.0812936462507155,,,24.265655409273045,36.0,3.0,1.153234115626789,2.0,1.3144247281053236,1.9402976531196336,5.5079564968517465,6.720892959358902,,,,,0.7532341156267889
416380,2020-07-01,Sparta R.,NL1,1,1480,19,6.7,1480.0,0.3,,,11.9,15.0,3.0,0.3,0.8,0.2,1.2,2.2,2.4,,,,,1.5
23553,2020-07-01,PEC Zwolle,NL1,2,3001,41,6.47,3001.0,0.4484271909363546,,,18.115694768410528,35.0,3.0,0.8671442852382539,0.41142952349216927,0.33285571476174614,0.35571476174608463,1.2557147617460844,3.5014328557147616,,,,,0.667144285238254
255748,2020-07-01,FC Emmen,NL1,1,1694,19,6.23,1694.0,,,,50.89999999999999,5.0,,0.3,1.4,1.6,3.7,7.799999999999999,6.0,,,,,0.6
326997,2020-07-01,FC Emmen,NL1,2,2772,50,6.041991341991342,2772.0,0.18,,,27.61515151515152,49.0,4.0,0.8450216450216449,1.2450216450216451,0.170995670995671,0.629004329004329,2.0450216450216447,3.6229437229437225,,,,,2.119047619047619
168787,2020-07-01,VVV-Venlo,NL1,2,3566,44,6.488149186763881,3566.0,,,,22.703084688726868,17.0,1.0,0.09691531127313517,3.4361189007291086,2.2484576556365674,2.984576556365676,9.172237801458216,5.409254066180595,,,,,1.4907459338194056
250450,2020-07-01,Fortuna Sittard,NL1,2,2348,28,6.730000000000001,2348.0,0.06,,,45.3,5.0,,0.1,2.2,1.6,5.7,10.5,7.4,,,,,1.1
241378,2020-07-01,Heerenveen,NL1,2,791,25,6.3,791.0,0.13,,,16.4,15.0,3.0,1.5,2.0,,0.3,2.3,3.6999999999999997,,,,,2.3
235274,2020-07-01,Heracles Almelo,NL1,2,2919,40,6.59,2919.0,0.04,,0.0,40.1,12.0,3.0,0.2,1.9000000000000001,2.4,4.8,9.8,7.2,,,,,0.4
217111,2020-07-01,Ajax,NL1,2,4029,50,8.123745346239762,4029.0,0.49163812360387193,,,42.571928518242736,184.0,50.0,2.9204020848845866,1.920402084884587,0.839463886820551,0.1,2.8197319434102757,6.398659717051377,,,,,1.1394638868205509
196829,2020-07-01,Willem II,NL1,2,4860,54,6.191111111111112,4860.0,,,,16.548148148148147,1.0,,,0.1,0.053703703703703705,1.0148148148148148,1.1685185185185185,11.244444444444444,12.0,3.4851851851851854,66.34074074074074,1.8296296296296297,
187507,2020-07-01,Fortuna Sittardia Combinatie,NL1,2,5259,60,7.278106103822019,5259.0,0.2365259555048488,,,35.88208784940103,145.0,17.0,1.5884198516828294,1.667370222475756,0.4442099258414148,0.4442099258414148,2.6673702224757556,6.348431260695949,,,,,0.8442099258414149
317806,2020-07-01,Heracles Almelo,NL1,2,2655,37,6.84,2655.0,0.58,,,14.4,33.0,7.0,1.6,0.6,0.1,0.2,0.9,2.3,,,,,2.1
323740,2020-07-01,FC Twente,NL1,1,1824,21,7.2,1824.0,0.35,0.010000000000000002,0.0,25.6,34.0,5.0,1.7,1.2,0.4,0.6,2.3,4.5,,,,,1.4
82410,2020-07-06,Vitesse,NL1,2,4538,55,7.160960775672103,4538.0,0.5156500661084178,,,14.150286469810489,47.0,10.0,0.4468929043631556,2.006214191273689,0.8062141912736889,0.7593212869105334,3.618642573821067,3.050286469810489,,,,,1.893785808726311
295624,2020-07-27,Willem II,NL1,2,3226,48,6.542371357718538,3226.0,0.11237135771853689,,,26.032207067575943,29.0,9.0,1.0948543087414755,2.0237135771853687,1.2340049597024176,1.4288592684438934,4.781432114073156,5.516553006819591,,,,,1.1814321140731556
111195,2020-07-29,Ajax,NL1,2,2131,28,7.36,2131.0,,,,69.0,16.0,1.0,0.5,3.2999999999999994,1.2,3.4,8.2,8.8,,,,,0.9
277772,2020-07-31,RKC Waalwijk,NL1,1,1670,21,6.25,1670.0,,,,33.6,5.0,,0.6,1.9,1.0,0.3,3.5,5.7,,,,,1.7
315291,2020-08-02,VVV-Venlo,NL1,1,1409,22,6.29,1409.0,,,,12.900000000000002,12.0,5.0,1.9,0.8,0.3,0.6,1.8000000000000003,3.0,,,,,1.4
277137,2020-08-04,Feyenoord,NL1,1,752,15,,752.0,,,,51.60000000000001,3.0,,1.6,2.5,1.6999999999999997,1.1,5.6,9.1,,,,,1.6
151494,2020-08-14,ADO Den Haag,NL1,2,3627,48,6.524347945960849,3627.0,0.07665839536807277,0.09,0.01,28.98993658671078,11.0,3.0,0.3778880617590295,1.133416046319272,2.0889440308795146,4.566335814722911,8.277639922801214,5.344472015439758,,,,,1.133416046319272
312493,2020-08-25,PEC Zwolle,NL1,2,3723,47,6.708517324738115,3723.0,0.1,0.11,0.19,19.350604351329572,77.0,17.0,0.5269137792103142,1.777034649476229,0.7654311039484287,0.707655116841257,3.4693795326349717,3.442465753424657,,,,,1.5730862207896859
500067,2020-08-28,Heerenveen,NL1,1,2060,25,7.38,2060.0,0.39,,,26.6,41.0,3.0,4.5,1.0,0.6,0.1,1.8,5.3,,,,,0.3
288255,2020-09-02,Ajax,NL1,1,1916,23,7.52,1916.0,0.38,,,35.0,41.0,6.0,1.0,2.2,0.8,0.5,3.7,5.2,,,,,0.7
265625,2020-09-28,FC Groningen,NL1,2,1979,26,6.88,1979.0,0.13999999999999999,,,27.1,35.0,3.0,1.7,1.6,0.7,0.5,2.7,5.1,,,,,0.9
361104,2020-10-01,Ajax,NL1,2,1518,23,6.85,1518.0,,,,42.3,18.0,4.0,1.5,2.3,1.1,0.6,4.4,6.0,,,,,0.7
268113,2020-10-01,Utrecht,NL1,1,2145,24,7.04,2145.0,0.17,,,41.2,24.0,5.0,0.8,2.6,1.6,2.7,7.2,6.6,,,,,1.4
124883,2020-10-05,SC Heerenveen,NL1,1,1474,19,6.49,1474.0,,,,39.0,6.0,,0.4,1.5,1.5,1.9,4.9,6.200000000000001,,,,,0.5
241391,2020-10-05,AZ Alkmaar,NL1,2,2184,32,7.64,2184.0,0.59,,,40.1,54.0,6.0,3.9,1.3,0.1,0.0,1.5,5.4,,,,,1.4
205004,2021-01-16,PSV Eindhoven,NL1,2,1542,26,6.86,1542.0,0.08,,,52.6,12.0,,0.3,2.5,1.3,2.5,6.9,7.1,,,,,0.8
182381,2021-02-24,Ajax,NL1,2,2513,39,7.3396060485475525,2513.0,0.6430322323915639,0.64,0.29,43.37847194588142,67.0,9.0,1.3215280541185834,0.8620374054914446,0.4594906486271389,0.15949064862713888,1.5810187027457223,4.773378432152805,,,,,0.4189812972542778
64352,2021-07-01,RKC Waalwijk,NL1,1,3060,34,6.71,3060.0,,,0.0,26.8,1.0,,0.1,0.1,,0.6,0.7,13.1,5.0,4.4,73.3,1.6,
192985,2021-07-01,FC Emmen,NL1,1,1039,15,,1039.0,,,,,5.0,,,,,,,,,,,,
146844,2021-07-01,FC Emmen,NL1,2,1776,21,6.670000000000001,1776.0,,0.12,0.14,31.099999999999998,14.0,2.0,3.1,1.2,0.6,0.19999999999999998,2.1,5.6,,,,,0.6
288426,2021-07-01,PEC Zwolle,NL1,2,2520,28,6.04,2520.0,,,,21.5,1.0,,,,,0.8,0.8,8.3,3.0,4.8,66.3,2.5,0.1
34784,2021-07-01,Heerenveen,NL1,1,907,12,,907.0,,,,,14.0,4.0,,,,,,,,,,,
25520,2021-07-01,Vitesse,NL1,2,5310,59,6.546949152542373,5310.0,,,0.0,23.608474576271185,8.0,2.0,0.0,0.1,0.0,0.3440677966101695,0.4440677966101695,10.535593220338983,20.0,3.1322033898305084,72.13898305084746,1.188135593220339,
110906,2021-07-01,FC Emmen,NL1,2,4817,55,6.891899522524392,4817.0,0.41316587087398793,0.48999999999999994,0.06,12.496180195142204,54.0,4.0,0.3405023873780361,0.7,0.4,1.6683412912601205,2.915175420386132,1.9810047747560722,,,,,1.3594976126219638
587335,2021-07-01,ADO Den Haag,NL1,2,3929,45,6.7,3929.0,0.03,0.01,0.05,27.4,25.0,4.0,0.8,3.5,1.8,3.3,9.4,7.2,,,,,1.0
551695,2021-07-01,Ajax,NL1,2,901,21,,901.0,,,,,14.0,5.0,,,,,,,,,,,
315211,2021-07-01,Heerenveen,NL1,2,4567,54,6.615574775563827,4567.0,0.04,0.04,0.02,35.04539084738341,20.0,2.0,0.4977008977446902,2.0931026932340706,1.5534486533829646,2.80459820451062,6.8022991022553105,6.730457630829866,,,,,1.3373549375957958
312493,2021-07-01,VVV-Venlo,NL1,2,3723,47,6.708517324738115,3723.0,0.1,0.11,0.19,19.350604351329572,77.0,17.0,0.5269137792103142,1.777034649476229,0.7654311039484287,0.707655116841257,3.4693795326349717,3.442465753424657,,,,,1.5730862207896859
333640,2021-07-01,FC Twente,NL1,2,5238,59,6.286632302405498,5238.0,,0.0,0.00584192439862543,24.103092783505154,1.0,,,0.1,0.09999999999999999,0.8168384879725087,0.9584192439862542,10.775257731958764,11.0,3.674226804123711,69.60687285223369,1.5831615120274916,0.058419243986254296
202788,2021-07-01,Heracles Almelo,NL1,2,4196,48,6.788050524308866,4196.0,0.03,0.03,0.04,47.51973307912297,20.0,3.0,0.26341754051477595,1.5926596758817921,1.4,3.3634175405147757,7.219494756911344,7.161010486177311,,,,,1.3
214346,2021-07-01,PEC Zwolle,NL1,1,1072,15,,1072.0,,,,,18.0,2.0,,,,,,,,,,,
257987,2021-07-01,Feyenoord,NL1,2,2066,32,6.61,2066.0,,,,24.2,14.0,2.0,0.7,2.4,2.8,3.1,8.8,5.8,,,,,1.5
290555,2021-07-01,FC Emmen,NL1,2,2820,47,6.783794326241136,2820.0,0.22437943262411347,0.18999999999999997,0.08,27.99822695035461,50.0,2.0,2.929609929078014,1.3437943262411347,0.49822695035460995,0.8,2.6911347517730495,4.347340425531915,,,,,0.6526595744680851
358032,2021-07-02,RKC Waalwijk,NL1,1,1177,20,6.8,1177.0,0.38,0.19,0.1,17.4,19.0,2.0,2.6,1.5,0.8,0.2,2.4,3.9000000000000004,,,,,1.0
381963,2021-07-07,Willem II,NL1,2,3939,54,6.993663366336634,3939.0,0.20742574257425742,0.2,0.25,24.626402640264025,95.0,17.0,2.561716171617162,1.446864686468647,0.7468646864686469,0.3234323432343234,2.517161716171617,6.087458745874588,,,,,0.7
324503,2021-07-09,Willem II,NL1,2,5109,59,6.966298688588765,5109.0,0.40407320414954,0.32,0.13,19.47408494813075,62.0,16.0,1.9166764533176746,1.0296339792522997,0.31481698962614996,0.9870424740653747,2.4740849481307494,3.9740849481307494,,,,,0.9703660207477002
183397,2021-07-10,PEC Zwolle,NL1,2,1980,35,6.46,1980.0,0.22999999999999998,0.28,0.08,11.3,8.0,1.0,1.1,1.5,0.4,1.1,3.1,2.3,,,,,0.5
136184,2021-07-10,AZ Alkmaar,NL1,2,3437,41,7.16531568228106,3437.0,0.04,0.030000000000000002,0.16,44.74236252545825,53.0,15.0,0.41771894093686357,2.1120162932790225,1.1822810590631365,1.9354378818737272,5.25315682281059,5.70061099796334,,,,,1.235437881873727
409344,2021-07-14,AZ Alkmaar,NL1,2,4766,55,7.304720939991608,4766.0,0.22641628199748215,0.19,0.32,34.12618548048678,117.0,27.0,2.3358371800251785,1.3830465799412504,0.5188837599664289,0.3094418799832145,2.266093159882501,4.7377675199328575,,,,,0.9452790600083929
129554,2021-07-16,Feyenoord,NL1,2,4754,55,7.89,4754.0,0.6233024821203198,0.53,0.38,42.40277660917122,154.0,30.0,1.5,1.1217080353386621,0.3669751787968027,0.15565839293226758,1.6443416070677326,5.033950357593605,,,,,0.41131678586453513
56523,2021-07-20,ADO Den Haag,NL1,2,2650,42,6.6,2650.0,0.27,0.28,0.06,13.497509433962263,21.0,,0.47441509433962264,0.5976603773584905,0.4,1.2255849056603774,2.272075471698113,2.19766037735849,,,,,1.6814339622641508
100399,2021-07-24,Feyenoord Rotterdam,NL1,2,2166,36,6.947063711911357,2166.0,0.41612188365650965,0.5,0.15,22.212742382271465,37.0,3.0,1.3354570637119114,0.7903047091412743,0.23545706371191139,0.9548476454293628,2.1160664819944595,2.2,,,,,0.9806094182825484
370791,2021-07-27,PSV,NL1,2,4568,55,7.094428633975482,4568.0,0.059746059544658496,0.025317425569176884,0.03544439579684764,53.70634851138354,50.0,3.0,0.797460595446585,2.1519045534150614,1.555713660245184,1.0468257443082312,5.153174255691769,6.697460595446585,,,,,1.553174255691769
326029,2021-07-27,PSV,NL1,2,3638,46,7.516728971962617,3638.0,0.7425233644859812,0.48102803738317756,0.14130841121495324,22.799999999999997,59.0,15.0,1.6364485981308412,0.2327102803738318,0.33457943925233646,0.4327102803738318,1.0327102803738317,2.3401869158878505,,,,,0.4654205607476636
412932,2021-08-04,AZ Alkmaar,NL1,1,2529,31,7.110000000000001,2529.0,0.53,0.51,0.1,16.0,35.0,7.0,1.1,0.6,0.1,0.2,1.0,2.2,,,,,1.0
250464,2021-08-04,PEC Zwolle,NL1,1,587,16,,587.0,,,,,17.0,2.0,,,,,,,,,,,
224672,2021-08-04,FC Emmen,NL1,1,2801,32,7.080000000000001,2801.0,0.19000000000000003,0.20999999999999996,0.2,54.4,63.0,11.0,2.4,1.9,0.7,0.4,3.1,7.8,,,,,1.0
124884,2021-08-04,AZ Alkmaar,NL1,1,2965,33,6.47,2965.0,,,0.0,23.3,,,,0.0,,0.8,0.9,9.0,10.0,2.4,68.4,1.1,0.1
432852,2021-08-12,Sparta R.,NL1,2,4358,62,6.778967416245984,4358.0,0.10206746213859569,0.1248256080770996,0.062413951353832035,20.503487838458003,31.0,8.0,0.6241395135383203,2.1137907296925196,1.1103487838458008,1.6206975676916016,5.0069068379990815,5.0069068379990815,,,,,0.9275814593850389
321528,2021-08-14,PSV,NL1,1,2468,30,7.2700000000000005,2468.0,0.07,0.13,0.19,36.5,41.0,10.0,0.9000000000000001,1.6999999999999997,1.8000000000000003,1.9,5.7,5.8,,,,,1.6
63342,2021-08-24,Feyenoord,NL1,2,1888,26,6.7,1888.0,,0.09,0.05,48.3,14.0,1.0,0.9,1.6,0.9,1.8,4.4,6.6,,,,,1.7
203961,2021-08-25,FC Emmen,NL1,1,2573,30,6.83,2573.0,0.07,0.1,0.11000000000000001,45.8,26.0,5.0,0.6,2.9,1.5,2.6,7.200000000000001,6.0,,,,,1.6
361068,2021-08-27,Ajax,NL1,1,650,15,,650.0,,,,,7.0,4.0,,,,,,,,,,,
393239,2021-08-27,Heerenveen,NL1,2,2817,33,6.870000000000001,2817.0,0.13,0.21,0.16,20.9,48.0,8.0,1.5,0.9,0.7,0.19999999999999998,1.9000000000000001,4.1,,,,,0.39999999999999997
360518,2021-08-30,AZ Alkmaar,NL1,2,2825,33,7.52,2825.0,0.5,0.38000000000000006,0.13,60.1,38.0,4.0,0.6,2.8,1.4,1.6,6.2,8.3,,,,,1.0
93081,2021-08-31,PSV,NL1,2,1097,18,,1097.0,,0.0,0.01,66.1,,,0.2,0.9,2.3,3.0,6.4,6.0,,,,,1.2
362108,2021-08-31,FC Groningen,NL1,2,1884,26,7.06,1884.0,,0.11,0.13,22.0,21.0,7.0,3.3999999999999995,2.7,0.9000000000000001,2.0,5.6,5.6,,,,,1.5
234850,2021-08-31,VVV-Venlo,NL1,1,2591,30,7.29,2591.0,0.9,0.71,0.060000000000000005,13.7,15.0,3.0,0.8,0.6,0.3,1.8,3.2,2.6,,,,,1.8
258513,2021-08-31,Sparta R.,NL1,2,3468,47,7.06,3468.0,0.07976355247981545,0.04852076124567474,0.10704152249134949,32.615397923875435,49.0,4.0,1.0704152249134948,1.7272202998846597,1.1,1.256805074971165,4.298817762399077,6.272779700115341,,,,,0.7704152249134949
315145,2021-08-31,FC Groningen,NL1,2,1997,25,6.989999999999999,1997.0,,0.0,0.04,39.4,9.0,1.0,1.3,2.6,3.1,1.2,7.3,7.2,,,,,0.9
268112,2021-09-01,Utrecht,NL1,2,3107,36,6.97,3107.0,0.25,0.37,0.22000000000000003,12.0,53.0,16.0,3.4,0.7999999999999999,0.6,0.09999999999999999,1.5,4.2,,,,,1.7
303939,2021-09-07,FC Groningen,NL1,2,2396,31,7.06,2396.0,0.32,0.2,0.07,21.3,28.0,2.0,2.1,1.3,1.3,0.5,3.2,4.6,,,,,1.9
288228,2022-01-01,Utrecht,NL1,1,656,19,6.22,656.0,0.55,0.72,0.08,8.4,4.0,2.0,0.10000000000000002,0.4000000000000001,,0.7,1.1,1.6000000000000003,,,,,1.8999999999999997
408574,2022-01-04,Heerenveen,NL1,1,2705,31,7.52,2705.0,0.22999999999999998,0.23999999999999996,0.22999999999999998,41.7,59.0,7.0,2.4,2.0,1.2,1.2,4.5,7.7,,,,,0.7
412954,2022-01-24,ADO Den Haag,NL1,1,2037,30,6.39,2037.0,0.04,0.09,0.06,14.7,20.0,4.0,1.5,0.8,0.8,0.2,2.1,3.9,,,,,0.8
276002,2022-01-29,Fortuna Sittard,NL1,1,1602,32,6.71,1602.0,0.11,0.16,0.23999999999999996,24.2,31.0,5.0,1.2,1.6,0.2,0.4,2.3,5.7,,,,,0.5
305947,2022-01-31,AZ Alkmaar,NL1,2,3066,45,7.116989562948467,3066.0,0.3235583822570124,0.4468069145466406,0.21288323548597524,27.291422048271365,48.0,10.0,1.7932485322896283,0.935583822570124,0.5932485322896283,0.31350293542074364,1.9067514677103719,4.606751467710372,,,,,0.8779191128506196
234509,2022-07-01,Ajax,NL1,2,2340,26,6.98,2340.0,,,0.0,26.8,,,0.1,,,0.4,0.4,9.8,9.0,3.0,80.0,0.8,
369552,2022-07-01,Go Ahead Eagles,NL1,1,2878,33,7.1,2878.0,0.22,0.13,0.09,40.1,21.0,3.0,0.7,1.6999999999999997,1.0,1.6,4.8,6.799999999999999,,,,,1.1
387047,2022-07-01,Vitesse,NL1,2,5485,61,7.07147675478578,5485.0,0.06324521422060164,0.059498632634457614,0.03050136736554239,44.20291704649043,19.0,,0.2949863263445761,1.9525068368277119,1.5050136736554238,3.2324521422060166,7.13746581586144,5.307383773928897,,,,,0.8474931631722881
379168,2022-07-01,Heracles Almelo,NL1,2,3794,48,6.759999999999999,3794.0,0.03,0.05,0.05,29.5,17.0,2.0,1.0,1.3,1.0,1.3,3.8,7.1,,,,,1.2
241486,2022-07-01,RKC Waalwijk,NL1,2,2627,56,6.407666539779217,2627.0,0.30845831747240193,0.28731252379139705,0.11766653977921585,16.483745717548537,36.0,7.0,0.5422915873620099,0.7154168252759803,0.1577084126379901,0.75770841263799,1.9885420631899506,2.680624286258089,,,,,1.0308336505519604
321135,2022-07-01,Heerenveen,NL1,2,3955,57,6.6840455120101145,3955.0,,0.014809102402022756,0.04961820480404552,49.38010113780025,19.0,3.0,0.5404551201011378,1.5595448798988623,2.129001264222503,3.9,8.488546144121365,7.38472819216182,,,,,1.003817951959545
315254,2022-07-01,PEC Zwolle,NL1,1,2325,28,7.35,2325.0,0.15,0.06,0.1,40.4,31.0,,1.7,2.9,1.0,2.1,6.4,8.3,,,,,1.5
276853,2022-07-01,Go Ahead Eagles,NL1,1,1350,15,,1350.0,,,,,,,,,,,,,3.0,,,,
288067,2022-07-01,Willem II,NL1,2,3930,65,6.899333333333333,3930.0,0.11000000000000001,0.07,0.11199999999999999,30.580000000000002,57.0,8.0,1.7333333333333336,1.5166666666666666,1.0466666666666666,0.7633333333333333,3.453333333333333,6.296666666666666,,,,,0.9633333333333334
325924,2022-07-01,RKC Waalwijk,NL1,2,5397,60,6.884747081712061,5397.0,0.09,0.03599221789883268,0.029338521400778212,35.57237354085603,12.0,3.0,0.6599221789883268,1.4801556420233462,2.1,3.7933852140077824,8.26692607003891,7.0070038910505845,,,,,1.0
340456,2022-07-01,Ajax,NL1,2,3171,44,7.582406181015452,3171.0,0.23,0.12023021128981394,0.25320088300220756,49.51778618732262,44.0,7.0,1.8531378114159571,2.314853358561968,1.3594134342478712,1.5851466414380322,5.4125512456638285,6.570293282876065,,,,,0.9234310942920214
393238,2022-07-01,AZ Alkmaar,NL1,2,1530,55,6.463856209150327,1530.0,0.46908496732026145,0.4413725490196078,0.0661437908496732,16.3437908496732,14.0,3.0,2.2908496732026142,1.3091503267973856,0.5568627450980392,0.3954248366013072,2.261437908496732,3.9705882352941178,,,,,1.8816993464052287
81173,2022-07-01,Heracles Almelo,NL1,2,4306,48,6.378527635856944,4306.0,,,0.01,21.621876451463077,3.0,1.0,0.0,0.0,0.0,0.7839294008360427,0.8299117510450534,9.256247097073851,14.0,2.7678588016720855,67.02679981421274,1.3540176497909893,
594227,2022-07-01,FC Groningen,NL1,2,1595,24,6.9799999999999995,1595.0,0.11,0.06,0.12,26.4,15.0,3.0,0.3,2.0,1.6,2.3,6.3,6.2,,,,,0.7
23553,2022-07-01,Sparta R.,NL1,2,5192,68,6.886282742681048,5192.0,0.330115562403698,0.2969453004622496,0.07694530046224962,18.9538906009245,66.0,7.0,0.6922187981510015,0.6,0.2,0.884437596302003,1.730546995377504,3.6922187981510017,,,,,0.35389060092449925
74842,2022-07-01,PSV,NL1,2,3629,47,7.488790300358225,3629.0,0.22216588591898595,0.2055414714797465,0.3161146321300634,55.32612289887021,83.0,12.0,1.294268393496831,1.6999999999999997,0.7273904656930283,0.07770735739873243,2.566244144392395,5.899366216588593,,,,,0.705731606503169
410854,2022-07-01,Go Ahead Eagles,NL1,1,2645,33,6.96,2645.0,,0.06,0.12,28.1,26.0,5.0,2.9,1.2,0.7,0.5,2.4,7.4,,,,,0.3
406091,2022-07-01,Go Ahead Eagles,NL1,1,2111,31,6.72,2111.0,0.04,0.03,0.04,23.3,15.0,3.0,0.5,2.6,1.8,2.8,7.8,4.6,,,,,1.1
519731,2022-07-01,Ajax,NL1,2,2926,46,6.91,2926.0,0.58,0.55,0.1,17.0,38.0,5.0,1.0,0.6,0.2,0.6,1.4,3.7,,,,,0.6
426280,2022-07-01,RKC Waalwijk,NL1,2,5826,66,6.891771369721936,5826.0,0.05999999999999999,0.05977342945417096,0.03505664263645726,43.490216271884655,21.0,1.0,0.39773429454170955,1.4988671472708548,1.9011328527291451,4.001132852729145,8.3,7.8437693099897015,,,,,0.5494335736354274
478573,2022-07-01,Ajax,NL1,2,4827,62,7.471224362958359,4827.0,0.09083903045369796,0.11206339341205716,0.2412243629583592,59.28732131758857,69.0,10.0,2.1664387818520825,1.629024238657551,1.1793660658794283,0.7458048477315102,3.6541951522684903,6.170975761342449,,,,,1.1541951522684897
433805,2022-07-04,Vitesse,NL1,2,1157,38,6.38,1157.0,,0.13,0.060000000000000005,27.700000000000003,17.0,2.0,0.3,1.5,0.6,0.8000000000000002,3.1,6.3,,,,,0.3
339340,2022-07-05,Feyenoord,NL1,2,4968,58,7.269339774557166,4968.0,0.03,0.06140499194847022,0.16421497584541062,44.40249597423511,62.0,13.0,1.5140499194847021,2.2272745571658614,1.2289251207729468,1.0280998389694043,4.6842995169082124,6.499174718196457,,,,,1.2719001610305958
358504,2022-07-05,PSV,NL1,1,1515,24,7.27,1515.0,0.48,0.29,0.22,30.8,14.0,4.0,2.2,2.4,0.5,0.3,3.3,4.6,,,,,1.1
181375,2022-07-06,Ajax,NL1,2,4147,50,7.766218953460332,4147.0,0.6921895346033277,0.7726862792380034,0.20512418615866895,20.12336628888353,67.0,10.0,0.9512418615866892,0.9268627923800337,0.21343139619001691,0.8134313961900169,1.9915360501567396,3.2,,,,,1.1890523269833615
512385,2022-07-07,Feyenoord,NL1,2,3628,50,7.688969128996691,3628.0,0.373100882028666,0.2933434399117971,0.20331312017640574,34.86201764057332,82.0,12.0,3.5653528114663726,1.4331312017640572,0.5665656008820287,0.600303197353914,2.6665656008820284,5.49848401323043,,,,,0.9334343991179713
315762,2022-07-08,Heracles Almelo,NL1,2,5158,64,7.002404032570764,5158.0,0.03461031407522295,0.09305157037611478,0.07616905777433114,38.436991081814654,55.0,11.0,1.6233811554866227,2.1227219852656067,0.6844125630089183,0.6461031407522295,3.761031407522296,7.45389685924777,,,,,0.6538968592477704
339328,2022-07-12,AZ Alkmaar,NL1,2,5746,65,7.278047337278107,5746.0,0.03,0.06662721893491123,0.16402366863905327,42.188165680473375,91.0,17.0,0.9597633136094676,1.6130177514792898,1.3727810650887573,1.4597633136094674,4.545562130177514,5.480473372781065,,,,,0.6402366863905326
131225,2022-07-23,Ajax,NL1,2,2939,47,7.1974515141204485,2939.0,0.0875161619598503,0.15832255869343312,0.30633548826131335,47.317420891459676,40.0,11.0,0.5267097652262674,2.204967676080299,1.7515481456277646,1.1782579108540319,5.234773732562096,6.695032323919701,,,,,1.4782579108540321
480762,2022-07-27,Ajax,NL1,2,3659,50,7.593640338890406,3659.0,0.09779994534025689,0.10477999453402569,0.16389997267012846,77.80680513801585,27.0,8.0,0.9389997267012844,1.9176004372779447,1.8176004372779448,2.8132003279584588,7.096201147854605,9.108800218638972,,,,,0.9433998360207707
524043,2022-07-28,FC Twente,NL1,2,3106,58,6.562202189311011,3106.0,0.08555054732775275,0.19779781068898905,0.08665164198325821,21.157630392788153,26.0,3.0,0.5387636831938184,2.1,1.3220218931101093,1.1273019961365098,4.721571152607856,5.871345782356729,,,,,1.4779781068898903
420213,2022-07-28,Utrecht,NL1,1,2368,31,7.15,2368.0,0.08,0.09,0.1,26.1,23.0,3.0,2.4,2.3,1.6,0.5,4.8,6.5,,,,,1.1
216443,2022-08-01,Vitesse,NL1,2,2292,42,7.27,2292.0,0.05,0.03,0.06,50.7,17.0,2.0,0.8,1.1,2.0,1.9,5.4,9.2,,,,,1.0
136180,2022-08-02,AZ Alkmaar,NL1,1,2304,29,7.42,2304.0,,0.01,0.15,42.9,34.0,5.0,2.1,1.7999999999999998,1.6,0.8,4.4,8.9,,,,,0.7
297693,2022-08-05,PEC Zwolle,NL1,2,3769,52,6.821968691960732,3769.0,0.08,0.09070841071902361,0.17295303794109848,27.540939241178034,67.0,8.0,1.2098434598036614,1.5633855133987795,0.7633855133987795,1.2901565401963386,3.6901565401963383,5.8295303794109845,,,,,0.9901565401963386
469781,2022-08-08,Feyenoord,NL1,1,2550,32,7.49,2550.0,0.07,0.07,0.07,64.4,17.0,5.0,0.6,2.0,1.8,2.5,7.0,8.9,,,,,0.9
134999,2022-08-23,Feyenoord,NL1,2,4198,62,7.118918532634588,4198.0,0.08682467841829443,0.07979752262982373,0.24148642210576465,38.99456884230585,99.0,13.0,0.6425678894711767,1.7128394473558837,1.2851357789423534,0.7851357789423535,3.9405431157694144,7.302024773701763,,,,,0.8702715578847069
223367,2022-08-24,Feyenoord,NL1,2,2667,35,7.58,2667.0,0.04,0.06,0.13,60.9,42.0,6.0,1.2,2.0,1.3,1.5,5.2,9.5,,,,,0.6
337243,2022-08-28,Heracles Almelo,NL1,1,1876,24,7.07,1876.0,0.1,0.11,0.03,37.0,10.0,,0.4,2.9,1.6,2.0,7.2,7.3,,,,,1.3
140032,2022-08-29,Fortuna Sittardia Combinatie,NL1,1,1072,20,6.67,1072.0,,0.01,0.029999999999999995,29.4,3.0,,1.0,2.0,1.3,4.7,9.7,7.4,,,,,0.5
602105,2022-08-30,Ajax,NL1,2,1914,25,7.700000000000001,1914.0,0.42,0.31,0.34,43.7,40.0,9.0,2.2,1.1,0.5999999999999999,0.2,2.0,5.200000000000001,,,,,1.0
377720,2022-08-31,FC Groningen,NL1,2,2798,47,6.61,2798.0,0.0660543245175125,0.05826304503216584,0.0752108649035025,26.30543245175125,25.0,3.0,1.2305218012866332,1.3347390993566832,0.5173695496783416,1.073695496783417,3.1084345961401,5.373195139385276,,,,,0.4
429983,2022-09-01,FC Groningen,NL1,2,2703,36,6.84,2703.0,0.54,0.41,0.05,11.5,22.0,1.0,0.8,0.6,0.2,1.0,1.9,2.2,,,,,1.6
251345,2022-09-05,Willem II,NL1,1,1156,22,6.79,1156.0,0.08,0.1,0.15,31.800000000000004,32.0,5.0,0.7,1.1,0.6,0.5,2.5,4.6,,,,,0.9000000000000001
201248,2022-09-07,Fortuna Sittard,NL1,2,2378,31,6.94,2378.0,,0.04,0.07,26.1,17.0,4.0,1.6,1.9,1.9,3.1,7.1,7.4,,,,,1.3
187809,2023-01-01,Fortuna Sittard,NL1,1,2855,32,7.28,2855.0,0.28,0.22,0.15,18.3,61.0,5.0,2.7,1.4,0.3,0.8,2.5,5.1,,,,,2.2
434675,2023-01-01,PSV,NL1,2,3034,41,7.95,3034.0,0.57,0.42,0.45,23.8,130.0,23.0,3.6,0.7,0.8,0.4,1.9,4.6,,,,,0.7
394688,2023-01-17,AZ Alkmaar,NL1,2,1417,28,6.84,1417.0,0.2,0.22,0.12,29.1,21.0,2.0,1.6,3.5,1.1,0.8,5.5,7.8,,,,,0.7
358032,2023-01-19,FC Groningen,NL1,2,2322,43,6.4799999999999995,2322.0,0.38,0.27,0.05,7.3,19.0,4.0,1.0,1.0,0.8,0.5,2.5,3.3,,,,,1.5
503987,2023-01-20,PSV,NL1,2,1102,23,7.05,1102.0,0.33,0.4,0.23,30.9,25.0,4.0,4.8,1.6,0.5,,2.2,5.3,,,,,0.9
748382,2023-01-30,Heerenveen,NL1,2,2713,32,6.99,2713.0,0.28,0.37999999999999995,0.14,18.2,32.0,6.0,1.5,0.8,0.3,0.3,1.5,2.6000000000000005,,,,,1.0
578804,2023-01-31,Sparta R.,NL1,1,1892,30,7.01,1892.0,0.14000000000000004,0.16,0.15,26.3,24.0,3.0,1.9,2.7,1.0,1.5,5.5,6.9,,,,,0.9
147034,2023-01-31,PSV,NL1,1,994,23,7.07,994.0,0.09,0.16,0.14,44.5,17.0,1.0,0.7,2.1,1.0,1.4,4.4,5.9,,,,,1.6
155806,2023-02-01,FC Groningen,NL1,1,2147,26,6.8,2147.0,,0.0,0.02,45.4,4.0,,0.1,2.3,1.9,3.4,8.4,5.7,,,,,1.3
242063,2023-07-01,FC Twente,NL1,2,2933,50,7.83,2933.0,0.4320661438799864,0.2600852369587453,0.3746539379474941,33.57241732015002,88.0,18.0,2.2370610296624616,1.42673031026253,0.6362086600750085,0.13620866007500854,2.217251960450051,5.662938970337539,,,,,0.7086259802250257
315233,2023-07-01,SC Cambuur,NL1,2,4531,57,7.005122489516663,4531.0,0.11953431913484883,0.05383579783712205,0.06476715956742442,34.97426616640918,42.0,6.0,0.6569852129772678,2.6430147870227323,1.6046568086515118,2.1,6.852328404325756,6.770955638931803,,,,,1.1953431913484882
297693,2023-07-01,RKC Waalwijk,NL1,2,3769,52,6.821968691960732,3769.0,0.08,0.09070841071902361,0.17295303794109848,27.540939241178034,67.0,8.0,1.2098434598036614,1.5633855133987795,0.7633855133987795,1.2901565401963386,3.6901565401963383,5.8295303794109845,,,,,0.9901565401963386
56836,2023-07-01,Sparta R.,NL1,2,1025,25,,1025.0,,,,,13.0,3.0,,,,,,,,,,,
111275,2023-07-01,PSV,NL1,2,2820,39,7.17,2820.0,0.05000000000000001,0.07,0.18,43.6,48.0,5.0,0.4000000000000001,2.2,1.0,0.9,4.1,6.8,,,,,0.6999999999999998
204047,2023-07-01,Vitesse,NL1,2,4930,58,6.898701825557809,4930.0,0.1069371196754564,0.14904665314401622,0.07673427991886408,27.574847870182555,55.0,4.0,0.7,1.832657200811359,0.5884381338742394,0.7557809330628803,3.4210953346855986,6.842190669371197,,,,,1.597971602434077
195736,2023-07-01,Ajax,NL1,1,420,10,,420.0,,,,,3.0,,,,,,,,,,,,
187809,2023-07-01,RKC Waalwijk,NL1,2,5396,63,7.190528169014084,5396.0,0.2140733876945886,0.1917457375833951,0.19238139362490736,20.08943661971831,114.0,14.0,2.511638250555967,1.2587286879169757,0.3941808747220163,0.7529095626389918,2.5,4.534914751667902,,,,,1.9174573758339515
361070,2023-07-01,FC Emmen,NL1,2,2667,43,6.89,2667.0,0.39,0.3,0.07,20.7,22.0,2.0,0.8,1.3,0.3,0.9,2.6,4.5,,,,,0.9
524687,2023-07-01,RKC Waalwijk,NL1,2,3116,57,6.92754813863928,3116.0,0.04,0.0670956354300385,0.15128690629011557,27.17808087291399,53.0,7.0,1.9074775353016689,1.7526957637997431,1.160173299101412,1.5473042362002567,4.607477535301668,6.83321566110398,,,,,0.31826059050064187
546926,2023-07-01,Go Ahead Eagles,NL1,2,4374,53,6.7744352994970285,4374.0,0.029999999999999995,0.04958161865569272,0.02,39.45272062185642,7.0,,0.16527206218564242,1.2916323731138546,1.543095564700503,4.3,7.7958161865569275,6.282007315957933,,,,,0.7389117512574302
593415,2023-07-01,Heerenveen,NL1,2,1144,36,,1144.0,0.2,0.18801573426573429,0.1580157342657343,35.543356643356645,26.0,3.0,2.9193181818181815,2.6203671328671327,0.9603146853146852,0.4798951048951049,4.1804195804195805,5.9981643356643355,,,,,0.859527972027972
582131,2023-07-01,FC Twente,NL1,2,407,31,,407.0,,0.28,0.15,15.299999999999999,7.0,,6.6000000000000005,,2.0,1.0,3.1,10.2,,,,,0.5
454567,2023-07-01,Feyenoord,NL1,2,5331,64,7.825062839992498,5331.0,0.25518851997749015,0.1998743200150066,0.304560120052523,65.74560120052523,190.0,19.0,1.197486400300131,1.3493716000750329,0.5506283999249671,0.40125679984993434,2.5012567998499344,7.753141999624836,,,,,0.8
416660,2023-07-01,FC Twente,NL1,2,5422,64,7.505346735521948,5422.0,0.049247510143858364,0.04037624492807083,0.10112873478421247,50.378421246772405,65.0,5.0,0.5962375507192919,2.855643673921062,1.7,1.2,5.955643673921062,7.966931021763187,,,,,1.7
433984,2023-07-03,AZ Alkmaar,NL1,2,3178,50,7.27,3178.0,0.1416110761485211,0.09928886091881688,0.03691944619257395,56.8421963499056,7.0,1.0,0.2,1.1924166142227817,1.5232221522970422,4.299999999999999,7.992416614222782,6.092416614222782,,,,,0.6383889238514789
295624,2023-07-06,FC Groningen,NL1,2,2267,44,6.840000000000001,2267.0,,0.026846052051168946,0.13315394794883106,29.42540802823114,26.0,5.0,0.8973092192324658,2.8000000000000003,1.3973092192324656,1.9000000000000001,6.231539479488309,7.194618438464932,,,,,1.3
420243,2023-07-14,Ajax,NL1,2,5586,64,7.562617257429287,5586.0,0.08286072323666309,0.11342284282133908,0.09457214464733261,73.69706408879341,30.0,3.0,0.7828857858933047,1.9486573576799142,1.474328678839957,1.7713927676333692,5.59437880415324,7.363086287146437,,,,,1.0085571070533477
36139,2023-07-16,Ajax,NL1,2,5912,68,7.969644790257103,5912.0,0.3648223951285521,0.34964479025710427,0.7199999999999999,33.65685047361299,304.0,64.0,0.9487313937753721,0.7005074424898511,0.29949255751014886,0.5497462787550744,1.6,3.3492388362652235,,,,,0.8
88721,2023-07-17,Heerenveen,NL1,1,657,10,,657.0,,,,,3.0,1.0,,,,,,,,,,,
322073,2023-07-18,Go Ahead Eagles,NL1,2,4762,65,6.725146997060059,4762.0,0.20907391852162957,0.2865182696346073,0.07581478370432591,14.716295674086519,47.0,8.0,0.6581478370432591,0.5581478370432591,0.24185216295674086,0.8162956740865183,1.7907391852162957,2.7022259554808903,,,,,1.058147837043259
460939,2023-07-19,AZ Alkmaar,NL1,2,4338,67,7.3731811894882435,4338.0,0.14650069156293222,0.15107883817427387,0.1902627939142462,52.17081604426003,78.0,16.0,1.5892116182572613,1.278423236514523,1.5702627939142462,1.0676348547717842,4.227109266943291,6.608160442600277,,,,,0.8702627939142462
730861,2023-07-20,AZ Alkmaar,NL1,1,2685,33,7.25,2685.0,0.1,0.08,0.15,34.4,31.0,3.0,1.0,1.8,1.0,1.7,4.8,4.5,,,,,1.3
227039,2023-07-21,Sparta R.,NL1,2,2324,40,6.94,2324.0,0.06,0.12,0.13,33.0,41.0,9.0,1.3,1.2,1.0,0.4,2.6,5.2,,,,,1.2
419828,2023-07-21,FC Emmen,NL1,1,711,29,6.480000000000001,711.0,0.13,0.19,0.19,28.9,14.0,1.0,1.5,2.8,0.8,0.9,4.6,5.8,,,,,2.0
461883,2023-07-28,Ajax,NL1,1,1799,25,7.3,1799.0,0.05,0.04000000000000001,0.2,65.5,11.0,4.0,0.5,2.0,1.2,1.9,5.4,7.8,,,,,0.7
519731,2023-07-28,Feyenoord,NL1,2,1606,47,6.94,1606.0,0.68,0.69,0.08,18.2,28.0,3.0,0.8,0.5,0.5,0.4,1.6,4.6,,,,,0.6
401356,2023-08-10,Ajax,NL1,1,2587,31,7.7,2587.0,0.09999999999999999,0.12,0.14,74.1,28.0,8.0,0.6,2.5,1.3,2.6,6.7,9.2,,,,,1.2
196793,2023-08-14,Vitesse,NL1,2,2810,32,7.34,2810.0,0.1,0.1,0.20999999999999996,29.8,80.0,5.0,0.8,2.4,0.9,1.8,5.2,5.9,,,,,1.4
190222,2023-08-18,Utrecht,NL1,1,2225,28,7.33,2225.0,0.36,0.26,0.11,20.2,26.0,6.0,0.5,1.9,0.8,1.2,4.2,4.5,,,,,1.3
127573,2023-08-23,PSV,NL1,1,1691,25,7.06,1691.0,,0.04,0.11,38.2,17.0,1.0,0.4000000000000001,2.2,0.5,1.6000000000000003,4.5,6.0,,,,,0.9
367992,2023-08-23,AZ Alkmaar,NL1,1,1785,23,7.38,1785.0,0.45,0.24,0.27,25.2,42.0,10.0,0.8,0.9,0.5,0.4,1.7,5.0,,,,,0.6
207048,2023-08-24,FC Emmen,NL1,2,3330,37,6.51,3330.0,,,0.0,19.2,2.0,1.0,0.0,0.0,,0.5,0.6,7.8,9.0,3.2,64.5,1.8,
543499,2023-08-27,Ajax,NL1,2,1971,32,7.63,1971.0,0.55,0.58,0.19,28.0,33.0,7.0,4.599999999999999,1.3,0.4000000000000001,0.6,2.2,5.400000000000001,,,,,1.3
523318,2023-08-28,Utrecht,NL1,2,2320,34,7.28,2320.0,0.8,0.66,0.11,12.0,22.0,8.0,1.1,1.3,0.1,1.1,2.5,3.2,,,,,0.9
375885,2023-09-01,PSV,NL1,2,2483,31,7.480000000000001,2483.0,0.2,0.16,0.12000000000000001,50.3,29.0,5.0,1.3,2.7,0.9000000000000001,1.8000000000000003,5.8,9.7,,,,,1.3
315128,2023-09-01,FC Volendam,NL1,1,3035,34,7.43,3035.0,0.09,0.05,0.27,22.6,87.0,20.0,0.4,2.0,0.9,1.1,4.2,6.7,,,,,0.8
144244,2023-09-01,AZ Alkmaar,NL1,2,2968,35,7.13,2968.0,,0.07,0.07,51.39999999999999,20.0,3.0,0.2,1.6,0.9000000000000001,2.7,5.9,6.4,,,,,0.7
268113,2023-09-01,Utrecht,NL1,2,2335,30,7.32,2335.0,0.04,0.05,0.16,41.1,27.0,4.0,0.9,2.9,1.8999999999999997,2.0,7.3,9.3,,,,,1.2
182932,2023-09-01,Ajax,NL1,2,2104,35,7.08,2104.0,0.35,0.32,0.2,31.6,23.0,7.0,0.2,1.5,0.4,0.8,3.0,5.3,,,,,0.6
239733,2023-09-14,Fortuna Sittard,NL1,1,1696,27,6.67,1696.0,,0.0,0.06,30.5,11.0,1.0,0.9,2.0,0.9,2.1,5.099999999999999,6.400000000000001,,,,,0.9
457736,2024-01-23,Fortuna Sittard,NL1,2,2636,44,6.88,2636.0,0.28,0.16,0.18,17.6,41.0,4.0,2.0,2.7,1.2,1.5,5.6,6.700000000000001,,,,,1.5
645173,2024-01-29,FC Twente,NL1,2,2245,42,7.257795100222717,2245.0,0.6022316258351893,0.5930378619153674,0.1661826280623608,14.023118040089088,32.0,9.0,0.8924721603563474,0.9,0.10000000000000002,0.3231180400890869,1.4,2.792204899777283,,,,,1.230913140311804
540333,2024-01-31,FC Groningen,NL1,1,2129,30,6.78,2129.0,0.04,0.1,0.14,18.9,30.0,4.0,2.2,2.3,1.1,0.8,4.2,6.5,,,,,1.4
524925,2024-02-01,Utrecht,NL1,2,2684,36,6.82,2684.0,0.05000000000000001,0.03,0.02,40.9,2.0,,0.10000000000000002,2.0,1.1,5.099999999999999,8.9,4.900000000000001,,,,,0.8000000000000002
409517,2024-02-01,PSV,NL1,2,574,25,,574.0,0.63,0.48,0.15,23.9,11.0,3.0,1.9,1.1,0.2,1.3000000000000003,2.7,4.6,,,,,0.2
728864,2024-02-01,FC Volendam,NL1,1,327,14,,327.0,,,,,5.0,2.0,,,,,,,,,,,
343184,2024-02-01,Go Ahead Eagles,NL1,1,511,24,6.19,511.0,0.18,0.38,0.08,21.8,6.0,,2.1,2.1,1.1,0.4,3.7,5.3,,,,,1.9
374212,2024-07-01,FC Twente,NL1,2,5028,60,7.448174224343675,5028.0,0.06,0.05590891010342085,0.21727128082736677,44.9771877486078,106.0,18.0,0.6227326968973748,1.913623707239459,0.995445505171042,1.1409108989657917,4.26815831344471,6.427247414478917,,,,,0.4409108989657916
371686,2024-07-01,Vitesse,NL1,2,4701,60,7.005137204850032,4701.0,0.04,0.026100829610721125,0.11779834077855775,38.509189534141676,64.0,4.0,0.5926611359285259,2.2316528398213147,2.2756860242501595,2.146330567964263,6.907338864071474,6.6926611359285255,,,,,1.192661135928526
430797,2024-07-01,PEC Zwolle,NL1,1,3060,34,6.660000000000001,3060.0,,0.01,0.04,43.1,12.0,3.0,0.1,1.9,1.6,4.1,8.4,4.3,,,,,0.9
416802,2024-07-01,RKC Waalwijk,NL1,2,3231,46,6.680000000000001,3231.0,0.04,0.060000000000000005,0.09,26.0,24.0,2.0,1.7999999999999998,2.5,1.4,1.5,5.8,6.4,,,,,0.8999999999999999
387197,2024-07-01,RKC Waalwijk,NL1,2,5525,62,7.07,5525.0,,,0.004787330316742082,22.0862443438914,3.0,,0.1,0.1,0.0,0.9957466063348416,1.1478733031674209,11.469140271493213,11.0,4.247873303167421,71.62660633484163,1.7,0.0
257986,2024-07-01,FC Volendam,NL1,2,5499,65,6.599999999999999,5499.0,0.09474631751227496,0.07949263502454992,0.03576104746317513,32.50540098199673,35.0,4.0,0.1,1.6423895253682488,1.2525368248772506,4.447463175122749,8.194926350245499,4.374631751227496,,,,,0.6474631751227495
345590,2024-07-01,AZ Alkmaar,NL1,2,2619,46,7.2,2619.0,0.3433638793432608,0.38165330278732346,0.1316418480336006,18.266132111492936,35.0,7.0,1.283352424589538,1.916533027873234,0.450057273768614,1.01676212294769,3.583352424589538,4.049942726231386,,,,,1.7165330278732343
187188,2024-07-01,Go Ahead Eagles,NL1,2,4858,56,6.99976121860848,4858.0,0.1460765747221079,0.1278468505557843,0.1317702758336764,23.62774804446274,77.0,16.0,0.46076574722107866,1.3607657472210788,1.0569370111156855,2.478468505557843,5.496171263894607,4.439234252778922,,,,,0.9392342527789214
324503,2024-07-01,AZ Alkmaar,NL1,2,4875,59,7.668375384615385,4875.0,0.7584020512820513,0.6391876923076923,0.15075897435897437,19.308123076923078,82.0,20.0,1.3230358974358973,1.0230358974358975,0.13848205128205132,0.8230358974358973,2.046071794871795,3.00785641025641,,,,,0.9384820512820513
314915,2024-07-01,Excelsior,NL1,2,5945,68,6.854190075693861,5945.0,0.09,0.06491000841042893,0.08017998317914213,29.37609756097561,49.0,12.0,1.0,2.507199327165685,1.6437005887300251,3.603599663582843,8.105399495374265,5.245500420521447,,,,,0.7491000841042893
604813,2024-07-01,RKC Waalwijk,NL1,1,1653,29,6.809999999999999,1653.0,0.54,0.46,0.07,11.4,15.0,3.0,1.3,1.0,0.2,0.8,2.1,3.5,,,,,1.1
616340,2024-07-01,Excelsior,NL1,2,5348,66,6.952400897531788,5348.0,0.08299925205684368,0.06379955123410622,0.11459985041136873,27.65213163799551,75.0,12.0,0.30000000000000004,1.9620044876589378,1.362004487658938,1.4139865370231863,5.137995512341062,4.875991024682124,,,,,1.0540014958863126
340459,2024-07-03,AZ Alkmaar,NL1,2,3712,50,7.049633620689654,3712.0,0.3664224137931034,0.21642241379310342,0.09174568965517241,23.72198275862069,43.0,6.0,0.19999999999999998,1.728448275862069,0.6642241379310344,1.0,3.6605603448275863,2.4816810344827585,,,,,2.3036637931034485
357826,2024-07-05,Vitesse,NL1,2,965,34,,965.0,,0.18,0.04,13.8,11.0,7.0,2.0,1.7,0.4,0.7,2.8,5.0,,,,,2.2
241420,2024-07-05,Almere City,NL1,1,2508,31,6.46,2508.0,,0.01,0.01,22.3,4.0,1.0,0.1,1.0,2.0,4.2,8.1,4.1,,,,,1.6
415381,2024-07-05,Feyenoord,NL1,2,4261,54,7.752018305562074,4261.0,0.12296878666979583,0.1486458577798639,0.11391926777751701,54.50286317765783,62.0,10.0,1.2783853555503402,2.8216146444496597,1.5824219666744894,1.474348744426191,6.36080732222483,8.283853555503402,,,,,1.9
593837,2024-07-07,Excelsior,NL1,2,4286,59,7.010368642090528,4286.0,0.1867895473635091,0.20548296780214653,0.17968735417638823,18.732384507699486,60.0,12.0,1.9775548296780212,1.8096593560429304,0.7,1.0548296780214652,3.6096593560429304,6.3710219318712085,,,,,1.3
586429,2024-07-08,Utrecht,NL1,2,5444,65,7.0147795738427625,5444.0,0.08477957384276268,0.09492652461425422,0.04,38.1830639235856,24.0,1.0,0.40146950771491546,1.4,1.5955914768552535,3.749265246142542,7.243387215282881,5.749265246142542,,,,,0.8492652461425422
485586,2024-07-13,Heerenveen,NL1,2,2596,46,6.798790446841294,2596.0,0.08,0.06095531587057011,0.052865947611710325,49.379583975346684,12.0,1.0,0.6356702619414484,1.8452234206471494,1.309553158705701,3.5382126348228047,7.528659476117104,8.142681047765794,,,,,1.0261171032357475
405385,2024-07-14,AZ Alkmaar,NL1,2,4963,61,7.393324602055208,4963.0,0.12549869030828129,0.09416884948619787,0.22132984082208343,42.20971186782188,86.0,24.0,0.4033246020552085,1.4900261938343744,0.6966753979447914,1.7516623010276042,4.241688494861979,5.53836389280677,,,,,0.5483376989723957
288259,2024-07-18,Fortuna Sittard,NL1,2,3240,36,6.25,3240.0,,,0.0,23.0,1.0,,,0.0,0.1,0.8,1.0,8.2,5.0,2.9,58.8,2.0,0.0
612758,2024-07-19,FC Volendam,NL1,2,3351,42,6.71,3351.0,0.09,0.08,0.09,28.3,44.0,3.0,0.7,1.9,0.8,1.9,5.0,5.3,,,,,1.5
358021,2024-07-19,RKC Waalwijk,NL1,2,5271,62,6.87774995257067,5271.0,0.03443748814266742,0.055562511857332575,0.014437488142667425,35.98749762853349,14.0,1.0,0.41125023714665143,1.6781255928666285,1.3112502371466515,5.621248339973439,9.899373932840069,5.345000948586606,,,,,0.9781255928666287
231650,2024-07-25,Heracles Almelo,NL1,1,3060,34,6.76,3060.0,,,0.0,20.1,3.0,1.0,0.0,0.1,0.0,1.4,1.4,8.8,4.0,4.5,67.5,2.2,
580657,2024-08-01,Heerenveen,NL1,1,2473,32,7.120000000000001,2473.0,0.29,0.25,0.25,27.5,46.0,5.0,3.6000000000000005,0.6,0.4,0.3,1.3,3.6000000000000005,,,,,0.2
202788,2024-08-01,FC Twente,NL1,1,2755,33,7.19,2755.0,0.1,0.05999999999999999,0.05,61.8,10.0,,0.1,1.5,1.0,2.8,5.8,5.7,,,,,1.0
147846,2024-08-02,Vitesse Arnhem,NL1,1,2176,27,6.48,2176.0,0.04,0.01,0.04,44.9,10.0,3.0,0.3,1.7,1.1,4.6,8.3,5.8,,,,,1.2
364245,2024-08-20,PSV,NL1,2,2526,32,7.61,2526.0,0.07,0.05,0.25,56.60000000000001,55.0,15.0,0.6,1.8000000000000003,0.6,1.1,3.6000000000000005,6.3,,,,,0.7
353559,2024-08-24,Vitesse,NL1,1,1896,27,6.51,1896.0,0.05,0.05,0.03,36.0,5.0,1.0,0.2,1.6,1.4,3.7,7.3,4.9,,,,,1.2
315211,2024-08-26,Almere City,NL1,2,4466,53,6.694939543215405,4466.0,,0.017411553963278103,0.05694133452754142,28.290550828481866,23.0,2.0,0.35647111509180474,2.0,1.4,3.1399910434393195,6.983519928347515,4.960008956560681,,,,,1.1823555754590236
793099,2024-08-30,Almere City,NL1,2,4952,61,7.044434571890144,4952.0,0.10657512116316639,0.0891437802907916,0.0808562197092084,30.79450726978998,38.0,5.0,1.235016155088853,3.1743134087237483,0.952140549273021,2.047859450726979,6.422172859450726,6.138529886914378,,,,,1.808562197092084
420210,2024-08-30,Feyenoord,NL1,2,3311,37,7.7,3311.0,0.23999999999999996,0.25,0.13,57.6,44.0,7.0,0.7,1.5,0.9,1.3,3.8,5.4,,,,,0.5
308265,2024-09-03,Heerenveen,NL1,1,1161,24,6.74,1161.0,0.31,0.28,0.09,55.2,19.0,1.0,0.3,0.5,0.3,1.2,2.2,4.8,,,,,0.4
216443,2024-09-11,AZ Alkmaar,NL1,2,2438,31,6.94,2438.0,,0.01,0.05,62.9,16.0,1.0,0.1,0.7,0.8,1.7,3.7,6.1,,,,,0.7
595028,2025-01-04,Sparta R.,NL1,1,1368,31,6.58,1368.0,0.26,0.27,0.18,17.7,14.0,4.0,1.2,1.1,0.3,1.1,2.4,4.9,,,,,1.0
557407,2025-01-23,Ajax,NL1,2,3328,42,7.07,3328.0,0.08,0.05,0.13,56.5,24.0,8.0,0.5,1.7,1.3,1.8999999999999997,5.1,4.6,,,,,0.6
559324,2025-01-24,FC Twente,NL1,1,1750,32,6.95,1750.0,0.1,0.07,0.15,40.6,28.0,3.0,0.7,2.1,0.7,1.8,4.7,5.6,,,,,1.0
250591,2025-01-28,Sparta R.,NL1,1,2368,27,7.170000000000001,2368.0,0.34,0.21,0.13,18.9,39.0,9.0,0.4,2.0,0.7,0.8,3.6000000000000005,4.1,,,,,1.7
374326,2025-01-31,Go Ahead Eagles,NL1,1,2368,33,6.9799999999999995,2368.0,0.27,0.28,0.15,17.6,32.0,5.0,1.2,1.1,0.7,0.9000000000000001,2.8,4.4,,,,,0.5
552955,2025-02-03,Feyenoord,NL1,2,3154,41,7.590000000000001,3154.0,0.87,0.87,0.16,10.0,40.0,13.0,1.1,0.3,,0.3,0.7,2.4,,,,,0.5
787907,2025-02-03,Ajax,NL1,2,1745,27,7.110000000000001,1745.0,0.11,0.06,0.11,53.1,17.0,4.0,0.5,1.8,1.4,1.0,4.6,7.2,,,,,1.5
513963,2025-02-04,Utrecht,NL1,1,874,17,,874.0,0.51,0.21,0.06,15.1,7.0,,1.9,1.1,0.7,0.7,2.8,4.2,,,,,0.8
412945,2025-07-01,Go Ahead Eagles,NL1,2,3932,60,7.135198372329603,3932.0,0.1361648016276704,0.0730824008138352,0.11225839267548322,44.008240081383526,34.0,8.0,0.430824008138352,3.7308240081383515,1.207527975584944,3.060935910478128,8.29175991861648,5.932248219735503,,,,,1.9
288067,2025-07-01,Heerenveen,NL1,2,5440,61,7.003137867647059,5440.0,0.06,0.03368198529411765,0.15824264705882354,41.95856617647058,126.0,16.0,0.4543933823529412,1.810459558823529,1.2280330882352941,2.228033088235294,5.620919117647058,4.980753676470587,,,,,0.9912132352941178
134999,2025-07-01,Utrecht,NL1,2,3121,62,6.90488625440564,3121.0,0.1444761294456905,0.15427106696571613,0.24,22.94373598205703,78.0,11.0,0.5427106696571612,1.8864466517141942,0.7854213393143223,1.0427106696571613,3.8,5.014578660685678,,,,,1.0291573213713554
613781,2025-07-01,Almere City,NL1,1,2960,33,6.790000000000001,2960.0,,0.02,0.16,27.3,48.0,6.0,1.6,1.4,1.4,3.1,6.1,5.8,,,,,0.7
482141,2025-07-01,Sparta R.,NL1,2,4125,51,7.12,4125.0,0.042790303030303026,0.03959272727272727,0.06279030303030303,57.469842424242415,22.0,2.0,0.3680242424242425,1.063951515151515,1.4319757575757575,6.520363636363636,10.072096969696968,4.052339393939394,,,,,0.5319757575757575
593519,2025-07-01,FC Twente,NL1,2,5208,67,7.373064516129032,5208.0,0.7098387096774194,0.48532258064516126,0.16129032258064516,19.425806451612903,69.0,10.0,0.5,0.7274193548387098,0.3467741935483871,0.5129032258064515,1.6403225806451611,3.240322580645161,,,,,0.6403225806451613
458734,2025-07-01,Willem II,NL1,1,2925,33,6.84,2925.0,,0.02,0.03,41.3,11.0,,0.5,2.6,1.1,4.6,9.2,4.9,,,,,0.6
514285,2025-07-01,Feyenoord,NL1,2,2724,38,7.37,2724.0,,0.06,0.3,54.2,48.0,11.0,0.6,1.9,1.2,0.7,3.9,5.6,,,,,0.9
318508,2025-07-02,PSV,NL1,2,5410,63,7.783441774491682,5410.0,0.06672088724584105,0.06049168207024029,0.13229574861367838,81.75086876155268,58.0,11.0,0.35737523105360447,1.6327911275415896,1.7196672828096118,3.6049168207024027,7.457375231053604,6.996709796672827,,,,,0.6
601495,2025-07-02,FC Groningen,NL1,1,2607,32,7.11,2607.0,0.07,0.10999999999999999,0.16,31.8,40.0,13.0,2.3,0.6,0.3,0.6,1.5999999999999999,5.2,,,,,0.6
465326,2025-07-04,RKC Waalwijk,NL1,2,3348,58,6.79100358422939,3348.0,0.24391278375149342,0.1972072879330944,0.16770908004778973,17.796654719235363,64.0,9.0,2.650836320191159,1.7983273596176823,0.5229091995221028,0.45083632019115893,2.796654719235365,4.794982078853047,,,,,1.3720728793309438
747720,2025-07-04,AZ Alkmaar,NL1,2,610,25,,610.0,0.29,0.29,0.22,23.7,8.0,,5.7,1.4,0.3,1.1,2.9,5.4,,,,,0.6
232015,2025-07-11,RKC Waalwijk,NL1,1,1953,26,6.8,1953.0,0.41,0.63,0.08,14.5,20.0,2.0,0.3,0.7,0.0,1.5,2.4,1.5,,,,,1.0
467437,2025-07-12,PSV,NL1,2,3509,54,7.672031917925336,3509.0,0.5373439726417782,0.34171843830151044,0.3660929039612425,35.368766030208036,91.0,27.0,2.090624109432887,2.5734397264177824,1.1281276717013393,0.6640638358506696,4.565631233969793,7.0187517811342275,,,,,1.3546879452835567
112052,2025-07-15,AZ Alkmaar,NL1,2,1306,24,,1306.0,,,,,13.0,3.0,,,,,,,,,,,
61651,2025-07-15,Ajax,NL1,2,2622,37,7.35,2622.0,0.05,0.05,0.27,69.7,58.0,14.0,0.3,1.5,1.2,1.9,5.1,5.2,,,,,0.6
565424,2025-07-16,PSV,NL1,2,4082,63,7.51469867711906,4082.0,0.46094561489465946,0.3216046055854973,0.33744977951984323,37.090543851053404,104.0,16.0,3.067907888290054,1.1613179813816756,0.37736403723664874,0.29341009309162175,1.8934100930916216,3.8065899069083784,,,,,1.1773640372366487
339332,2025-07-17,PSV,NL1,2,2492,40,7.69,2492.0,0.52,0.26,0.45,39.8,76.0,14.0,1.4,1.0,0.3,0.3,1.7,4.8,,,,,0.5
596148,2025-07-18,Sparta R.,NL1,2,3426,43,6.99,3426.0,0.04,0.030000000000000002,0.11,30.6,29.0,7.0,0.6,2.0,1.3,2.1,6.0,5.1,,,,,1.0
595028,2025-07-22,Almere City,NL1,2,2970,60,6.558424242424243,2970.0,0.21145454545454545,0.30236363636363633,0.15303030303030302,16.081818181818182,33.0,8.0,1.2,0.8303030303030303,0.19212121212121214,0.6684848484848486,1.6987878787878787,3.8751515151515155,,,,,1.2696969696969698
404418,2025-07-24,Feyenoord,NL1,2,5915,66,7.5008960270498735,5915.0,0.12078613693998311,0.15539306846999157,0.13486897717666949,74.53778529163145,44.0,15.0,0.6052409129332206,1.1486897717666948,0.9,2.992138630600169,5.643448858833474,5.6340659340659345,,,,,0.34868977176669486
56490,2025-07-28,Willem II,NL1,1,1369,29,6.15,1369.0,0.2,0.22,0.06,9.9,8.0,1.0,0.4,0.8,0.1,1.3,2.4,1.6,,,,,3.3999999999999995
640565,2025-07-30,Sparta R.,NL1,1,1614,30,6.76,1614.0,0.11,0.12000000000000001,0.18,29.5,32.0,6.0,1.6,1.9,0.4,0.7,3.3,4.8,,,,,1.1
56836,2025-07-31,RKC Waalwijk,NL1,2,3065,45,7.0,3065.0,,0.01,0.12039804241435564,30.62388254486134,38.0,6.0,0.17549755301794454,2.177487765089723,1.2,2.7264926590538336,6.603980424143555,4.887438825448613,,,,,0.9019902120717781
653610,2025-08-01,Feyenoord,NL1,1,2881,34,7.740000000000001,2881.0,0.5,0.33,0.21,21.9,70.0,12.0,1.8,1.3,0.4,1.0,2.7,3.3,,,,,0.6
661427,2025-08-02,AZ Alkmaar,NL1,1,2512,31,7.02,2512.0,0.07,0.04,0.09,35.0,18.0,6.0,0.6,1.0,0.9,2.1,4.2,3.9,,,,,0.8
904802,2025-08-03,Ajax,NL1,1,2592,31,7.13,2592.0,0.07,0.049999999999999996,0.18,48.7,18.0,6.0,0.19999999999999998,2.0,0.7999999999999999,2.1,5.2,4.5,,,,,0.7999999999999999
527896,2025-08-04,Go Ahead Eagles,NL1,1,2420,32,7.32,2420.0,0.22,0.26,0.24,24.0,50.0,16.0,1.4,1.0,0.4,1.0,2.5,3.7,,,,,0.4
596178,2025-08-04,Sparta R.,NL1,2,3274,53,6.720000000000001,3274.0,,0.03302687843616371,0.027675626145387905,42.79089798411729,12.0,2.0,0.1,1.0929749541844838,1.8070250458155162,4.255681124007331,8.141631032376297,4.269731215638363,,,,,0.7837813072693953
227039,2025-08-06,PEC Zwolle,NL1,2,2176,31,7.03,2176.0,0.32,0.24000000000000002,0.19,35.6,56.0,13.0,1.6,1.4,0.5,1.0,3.1,5.0,,,,,1.1
416802,2025-08-07,PEC Zwolle,NL1,1,467,11,,467.0,,,,,2.0,,,,,,,,,,,,
718303,2025-08-12,AZ Alkmaar,NL1,2,1619,24,6.95,1619.0,0.12,0.27,0.22,18.1,27.0,4.0,1.6,1.4,0.2,0.6,2.3,3.7,,,,,0.4
577455,2025-08-18,Willem II,NL1,2,5347,63,7.102173181223116,5347.0,0.16565176734617543,0.15217318122311577,0.15847765101926314,29.11090331026744,72.0,12.0,1.9173929306152981,0.7456517673461754,0.3543482326538246,0.7173929306152983,1.8630446979614739,4.273910604077052,,,,,0.3913035346923509
326030,2025-08-27,Heerenveen,NL1,1,244,16,,244.0,,,,,6.0,2.0,,,,,,,,,,,
607144,2025-08-31,Heerenveen,NL1,2,2291,33,6.75,2291.0,0.04,0.05,0.05,42.7,15.0,2.0,0.5,2.9,1.2,1.3,5.9,5.6,,,,,1.6
473169,2025-09-01,Ajax,NL1,1,1563,30,6.719999999999999,1563.0,0.23,0.58,0.12,14.5,21.0,5.0,0.5,0.3,0.2,0.6,1.2,2.1,,,,,2.1
131996,2025-09-01,Ajax,NL1,2,1787,33,7.07,1787.0,0.30999999999999994,0.42999999999999994,0.22000000000000003,30.1,31.0,7.0,2.0,0.9000000000000001,0.4,0.8,2.1,3.8999999999999995,,,,,1.1
813152,2026-01-09,Fortuna Sittard,NL1,2,1641,35,6.31,1641.0,0.08,0.3,0.08,7.0,14.0,2.0,0.8,0.7,0.7,0.3,1.7999999999999998,2.3,,,,,1.5
470394,2026-01-09,Ajax,NL1,2,3739,48,7.31,3739.0,0.33,0.27,0.22000000000000003,33.7,57.0,12.0,0.5,1.4,0.7,1.0,3.1,3.0,,,,,1.4
624942,2026-01-22,Ajax,NL1,1,562,14,,562.0,,,,,16.0,4.0,,,,,,,,,,,
420213,2026-01-23,Feyenoord,NL1,2,2709,35,7.234573643410853,2709.0,0.2685529715762274,0.21514211886304907,0.19801033591731268,31.540051679586565,51.0,11.0,1.3599483204134366,2.2999999999999994,0.8914728682170543,0.6943152454780362,4.034366925064599,4.18578811369509,,,,,1.3085271317829459
369554,2026-01-24,Go Ahead Eagles,NL1,1,3060,34,6.85,3060.0,0.12,0.14,0.06,28.6,18.0,4.0,0.4,1.5,0.4,3.1,5.5,3.3,,,,,1.1
439292,2026-01-29,NAC Breda,NL1,2,2190,35,6.58,2190.0,0.2489041095890411,0.3367123287671233,0.06643835616438357,13.635616438356164,18.0,2.0,0.4547945205479452,0.8643835616438356,0.1,0.5712328767123288,1.4808219178082191,2.0,,,,,1.4808219178082191
31067,2022-07-22,OFI Crete,GR1,1,86,1,6.56,86.0,,,,,1.0,,,,,,,,,,,,
183397,2022-08-19,OFI Crete,GR1,1,32,1,6.08,32.0,,,,,2.0,,,,,,,,,,,,
481688,2022-08-29,Panathinaikos,GR1,1,6,1,,6.0,,,,,,,,,,,,,,,,,
242668,2023-01-16,OFI Crete,GR1,1,4,1,,4.0,,,,,,,,,,,,,,,,,
358507,2023-07-01,Aris Saloniki,GR1,1,1927,28,6.98,1927.0,,,,37.9,18.0,3.0,0.3,1.7,1.6,1.3,5.0,3.6,,,,,1.0
238856,2023-07-01,Ionikos Nikea,GR1,1,2583,29,6.880000000000001,2583.0,,,,17.5,21.0,6.0,0.8,2.0,1.4,1.5,5.2,4.9,,,,,1.9
212430,2023-07-01,Panetolikos,GR1,1,2088,27,6.59,2088.0,0.04,,,26.0,10.0,1.0,0.3,1.1,2.2,2.2,5.7,3.4,,,,,1.2
177475,2023-07-01,Volos NPS,GR1,1,2610,29,6.709999999999999,2610.0,,,,18.2,,,0.0,,0.0,0.6,0.6,8.8,10.0,3.3,69.1,1.5,
164729,2023-07-01,PAS Giannina,GR1,1,1309,15,,1309.0,,,,,,,,,,,,,2.0,,,,
381206,2023-07-01,Asteras Tripoli,GR1,2,1095,24,6.682374429223743,1095.0,0.09,,,25.7,20.0,2.0,1.1,2.1,0.2,0.3,2.5,3.0,,,,,1.0
382423,2023-07-01,Ionikos Nikeas,GR1,1,2551,32,6.61,2551.0,0.21000000000000002,,,11.6,21.0,4.0,0.3,0.6,0.2,0.4,1.3,2.1,,,,,1.3
125769,2023-07-03,Aris Saloniki,GR1,1,2096,29,6.86,2096.0,,,,48.3,8.0,2.0,0.1,1.2,0.9,2.3,4.9,4.0,,,,,1.5
137648,2023-07-07,PAOK,GR1,1,2677,30,7.05,2677.0,0.09999999999999999,,,55.9,3.0,1.0,0.09999999999999999,1.0,0.5,3.4,5.5,3.6999999999999997,,,,,1.0
144304,2023-07-14,Volos NFC,GR1,1,1946,25,6.58,1946.0,0.27999999999999997,,,9.4,7.0,,0.4,0.3,0.1,0.6,1.0,1.8,,,,,1.4
396428,2023-07-20,Volos NFC,GR1,1,2590,29,6.58,2590.0,,,,34.1,4.0,,0.0,0.9,1.6,3.6,6.9,2.3,,,,,0.9
461512,2023-08-07,Olympiacos,GR1,1,2589,30,7.079999999999999,2589.0,0.030000000000000002,,,29.799999999999997,21.0,2.0,0.10000000000000002,1.4,1.1,1.0,3.7000000000000006,4.5,,,,,1.7000000000000002
64804,2023-08-07,Levadiakos,GR1,1,1391,17,,1391.0,,,,,19.0,1.0,,,,,,,,,,,
590926,2023-08-08,Aris Saloniki,GR1,1,1564,23,6.8100000000000005,1564.0,0.060000000000000005,,,30.300000000000004,8.0,1.0,0.4,1.2,1.2,0.9000000000000001,3.5,4.1,,,,,0.6
226802,2023-08-09,Atromitos,GR1,1,2723,31,6.77,2723.0,,,,18.6,1.0,,0.0,0.0,,1.2,1.2,8.8,6.0,3.0,73.0,1.1,0.0
287635,2023-08-10,OFI Crete,GR1,1,2392,33,6.88,2392.0,0.11,,,44.8,14.0,,0.2,1.5,1.0,0.5,3.2,7.5,,,,,1.5
255688,2023-08-11,Panathinaikos,GR1,1,629,8,,629.0,,,,,,,,,,,,,,,,,
393621,2023-08-12,PAOK,GR1,1,2383,29,7.299999999999999,2383.0,0.15,,,50.1,26.0,4.0,0.3,2.5,1.1,0.6,4.5,4.2,,,,,2.2
170895,2023-08-17,Olympiacos,GR1,1,477,18,,477.0,0.38,,,20.6,9.0,1.0,0.6,0.4,,,0.4,2.8,,,,,1.7
539043,2023-08-30,Aris Saloniki,GR1,2,1784,30,7.08,1784.0,0.58,,,29.1,43.0,5.0,1.5,0.6,0.5,0.3,1.4,3.0,,,,,1.0
481675,2023-09-01,OFI Crete,GR1,2,2520,28,6.92,2520.0,,,,18.9,4.0,4.0,,,,0.4,0.4,8.3,8.0,3.3,73.7,1.2,
72768,2023-09-04,PAOK,GR1,1,1994,32,6.7,1994.0,0.32,,,16.1,12.0,1.0,0.5,0.3,0.2,0.3,0.8,2.9,,,,,1.6
107525,2023-09-09,Asteras Tripoli,GR1,1,885,22,,885.0,,,,20.0,15.0,1.0,1.2,1.5,0.7,0.3,2.5,4.3,,,,,2.2
60577,2023-09-11,Aris Saloniki,GR1,1,1104,17,,1104.0,,,,,2.0,,,,,,,,,,,,
333355,2024-01-25,AEK Athens,GR1,2,1565,23,,1565.0,,,,,15.0,2.0,,,,,,,,,,,
131745,2024-07-01,Volos NFC,GR1,2,4983,60,6.57,4983.0,0.034190246839253466,,,25.65912101143889,41.0,8.0,0.2,0.7323901264298616,0.7161950632149308,1.6933172787477422,3.3000000000000003,3.9419024683925348,,,,,1.3419024683925347
164729,2024-07-01,Atromitos,GR1,2,3648,41,6.37,3648.0,,,,18.5,,,0.0,,,1.1,1.1,7.199999999999999,6.0,2.8,62.900000000000006,1.7,0.1
295744,2024-07-01,PAS Giannina,GR1,2,3982,51,7.053611250627826,3982.0,,,,35.55816172777498,24.0,1.0,0.35399296835760924,2.623957810145655,2.2699648417880463,2.5539929683576093,7.939929683576093,6.385936715218484,,,,,1.4220492214967353
286533,2024-07-01,PAS Giannina,GR1,2,4153,51,6.658114615940285,4153.0,0.06594269202985793,,,34.86857693233807,7.0,,0.10628461353238623,1.2062846135323864,1.2280038526366484,4.506284613532386,7.340573079701421,2.971996147363352,,,,,1.1468576932338068
298642,2024-07-01,Panserraikos,GR1,1,1661,21,6.81,1661.0,0.05000000000000001,,,19.6,21.0,4.0,0.3,1.1,0.6999999999999998,1.7,3.5,3.9,,,,,1.3
228584,2024-07-01,PAS Lamia,GR1,2,5287,63,6.685140911670134,5287.0,0.029999999999999995,,,25.623226782674486,38.0,6.0,0.451409116701343,1.7056364668053718,1.6598638169094007,2.305636466805372,6.071136750520144,4.7485908832986565,,,,,1.848590883298657
340308,2024-07-01,Panetolikos,GR1,2,2576,44,6.579999999999999,2576.0,0.12,,,17.926009316770187,12.0,1.0,0.5979425465838509,1.24041149068323,1.3849378881987577,1.5637034161490684,4.310287267080745,3.8342391304347827,,,,,1.5
136109,2024-07-01,PAS Lamia,GR1,2,3330,37,6.440000000000001,3330.0,,,,10.7,,,,0.0,,1.1,1.2,7.2,6.0,3.7,63.4,2.1,0.0
534677,2024-07-01,Asteras Aktor,GR1,1,548,10,,548.0,,,,,3.0,2.0,,,,,,,,,,,
481173,2024-07-01,Olympiacos,GR1,1,1278,17,,1278.0,,,,,11.0,1.0,,,,,,,,,,,
146799,2024-07-02,Panathinaikos,GR1,2,3920,44,7.0,3920.0,,,,18.2,5.0,,0.0,0.0,,0.2,0.2,6.2,26.0,1.9,81.3,0.4,
494679,2024-07-03,PAS Giannina,GR1,2,2221,41,6.58,2221.0,0.15,,,22.393246285457,10.0,,0.23574966231427286,1.6452498874380912,1.390499774876182,1.4,4.880999549752364,5.378748311571365,,,,,1.3
144304,2024-07-04,Kifisia,GR1,2,4353,55,6.839887433953595,4353.0,0.45694463588329887,,,9.510590397427062,24.0,2.0,0.6211807948541236,0.24470480128646913,0.2658855961405927,0.6552951987135309,1.1658855961405927,1.6341144038594073,,,,,1.2341144038594074
112091,2024-07-08,PAS Giannina,GR1,2,5006,57,6.791086695964842,5006.0,0.23206352377147424,,,36.47606871753896,15.0,2.0,0.08913304035157811,1.2228326008789452,1.2,3.8684978026368357,6.946763883339992,3.101098681582102,,,,,1.4673991210547344
223053,2024-07-09,Olympiacos,GR1,1,1460,21,6.969999999999999,1460.0,0.12,,,36.8,8.0,1.0,0.5,2.5,1.6,2.0,6.3,5.7,,,,,2.6
247589,2024-07-09,OFI Crete FC,GR1,1,1158,22,6.63,1158.0,,,,39.2,4.0,1.0,0.1,3.2,1.7,1.4,6.7,7.1,,,,,1.8
319623,2024-07-09,PAS Lamia,GR1,1,1189,18,,1189.0,0.08,,,26.1,12.0,1.0,0.6,1.1,1.5,2.0,4.8,5.7,,,,,1.7
234193,2024-07-10,Aris Saloniki,GR1,1,1723,24,6.8,1723.0,,,,37.3,14.0,,0.2,1.7,1.6,1.5,4.9,5.0,,,,,2.3
340323,2024-07-16,Panserraikos,GR1,1,1060,24,6.74,1060.0,0.17,,,18.9,26.0,6.0,1.3,1.1,1.1,0.5,2.9,5.8,,,,,1.4
163738,2024-07-18,Aris Saloniki,GR1,2,4117,53,6.971658974981783,4117.0,0.05,,,30.982487247996115,36.0,4.0,0.9547728928831674,1.4643186786495022,1.0809084284673307,1.2286373572990041,3.9834102501821715,6.145227107116833,,,,,1.4904542142336654
455758,2024-07-21,Volos NPS,GR1,1,900,10,,900.0,,,,,,,,,,,,,1.0,,,,
161869,2024-08-02,AEK Athens,GR1,1,1213,17,,1213.0,,,,,18.0,1.0,,,,,,,,,,,
329630,2024-08-09,Panetolikos,GR1,2,3325,48,6.803560902255639,3325.0,0.10866466165413534,,0.04,21.571909774436087,73.0,16.0,0.7636992481203007,0.9318496240601504,0.4955488721804511,0.5,1.959248120300752,3.4910977443609017,,,,,0.8273984962406015
189439,2024-08-13,Panserraikos,GR1,2,3842,54,6.732097865694951,3842.0,,,0.0,33.895028630921395,12.0,1.0,0.1,2.608641332639251,1.5197553357626234,1.6432066631962519,5.9172826652785,4.939510671525247,,,,,1.6654346694429984
258005,2024-08-16,Olympiacos,GR1,1,569,19,,569.0,0.16,,,50.8,11.0,,0.2,0.6,0.9,0.2,1.9,6.2,,,,,1.7
464530,2024-08-26,PAOK,GR1,2,2467,39,6.9,2467.0,0.04,,0.0,41.0,23.0,1.0,0.4,1.1,1.0,1.1,3.4,6.7,,,,,0.9
669380,2024-08-30,PAOK,GR1,1,1846,22,6.97,1846.0,0.05,,,49.6,4.0,,0.1,1.0,0.9,3.9,6.3,4.1,,,,,1.3
198006,2024-09-02,PAOK,GR1,2,1051,14,,1051.0,,,,,13.0,1.0,,,,,,,,,,,
126625,2024-09-04,Panathinaikos,GR1,1,1245,18,6.960000000000001,1245.0,,,,33.0,13.0,3.0,0.3,1.2,1.1,1.2,3.5,3.6,,,,,1.1
456523,2025-01-02,Atromitos,GR1,1,2430,31,7.140000000000001,2430.0,0.11,,,42.7,28.0,4.0,0.9,1.9,1.3,0.5,3.8,5.6,,,,,1.3
267473,2025-01-16,Kallithea,GR1,1,727,13,,727.0,,,,,10.0,,,,,,,,,,,,
354587,2025-02-07,AEK Athens,GR1,2,2283,36,7.380000000000001,2283.0,1.0,,,15.9,35.0,8.0,1.4,0.5,,1.2,1.9,2.1,,,,,1.5
179860,2025-02-11,Panathinaikos,GR1,2,1215,31,6.7,1215.0,0.64,,,15.799999999999999,11.0,1.0,0.6,0.4,,1.1,1.5,1.1,,,,,1.4
292357,2025-07-01,Kallithea,GR1,1,1698,28,6.78,1698.0,,,,22.6,11.0,3.0,1.5,2.0,1.0,3.1,6.4,5.5,,,,,1.2
136643,2025-07-01,Levadiakos,GR1,1,933,23,6.69,933.0,0.29,,0.0,12.6,24.0,3.0,1.4,0.9,0.6,0.5,1.9,5.1,,,,,0.9
242668,2025-07-01,Panserraikos,GR1,2,4395,59,6.742921501706484,4395.0,0.12435494880546075,0.0,0.0,34.14211604095564,24.0,1.0,0.45071672354948805,1.4971331058020476,0.7478498293515359,1.1043003412969283,3.747849829351536,5.747849829351536,,,,,1.8956996587030717
234733,2025-07-01,Panserraikos,GR1,2,4576,58,7.023562062937063,4576.0,0.09786276223776225,,0.0,29.153037587412584,42.0,3.0,1.3071241258741257,1.8071241258741257,1.3786276223776224,2.2213723776223775,5.874934440559441,5.042744755244755,,,,,1.0928758741258742
212430,2025-07-01,Asteras Aktor,GR1,2,3181,43,6.909569317824584,3181.0,0.05,0.0,0.0,24.266771455517134,21.0,3.0,0.4,1.4,2.0289217227287017,3.7652310594152785,7.49415278214398,3.6839987425337943,,,,,1.279691920779629
1060087,2025-07-01,Olympiacos,GR1,1,1202,22,7.059999999999999,1202.0,0.52,0.02,0.01,20.5,18.0,3.0,1.6,2.2,0.8,0.4,3.5,4.4,,,,,1.5
895905,2025-07-01,Atromitos,GR1,1,573,20,,573.0,0.47000000000000003,,0.0,22.1,6.0,,1.4,5.0,0.8,0.6,6.4,4.6,,,,,2.0
549012,2025-07-01,PAS Lamia,GR1,1,1759,21,6.97,1759.0,0.31,0.01,0.0,13.7,28.0,4.0,2.3,1.2,0.3,0.2,1.6,3.2,,,,,1.7
175446,2025-07-02,PAOK,GR1,2,2285,34,6.86,2285.0,,0.0,0.04000000000000001,38.1,24.0,4.0,0.7,1.9,2.0,2.1,6.200000000000001,4.2,,,,,1.6999999999999997
286533,2025-07-04,Panetolikos,GR1,2,4229,51,6.634781272168361,4229.0,0.06087491132655474,,,30.57498226531095,8.0,1.0,0.2,1.1565618349491606,0.8521872783163869,6.799385197446204,9.255947032395365,2.6784346181130285,,,,,1.2912508867344528
370997,2025-07-09,PAOK,GR1,2,5580,62,6.684838709677418,5580.0,,,0.0,19.009677419354837,2.0,,0.1,,0.0,0.5903225806451613,0.5903225806451613,6.725806451612903,21.0,2.5451612903225804,70.6258064516129,1.0903225806451613,0.0
464535,2025-07-17,Panserraikos,GR1,2,2755,49,6.715078039927405,2755.0,0.16046823956442832,,0.02,23.425807622504536,31.0,6.0,0.8492196007259529,2.4937568058076227,0.4492196007259528,0.39843920145190564,3.34141560798548,4.4,,,,,2.353901996370236
934991,2025-07-21,PAS Lamia,GR1,1,1752,29,6.65,1752.0,0.05,0.0,0.0,25.0,11.0,1.0,0.5,4.2,1.6,1.4,7.3,6.1,,,,,1.8
554398,2025-08-01,PAS Lamia,GR1,2,2332,40,6.59,2332.0,,0.0,0.004532590051457976,21.5,8.0,,0.7,2.5,1.7,1.5,6.0,4.7,,,,,1.8892367066895372
546186,2025-08-06,Panathinaikos,GR1,1,2236,27,7.27,2236.0,0.04,,,35.7,23.0,2.0,1.3,1.9,0.6,3.3,6.0,4.1,,,,,1.5
355761,2025-08-13,Panetolikos,GR1,2,3026,56,6.7323132848645075,3026.0,0.13,0.02,0.14,31.453635161929945,31.0,3.0,1.0846001321877066,3.1384335756774617,0.869233311302049,0.9307666886979511,5.199966953073364,6.707666886979512,,,,,1.4461335095836088
878247,2025-08-26,Atromitos,GR1,2,2685,31,7.14,2685.0,,,0.0,37.2,13.0,2.0,0.6,2.4,1.0,1.9,5.7,6.8,,,,,2.2
176936,2025-08-29,Aris Saloniki,GR1,1,2700,30,6.97,2700.0,,,,15.5,1.0,1.0,0.1,0.0,,0.8,0.9,7.8,13.0,2.6,73.6,0.9,0.0
532444,2025-09-01,Panathinaikos,GR1,1,1825,26,6.76,1825.0,0.3,,,13.7,15.0,4.0,2.5,0.4,0.0,0.4,1.0,1.8,,,,,1.2
112948,2025-09-08,Aris Saloniki,GR1,1,2419,29,7.01,2419.0,0.07,,,44.5,,,,2.2,1.2,4.9,8.5,3.4000000000000004,,,,,0.8999999999999999
205760,2026-01-02,Panathinaikos,GR1,1,616,22,,616.0,0.44000000000000006,,,11.4,5.0,1.0,0.7,1.3,0.3,1.5,3.1,2.0,,,,,1.8999999999999997
33709,2018-08-01,Zulte Waregem,BE1,1,89,1,,89.0,,,,,1.0,,,,,,,,,,,,
215114,2018-08-31,KAA Gent,BE1,1,437,5,,437.0,,,,,4.0,1.0,,,,,,,,,,,
364567,2019-01-17,KSC Lokeren,BE1,1,556,12,,556.0,,,,,2.0,1.0,,,,,,,,,,,
227532,2019-07-01,SK Beveren,BE1,1,2212,26,6.77,2212.0,0.12,,,16.2,38.0,3.0,1.8,1.1,0.8,0.2,2.1,4.2,,,,,0.8
42948,2019-07-01,KSC Lokeren (- 2020),BE1,1,1495,20,,1495.0,0.060000000000000005,,,30.4,21.0,,0.2,1.1,2.0,1.8,5.4,3.8,,,,,1.3
228572,2019-07-01,Zulte Waregem,BE1,1,1230,16,,1230.0,,,,,31.0,4.0,,,,,,,,,,,
280701,2019-07-01,Zulte Waregem,BE1,1,2439,28,7.27,2439.0,0.3,,,20.7,39.0,7.0,2.7,1.2,0.8999999999999999,0.3,2.4,5.5,,,,,0.5
295183,2019-07-01,Standard Liège,BE1,1,3152,38,7.12,3152.0,0.29,,,45.70000000000001,75.0,13.0,0.9,1.5,0.8000000000000002,0.5,2.9,5.599999999999999,,,,,1.3999999999999997
190146,2019-07-01,Cercle Brugge,BE1,1,2295,27,6.88,2295.0,0.08,,,38.4,75.0,6.0,1.3,1.3,0.8,0.7,2.9,6.2,,,,,1.3
234193,2019-07-01,KAA Gent,BE1,1,2458,34,6.840000000000001,2458.0,0.18,,,43.5,30.0,1.0,0.7,1.8000000000000003,2.1,1.0,5.2,6.0,,,,,1.6999999999999997
340166,2019-07-01,KAS Eupen,BE1,1,1095,13,,1095.0,,,,,10.0,1.0,,,,,,,,,,,
144028,2019-07-01,Genk,BE1,1,2789,34,7.4,2789.0,0.45,,,29.8,72.0,14.0,1.4,1.5,1.0,0.3,3.0,5.2,,,,,1.0
377219,2019-07-01,Mouscron,BE1,1,1464,19,,1464.0,,,,,41.0,3.0,,,,,,,,,,,
381362,2019-07-01,Club Brugge KV,BE1,1,3100,38,6.94,3100.0,0.38,,,18.0,45.0,6.0,0.7,0.6,0.2,0.3,1.1,2.9,,,,,1.9
485424,2019-07-01,Standard Liège,BE1,1,2109,32,6.79,2109.0,0.34,,,17.5,31.0,3.0,2.6,2.0,0.6,0.3,2.9,4.2,,,,,2.0
336125,2019-07-01,Mouscron,BE1,1,2203,29,6.74,2203.0,0.04,,,32.8,21.0,,0.4,2.5,2.2,1.5,6.5,6.0,,,,,1.1
111038,2019-07-01,RSC Anderlecht,BE1,1,1328,19,,1328.0,,,,,5.0,,,,,,,,,,,,
279254,2019-07-04,KV Oostende,BE1,1,1186,18,,1186.0,,,,,20.0,5.0,,,,,,,,,,,
182923,2019-07-06,Club Brugge,BE1,1,3042,35,6.9399999999999995,3042.0,0.029999999999999995,,,50.1,16.0,,0.09999999999999999,1.7,1.8,1.9000000000000001,5.8999999999999995,5.2,,,,,1.5
331560,2019-07-09,Sint-Truiden,BE1,1,2430,27,6.72,2430.0,0.04,,,37.1,10.0,,0.1,1.4,2.4,3.5,8.3,4.8,,,,,0.9
80188,2019-07-10,Club Brugge KV,BE1,1,2054,24,7.14,2054.0,0.04,,,48.9,9.0,1.0,0.3,1.2,2.5,4.1,8.5,4.3,,,,,1.1
323713,2019-07-10,Sint-Truiden,BE1,1,2231,29,6.69,2231.0,0.11999999999999998,,,20.3,22.0,5.0,0.4,2.3,1.4,0.9,4.8,4.3,,,,,1.5
429086,2019-07-11,SK Beveren,BE1,1,1762,22,6.76,1762.0,0.36,,,13.2,20.0,2.0,2.1,2.2,1.0,0.2,3.4,4.5,,,,,1.7
358250,2019-07-11,Genk,BE1,1,2780,33,6.820000000000001,2780.0,0.029999999999999995,,,47.5,8.0,1.0,0.1,1.6,2.0,3.2,7.2,7.0,,,,,0.7
380416,2019-07-18,KAS Eupen,BE1,1,1309,22,6.03,1309.0,0.14,,,21.2,10.0,2.0,1.2,1.9,1.2,0.6,3.7,5.7,,,,,1.6999999999999997
450218,2019-07-20,KSC Lokeren,BE1,1,1710,19,,1710.0,,,,,,,,,,,,,5.0,,,,
9593,2019-07-24,KSC Lokeren (- 2020),BE1,1,2159,24,6.64,2159.0,0.08,,,34.1,7.0,1.0,0.2,1.0,2.5,3.5,7.5,4.1,,,,,0.9
212804,2019-07-24,Zulte Waregem,BE1,1,1383,22,,1383.0,,,,39.8,7.0,1.0,0.1,3.6,3.3,2.0,9.1,7.6,,,,,1.7
95604,2019-07-24,Cercle Brugge,BE1,1,1809,24,6.59,1809.0,0.4,,,19.9,20.0,2.0,0.4,0.8,0.4,0.5,1.9,4.3,,,,,1.6
245027,2019-07-25,KAA Gent,BE1,1,1896,26,6.5,1896.0,,,,45.6,11.0,,0.9,3.2,1.2,1.0,5.9,6.8,,,,,2.9
160746,2019-07-31,KSC Lokeren (- 2020),BE1,1,930,21,,930.0,0.29,,,26.5,11.0,1.0,0.4,1.2,1.2,1.0,3.3,5.8,,,,,1.7
401923,2019-08-01,R Charleroi SC,BE1,1,2026,25,7.13,2026.0,0.53,,,15.3,27.0,5.0,1.0,1.4,0.3,0.8,2.7,4.1,,,,,1.4
324882,2019-08-01,Club Brugge,BE1,1,1092,18,,1092.0,,,,,8.0,,,,,,,,,,,,
355861,2019-08-01,Club Brugge,BE1,2,1261,21,,1261.0,0.38,,,25.5,25.0,3.0,2.0,1.1,0.5,0.5,2.1,4.5,,,,,0.6
137326,2019-08-01,KAS Eupen,BE1,2,5310,59,6.514406779661017,5310.0,,,0.0,21.637288135593217,4.0,,,0.04915254237288136,0.05084745762711865,1.0491525423728814,1.1491525423728814,9.561016949152542,18.0,3.5983050847457627,70.99322033898305,1.506779661016949,
111058,2019-08-06,KAA Gent,BE1,1,2661,31,6.81,2661.0,,,,30.7,27.0,8.0,0.7,2.5,1.5,1.9,6.3,4.4,,,,,1.1
338629,2019-08-06,RSC Anderlecht,BE1,2,1924,24,6.48,1924.0,0.05,,,35.4,6.0,1.0,0.1,1.1,1.8,3.8,7.6,3.9,,,,,1.5
160736,2019-08-07,Mouscron,BE1,2,1962,23,,1962.0,,,,,5.0,1.0,,,,,,,,,,,
230336,2019-08-27,KAA Gent,BE1,1,2319,29,6.63,2319.0,0.19,,,42.0,3.0,,0.1,1.4,1.4,2.7,6.1,4.0,,,,,0.7
41818,2019-08-27,KSC Lokeren (- 2020),BE1,2,2582,36,6.37,2582.0,0.05,,,27.7,33.0,3.0,1.0,1.5,0.7,0.3,2.6,5.5,,,,,1.5
255748,2019-08-30,Zulte Waregem,BE1,1,1035,12,,1035.0,,,,,1.0,,,,,,,,,,,,
110292,2019-09-02,Royal Antwerp,BE1,1,1034,21,,1034.0,0.09,,,44.8,32.0,3.0,0.5,1.7,1.0,1.0,3.7,6.2,,,,,1.0
450417,2020-01-03,KAA Gent,BE1,2,2631,33,6.51,2631.0,0.27,,,39.6,4.0,,0.2,1.1,1.5,3.6999999999999997,7.0,5.3,,,,,1.5
264046,2020-01-07,KAS Eupen,BE1,1,1757,21,6.62,1757.0,,,,46.6,7.0,,0.4,3.4,1.5,2.4,7.8,7.3,,,,,3.0
168471,2020-01-09,Standard Liège,BE1,2,3570,48,6.63,3570.0,0.5041456582633053,,,9.131596638655463,18.0,4.0,0.2,0.6256582633053221,0.2539495798319327,0.49736694677871146,1.3769747899159663,1.9618487394957982,,,,,1.0513165266106441
142924,2020-01-28,Mouscron,BE1,1,2403,28,6.63,2403.0,0.04,,,33.7,6.0,,,1.3,2.1,3.1,7.200000000000001,3.6000000000000005,,,,,1.3
292808,2020-01-30,KV Oostende,BE1,2,4852,54,6.417131079967024,4852.0,0.04,,,25.994558944765046,13.0,1.0,0.3038746908491344,1.3883759274525969,2.503874690849134,4.867436108821106,10.159686727122837,4.379060181368508,,,,,1.240313272877164
333014,2020-01-30,Genk,BE1,2,4161,51,6.962047584715213,4161.0,0.18,,,52.36149963950974,47.0,1.0,1.3,2.081831290555155,0.7522710886806055,1.261355443403028,4.490915645277577,6.320475847152127,,,,,1.0477289113193944
291222,2020-01-31,KAA Gent,BE1,1,1260,23,6.89,1260.0,0.07,,,21.3,55.0,6.0,1.6,1.4,0.4,0.1,1.9,4.6,,,,,0.6
340177,2020-07-01,Sint-Truiden,BE1,2,1338,17,,1338.0,,,,,6.0,2.0,,,,,,,,,,,
196860,2020-07-01,Sint-Truidense VV,BE1,2,4838,58,6.909975196362133,4838.0,0.18513435303844566,0.0,0.01,32.843530384456386,58.0,11.0,2.3114923522116575,1.3713931376601904,1.1056221579164944,1.0628358825961142,3.694129805704837,5.199999999999999,,,,,0.554278627532038
473201,2020-07-01,Mouscron,BE1,2,4194,49,6.889856938483548,4194.0,0.11000000000000001,,,36.191487839771106,23.0,4.0,0.5957796852646638,2.5577253218884115,2.3718168812589417,2.7,8.152074391988556,7.481688125894134,,,,,2.1492846924177393
108587,2020-07-01,Royal Antwerp FC,BE1,2,1817,36,6.68,1817.0,0.18,,,18.9,22.0,4.0,1.6,2.4,1.0,1.5,4.9,5.6,,,,,2.2
110660,2020-07-01,Royal Antwerp FC,BE1,2,4881,57,6.708420405654579,4881.0,0.03,,,29.087584511370622,12.0,1.0,0.1,1.3488014751075599,2.18420405654579,4.13540258143823,8.19280885064536,3.01339889366933,,,,,1.4511985248924402
129580,2020-07-01,KV Mechelen,BE1,1,1711,23,6.36,1711.0,,,,26.899999999999995,9.0,,0.3,2.7000000000000006,1.3,2.5,6.7,4.7,,,,,2.2
150711,2020-07-01,KV Oostende,BE1,1,929,18,6.26,929.0,0.1,,,20.2,13.0,1.0,0.3,2.1,0.9,1.0,4.6,5.0,,,,,1.4
282076,2020-07-01,Genk,BE1,1,579,14,,579.0,0.47,,,36.2,27.0,5.0,0.9,1.1,1.1,0.3,2.5,3.9,,,,,2.0
338651,2020-07-01,KRC Genk,BE1,1,1620,18,6.259999999999999,1620.0,,,,24.3,1.0,1.0,,0.1,,0.8,0.9,8.0,4.0,2.8,64.1,1.6,0.1
168158,2020-07-01,Waasland-Beveren,BE1,2,1221,23,6.36,1221.0,0.32,,,16.8,23.0,3.0,0.9,1.1,0.3,0.2,1.6,5.1,,,,,1.1
290537,2020-07-01,Mouscron,BE1,2,3600,40,6.614000000000001,3600.0,,,,22.42,1.0,,0.1,0.0,0.1,0.78,0.84,11.54,11.0,3.42,75.06,1.12,0.04
208542,2020-07-07,Cercle Brugge,BE1,2,2795,32,6.81,2795.0,0.26,,,33.3,61.0,11.0,0.4,2.0,0.9,0.2,3.3,6.4,,,,,2.5
34556,2020-07-13,KV Mechelen,BE1,1,2042,24,6.43,2042.0,,,,34.2,2.0,,0.2,0.7,1.8,4.5,7.2,4.0,,,,,0.5
285951,2020-07-15,Royal Excel Mouscron (-2022),BE1,2,1830,24,6.34,1830.0,0.05000000000000001,,,34.5,2.0,,0.9,1.6000000000000003,1.1,1.7,4.900000000000001,4.599999999999999,,,,,1.8
347625,2020-07-20,SK Beveren,BE1,2,2954,48,6.46,2954.0,0.09,,,21.820785375761677,48.0,5.0,1.6157413676371022,1.2947528774542991,0.6947528774542994,0.2,2.315842924847664,4.752471225457008,,,,,1.005247122545701
141350,2020-08-04,RSC Anderlecht,BE1,1,1161,13,,1161.0,,,,,13.0,4.0,,,,,,,,,,,
204347,2020-08-05,KV Kortrijk,BE1,1,1079,17,,1079.0,,,,37.0,6.0,,1.0,2.3,2.5,1.1,6.1,8.2,,,,,1.3
533738,2020-08-11,KAA Gent,BE1,1,2102,27,7.55,2102.0,0.77,,,27.1,34.0,6.0,1.7,1.2,0.6,0.3,2.2,5.1,,,,,1.3
33862,2020-08-27,Royal Antwerp,BE1,2,5400,60,6.594500000000001,5400.0,,,0.0,19.91,2.0,,0.0,0.0,0.1,0.79,0.79,9.35,16.0,2.545,69.23,1.155,0.045
336125,2020-09-01,Standard Liège,BE1,2,2381,28,6.81,2381.0,0.04,,,44.0,32.0,3.0,0.5,1.9,1.6,1.4,4.9,6.5,,,,,1.0
338637,2020-09-01,Waasland-Beveren,BE1,2,1922,24,6.41,1922.0,,,,24.7,21.0,5.0,0.6,1.5,1.9,2.3,6.0,5.0,,,,,1.1
381950,2020-09-01,RSC Anderlecht,BE1,1,1166,16,6.83,1166.0,0.15,0.01,0.01,27.3,24.0,6.0,1.8000000000000003,2.4,0.3,0.2,3.0,6.3,,,,,1.9000000000000001
369267,2020-09-11,Waasland-Beveren,BE1,1,2602,29,6.12,2602.0,,,,30.900000000000002,4.0,,0.5,1.5,2.5,3.1999999999999997,8.1,4.7,,,,,1.5
486477,2020-09-14,RSC Anderlecht,BE1,1,873,18,,873.0,,,0.0,50.4,6.0,1.0,1.1,1.8999999999999997,1.8999999999999997,2.2,6.3,6.900000000000001,,,,,2.2
33639,2020-10-05,Royal Antwerp FC,BE1,1,1061,18,6.56,1061.0,0.17,,,21.4,18.0,4.0,1.4,1.0,0.8,0.3,2.1,4.2,,,,,1.3
570817,2020-10-05,R Charleroi SC,BE1,2,2327,28,6.94,2327.0,,,0.0,26.6,23.0,3.0,0.6,2.5,2.3,1.9,7.1,6.0,,,,,1.5
486049,2020-10-05,RSC Anderlecht,BE1,2,1854,28,6.759999999999999,1854.0,0.22,,,20.2,33.0,3.0,4.0,1.2,0.7,0.3,2.2,4.5,,,,,1.0
384280,2020-10-05,KV Mechelen,BE1,1,2011,23,6.69,2011.0,,,,28.8,9.0,1.0,0.4,4.0,1.6,3.1,9.2,4.4,,,,,1.6
369674,2021-01-04,Genk,BE1,2,3504,41,6.58,3504.0,,0.0,0.0,36.5,60.0,4.0,1.1,1.7,1.7,1.1,4.8,6.2,,,,,0.7
96227,2021-01-08,KV Kortrijk,BE1,1,2187,27,6.49,2187.0,0.33,,,25.7,25.0,6.0,0.9,0.9,0.3,0.4,1.7,3.1,,,,,2.0
85834,2021-01-14,Cercle Brugge,BE1,2,1170,22,,1170.0,,,,,7.0,1.0,,,,,,,,,,,
208552,2021-01-15,Club Brugge,BE1,1,1205,22,6.9799999999999995,1205.0,0.3,,,28.4,20.0,10.0,1.1,3.0,0.9,0.5,4.4,5.4,,,,,1.4
4742,2021-01-17,KV Kortrijk,BE1,1,1116,21,6.04,1116.0,0.08,,,16.1,8.0,1.0,0.4,1.8,0.2,0.8,3.0,3.8999999999999995,,,,,3.8000000000000003
110822,2021-01-19,KV Kortrijk,BE1,1,2074,25,6.38,2074.0,0.13,,,37.6,19.0,4.0,0.3,1.9,1.7,2.1,6.2,6.6,,,,,1.9
490426,2021-01-21,Club Brugge,BE1,2,3187,41,7.44,3187.0,0.37000000000000005,,,30.800000000000004,59.0,11.0,3.0,2.0,0.4,0.3,2.6000000000000005,5.0,,,,,1.3000000000000003
95604,2021-07-01,Zulte Waregem,BE1,2,5002,61,7.108956417433027,5002.0,0.5187365053978409,0.53,0.12000000000000001,26.779948020791682,81.0,9.0,0.5585165933626549,1.0659336265493802,0.5829668132746901,0.34148340663734505,1.9903838464614154,4.641483406637344,,,,,1.0074170331867254
52811,2021-07-01,Oud-Heverlee Leuven,BE1,1,2625,31,6.66,2625.0,0.03,0.04,0.04,32.5,8.0,1.0,0.2,2.1,1.8,1.6,6.0,4.2,,,,,1.7
174285,2021-07-01,KV Oostende,BE1,2,4518,60,6.742943780433821,4518.0,0.13736166445329792,0.11000000000000001,0.16,31.93373173970783,53.0,8.0,0.7957060646303674,2.0521469676848163,1.034971226206286,1.0564409030544488,4.439265161575919,7.121469676848162,,,,,1.4478530323151837
163724,2021-07-01,Standard Liège,BE1,1,651,13,,651.0,,,,,10.0,,,,,,,,,,,,
129592,2021-07-01,KV Kortrijk,BE1,2,4419,52,7.060794297352342,4419.0,0.1060081466395112,0.14,0.11,37.27983706720977,78.0,13.0,0.6560081466395111,3.043991853360489,1.9079429735234217,1.1999999999999997,6.35193482688391,7.271894093686354,,,,,1.8879837067209777
620566,2021-07-01,Zulte Waregem,BE1,2,926,14,,926.0,,,,,4.0,,,,,,,,,,,,
422377,2021-07-01,Waasland-Beveren,BE1,2,3416,49,6.596475409836066,3416.0,0.23562060889929742,0.18,0.11,18.68430913348946,41.0,2.0,2.9046838407494144,1.5523419203747073,0.5046838407494145,0.15234192037470728,2.2570257611241216,5.314051522248243,,,,,1.481264637002342
446491,2021-07-01,Waasland-Beveren,BE1,2,2377,35,6.85,2377.0,0.34,0.24000000000000002,0.11,28.4,21.0,6.0,0.2,1.1,0.8,0.7,2.6,5.8,,,,,1.0
167798,2021-07-01,KV Oostende,BE1,2,4396,56,6.895557324840764,4396.0,0.1612579617834395,0.21999999999999997,0.23,22.58535031847134,71.0,22.0,1.2874203821656052,3.24968152866242,0.512579617834395,0.32914012738853504,4.1205414012738855,5.387420382165605,,,,,1.84171974522293
448854,2021-07-01,Club Brugge,BE1,2,1656,29,6.67,1656.0,0.37,,,23.4,24.0,2.0,3.2,1.6,0.2,,1.7999999999999998,4.3,,,,,3.7000000000000006
460378,2021-07-01,KV Oostende,BE1,2,5043,61,6.814893912353757,5043.0,0.05389054134443783,0.03,0.15,22.948939123537578,83.0,14.0,0.8601824310926035,2.699087844536982,1.4601824310926035,1.7000000000000002,6.019452706722189,5.9416418798334325,,,,,1.2398175689073963
485729,2021-07-01,KV Oostende,BE1,2,4860,61,6.764956790123457,4860.0,0.4436604938271605,0.67,0.09,14.80104938271605,72.0,10.0,1.416111111111111,0.8774074074074074,0.23870370370370372,0.14623456790123457,1.3085802469135803,3.7709259259259262,,,,,1.0387037037037037
503881,2021-07-01,KV Mechelen,BE1,2,2578,43,6.29,2578.0,0.18,0.23,0.06,28.2,22.0,5.0,0.5,2.2,0.8,0.7,3.8,5.2,,,,,3.4
24484,2021-07-01,Royal Antwerp FC,BE1,2,4254,57,7.198187588152328,4254.0,0.4202491772449459,0.31,0.21000000000000002,29.7406440996709,113.0,17.0,1.0,1.0181241184767278,0.2787494123178186,0.1393747061589093,1.5362482369534558,4.081875881523273,,,,,0.6787494123178185
338680,2021-07-01,Royal Excel Mouscron (-2022),BE1,2,4164,49,6.9068587896253595,4164.0,0.06371757925072045,0.02,0.13,27.098559077809796,62.0,12.0,0.4325648414985591,2.6046109510086457,1.6628242074927955,2.4314121037463976,7.063976945244957,4.163976945244958,,,,,1.3685878962536022
230985,2021-07-01,Royal Antwerp,BE1,2,2112,33,,2112.0,,,,28.2,32.0,6.0,0.1,1.4,1.1,2.0,4.8,5.2,,,,,0.7
193033,2021-07-01,KAA Gent,BE1,1,565,15,,565.0,,,,,8.0,,,,,,,,,,,,
311489,2021-07-01,RSC Anderlecht,BE1,1,367,14,,367.0,,,,,3.0,1.0,,,,,,,,,,,
110660,2021-07-02,KAA Gent,BE1,2,2957,37,6.64,2957.0,,,,31.7,10.0,2.0,,1.1,1.5,3.7,6.7,3.2,,,,,1.7
502239,2021-07-04,Standard Liège,BE1,1,2107,32,6.89,2107.0,0.38,0.29,0.13,27.5,20.0,3.0,0.9,2.0,0.7,0.2,2.9,5.6,,,,,1.1
57534,2021-07-07,Zulte Waregem,BE1,2,3313,43,6.7383217627527925,3313.0,0.08,0.03,0.07,45.75538786598249,31.0,4.0,0.7304557802595835,2.056595230908542,1.5695442197404164,2.2697856927256264,6.261153033504377,7.547721098702082,,,,,1.8086326592212496
251302,2021-07-08,KAA Gent,BE1,1,2143,33,6.91,2143.0,0.13,0.11,0.08,51.1,44.0,4.0,0.5,3.7,1.3,0.3,5.6,8.9,,,,,1.9
104543,2021-07-12,KAS Eupen,BE1,1,1845,21,6.24,1845.0,,,0.0,15.3,,,0.0,,,1.1,1.1,8.0,4.0,3.0,64.2,1.7,0.1
381967,2021-07-19,RSC Anderlecht,BE1,2,4911,56,7.218191814294441,4911.0,0.09,0.037819181429444106,0.059397271431480346,51.60515170026471,56.0,8.0,1.121808185705559,1.6812054571370392,1.596986357157402,0.8969863571574018,4.493972714314804,6.4721645286092455,,,,,1.2812054571370393
131827,2021-07-20,Genk,BE1,2,3350,39,6.92535223880597,3350.0,,0.0387820895522388,0.05048059701492537,32.89005970149254,41.0,6.0,0.24391044776119403,2.1439104477611943,1.575641791044776,1.4195522388059703,5.395194029850747,3.5121791044776116,,,,,1.2
644771,2021-07-22,Club Brugge,BE1,2,3105,40,6.97,3105.0,0.03,0.03,0.02,44.4,14.0,2.0,0.4000000000000001,1.3,1.4,2.1,5.4,6.5,,,,,1.0
289432,2021-07-23,Royal Antwerp,BE1,2,2342,30,6.78,2342.0,0.14,0.11,0.01,43.3,2.0,1.0,0.4,1.4,1.8,3.4,7.4,5.0,,,,,1.1
221958,2021-07-31,KAA Gent,BE1,2,4423,52,7.191478634411032,4423.0,0.6131720551661768,0.56,0.15,20.656454894867736,66.0,12.0,0.697580827492652,0.30000000000000004,0.16586027583088403,0.16586027583088403,0.631720551661768,2.224463034139724,,,,,0.897580827492652
412513,2021-08-24,OH Leuven,BE1,2,3137,35,7.09,3137.0,0.68,0.55,0.08,16.8,41.0,4.0,0.6,0.5,0.09999999999999999,0.7,1.4,2.7,,,,,1.5999999999999999
182424,2021-08-27,R Charleroi SC,BE1,2,5437,61,6.781809821592789,5437.0,0.06,0.06748758506529336,0.02562810373367666,40.348758506529336,9.0,2.0,0.1,1.381405186683833,1.7376862240205995,3.8814051866838324,7.856777634725033,3.9623137759794003,,,,,0.7688431120102998
369267,2021-08-29,Sint-Truiden,BE1,2,2227,28,6.45,2227.0,0.05,0.03,0.06,33.4,14.0,3.0,0.3,2.0,1.5,2.4,6.6,4.1,,,,,2.0
363223,2021-08-31,KV Oostende,BE1,2,4879,59,6.8944168887067026,4879.0,0.055697888911662226,0.07767370362779259,0.015232629637220744,39.77782332445173,10.0,,0.2,1.1,0.8860422217667555,3.684894445583111,6.575589260094281,6.30930518548883,,,,,0.6523262963722074
234124,2021-08-31,Club Brugge,BE1,1,969,13,,969.0,,,,,3.0,,,,,,,,,,,,
333355,2021-09-17,KAA Gent,BE1,1,2415,32,6.8,2415.0,0.04,0.04,0.15,30.3,31.0,4.0,0.9,2.4,1.0,1.5,5.0,4.7,,,,,1.0
31131,2022-01-06,KV Kortrijk,BE1,1,2870,33,6.45,2870.0,0.03,0.07,0.02,34.4,6.0,,0.1,1.6,1.8,3.2,7.0,6.5,,,,,1.0
354666,2022-01-07,R Charleroi SC,BE1,2,3537,51,6.73,3537.0,0.37,0.46,0.060000000000000005,14.3,36.0,8.0,0.3,0.7,0.4,0.8,1.9000000000000001,2.2,,,,,1.3
250138,2022-01-12,KV Kortrijk,BE1,1,2595,30,6.71,2595.0,0.1,0.12,0.12,23.5,30.0,7.0,0.6,2.1,1.2,1.9,5.7,4.8,,,,,1.4
339314,2022-01-30,Union SG,BE1,1,3423,39,7.540000000000001,3423.0,0.68,0.5999999999999999,0.18,20.5,78.0,22.0,0.4,0.8,0.29999999999999993,0.5999999999999999,1.6999999999999997,3.3999999999999995,,,,,1.8000000000000003
211845,2022-07-01,KAA Gent,BE1,2,1032,35,,1032.0,,0.33,0.14,19.2,11.0,2.0,2.1,1.3,0.1,0.1,1.6,4.1,,,,,1.4
251303,2022-07-01,Royal Antwerp,BE1,1,259,18,,259.0,,,,,9.0,1.0,,,,,,,,,,,
258039,2022-07-01,Royal Antwerp,BE1,2,2641,42,6.77,2641.0,,0.04,0.21999999999999997,28.4,29.0,7.0,0.7,1.7,0.9,0.8,3.5,4.6,,,,,1.4
683895,2022-07-01,KAS Eupen,BE1,2,4871,56,6.963908848285772,4871.0,0.11515089304044346,0.07330527612399919,0.041845616916444256,43.17768425374666,23.0,2.0,0.5815438308355574,2.077684253746664,1.8708068158489017,3.1815438308355573,8.12617532334223,8.592280845822213,,,,,1.444631492506672
101531,2022-07-01,KAS Eupen,BE1,2,4106,54,6.814978080857282,4106.0,0.08836824159766196,0.038368241597661966,0.04,35.612128592303954,22.0,3.0,0.5163175840233805,2.6326351680467606,1.95815879201169,3.5071115440818317,8.814223088163661,5.416317584023381,,,,,1.3510472479298588
33862,2022-07-01,KAA Gent,BE1,2,5220,58,6.602931034482759,5220.0,,,0.0,17.548275862068966,,,0.0,0.0,,0.5275862068965518,0.5275862068965518,9.153448275862068,19.0,2.5,69.54827586206896,1.1137931034482758,0.0
56331,2022-07-01,Club Brugge,BE1,2,2457,45,,2457.0,0.9699999999999999,0.86,0.12,18.0,28.0,7.0,,0.6,0.2,1.2,2.0,1.4,,,,,1.1
420884,2022-07-01,KV Mechelen,BE1,1,2684,34,7.340000000000001,2684.0,0.44,0.33,0.09,18.4,32.0,6.0,0.7,1.8999999999999997,0.7,1.3,4.2,4.2,,,,,0.8999999999999999
502245,2022-07-01,Zulte Waregem,BE1,1,733,17,,733.0,,,,,9.0,1.0,,,,,,,,,,,
491298,2022-07-01,Zulte Waregem,BE1,2,3352,50,6.57,3352.0,0.08013126491646778,0.040032816229116946,0.009999999999999998,29.837380668257754,3.0,,0.13344272076372318,2.3006563245823393,1.1662291169451076,3.8993436754176605,8.365900954653938,4.3,,,,,0.6334427207637231
469976,2022-07-01,KAA Gent,BE1,1,577,10,,577.0,,,,,11.0,1.0,,,,,,,,,,,
469211,2022-07-01,Sint-Truiden,BE1,2,3905,50,6.721083226632523,3905.0,,0.07656594110115238,0.0686145966709347,27.39521126760563,30.0,6.0,0.8759026888604353,2.193367477592829,1.4722919334186937,0.8518053777208707,4.655416133162612,5.783124199743917,,,,,1.041562099871959
463133,2022-07-01,RFC Seraing,BE1,1,1042,18,,1042.0,,,,,,,,,,,,,,,,,
286005,2022-07-04,KAS Eupen,BE1,2,3515,56,6.518674253200569,3515.0,0.2573342816500711,0.3297837837837838,0.08155618776671408,13.873342816500712,39.0,4.0,1.404466571834993,0.6733428165007113,0.3733428165007112,0.2155618776671408,1.3622475106685634,2.673342816500711,,,,,1.226657183499289
549966,2022-07-07,Standard Liège,BE1,2,2283,42,6.75,2283.0,0.64,0.47000000000000003,0.11,15.599999999999998,21.0,4.0,0.6,0.8,0.1,,0.9000000000000001,1.6,,,,,1.1
242606,2022-07-12,RSC Anderlecht,BE1,2,5400,67,7.203692592592593,5400.0,0.029999999999999995,0.02662592592592592,0.10674814814814816,56.796592592592596,67.0,6.0,0.33251851851851855,1.9650370370370371,1.5012222222222222,1.065037037037037,4.765037037037037,6.530074074074073,,,,,1.0325185185185186
564785,2022-07-12,Genk,BE1,2,4525,65,7.129743646408839,4525.0,0.26025635359116017,0.2173790055248619,0.1307977900552486,41.39942541436464,64.0,8.0,0.7341878453038674,2.055270718232044,1.4,1.147292817679558,4.647292817679558,6.210541436464088,,,,,1.823646408839779
260829,2022-07-13,Union SG,BE1,1,1965,31,6.84,1965.0,,0.010000000000000002,0.010000000000000002,34.0,7.0,2.0,0.2,1.8,1.6,2.6,6.4,4.2,,,,,1.1
57534,2022-07-14,Union SG,BE1,2,3364,59,6.872054102259216,3364.0,,0.04430439952437575,0.0592717003567182,40.74836504161712,26.0,2.0,0.6569560047562426,2.121195005945303,1.4284780023781212,2.284780023781213,6.270214030915577,7.021195005945304,,,,,1.492717003567182
148365,2022-07-18,Union SG,BE1,1,3477,39,7.47,3477.0,0.18,0.09,0.13,25.899999999999995,48.0,9.0,0.20000000000000004,2.2,1.2,0.9,4.6,6.599999999999999,,,,,1.0
468249,2022-07-28,Cercle Brugge,BE1,2,3957,60,6.654336618650492,3957.0,0.044819307556229475,0.049638615112458935,0.09518069244377053,22.059059893858986,26.0,7.0,1.296386151124589,2.851806924437705,1.1481930755622947,2.189158453373768,6.585544604498358,5.344579226686884,,,,,0.9072276977508212
348791,2022-07-29,Genk,BE1,2,6358,77,7.419182132746148,6358.0,0.27065429380308276,0.20475463982384395,0.35836426549229317,29.86717521233092,173.0,51.0,1.5491821327461468,1.4967285309845864,0.4491821327461466,0.10000000000000002,2.0459106637307327,4.760632274300094,,,,,0.6491821327461466
110668,2022-07-30,Zulte Waregem,BE1,2,5129,59,6.813131214661728,5129.0,0.07,0.020000000000000004,0.07958471436927278,38.76644570091635,49.0,5.0,0.29584714369272763,2.504152856307272,1.8,2.735465002924547,7.491694287385456,4.708305712614545,,,,,1.0479235718463638
435772,2022-08-02,Club Brugge,BE1,1,3248,39,7.6,3248.0,0.39,0.35,0.24,24.9,71.0,16.0,1.5,1.4,0.6,0.4,2.5,3.6000000000000005,,,,,0.5
285322,2022-08-12,Club Brugge,BE1,2,3015,38,7.06,3015.0,0.04,0.04,0.01,54.0,6.0,1.0,0.0,1.2,1.6,4.4,8.3,6.3,,,,,1.0
366930,2022-08-16,RSC Anderlecht,BE1,2,3337,40,7.58,3337.0,0.16,0.16,0.24000000000000002,45.5,65.0,15.0,0.7,1.6,1.4,1.0,4.1,6.4,,,,,0.6
329630,2022-08-17,OH Leuven,BE1,1,593,22,,593.0,0.4600000000000001,0.28,0.16,30.8,9.0,1.0,1.2,1.8,0.9,1.8,4.6,5.2,,,,,0.9
413565,2022-08-18,Genk,BE1,2,2494,32,7.01,2494.0,0.04,0.05,0.06,65.9,5.0,,0.3,1.7,1.8999999999999997,2.3,6.6,6.8,,,,,0.8
291222,2022-08-18,Zulte Waregem,BE1,2,2924,36,7.160000000000001,2924.0,0.1,0.09,0.26,26.0,74.0,12.0,1.4,0.4,0.3,0.2,1.0,4.7,,,,,0.2
280701,2022-08-26,Genk,BE1,1,2096,34,7.08,2096.0,0.52,0.51,0.12,26.2,21.0,7.0,1.1,1.2,0.4,0.0,1.7,2.8,,,,,0.5
491296,2022-08-30,R Charleroi SC,BE1,2,2099,43,6.69,2099.0,0.24,0.24,0.12,26.1,31.0,4.0,1.2,0.8,0.2,0.2,1.4,3.3,,,,,0.7
536475,2022-09-01,Standard Liège,BE1,1,1460,19,,1460.0,,,,,2.0,,,,,,,,,,,,
359247,2022-09-01,KV Mechelen,BE1,2,1528,35,6.49,1528.0,0.14,0.28,0.13,16.8,18.0,4.0,1.2,3.6,0.7,,4.3,4.2,,,,,2.1
160380,2022-09-08,RFC Seraing,BE1,1,2591,31,7.06,2591.0,,0.01,0.01,39.1,11.0,,0.3,2.3,2.3,1.6,6.5,8.7,,,,,0.9
212229,2023-01-12,KVC Westerlo,BE1,1,766,14,,766.0,,,,,8.0,1.0,,,,,,,,,,,
620598,2023-01-13,Sint-Truiden,BE1,2,2879,38,,2879.0,,0.01,0.01,33.3,7.0,,0.1,1.3,1.6,4.2,7.8,4.2,,,,,0.9
370683,2023-01-13,KAA Gent,BE1,2,3531,45,7.04,3531.0,0.03,0.04,0.02,41.4,10.0,,0.3,1.6999999999999997,1.5,2.7,6.200000000000001,5.299999999999999,,,,,0.9000000000000001
395695,2023-01-16,KAA Gent,BE1,2,1722,32,6.790000000000001,1722.0,,0.01,0.02,40.8,6.0,,1.1,2.1,1.9,0.6,4.9,9.2,,,,,1.5
486039,2023-01-18,RSC Anderlecht,BE1,1,926,27,6.68,926.0,0.19,0.18000000000000002,0.12,38.2,14.0,2.0,0.7,1.8,0.3,0.1,2.2,6.0,,,,,0.6
179467,2023-01-21,KAS Eupen,BE1,2,1648,23,,1648.0,,,,,3.0,,,,,,,,,,,,
206717,2023-01-23,Club Brugge,BE1,2,2271,37,7.06,2271.0,0.05,0.06,0.12,34.2,25.0,4.0,0.7,2.3,1.4,1.7,5.6,5.1,,,,,1.6
467623,2023-01-25,KVC Westerlo,BE1,1,1549,21,6.91,1549.0,0.4600000000000001,0.3400000000000001,0.12,18.4,25.0,2.0,1.1,0.3,0.1,0.5,0.9000000000000001,1.8000000000000003,,,,,1.2
422763,2023-01-31,Standard Liège,BE1,2,3726,46,6.99,3726.0,0.04,0.11,0.07,34.2,42.0,8.0,0.6,2.8,0.8,0.8,4.4,6.8999999999999995,,,,,2.4
377219,2023-01-31,Standard Liège,BE1,2,2116,28,,2116.0,,,,,20.0,4.0,,,,,,,,,,,
272855,2023-01-31,Genk,BE1,2,3804,54,7.14,3804.0,0.72,0.85,0.09,15.1,37.0,5.0,0.5,0.5,0.19999999999999998,0.9,1.7,2.1,,,,,1.9000000000000001
928323,2023-01-31,KAA Gent,BE1,1,807,14,,807.0,,,,,9.0,2.0,,,,,,,,,,,
340343,2023-07-01,RFC Seraing,BE1,2,3615,51,6.598829875518672,3615.0,0.10285477178423238,0.14960995850622408,0.09480497925311204,15.080663900414939,53.0,6.0,1.2636514522821578,1.2714522821576764,0.5519502074688797,0.2,2.079253112033195,4.659751037344399,,,,,1.4519502074688795
129586,2023-07-01,R Charleroi SC,BE1,2,5572,68,7.284138549892319,5572.0,0.05172290021536252,0.05758435032304379,0.1568916008614501,34.02469490308686,108.0,14.0,1.3,2.3241564967695623,1.5552404881550612,1.0138549892318738,5.093251974156496,7.362167982770998,,,,,1.0827709978463746
183383,2023-07-01,Royal Antwerp,BE1,2,2720,45,6.78,2720.0,0.14,0.15,0.05999999999999999,29.3,20.0,3.0,0.4,1.8,1.3,1.5,5.1,3.7,,,,,0.8
142924,2023-07-01,KAA Gent,BE1,2,1891,35,,1891.0,,0.04,0.01,38.8,5.0,2.0,0.10000000000000002,1.4,2.1,2.8,6.5,5.0,,,,,1.1
551505,2023-07-01,OH Leuven,BE1,2,4977,65,7.149367088607594,4977.0,0.1589873417721519,0.20797468354430382,0.09329113924050633,23.450632911392404,65.0,12.0,2.488607594936709,1.3215189873417723,0.9658227848101265,0.27721518987341776,2.6202531645569622,6.277215189873418,,,,,0.5556962025316455
569845,2023-07-01,Cercle Brugge,BE1,2,3443,63,7.011719430729015,3443.0,0.05460935230903282,0.03921870461806564,0.10617194307290152,29.60702875399361,41.0,7.0,0.5999999999999999,3.1617194307290153,1.3539064769096718,1.0078129538193437,5.731251815277374,9.371100784199827,,,,,1.8156259076386874
598791,2023-07-01,KV Kortrijk,BE1,2,3690,41,6.99,3690.0,0.03,0.09,0.01,36.4,5.0,,0.2,2.1,1.8,3.9,8.7,6.1,,,,,0.9
661171,2023-07-01,Royal Antwerp,BE1,2,3576,42,7.18,3576.0,,0.05,0.03,58.8,5.0,1.0,0.2,1.8,1.6,3.1,7.1,7.2,,,,,0.8
749552,2023-07-01,Zulte Waregem,BE1,2,3364,51,7.24,3364.0,0.2,0.21,0.14,17.6,45.0,12.0,1.8,3.8,0.7,0.2,4.6,6.0,,,,,1.9
418652,2023-07-01,RFC Seraing,BE1,1,680,17,,680.0,,,,,10.0,1.0,,,,,,,,,,,
565093,2023-07-03,RSC Anderlecht,BE1,2,1620,18,,1620.0,,,,,,,,,,,,,9.0,,,,
804661,2023-07-05,RFC Seraing,BE1,1,584,13,,584.0,,,,,2.0,1.0,,,,,,,,,,,
187718,2023-07-06,Club Brugge,BE1,2,5128,63,7.199984399375976,5128.0,0.037269890795631824,0.032730109204368175,0.09453978159126364,41.07285491419657,51.0,10.0,1.0817472698907955,1.436349453978159,1.4361934477379095,1.2363494539781592,4.49984399375975,6.118096723868955,,,,,1.163650546021841
409153,2023-07-07,Union SG,BE1,2,6252,74,7.737543186180422,6252.0,0.23233845169545744,0.21754318618042226,0.21877159309021113,47.33330134357006,159.0,28.0,0.8918106206014076,2.856142034548944,1.104094689699296,0.20409468969929623,4.3163787587971845,7.384804862444018,,,,,1.3479526551503518
598399,2023-07-07,RFC Seraing,BE1,2,3316,57,6.4551869722557305,3316.0,0.3527744270205067,0.371037394451146,0.044825090470446326,10.044873341375151,25.0,3.0,0.6413751507840771,0.4413751507840772,0.1,0.8482509047044631,1.4482509047044632,1.8172496984318456,,,,,1.1344993968636912
502247,2023-07-08,OH Leuven,BE1,2,3257,39,7.340000000000001,3257.0,0.06,0.1,0.03,28.0,26.0,4.0,0.4,3.7,2.5,2.6,9.2,5.1,,,,,1.6
339332,2023-07-08,Club Brugge,BE1,2,5149,70,7.412344144494077,5149.0,0.27809477568459895,0.3289376577976306,0.3076558555059235,33.10403961934357,137.0,31.0,2.3128180229170714,0.9340648669644591,0.4000000000000001,0.10000000000000002,1.3787531559526123,4.134064866964459,,,,,0.9553117110118469
575594,2023-07-12,Union SG,BE1,2,5276,69,7.050758150113723,5276.0,0.03,0.06509476876421533,0.01981046247156937,36.73768006065201,15.0,1.0,0.24905231235784686,1.5,1.8509476876421531,2.8094768764215314,6.613267626990144,5.441470811220622,,,,,1.0528430629264596
364370,2023-07-13,Sint-Truiden,BE1,2,3964,47,7.151231079717457,3964.0,0.09076690211907165,0.07528758829465186,0.04,28.262462159434914,24.0,1.0,0.8547931382441977,2.007669021190716,1.554793138244198,1.0076690211907164,4.8191725529767915,7.32300706357215,,,,,1.8000000000000003
962555,2023-07-15,Club Brugge,BE1,2,1465,21,7.12,1465.0,,0.05,0.04,57.0,4.0,,1.0,2.0,1.8,2.7,7.3,8.9,,,,,1.4
400131,2023-07-18,Union SG,BE1,2,4941,60,7.183278688524591,4941.0,0.029999999999999995,0.03114754098360656,0.019999999999999997,39.57868852459016,16.0,1.0,0.08852459016393444,2.2754098360655735,2.0327868852459017,1.944262295081967,6.508196721311475,5.478688524590164,,,,,1.5655737704918034
137326,2023-07-18,RSC Anderlecht,BE1,2,5014,56,6.6,5014.0,,,0.01,25.8,2.0,1.0,,,0.1,0.7,0.7,9.2,14.0,2.3,67.2,1.1,
531065,2023-07-20,Union SG,BE1,1,820,23,,820.0,,0.03,0.03,42.7,1.0,1.0,0.5,2.5,2.5,0.8,5.9,6.8,,,,,1.5
649490,2023-07-21,KAS Eupen,BE1,2,3610,64,6.633897506925208,3610.0,0.19941274238227147,0.23647091412742385,0.07580886426592798,13.21836565096953,39.0,7.0,2.35808864265928,1.6,0.40955678670360113,0.3580886426592798,2.467645429362881,3.619113573407202,,,,,1.2580886426592797
656681,2023-07-22,Union SG,BE1,1,2667,37,7.0200000000000005,2667.0,0.3,0.3,0.09,16.7,34.0,4.0,1.5999999999999999,0.39999999999999997,0.3,0.6,1.3,3.1999999999999997,,,,,0.7
727089,2023-07-27,RSC Anderlecht,BE1,2,493,13,,493.0,,,,,4.0,2.0,,,,,,,,,,,
168158,2023-08-01,KVC Westerlo,BE1,1,1391,32,6.6499999999999995,1391.0,0.32,0.32,0.17,21.2,31.0,5.0,1.0,1.4,1.0,0.6,3.1,6.0,,,,,0.5
589128,2023-08-03,Cercle Brugge,BE1,1,3210,40,6.980000000000001,3210.0,0.62,0.53,0.07,11.0,28.0,3.0,0.3,0.4,0.1,0.2,0.8,2.4,,,,,1.1
442320,2023-08-07,KV Kortrijk,BE1,1,861,10,,861.0,,,,,9.0,3.0,,,,,,,,,,,
338668,2023-08-08,Union SG,BE1,2,3226,39,7.34,3226.0,,0.03,0.09,37.4,37.0,4.0,0.3,2.2,2.1,1.4,5.9,7.4,,,,,1.0
257987,2023-08-10,Union SG,BE1,2,2907,37,7.1000000000000005,2907.0,0.09999999999999999,0.07,0.09999999999999999,21.6,36.0,4.0,0.39999999999999997,2.6,1.7,1.5999999999999999,6.0,5.0,,,,,1.5999999999999999
418661,2023-08-14,Zulte Waregem,BE1,2,4688,62,6.929432593856656,4688.0,0.04,0.05,0.039999999999999994,33.033383105802045,30.0,4.0,1.0512158703071672,2.4000000000000004,1.3495947098976109,1.444731228668942,5.395136518771332,7.747162969283276,,,,,0.8016211604095563
92164,2023-08-15,Club Brugge,BE1,2,4240,57,6.99,4240.0,0.15,0.08337264150943396,0.08421698113207547,32.43740566037736,46.0,7.0,0.12891509433962264,1.313254716981132,0.9710849056603773,1.8373584905660376,4.4638679245283015,4.550613207547169,,,,,0.813254716981132
282897,2023-08-18,OH Leuven,BE1,2,2193,39,,2193.0,,0.029999999999999995,0.02,37.1,9.0,1.0,0.10000000000000002,2.6,1.6000000000000003,0.8999999999999999,5.7,5.6,,,,,2.1
338635,2023-08-22,RSC Anderlecht,BE1,2,1167,17,,1167.0,,,,,4.0,,,,,,,,,,,,
316709,2023-08-23,RFC Seraing,BE1,2,3640,52,6.895620879120879,3640.0,,0.05248351648351649,0.05313736263736264,25.865384615384617,22.0,2.0,1.781043956043956,2.506538461538461,1.7620879120879123,2.318956043956044,6.84379120879121,8.087582417582418,,,,,0.8372527472527473
585339,2023-08-29,KV Kortrijk,BE1,2,1214,27,6.15,1214.0,0.22,0.36,0.04,10.8,12.0,1.0,1.0,1.0,0.4,0.8,2.4,2.7,,,,,2.8
354482,2023-08-30,RSC Anderlecht,BE1,1,2448,29,7.08,2448.0,0.11000000000000001,0.14,0.14,27.9,25.0,6.0,0.8,2.0,0.9000000000000001,1.4,4.4,5.7,,,,,0.8
621802,2023-08-31,Cercle Brugge,BE1,2,3256,41,7.31,3256.0,0.03,0.06,0.19,16.8,50.0,11.0,0.9,3.2,1.5,1.3,6.3,6.4,,,,,1.1
476836,2023-09-01,Standard Liège,BE1,2,3447,44,7.24,3447.0,0.09,0.09999999999999999,0.29,26.8,87.0,14.0,2.1,1.4000000000000001,1.0,0.7000000000000001,3.1999999999999997,5.8999999999999995,,,,,1.0
340166,2023-09-02,KAA Gent,BE1,1,2182,31,7.27,2182.0,0.04,0.11,0.13,41.2,33.0,7.0,0.9,2.8,1.8,1.3,6.1,6.8,,,,,1.2
450241,2023-09-04,Genk,BE1,2,1088,26,,1088.0,,0.16,0.16,31.7,15.0,2.0,2.2,2.1,1.5,1.7,5.3,4.8,,,,,2.1
158799,2024-01-01,Sint-Truiden,BE1,1,2780,31,6.78,2780.0,,,0.0,21.3,1.0,,0.1,0.1,0.0,0.7,0.8,9.1,8.0,2.7,69.7,1.2,
638793,2024-01-05,Club Brugge,BE1,2,2595,36,6.669999999999999,2595.0,0.05000000000000001,0.15,0.08,24.600000000000005,20.0,4.0,0.9,1.3,0.6,0.6,2.7000000000000006,5.0,,,,,1.2
460848,2024-01-06,KV Oostende,BE1,1,2480,30,6.49,2480.0,,0.029999999999999995,0.01,26.3,1.0,,0.0,1.2,2.4,4.2,8.6,5.5,,,,,1.1
463613,2024-01-08,Cercle Brugge,BE1,2,2489,49,6.699999999999999,2489.0,0.25,0.2784813177983126,0.19407392527119324,15.89666532744074,66.0,13.0,3.1118521494576137,0.9118521494576135,0.41185214945761345,0.1,1.4796303736440337,6.076295701084773,,,,,1.1644435516271596
743386,2024-01-10,KAA Gent,BE1,2,1926,41,,1926.0,,0.06,0.13,32.8,45.0,8.0,2.2,2.1,0.6,0.10000000000000002,2.7999999999999994,4.0,,,,,0.3
1018259,2024-01-18,KAA Gent,BE1,2,2059,33,,2059.0,,,,,24.0,8.0,,,,,,,,,,,
235275,2024-01-29,KV Mechelen,BE1,2,3149,41,6.98920927278501,3149.0,0.11999999999999998,0.07769768180374723,0.03569069545887584,48.349952365830426,11.0,1.0,0.3569069545887584,2.8092092727850115,1.9523023181962524,3.352302318196253,8.623023181962527,5.850651000317561,,,,,0.8430930454112415
493003,2024-01-30,Genk,BE1,2,4586,53,7.639999999999999,4586.0,0.23000000000000004,0.13,0.11,45.1,51.0,12.0,0.6,2.4,2.0,1.6000000000000003,6.5,5.7,,,,,1.6000000000000003
627939,2024-01-30,R Charleroi SC,BE1,1,2095,28,7.19,2095.0,0.17,0.14,0.15,21.9,29.0,8.0,1.3,2.6,1.3,1.2,5.2,6.0,,,,,1.6
387191,2024-01-30,Sint-Truiden,BE1,2,4262,50,6.96,4262.0,,0.04,0.08,21.9,39.0,9.0,0.6,1.6999999999999997,1.6,2.0,5.4,4.2,,,,,1.2
112930,2024-02-01,RSC Anderlecht,BE1,2,1081,32,6.55,1081.0,0.56,0.37,0.14,12.7,15.0,5.0,0.3,1.2,0.3,0.2,2.0,3.2,,,,,0.7
606967,2024-02-09,Royal Antwerp,BE1,2,2958,50,6.969195402298851,2958.0,0.23977011494252873,0.2530459770114942,0.19264367816091954,26.503448275862073,39.0,8.0,1.5816091954022988,1.895977011494253,0.3183908045977012,0.4,2.714367816091954,4.887931034482759,,,,,1.0551724137931036
250138,2024-07-01,Standard Liège,BE1,2,1409,36,,1409.0,,0.06,0.05,37.0,10.0,1.0,0.5,2.2,1.3,2.9,6.6,4.7,,,,,1.4
59641,2024-07-01,Club Brugge,BE1,2,3203,53,6.97,3203.0,0.17,0.052875429285045274,0.036781142678738686,47.52578832344677,14.0,3.0,0.5321885732126131,1.7643771464252265,1.4068685607243212,2.367811426787387,5.935622853574773,5.813737121448642,,,,,1.7356228535747735
301037,2024-07-01,KAS Eupen,BE1,2,2136,27,,2136.0,,,,,6.0,1.0,,,,,,,,,,,
1019174,2024-07-01,Sint-Truiden,BE1,2,4670,54,6.78,4670.0,,0.02,0.02,68.8,11.0,1.0,0.2,1.1,1.5,3.7,7.3,4.6,,,,,0.6
707159,2024-07-01,Sint-Truiden,BE1,1,2844,35,7.4,2844.0,0.19,0.2,0.26,43.7,94.0,14.0,1.5,0.6,0.3,0.4,1.3,4.1,,,,,0.3
739443,2024-07-01,Club Brugge,BE1,1,2535,34,7.2,2535.0,0.64,0.68,0.12,15.8,38.0,7.0,0.8,1.2,0.2,0.7,2.2,2.7,,,,,2.0
743376,2024-07-01,Standard Liège,BE1,2,2364,64,6.47922165820643,2364.0,0.07,0.08772419627749577,0.1261082910321489,21.10719120135364,34.0,7.0,2.1772419627749575,2.200592216582064,0.5,0.8227580372250423,3.615566835871405,5.446108291032149,,,,,1.8311336717428088
486046,2024-07-01,Genk,BE1,2,7290,81,6.849753086419753,7290.0,,,0.005061728395061728,22.31604938271605,3.0,,0.0,0.0,0.04938271604938271,0.5012345679012346,0.5506172839506173,7.597530864197531,21.0,2.9975308641975307,71.78148148148148,1.2,
548193,2024-07-04,RSC Anderlecht,BE1,2,6164,71,6.970395846852693,6164.0,,0.03,0.05000000000000001,54.714600908500984,22.0,4.0,0.5413367942894225,1.3586632057105774,0.9057754704737185,3.5693056456846204,6.498182998053212,5.664438676184296,,,,,0.9528877352368592
557410,2024-07-08,Standard Liège,BE1,2,1619,41,6.549999999999999,1619.0,0.34,0.33,0.11,13.7,14.0,4.0,0.8,0.4,,0.1,0.6,2.1,,,,,2.1
1016015,2024-07-11,KV Mechelen,BE1,2,2020,35,7.09,2020.0,,0.02,0.02,37.0,6.0,,0.7,3.4,2.0,1.8,7.5,5.4,,,,,0.9
320440,2024-07-12,Union SG,BE1,2,3331,65,6.938042629840888,3331.0,0.5710777544280997,0.5441789252476733,0.1082918042629841,13.386730711498048,42.0,7.0,0.49303512458721105,0.9170819573701591,0.337976583608526,1.2550585409786852,2.603152206544581,2.6240468327829483,,,,,1.9550585409786851
486039,2024-07-13,Genk,BE1,2,1031,32,,1031.0,,,,,26.0,3.0,,,,,,,,,,,
422377,2024-07-13,Sint-Truiden,BE1,2,4266,66,7.2210829817158935,4266.0,0.46,0.29106188466947963,0.13684247538677918,23.842194092827004,67.0,11.0,2.721097046413502,1.6947257383966245,1.1420534458509142,0.48945147679324896,3.4262306610407873,5.215752461322082,,,,,1.1368495077355836
432298,2024-07-15,Sint-Truiden,BE1,1,2880,32,6.66,2880.0,,,0.0,31.7,1.0,,0.0,,0.1,1.0,1.1,9.3,6.0,3.4,68.8,1.6,
16911,2024-07-18,RSC Anderlecht,BE1,1,2745,31,7.07,2745.0,,,0.0,28.1,,,0.0,,,0.5,0.5,7.8,7.0,3.9,79.3,1.0,
381968,2024-07-20,Standard Liège,BE1,2,4190,64,7.052527446300717,4190.0,0.17031026252983292,0.15412410501193316,0.11000000000000001,30.798448687350835,62.0,7.0,1.619069212410501,1.9,1.3427923627684963,0.4603102625298329,3.7634128878281623,6.304653937947494,,,,,0.7809307875894989
272539,2024-07-24,KV Mechelen,BE1,2,4698,59,6.802494678586633,4698.0,0.07213282247765006,0.0840442741592167,0.02786717752234994,48.760153256704974,11.0,1.0,0.04044274159216688,1.4,1.2999999999999998,4.357343550446998,8.276458067262666,4.687526607066837,,,,,1.3022137079608345
723487,2024-07-24,Sint-Truiden,BE1,1,3551,40,7.35,3551.0,0.03,0.04,0.1,56.9,43.0,6.0,0.5,2.1,1.6,1.2,5.2,6.7,,,,,0.6
1004834,2024-07-25,Royal Antwerp,BE1,1,1449,37,6.450000000000001,1449.0,0.5,0.39,0.03,9.6,12.0,2.0,0.6,0.1,,0.4,0.5,1.0,,,,,1.1
245228,2024-07-28,KAA Gent,BE1,2,2768,47,7.259999999999999,2768.0,0.58,0.54,0.2,22.2,64.0,13.0,1.8,0.8,0.3,0.1,1.2,3.8,,,,,1.4
361068,2024-08-06,Royal Antwerp,BE1,2,2833,40,6.77,2833.0,0.16,0.25,0.08,31.3,23.0,5.0,0.4,1.5,0.6,0.7,3.0,3.7,,,,,0.7
894914,2024-08-13,Club Brugge,BE1,2,1659,33,6.99,1659.0,0.18,0.23000000000000004,0.21,22.2,39.0,8.0,3.8000000000000003,1.9000000000000001,0.7000000000000001,0.19999999999999998,2.8000000000000003,5.8,,,,,0.6
749552,2024-08-14,Genk,BE1,2,1498,28,6.859999999999999,1498.0,0.2,0.21999999999999997,0.35,26.3,37.0,10.0,1.4,2.9,0.5,0.4,3.9,5.7,,,,,1.8
429259,2024-08-16,Genk,BE1,2,2876,33,7.08,2876.0,,0.05,0.04,51.7,15.0,2.0,0.3,1.3,1.3,4.4,8.0,4.8,,,,,0.8
679050,2024-08-17,KAS Eupen,BE1,2,4523,61,6.949296926818484,4523.0,0.11,0.10070307318151668,0.1824076940084015,20.503692239663938,91.0,16.0,1.334446164050409,2.065553835949591,1.244815388016803,2.482600044218439,6.203338492151226,5.434446164050409,,,,,0.644815388016803
585711,2024-08-29,KAS Eupen,BE1,1,1790,22,6.91,1790.0,,0.04000000000000001,0.020000000000000004,31.5,13.0,,1.1,2.8,1.7,2.8,7.6,5.9,,,,,1.1
654982,2024-08-29,Genk,BE1,2,3126,38,7.36,3126.0,0.09,0.11,0.25,40.6,89.0,13.0,1.2,2.0,0.39999999999999997,0.39999999999999997,2.8000000000000003,4.9,,,,,0.7999999999999999
562948,2024-08-29,KAA Gent,BE1,2,2598,33,7.459999999999999,2598.0,0.19,0.11000000000000001,0.26,42.8,65.0,13.0,0.7,1.7,0.9000000000000001,0.4,3.1,6.5,,,,,0.5
137669,2024-08-30,KAS Eupen,BE1,1,2424,29,6.890000000000001,2424.0,0.04,0.04,0.07,35.3,15.0,2.0,0.7,1.6,1.2,2.9,6.3,6.5,,,,,0.8
655012,2024-08-30,KVC Westerlo,BE1,2,1702,31,6.7299999999999995,1702.0,0.63,0.47000000000000003,0.09,13.4,30.0,7.0,0.9,1.0,0.39999999999999997,0.19999999999999998,1.7,2.1,,,,,1.4
724129,2024-08-30,KAA Gent,BE1,2,1136,19,,1136.0,,,,,12.0,2.0,,,,,,,,,,,
707844,2024-08-30,Royal Antwerp,BE1,2,2412,34,7.18,2412.0,,0.03,0.04,53.1,17.0,2.0,1.2,3.0,1.9,1.2,6.3,8.1,,,,,1.6
581106,2024-08-31,RSC Anderlecht,BE1,2,666,15,,666.0,,,,,6.0,,,,,,,,,,,,
649035,2024-09-02,R Charleroi SC,BE1,2,1175,27,6.36,1175.0,,0.26,0.07,18.3,10.0,1.0,0.7,1.0,0.4,0.9,2.3,2.4,,,,,1.7
290537,2025-01-07,Royal Antwerp,BE1,1,2790,31,6.91,2790.0,,,0.02,31.0,3.0,2.0,0.0,,,0.4,0.4,9.0,12.0,2.5,73.1,0.9,
447221,2025-01-16,OH Leuven,BE1,2,2354,38,6.62,2354.0,0.15,0.08,0.05,21.3,14.0,3.0,1.0,1.3,1.0,2.2,4.7,4.3,,,,,1.3
432982,2025-01-17,Club Brugge,BE1,2,3510,52,7.55,3510.0,0.53,0.39,0.23999999999999996,28.7,88.0,17.0,1.6,1.4,0.6,0.6,2.6,5.7,,,,,0.4
663237,2025-01-23,Royal Antwerp,BE1,2,2676,45,7.129304932735426,2676.0,0.4070179372197309,0.31789237668161435,0.22865470852017938,19.276008968609865,66.0,12.0,1.0298206278026907,0.8865470852017937,0.24327354260089687,0.24327354260089687,1.6298206278026905,3.1701793721973095,,,,,0.7298206278026906
649490,2025-02-02,OH Leuven,BE1,2,2090,43,6.76,2090.0,0.17000000000000004,0.14,0.13,13.7,31.0,7.0,1.5,2.1,0.3,0.5,3.1,4.4,,,,,1.6
565406,2025-02-03,Cercle Brugge,BE1,2,1672,47,6.510000000000001,1672.0,0.47,0.36999999999999994,0.23,20.2,31.0,3.0,1.8999999999999997,2.1,0.4000000000000001,0.6,3.0,6.0,,,,,1.3
338637,2025-07-01,KV Mechelen,BE1,2,5037,61,7.225159817351598,5037.0,0.10917808219178084,0.09000000000000001,0.09621004566210047,33.21369863013699,44.0,13.0,0.9703196347031964,2.2648401826484017,0.8027397260273972,1.764840182648402,5.1,4.316438356164384,,,,,0.8351598173515982
396847,2025-07-01,Union SG,BE1,2,266,22,,266.0,,,,,4.0,1.0,,,,,,,,,,,
379168,2025-07-01,KAA Gent,BE1,2,1587,37,,1587.0,0.4,0.15,0.05,23.1,11.0,1.0,1.7,1.2,0.6,1.3,3.1,2.7,,,,,1.9
76326,2025-07-01,Royal Antwerp,BE1,1,3133,40,7.19,3133.0,0.4,0.29,0.23,26.699999999999996,67.0,17.0,0.7,0.7,0.2,0.3,1.3,3.3999999999999995,,,,,0.5
227110,2025-07-01,KAA Gent,BE1,2,5066,63,6.977177260165813,5066.0,0.03,0.015199368337939202,0.03559810501381761,48.79553888669562,21.0,4.0,0.251993683379392,1.9079747335175679,1.651993683379392,4.152151598894592,8.51212001579155,5.131898934070272,,,,,0.9039873667587841
418661,2025-07-01,KV Kortrijk,BE1,2,4356,60,6.953374655647384,4356.0,0.09,0.06398760330578512,0.035337465564738296,34.68037190082645,22.0,3.0,0.6668732782369147,2.633126721763085,1.306749311294766,2.519628099173554,6.746005509641873,7.4938705234159775,,,,,0.7398760330578512
697277,2025-07-01,Sint-Truiden,BE1,2,3998,58,7.292466233116558,3998.0,0.09,0.043206603301650826,0.095847923961981,43.6904452226113,55.0,8.0,0.7320660330165083,2.6415207603801902,1.5679339669834915,1.409454727363682,6.018909454727364,8.74152076038019,,,,,1.4
865682,2025-07-01,OH Leuven,BE1,2,4958,71,6.840435659540138,4958.0,0.07,0.1300484066155708,0.05,27.45641387656313,36.0,6.0,0.750363049616781,2.551815248083905,0.550363049616781,1.949152884227511,5.351331181928197,5.199273900766438,,,,,1.8000000000000003
486053,2025-07-01,KV Kortrijk,BE1,2,5251,67,6.824239192534756,5251.0,0.08768234621976767,0.05649019234431537,0.09589411540658921,28.884117310988383,58.0,6.0,0.9059607693772614,2.0589411540658924,0.7350980765568463,1.3119215387545229,4.3,4.764235383736431,,,,,0.7821176918682156
599231,2025-07-01,Club Brugge,BE1,2,3469,71,7.020340155664456,3469.0,0.4689795330066302,0.5349149610838859,0.1701700778322283,23.310031709426347,65.0,14.0,1.5457480541942925,0.9457480541942923,0.2508503891611415,0.5982992216777169,1.7931968867108679,3.649149610838859,,,,,0.9508503891611415
446491,2025-07-01,R Charleroi SC,BE1,2,5623,74,7.220686466299128,5623.0,0.2719206829094789,0.4036902009603414,0.12430730926551663,34.369962653387866,60.0,7.0,0.5392317268362085,1.6607682731637916,0.7176951805086252,1.3646096389827496,3.8823048194913747,4.2353903610172505,,,,,1.4569269073448337
592403,2025-07-01,R Charleroi SC,BE1,2,5814,68,7.648467492260062,5814.0,0.049220846233230135,0.045376676986584104,0.3153766769865841,70.95505675954593,169.0,21.0,1.0768833849329205,2.6768833849329203,1.0768833849329205,1.1768833849329206,5.330650154798761,8.461300309597524,,,,,1.015325077399381
148365,2025-07-02,Club Brugge,BE1,2,1969,50,6.75,1969.0,0.12,0.21000000000000002,0.23,22.699999999999996,28.0,10.0,0.5,2.3,0.8,1.1,4.5,3.6000000000000005,,,,,1.9
679597,2025-07-03,Union SG,BE1,2,1426,30,,1426.0,0.27,0.16,0.08,24.4,15.0,2.0,0.7,2.9,1.2,0.7,4.8,5.4,,,,,1.5
727089,2025-07-04,Union SG,BE1,2,4824,76,7.076716417910448,4824.0,0.03,0.08685323383084577,0.08741293532338308,33.09440298507462,55.0,8.0,0.5,2.4034825870646763,1.0314676616915424,1.3314676616915422,4.9664179104477615,5.203482587064676,,,,,0.9370646766169154
429915,2025-07-05,Club Brugge,BE1,2,5838,74,7.490565262076053,5838.0,0.09471736896197329,0.0964131551901336,0.3028263103802672,48.27738951695787,162.0,31.0,0.6943473792394657,1.952826310380267,1.0302158273381294,1.9169578622816035,5.1,4.913257965056526,,,,,0.7056526207605345
570781,2025-07-05,Standard Liège,BE1,2,4455,62,6.888841750841751,4455.0,0.14,0.08335353535353536,0.1421952861952862,23.075622895622896,71.0,11.0,1.1103703703703705,1.789023569023569,0.9335353535353537,1.5554882154882157,4.522558922558923,5.366464646464646,,,,,1.2
743384,2025-07-09,Club Brugge,BE1,2,1219,30,7.1000000000000005,1219.0,0.37,0.45,0.21,27.0,26.0,3.0,1.9000000000000001,1.5,0.5,0.7,2.7,3.8000000000000003,,,,,0.3
581329,2025-07-12,KAA Gent,BE1,2,5008,63,6.969999999999999,5008.0,0.03,0.04526757188498402,0.1189297124600639,28.95802715654952,42.0,13.0,1.8205670926517572,1.3580271565495208,1.0,1.6428115015974443,4.195487220447284,4.99464856230032,,,,,1.3366214057507988
834899,2025-07-12,Cercle Brugge,BE1,2,2471,49,6.34,2471.0,0.12000000000000001,0.49,0.09,8.2,26.0,4.0,0.7,0.6,0.3,0.7,2.0,2.0,,,,,1.9
719456,2025-07-18,Cercle Brugge,BE1,2,6134,71,6.988493641995435,6134.0,0.18972611672644282,0.21493152918161068,0.12041082491033582,15.650684708183892,80.0,16.0,0.550684708183893,1.7452070427127484,0.5986305836322139,1.1506847081838931,3.6438376263449626,3.8945223345288555,,,,,1.1986305836322138
598791,2025-07-23,KAA Gent,BE1,2,6280,70,7.223047770700638,6280.0,0.060000000000000005,0.05513853503184713,0.030000000000000002,49.27078025477707,21.0,10.0,0.2,1.1944585987261147,1.0486146496815287,5.16952229299363,8.455668789808918,5.524936305732485,,,,,0.6486146496815286
855731,2025-07-25,KVC Westerlo,BE1,2,3105,44,7.03,3105.0,0.13,0.11,0.08,29.7,35.0,8.0,2.3,1.8,1.3,1.7,4.9,5.7,,,,,1.0
592400,2025-07-30,KV Kortrijk,BE1,2,4998,62,7.306822729091636,4998.0,0.1650220088035214,0.18437775110044016,0.19562224889955984,35.72400960384153,98.0,19.0,2.6811124449779915,2.3935574229691876,0.9373349339735895,0.6437775110044017,3.974669867947179,5.905562224889956,,,,,0.7686674669867948
548028,2025-07-31,Union SG,BE1,1,2560,34,7.35,2560.0,0.56,0.62,0.15,16.6,37.0,12.0,2.1,1.2,0.2,0.5,2.0,4.2,,,,,1.5
364896,2025-08-01,Sint-Truiden,BE1,2,4338,66,7.053236514522821,4338.0,0.5783402489626557,0.535539419087137,0.06178423236514522,14.59045643153527,34.0,6.0,1.445850622406639,0.7363070539419087,0.1363070539419087,0.7636929460580913,1.7363070539419085,3.1273858921161826,,,,,1.0636929460580913
183120,2025-08-04,KV Mechelen,BE1,2,2095,33,7.0,2095.0,0.31,0.24,0.24,24.0,29.0,14.0,1.1,0.6,0.5,0.7,1.8,2.6,,,,,0.3
608172,2025-08-06,Club Brugge,BE1,1,2766,35,7.319999999999999,2766.0,0.1,0.08,0.17,57.2,37.0,9.0,0.9,1.3,0.8,1.0,3.3,5.5,,,,,1.0
497175,2025-08-19,FCV Dender EH,BE1,2,5389,71,6.8951530896270175,5389.0,0.3012135832250881,0.367576544813509,0.09181851920578958,15.239432176656152,61.0,10.0,0.4575802560771942,0.3575802560771943,0.16060493598070144,1.0818148079421042,1.6606049359807014,2.248506216366673,,,,,1.1606049359807014
320046,2025-08-19,R Charleroi SC,BE1,2,2672,40,6.860000000000001,2672.0,,0.029999999999999995,0.10000000000000002,32.7,31.0,5.0,0.7,1.7000000000000002,0.4000000000000001,3.5,6.0,3.2000000000000006,,,,,0.7
864306,2025-08-19,KV Mechelen,BE1,2,2650,39,6.82,2650.0,0.04,0.12,0.04,35.5,14.0,1.0,1.5,2.1,0.8,1.8,4.8,4.1,,,,,1.0
595650,2025-08-27,R Charleroi SC,BE1,2,2597,32,7.24,2597.0,0.61,0.62,0.05999999999999999,14.4,28.0,2.0,,1.1,0.4,0.9,2.5,1.6,,,,,1.1
503883,2025-09-01,Royal Antwerp,BE1,2,4050,45,7.27,4050.0,,,0.0,25.5,,,,,,0.5,0.5,9.1,10.0,4.2,77.0,1.3,0.0
569845,2025-09-01,Union SG,BE1,2,3132,38,7.52,3132.0,0.03,0.03,0.14,42.2,60.0,8.0,0.3,2.2,1.4,2.0,6.0,7.2,,,,,1.1
683571,2025-09-01,Genk,BE1,2,3165,44,7.410000000000001,3165.0,0.61,0.83,0.07,13.9,32.0,7.0,0.6,0.6,0.1,1.3,2.1,1.7,,,,,1.2
157396,2025-09-01,KV Mechelen,BE1,1,3290,38,7.4,3290.0,0.16,0.16,0.2,48.4,76.0,12.0,0.9,1.7,0.8,1.2,3.9,5.9,,,,,0.7
340166,2025-09-01,Union SG,BE1,2,1446,28,7.27,1446.0,0.14,0.09,0.21,31.199999999999996,36.0,6.0,0.9000000000000001,2.2,0.9000000000000001,0.8,4.1,5.0,,,,,0.8
502247,2025-09-02,Sint-Truiden,BE1,1,2183,30,7.15,2183.0,0.04,0.12,0.18,19.1,30.0,10.0,0.5,4.7,1.4,2.6,8.9,3.8999999999999995,,,,,1.4
159522,2025-09-02,KV Mechelen,BE1,1,1953,32,7.08,1953.0,0.23,0.3,0.24,36.6,51.0,8.0,0.3,1.5,0.2,1.8,3.6,3.5,,,,,0.3
283196,2025-09-02,RSC Anderlecht,BE1,2,2484,34,7.08,2484.0,0.69,0.64,0.1,12.3,22.0,5.0,0.5,0.3,0.2,0.4,1.0,1.3,,,,,0.8
393565,2025-09-06,Club Brugge,BE1,1,746,32,6.42,746.0,,0.24,0.4099999999999999,25.9,19.0,5.0,0.7,2.7,0.6,1.1,4.3,5.2,,,,,1.7
780548,2026-01-09,KAA Gent,BE1,2,3230,49,6.809999999999999,3230.0,0.25,0.44,0.05,16.1,27.0,3.0,0.3,2.0,0.5,1.0,3.8,3.4,,,,,1.4
719672,2026-01-14,KVC Westerlo,BE1,2,1056,30,,1056.0,,,,,13.0,2.0,,,,,,,,,,,
232271,2026-01-14,Union SG,BE1,2,847,27,,847.0,,,,,25.0,7.0,,,,,,,,,,,
268327,2026-01-24,Union SG,BE1,2,1663,40,,1663.0,0.09,0.04,0.19,35.3,35.0,6.0,0.6,3.5,1.1,2.1,6.9,4.7,,,,,0.7
639246,2026-02-04,Genk,BE1,2,1719,56,6.77,1719.0,0.7880802792321118,0.7654915648632927,0.1412914485165794,14.987201861547412,31.0,8.0,0.5354857475276323,0.8709714950552647,0.1,0.6613147178592205,1.7903432228039557,2.3548574752763236,,,,,1.093542757417103
332612,2017-08-16,Moreirense ,PO1,1,180,2,,180.0,,,,,,,,,,,,,,,,,
226155,2017-08-22,Estoril Praia,PO1,1,74,1,,74.0,,,,,,,,,,,,,,,,,
56810,2017-08-31,Sporting CP,PO1,1,224,3,,224.0,,,,,1.0,,,,,,,,,,,,
240892,2017-08-31,Vitória Guimarães SC,PO1,1,193,3,,193.0,,,,,1.0,1.0,,,,,,,,,,,
139341,2017-08-31,Vit. Guimarães,PO1,1,239,3,,239.0,,,,,,,,,,,,,,,,,
198974,2018-02-01,Vitória Setúbal FC,PO1,1,607,14,,607.0,,,,,5.0,,,,,,,,,,,,
397090,2018-07-01,Chaves,PO1,1,2367,33,6.87,2367.0,0.19,,,28.099999999999998,24.0,5.0,1.6,2.0,1.2,0.3,3.5,5.6,,,,,1.3
411295,2018-07-01,Vit. Guimarães,PO1,1,2791,32,7.19,2791.0,0.48000000000000004,,,15.2,54.0,10.0,1.1,2.0,1.3,0.7,4.1,4.2,,,,,1.0
56183,2018-07-01,FC Paços de Ferreira,PO1,1,1318,32,6.18,1318.0,0.27,,,14.5,15.0,4.0,0.2,0.3,0.2,0.3,0.9,1.9,,,,,1.2
273438,2018-07-01,SC Braga,PO1,1,1535,31,7.170000000000001,1535.0,0.23,,,35.4,8.0,,2.5,2.1,2.3,1.9,6.6,5.8,,,,,1.6
29366,2018-07-01,Vitória Setúbal FC,PO1,1,1597,33,6.23,1597.0,0.51,,,10.3,9.0,2.0,0.3,0.5,0.4,1.1,2.3,3.3,,,,,2.0
27349,2018-07-01,CF Os Belenenses,PO1,1,1492,17,6.32,1492.0,,,,17.9,,,,0.1,,1.0,1.1,10.8,3.0,3.7,72.9,1.4,
422850,2018-07-01,Vit. Guimarães,PO1,1,2219,25,6.83,2219.0,,,,27.3,12.0,3.0,1.5,2.4,1.2,1.8,5.5,7.2,,,,,1.3
228940,2018-07-01,Rio Ave,PO1,1,2127,29,6.85,2127.0,0.34,,,22.7,44.0,8.0,1.1,0.8,0.5,0.5,1.8,4.5,,,,,1.1
87854,2018-07-01,Belenenses,PO1,1,1613,20,6.85,1613.0,0.11,,,27.7,26.0,3.0,1.6,2.5,1.0,0.5,4.1,5.4,,,,,2.5
111811,2018-07-01,Belenenses,PO1,1,3060,34,6.74,3060.0,,,,27.4,34.0,5.0,0.8,1.2,1.9,1.6,4.8,5.4,,,,,1.0
57723,2018-07-01,Porto,PO1,1,2655,30,7.390000000000001,2655.0,0.17,,,43.2,11.0,1.0,0.1,1.1,1.8,4.2,7.6,4.4,,,,,0.9
45026,2018-07-01,Sporting,PO1,1,3060,34,6.68,3060.0,,,,20.0,1.0,,,0.0,,0.4,0.5,9.1,17.0,2.5,77.8,0.7,0.0
122115,2018-07-01,Belenenses,PO1,1,1340,18,6.429999999999999,1340.0,0.07,,,34.7,1.0,,0.1,1.5,1.9,4.2,8.7,4.2,,,,,1.3
187860,2018-07-01,Belenenses,PO1,1,2173,30,6.52,2173.0,0.12,,,28.9,30.0,1.0,0.6,1.9,1.4,1.0,4.5,5.8,,,,,1.7
194214,2018-07-01,Belenenses,PO1,1,2880,32,6.59,2880.0,,,,36.0,6.0,2.0,0.2,1.4,2.0,4.2,8.6,3.7,,,,,0.8
215876,2018-07-01,Porto,PO1,1,2270,27,7.64,2270.0,0.08,,,38.9,35.0,14.0,1.9,3.9,1.8,1.7,7.5,5.5,,,,,1.8
183945,2018-07-01,CS Marítimo,PO1,1,311,13,,311.0,,,,,2.0,,,,,,,,,,,,
84491,2018-07-01,FC Paços de Ferreira,PO1,1,967,13,,967.0,,,,,12.0,3.0,,,,,,,,,,,
72855,2018-07-01,CF Os Belenenses,PO1,1,2258,28,6.68,2258.0,,,,22.8,37.0,2.0,1.7,1.7,1.1,0.7,3.6,4.4,,,,,1.8
48703,2018-07-01,GD Estoril Praia,PO1,1,1259,15,,1259.0,,,,,6.0,,,,,,,,,,,,
130635,2018-07-01,Boavista FC,PO1,1,830,16,,830.0,,,,,5.0,2.0,,,,,,,,,,,
111200,2018-07-01,CS Marítimo,PO1,1,1486,17,6.72,1486.0,0.06,,,23.599999999999998,8.0,1.0,0.3,3.0,2.8000000000000003,1.5999999999999999,7.8,4.6,,,,,2.2
84711,2018-07-01,Vit. Guimarães,PO1,1,1715,22,6.55,1715.0,,,,26.1,16.0,2.0,0.4,2.9,1.4,2.0,6.5,4.4,,,,,2.2
243783,2018-07-01,FC Paços de Ferreira,PO1,1,2634,33,6.4799999999999995,2634.0,,,,15.100000000000001,48.0,8.0,1.4,0.8000000000000002,0.4000000000000001,0.20000000000000004,1.5,3.7000000000000006,,,,,1.3
52322,2018-07-01,Rio Ave FC,PO1,1,974,14,,974.0,,,,,14.0,2.0,,,,,,,,,,,
51058,2018-07-01,CF Os Belenenses,PO1,1,1120,14,,1120.0,,,,,6.0,,,,,,,,,,,,
359210,2018-07-03,Moreirense ,PO1,1,2387,28,6.77,2387.0,0.08,,,25.4,4.0,1.0,0.4,2.8,2.2,2.9,8.4,6.4,,,,,2.0
127031,2018-07-03,Moreirense FC,PO1,1,2365,27,6.79,2365.0,,,,21.1,15.0,,0.3,2.2,2.5,2.9,7.9,3.8,,,,,1.4
63837,2018-07-04,FC Porto,PO1,1,330,13,,330.0,,,,,7.0,1.0,,,,,,,,,,,
197613,2018-07-04,Desportivo Aves (- 2020),PO1,1,1169,20,6.11,1169.0,0.23,,,16.8,11.0,1.0,0.2,0.5,0.3,0.9000000000000001,1.8000000000000003,2.1,,,,,1.4
256977,2018-07-09,Sporting,PO1,1,515,12,,515.0,,,,,12.0,5.0,,,,,,,,,,,
59823,2018-07-09,FC Paços de Ferreira,PO1,1,1260,14,,1260.0,,,,,,,,,,,,,3.0,,,,
58576,2018-07-11,FC Porto,PO1,1,258,7,,258.0,,,,,3.0,,,,,,,,,,,,
181547,2018-07-12,Porto,PO1,1,1592,27,6.54,1592.0,0.28,,,8.0,19.0,6.0,2.1,1.0,0.2,1.5,2.9,3.4,,,,,3.3
100131,2018-07-13,Sporting,PO1,1,2132,24,7.27,2132.0,0.04,,,57.5,16.0,4.0,1.7,1.8,1.3,1.6,4.9,8.3,,,,,2.3
55734,2018-07-14,CS Marítimo,PO1,1,274,12,,274.0,,,,,3.0,,,,,,,,,,,,
86804,2018-07-16,GD Estoril Praia,PO1,1,1350,27,6.09,1350.0,0.07,,,20.5,19.0,,0.3,1.0,0.9,0.8,2.7,2.4,,,,,1.4
194641,2018-07-16,Vitória Guimarães SC,PO1,1,1031,23,6.26,1031.0,,,,25.2,14.0,,1.1,1.6,1.1,0.3,3.1,5.0,,,,,1.6
163086,2018-07-23,Sporting CP,PO1,1,2079,24,7.1,2079.0,,,,28.0,14.0,3.0,1.6,2.2,1.3,1.7,5.3,4.6,,,,,1.3
257448,2018-07-25,Sporting,PO1,1,2685,31,7.470000000000001,2685.0,0.27,,,25.8,47.0,9.0,2.7,1.5,0.7,0.4,2.7,5.6,,,,,1.6
67815,2018-08-06,GD Estoril Praia,PO1,2,3890,45,6.951521850899743,3890.0,0.07076092544987146,,,39.53560411311054,7.0,,0.2,2.0,2.07853470437018,5.619023136246787,9.945655526992288,4.907609254498714,,,,,1.5557069408740356
84318,2018-08-06,Vitória Guimarães SC,PO1,1,1759,25,7.0,1759.0,0.56,,,28.6,31.0,6.0,0.3,0.8,0.6,0.5,1.9,4.1,,,,,1.5
151470,2018-08-09,SC Braga,PO1,1,2611,31,6.910000000000001,2611.0,0.07,,,37.8,17.0,3.0,0.7,2.4,1.2,1.4,5.1,4.0,,,,,2.4
131090,2018-08-27,Porto,PO1,1,770,12,,770.0,,,,,3.0,,,,,,,,,,,,
75287,2018-08-28,Sporting CP,PO1,1,507,14,,507.0,,,,,3.0,,,,,,,,,,,,
226896,2018-08-31,GD Estoril Praia,PO1,2,2880,32,6.76,2880.0,,,,27.3,5.0,1.0,0.5,1.1,2.5,4.2,8.5,4.8,,,,,1.1
348425,2018-08-31,Tondela,PO1,2,2779,34,6.610000000000001,2779.0,0.28,,,14.9,34.0,6.0,1.1,1.5,1.0,1.0,3.7,4.7,,,,,2.1
35871,2018-09-28,Desportivo Aves (- 2020),PO1,1,997,12,,997.0,,,,,4.0,,,,,,,,,,,,
240578,2019-01-01,Paços Ferreira,PO1,1,1211,25,6.14,1211.0,0.59,,,13.5,11.0,1.0,0.2,1.0,0.1,1.3,2.5,2.5,,,,,3.0
236886,2019-01-14,Vitória Setúbal FC,PO1,1,2741,32,6.44,2741.0,0.07,,,17.2,22.0,4.0,0.7,2.0,0.6,1.2,4.0,4.9,,,,,1.6
439022,2019-01-15,Chaves,PO1,2,2933,37,6.842969655642687,2933.0,0.12,,,38.30947834981248,8.0,1.0,0.5086600750085237,1.6608250937606546,1.9608250937606548,5.034640300034095,9.251960450051142,4.538970337538356,,,,,1.5261847937265598
257388,2019-01-21,Portimonense,PO1,1,372,18,,372.0,,,,20.3,8.0,2.0,1.2,2.4,1.0,0.2,4.1,6.0,,,,,1.9
256696,2019-01-22,GD Chaves,PO1,1,800,20,,800.0,,,,21.8,9.0,,1.0,1.9,0.7,0.5,3.0,3.4,,,,,1.0
290336,2019-01-31,Boavista,PO1,1,1357,27,6.349999999999999,1357.0,0.13,,,13.100000000000001,9.0,2.0,2.6,1.1,0.5,0.6,2.4,4.6,,,,,1.6000000000000003
95142,2019-01-31,Estoril,PO1,1,1530,17,6.35,1530.0,,,,23.0,,,0.1,0.1,0.2,1.2,1.5,9.9,4.0,3.1,66.7,1.5,0.1
27178,2019-07-01,Portimonense,PO1,2,5715,66,6.488346456692914,5715.0,0.12,,,29.72047244094488,12.0,2.0,0.1,0.9519685039370078,2.1078740157480316,4.692125984251969,8.151968503937008,3.236220472440945,,,,,0.8480314960629921
248903,2019-07-01,SC Braga,PO1,2,4886,57,7.140000000000001,4886.0,0.04,,,37.25243553008596,24.0,3.0,0.4,3.100859598853868,2.200859598853868,2.1,7.6512893982808015,3.7,,,,,1.6501432664756448
75116,2019-07-01,GD Chaves,PO1,2,3330,40,6.76,3330.0,,,,32.6,38.0,7.0,0.4,2.4,1.5,1.5,5.5,3.0,,,,,1.1
195308,2019-07-01,CD Feirense,PO1,2,3182,52,5.934582023884349,3182.0,0.11458202388434947,,,11.58472658705217,22.0,4.0,0.9430546825895664,1.0847265870521685,0.7569453174104337,0.5430546825895664,2.398617221873036,3.9861093651791326,,,,,2.229164047768699
84491,2019-07-01,Vitória Setúbal FC,PO1,2,2687,39,6.49,2687.0,,0.0,0.01,30.1,40.0,11.0,0.4,1.5,0.8,0.5,2.9,6.0,,,,,2.3
85771,2019-07-01,GD Chaves,PO1,2,4831,55,6.503812875181122,4831.0,,,,24.949637756158143,36.0,7.0,0.7387290416062927,1.3,1.2676257503622437,1.8549161664251708,4.622541916787415,3.816187124818878,,,,,1.0936452080314634
23974,2019-07-01,Sporting CP,PO1,1,758,9,,758.0,,,,,,,,,,,,,3.0,,,,
9819,2019-07-01,CD Tondela,PO1,2,5222,59,6.509272309459977,5222.0,0.05103025660666412,,,23.19031022596706,6.0,1.0,0.1,1.3412102642665646,1.6309076981999235,5.113941018766756,8.696361547299883,3.120605132133282,,,,,1.2
388236,2019-07-01,Desportivo Aves (- 2020),PO1,2,5316,60,6.9147855530474045,5316.0,0.0836719337848006,,,26.345410082769,139.0,11.0,1.136230248306998,1.7000000000000002,1.3270504138449963,2.0908201655379983,5.408690744920993,5.908690744920993,,,,,0.8362302483069977
401530,2019-07-01,Porto,PO1,1,2600,29,7.57,2600.0,0.1,,,43.4,11.0,4.0,0.7,2.1,2.3,2.9,8.0,5.5,,,,,1.6
336697,2019-07-01,Feirense,PO1,1,722,10,,722.0,,,,,,,,,,,,,,,,,
156501,2019-07-01,FC Porto,PO1,2,5460,61,7.348945054945054,5460.0,0.06453846153846154,,,45.8678021978022,11.0,1.0,0.2986813186813187,1.1986813186813188,2.446703296703297,4.094725274725275,8.24010989010989,5.0467032967032965,,,,,1.3986813186813187
291981,2019-07-01,GD Chaves,PO1,2,3894,46,6.86545197740113,3894.0,0.05,0.0,0.0,29.052336928608113,26.0,4.0,1.2512326656394452,2.5512326656394455,1.5024653312788907,2.4008217770929634,6.654519774011299,5.0008217770929635,,,,,1.0008217770929635
334557,2019-07-01,Moreirense ,PO1,1,2873,34,7.1,2873.0,0.25,,,24.5,67.0,11.0,1.0,1.4,0.7,0.4,2.5,4.1,,,,,1.1
523363,2019-07-01,Santa Clara,PO1,1,1261,22,6.86,1261.0,,,,29.8,3.0,,1.1,3.0,3.4,3.1,10.1,8.1,,,,,2.8
172142,2019-07-02,FC Porto,PO1,2,370,22,,370.0,,,,,8.0,2.0,,,,,,,,,,,
462250,2019-07-03,Benfica,PO1,1,1733,26,7.56,1733.0,0.78,,,24.5,29.0,12.0,0.9,0.7,0.2,0.3,1.2,3.2,,,,,1.4
122043,2019-07-03,Porto,PO1,2,5013,62,7.423026132056654,5013.0,0.16273688410133652,,,51.99447436664672,70.0,6.0,1.0397366846199882,2.6657889487332933,1.4260522641133055,0.7397366846199881,5.131577897466586,7.565788948733294,,,,,2.379473369239976
203330,2019-07-11,Vit. Guimarães,PO1,2,1859,37,6.35,1859.0,0.31,,,14.2,18.0,6.0,1.1,1.1,1.4,0.6,3.2,5.799999999999999,,,,,2.1
214775,2019-07-15,Porto,PO1,2,2179,44,6.813896282698486,2179.0,0.14,,,52.919366681964206,37.0,8.0,1.0719596145020653,3.15608077099587,0.8573198715006884,0.7280403854979349,4.985360256998623,9.890316659017898,,,,,1.6158788435061955
45383,2019-07-30,FC Porto,PO1,1,302,11,,302.0,,,,,7.0,1.0,,,,,,,,,,,
205116,2019-08-05,Boavista,PO1,1,2790,31,6.759999999999999,2790.0,0.060000000000000005,,,20.2,21.0,2.0,0.2,1.5,2.0,3.8,7.5,3.5,,,,,1.1
552534,2019-08-08,Tondela,PO1,1,435,9,,435.0,,,,,5.0,,,,,,,,,,,,
56331,2019-08-26,Sporting CP,PO1,2,1600,23,7.24,1600.0,0.85,,,13.4,14.0,2.0,,0.3,0.2,1.0,1.6,1.4,,,,,1.2
229854,2019-09-02,Rio Ave FC,PO1,1,644,11,,644.0,,,,,4.0,,,,,,,,,,,,
411295,2019-09-02,Sporting,PO1,2,1868,28,7.070000000000001,1868.0,0.23999999999999996,,,20.2,39.0,7.0,1.6,1.9,1.3,0.3,3.5,4.4,,,,,1.6
236886,2020-01-01,GD Chaves,PO1,1,1068,22,6.21,1068.0,0.17,0.0,0.0,16.9,10.0,,0.6,1.3,0.7,0.2,2.3,3.8,,,,,2.4
162038,2020-01-09,Benfica,PO1,1,467,7,,467.0,,,,,6.0,2.0,,,,,,,,,,,
344519,2020-01-10,FC Porto,PO1,1,11,2,,11.0,,,,,1.0,1.0,,,,,,,,,,,
68275,2020-01-25,SC Braga,PO1,2,2788,35,7.029999999999999,2788.0,0.07,,,48.1,33.0,5.0,0.1,1.7999999999999998,1.2,1.2,4.5,6.1,,,,,1.5
240306,2020-01-29,Sporting,PO1,2,4471,50,7.977358532766719,4471.0,0.562122567658242,,,41.457548646835164,167.0,20.0,1.2077834936255871,1.9051889957503911,0.33160366808320285,0.6,3.0025944978751955,5.692216506374413,,,,,1.5658018340416013
564545,2020-01-31,Vit. Guimarães,PO1,1,1351,16,,1351.0,,,,,7.0,,,,,,,,,,,,
371245,2020-08-03,Santa Clara,PO1,2,881,25,,881.0,,,,,8.0,,,,,,,,,,,,
314944,2020-08-04,Desportivo Aves,PO1,2,3647,48,6.5975843158760625,3647.0,0.12015080888401426,0.11,0.05,21.10452426652043,27.0,1.0,0.7618864820400328,2.0079243213600217,1.6316972854400877,1.892075678639978,5.669810803400056,5.43962160680011,,,,,1.3381135179599672
59823,2020-08-05,FC Famalicão,PO1,2,3196,37,6.359999999999999,3196.0,,,0.0,21.14665206508135,,,,0.09999999999999999,,1.4437108886107635,1.4437108886107635,9.4,5.0,2.983229036295369,64.81079474342928,1.6395181476846057,0.1
437566,2020-08-06,Desportivo Aves,PO1,2,3549,47,6.487249929557622,3549.0,,0.12,0.02,25.93724992955762,13.0,2.0,0.6137503522118908,2.4979994364609754,1.7765004226542689,3.1469991546914624,7.870498732037194,6.437249929557622,,,,,2.188250211327134
175383,2020-08-08,Boavista,PO1,2,3240,36,6.57,3240.0,,,,13.2,1.0,,,,,1.2,1.2,7.5,13.0,3.4,72.4,1.3,
155396,2020-08-14,Tondela,PO1,1,2610,29,6.4,2610.0,,,,16.3,1.0,1.0,,,0.0,0.7,0.7,9.9,9.0,3.1,71.4,1.2,
397090,2020-08-14,Vit. Guimarães,PO1,1,1526,26,6.519999999999999,1526.0,0.29,,,15.700000000000001,19.0,8.0,1.9000000000000001,1.9000000000000001,0.7999999999999999,0.19999999999999998,3.1,4.3,,,,,1.8
52480,2020-08-16,Gil Vicente,PO1,1,916,13,,916.0,,,,,18.0,2.0,,,,,,,,,,,
672933,2020-08-17,Boavista,PO1,1,1907,24,6.32,1907.0,,,,30.3,8.0,1.0,0.6,1.8,1.1,0.9,3.9,7.2,,,,,1.8
225119,2020-08-18,Desportivo Aves (- 2020),PO1,2,1563,39,6.25,1563.0,0.12,0.08,0.08999999999999998,10.540115163147792,12.0,3.0,1.5372360844529749,0.9927063339731286,0.2963531669865643,0.6072936660268714,1.848176583493282,4.4890595009596925,,,,,1.8
298410,2020-08-20,Vit. Guimarães,PO1,2,778,37,6.41,778.0,0.87,0.52,0.06,13.6,4.0,,0.9,1.0,0.7,0.9,2.6,2.6,,,,,1.2
290391,2020-08-21,Rio Ave,PO1,2,4437,63,7.10352490421456,4437.0,0.18244985350462023,0.25,0.17999999999999997,31.432251521298173,112.0,18.0,1.1,1.040500338066261,0.7270002253775074,0.21350011268875366,1.981000676132522,5.124250619788145,,,,,0.8702501690331306
544784,2020-08-30,Santa Clara,PO1,2,3646,49,6.72700493691717,3646.0,0.05,0.06,0.04,25.20444322545255,26.0,9.0,1.0985737794843664,1.892868897421832,1.5985737794843664,2.111409764125068,5.802852441031266,6.254991771804717,,,,,1.4492868897421833
307058,2020-08-31,Rio Ave,PO1,2,4577,64,7.363253222634913,4577.0,0.6705374699584881,0.64,0.16,15.24865632510378,64.0,18.0,0.7973126502075596,0.7486563251037799,0.24596897531133935,0.5026873497924405,1.6459689753113393,1.9838759012453573,,,,,1.1432816255188987
149928,2020-09-03,Vitória Setúbal,PO1,1,1876,24,6.48,1876.0,0.1,,,31.2,2.0,,0.1,1.0,1.2,5.7,8.8,3.0,,,,,1.0
132214,2020-09-04,Vitória Guimarães SC,PO1,1,1327,21,6.779999999999999,1327.0,0.54,,,22.7,28.0,5.0,1.4,1.7999999999999998,0.7,0.3,2.8,5.4,,,,,2.2
505653,2020-09-05,Porto,PO1,1,183,12,,183.0,,,,,,,,,,,,,,,,,
84511,2020-09-06,Vitória Setúbal FC,PO1,1,2777,31,6.7,2777.0,,,,26.099999999999998,17.0,3.0,1.0,1.7,2.1,2.7,6.8999999999999995,4.1,,,,,0.9
344392,2020-09-07,Gil Vicente FC,PO1,1,1673,20,6.45,1673.0,,,,22.8,14.0,1.0,0.5,2.0,1.5,2.3,5.9,4.9,,,,,0.8
238367,2020-09-07,Boavista,PO1,1,1294,27,6.19,1294.0,0.14,,,9.1,13.0,,0.3,1.8000000000000003,0.3,0.9000000000000001,3.1,2.2,,,,,3.3
258018,2020-09-07,Vitória Guimarães SC,PO1,2,3480,49,6.897609195402299,3480.0,0.14,0.02,0.11,49.99080459770115,57.0,5.0,0.8556321839080461,1.9887356321839078,1.2887356321839079,0.38873563218390805,3.9662068965517245,6.767586206896551,,,,,1.255632183908046
60410,2020-09-14,Sporting,PO1,1,2018,24,6.87,2018.0,0.09,,,45.7,46.0,6.0,1.2,2.2,1.0,1.3,4.6,6.2,,,,,2.0
124548,2020-09-14,Marítimo,PO1,1,1214,15,,1214.0,,,,,16.0,1.0,,,,,,,,,,,
290768,2020-09-23,Desportivo Aves (- 2020),PO1,1,1547,21,6.289999999999999,1547.0,0.06,,,12.9,10.0,,1.8,1.2,0.7,1.7,3.8,5.2,,,,,1.9
258004,2020-09-29,Benfica,PO1,2,3150,35,7.07,3150.0,0.06,,,58.6,16.0,3.0,0.2,1.3,0.9,3.1,5.8,5.3,,,,,1.1
265589,2020-09-30,Tondela,PO1,1,2222,26,6.32,2222.0,,,,23.5,16.0,1.0,0.8,1.1,1.6,2.5,5.6,5.6,,,,,1.6
516127,2020-09-30,FC Famalicão,PO1,1,556,17,,556.0,,,,18.5,6.0,,2.9,2.1,0.6,0.5,3.4,6.2,,,,,2.1
302371,2020-10-04,Famalicão,PO1,1,2194,32,6.7,2194.0,0.41,,,11.6,21.0,3.0,0.6,0.5,0.1,0.8,1.4,1.8,,,,,2.1
255755,2020-10-05,Porto,PO1,2,2786,34,7.480000000000001,2786.0,0.39,,,33.2,62.0,8.0,0.7,1.2,2.0,1.4,4.6,3.9,,,,,1.9000000000000001
291399,2020-10-05,Marítimo,PO1,1,2809,33,6.51,2809.0,0.06,,0.01,20.3,31.0,6.0,2.5,1.1,0.8,1.1,3.2,6.1,,,,,1.1
499721,2020-10-06,Sporting,PO1,2,2382,29,7.0,2382.0,0.11999999999999998,,,58.5,32.0,1.0,1.7,1.2,0.7,0.3,2.3,7.299999999999999,,,,,1.1
134602,2020-10-06,Porto,PO1,2,1156,20,6.78,1156.0,0.55,,,13.4,13.0,2.0,1.8999999999999997,1.2,0.4,0.7,2.4,2.4,,,,,2.3
124550,2020-10-06,Vitória Guimarães SC,PO1,1,906,16,,906.0,,,,,17.0,4.0,,,,,,,,,,,
461512,2021-01-01,Paços Ferreira,PO1,2,2891,37,6.38,2891.0,,,,19.6,26.0,2.0,0.6,2.1,1.6,1.5,5.3,4.9,,,,,1.9
56183,2021-01-07,Rio Ave FC,PO1,1,1211,27,6.55,1211.0,0.22,,,14.0,8.0,1.0,0.7,0.3,0.1,1.0,1.5,2.1,,,,,0.8
264848,2021-01-08,Famalicão,PO1,1,1373,22,6.53,1373.0,0.13,,,17.6,27.0,3.0,1.7,1.0,0.7,0.5,2.3,5.1,,,,,0.7
258034,2021-01-14,Famalicão,PO1,1,997,26,6.3,997.0,0.18,,,40.4,8.0,,0.6,2.1,0.4,0.5,3.2,6.8,,,,,1.4
95429,2021-01-23,Santa Clara,PO1,2,2900,41,6.28,2900.0,0.09,,,25.1,37.0,10.0,0.3,1.7,0.7,0.6,3.2,5.1,,,,,1.1
211072,2021-01-31,Braga,PO1,1,2314,29,7.24,2314.0,0.66,,,14.800000000000002,34.0,9.0,0.6,0.4,0.2,0.5,1.1,2.0,,,,,1.2
356099,2021-02-01,Sporting,PO1,1,1331,23,6.8,1331.0,0.07,,,41.0,7.0,1.0,0.7,1.7,0.9,1.7,4.5,5.3,,,,,1.1
155025,2021-07-01,Santa Clara,PO1,2,5196,58,6.659276366435718,5196.0,0.08927636643571979,0.11,0.05,34.35889145496535,16.0,3.0,0.1,0.7590454195535027,1.3,4.573518090839107,7.68799076212471,3.030100076982294,,,,,1.4963818321785989
257456,2021-07-01,Rio Ave FC,PO1,2,2176,40,6.59,2176.0,,0.09,0.09,31.5,25.0,2.0,1.5,1.3,0.8,0.1,2.3,4.9,,,,,0.9
290530,2021-07-01,SC Farense,PO1,2,2844,47,6.42,2844.0,0.06362869198312236,0.06,0.06,14.509704641350211,36.0,8.0,1.3318565400843883,0.8659282700421941,0.3318565400843882,0.3318565400843882,1.5296413502109705,4.657067510548523,,,,,2.0044303797468355
335380,2021-07-01,Moreirense ,PO1,2,1739,34,6.5,1739.0,0.14,,,22.6,41.0,7.0,0.7,1.6,0.6,1.1,3.4,4.5,,,,,1.7
515208,2021-07-01,Benfica,PO1,1,467,19,,467.0,,0.18,0.17,37.2,2.0,,3.3,0.6,0.8,0.8,2.1,4.4,,,,,2.3
510782,2021-07-01,Gil Vicente,PO1,2,3701,47,6.603185625506621,3701.0,0.07307214266414483,0.03,0.01,37.02123750337747,8.0,2.0,0.2,1.041340178330181,1.275979465009457,3.8692785733585517,7.097216968386922,5.197216968386923,,,,,0.8826803566603622
597087,2021-07-02,Marítimo,PO1,1,1344,17,,1344.0,0.07,0.09,0.01,33.6,4.0,,0.1,1.1,0.9000000000000001,2.5,5.4,4.5,,,,,1.5
432958,2021-07-02,Gil Vicente FC,PO1,1,2487,33,6.6499999999999995,2487.0,0.07,0.11,0.04,25.2,8.0,,1.1,1.8,0.8,1.4,4.2,4.6,,,,,2.9
139395,2021-07-03,Braga,PO1,2,5414,62,7.001361285555965,5414.0,0.03469708164019209,0.05,0.17,38.03941632803842,86.0,16.0,0.3,2.528795714813447,1.3121167343923164,1.4590875507942371,5.5530291835980785,4.775766531215368,,,,,1.4469708164019208
341110,2021-07-05,Benfica,PO1,2,2070,37,7.03,2070.0,0.11,,,27.3,26.0,6.0,0.7,3.5,1.9,0.5,5.9,6.4,,,,,1.3
396342,2021-07-07,Rio Ave,PO1,2,5621,64,6.740320227717489,5621.0,,0.02,0.02,46.68879202988792,9.0,3.0,0.2,1.24959971535314,1.7520014232343,3.3487991460594198,6.70080056929372,4.3040028464686,,,,,1.09919943070628
157387,2021-07-09,Moreirense FC,PO1,2,2757,37,6.62,2757.0,,0.0,0.03,26.4,13.0,2.0,0.8,2.3,1.9,1.3,6.0,4.6,,,,,1.8
535955,2021-07-10,Benfica,PO1,2,1562,25,,1562.0,,,,,23.0,7.0,,,,,,,,,,,
55994,2021-07-12,Santa Clara,PO1,2,1594,42,6.35,1594.0,0.1,0.11,0.1,25.2,20.0,3.0,0.9,0.8,0.8,0.8,2.7,4.8,,,,,1.2
182936,2021-07-12,Tondela,PO1,2,4985,61,6.423420260782347,4985.0,0.03,0.01,0.08,27.97803410230692,39.0,5.0,0.6390170511534604,1.6073219658976932,1.4,2.0243731193580743,5.285356068204614,4.4,,,,,0.8316950852557673
432960,2021-07-17,Gil Vicente FC,PO1,2,4282,65,6.6517048108360575,4282.0,0.18541802895843065,0.13,0.13,18.725408687529196,55.0,7.0,1.7458197104156936,1.3458197104156935,0.6625408687529192,0.3083605791686128,2.3709014479215322,4.770901447921532,,,,,1.3665576833255488
374889,2021-07-22,CD Nacional,PO1,1,1551,29,6.480000000000001,1551.0,0.23,0.21,0.08,18.8,16.0,3.0,1.7,1.7,0.6,0.20000000000000004,2.6,4.6,,,,,2.7000000000000006
258135,2021-07-29,FC Famalicão,PO1,1,559,14,,559.0,,,,,3.0,,,,,,,,,,,,
207571,2021-08-04,Moreirense ,PO1,1,1689,27,6.429999999999999,1689.0,0.05,0.11,0.08,29.5,15.0,2.0,0.9000000000000001,2.3,1.2,0.4,4.0,7.4,,,,,2.0
476701,2021-08-09,Famalicão,PO1,2,2620,45,7.018725190839694,2620.0,0.05999999999999999,0.06644274809160304,0.03419465648854962,38.154427480916034,25.0,1.0,1.909732824427481,3.293625954198473,1.8194656488549619,0.6580534351145038,5.729198473282443,7.06175572519084,,,,,2.741946564885496
182711,2021-08-13,Rio Ave,PO1,1,2365,32,7.03,2365.0,0.23,0.19,0.14,21.0,38.0,8.0,2.5,1.6,1.1,0.6,3.2,3.7,,,,,1.3
196095,2021-08-22,Benfica,PO1,2,1541,29,6.969999999999999,1541.0,0.45000000000000007,0.54,0.29,26.9,32.0,11.0,0.8,0.8,0.5,0.2,1.5,2.9,,,,,1.1
51118,2021-08-24,Boavista FC,PO1,1,1799,22,6.35,1799.0,,0.010000000000000002,0.010000000000000002,30.7,2.0,,0.3,0.9,1.7,4.1,7.1,4.9,,,,,0.7
111828,2021-08-25,SC Braga,PO1,2,2423,32,6.72,2423.0,0.24000000000000002,0.18,0.09,31.1,23.0,5.0,0.4,1.5,0.7,1.3,3.6000000000000005,4.5,,,,,2.3
85953,2021-08-30,CD Tondela,PO1,2,4943,56,6.581373659720818,4943.0,,0.01,0.01,41.739206959336435,4.0,,0.04901881448513049,1.6,1.4431317013959135,3.692150515881044,7.584301031762087,5.24901881448513,,,,,1.3549059275743476
106837,2021-08-31,Moreirense FC,PO1,2,2415,33,6.74,2415.0,,0.06,0.01,40.8,3.0,,0.19999999999999998,1.5999999999999999,1.9000000000000001,4.1,8.0,7.2,,,,,1.1
306668,2022-01-05,Farense,PO1,1,2753,32,6.77,2753.0,,0.030000000000000002,0.060000000000000005,29.6,23.0,4.0,0.5,0.9000000000000001,1.4,0.8,3.1000000000000005,5.4,,,,,0.8
337798,2022-01-12,Moreirense ,PO1,2,3223,38,6.75,3223.0,,0.01,0.15,29.6,27.0,8.0,0.6,1.4,0.6,0.7,2.9,6.2,,,,,1.6
125165,2022-01-14,Porto,PO1,2,2609,41,7.25,2609.0,0.08,0.13,0.28,32.8,75.0,17.0,2.2,0.9,1.2,0.5,2.7,5.7,,,,,1.7
695454,2022-01-17,Estoril,PO1,1,838,15,,838.0,,,,,4.0,,,,,,,,,,,,
520530,2022-01-26,Portimonense,PO1,2,2673,38,6.63,2673.0,0.13,0.08,0.05,22.3,33.0,4.0,1.1,1.8000000000000003,1.3,2.2,5.6,5.8,,,,,1.2
357163,2022-01-27,Moreirense ,PO1,2,3412,46,6.57,3412.0,0.08,0.14,0.06,27.8,32.0,6.0,1.9,1.3,0.6,0.5,2.6,5.4,,,,,1.9
480692,2022-01-30,Porto,PO1,2,3143,48,7.56587973273942,3143.0,0.5742093541202673,0.4763251670378619,0.16140311804008908,28.554788418708238,61.0,11.0,3.0084632516703786,1.0648106904231625,0.46057906458797326,0.2957683741648107,1.8732739420935411,5.233853006681515,,,,,2.221158129175947
314367,2022-01-31,Vit. Guimarães,PO1,1,1772,33,6.74,1772.0,0.15,0.15,0.15,18.9,19.0,5.0,3.8,0.5,0.7,0.1,1.4,3.5,,,,,0.6
351738,2022-07-01,Santa Clara,PO1,2,4951,62,7.053710361543122,4951.0,0.10677438901232074,0.08895172692385377,0.19895172692385377,28.987113714401133,99.0,23.0,0.6112906483538679,0.9556453241769339,0.6774187032922642,0.6669359725308018,2.444354675823066,4.7,,,,,1.233064027469198
197981,2022-07-01,Gil Vicente,PO1,2,4185,52,7.474623655913979,4185.0,0.042358422939068094,0.09162724014336919,0.16146236559139782,38.57125448028674,102.0,14.0,0.8617921146953404,2.16179211469534,0.7146236559139786,0.5764157706093189,3.5837275985663086,6.473118279569892,,,,,1.4073118279569894
198006,2022-07-01,Vit. Guimarães,PO1,1,2542,30,7.070000000000001,2542.0,0.04,0.05,0.11999999999999998,27.2,41.0,9.0,0.3,1.4,1.2,1.7,4.5,4.9,,,,,0.9
205116,2022-07-01,Gil Vicente,PO1,2,5306,63,6.9142706370147,5306.0,0.07,0.0780550320392009,0.06951375800980024,32.692385978137956,51.0,4.0,0.2951375800980023,0.9475687900490012,1.2854127402940068,2.609724839803995,5.095137580098003,4.190275160196005,,,,,0.9621560497549944
314942,2022-07-01,Estoril Praia,PO1,1,1139,26,6.62,1139.0,0.16,0.15,0.060000000000000005,18.4,13.0,5.0,0.6,0.6,0.2,0.4,1.3,4.3,,,,,2.4
308371,2022-07-01,Santa Clara,PO1,2,4350,50,6.771551724137931,4350.0,0.04,0.049482758620689654,0.01,42.243793103448276,8.0,1.0,0.41793103448275865,1.1000000000000003,1.5051724137931035,3.4282758620689657,6.4975862068965515,4.853793103448276,,,,,1.1410344827586207
249360,2022-07-01,Marítimo,PO1,2,2934,60,6.606728016359918,2934.0,0.27578732106339465,0.2614110429447853,0.03390593047034765,11.875051124744378,33.0,3.0,0.5656441717791412,0.7,0.29529652351738245,0.9343558282208587,1.9905930470347648,2.4734151329243352,,,,,1.2
546543,2022-07-01,Benfica,PO1,2,3778,57,7.437850714663844,3778.0,0.7625939650608787,0.668215987294865,0.22948650079407093,12.789730015881418,64.0,22.0,1.5628374801482265,0.5525674960296453,0.20000000000000004,0.5525674960296453,1.4154049761778718,2.5371625198517727,,,,,1.3948650079407094
9335,2022-07-01,GD Estoril Praia,PO1,2,1380,29,6.549999999999999,1380.0,0.28,0.08,0.05,15.599999999999998,5.0,1.0,0.6,0.9000000000000001,0.3,1.5,2.9,2.5,,,,,1.5
537598,2022-07-01,Porto,PO1,2,1717,46,7.69,1717.0,0.41,0.22501456027955738,0.3172859638905067,42.8663948747816,45.0,16.0,1.922422830518346,1.527140361094933,0.5864298194525335,0.5,2.5362842166569592,4.408852649970879,,,,,1.4454280722189867
155395,2022-07-01,Tondela,PO1,2,4890,63,6.82138036809816,4890.0,0.16827607361963187,0.2007280163599182,0.1468200408997955,19.90267893660532,79.0,10.0,1.0781595092024538,0.714560327198364,0.4,0.346359918200409,1.5145603271983639,4.168200408997955,,,,,1.0781595092024538
524315,2022-07-01,Santa Clara,PO1,2,4078,48,7.014139283962727,4078.0,0.0664835703776361,0.04441392839627269,0.060000000000000005,37.51647866601275,32.0,6.0,0.9765571358509073,1.720696419813634,1.579303580186366,1.3324178518881806,4.8765571358509066,6.76758214811182,,,,,1.744139283962727
512913,2022-07-01,Paços Ferreira,PO1,2,4366,57,7.023575355016033,4366.0,0.05999999999999999,0.06430142006413193,0.05,43.60054970224462,43.0,3.0,0.4569857993586807,2.4,1.5430142006413192,1.3,5.578767750801649,6.76424644983967,,,,,1.4860284012826386
491616,2022-07-01,Boavista,PO1,2,2843,35,7.06,2843.0,,0.07,0.01,35.3,5.0,,0.3,1.6,1.6,4.0,7.799999999999999,5.3,,,,,1.0
487469,2022-07-01,Porto,PO1,1,2262,30,7.68,2262.0,0.08,0.1,0.2,66.8,42.0,7.0,1.9000000000000001,1.9000000000000001,1.4,0.4,3.8999999999999995,8.0,,,,,1.5
387110,2022-07-02,Boavista,PO1,1,2312,27,7.160000000000001,2312.0,0.43,0.32,0.05,13.8,28.0,4.0,1.0,0.5,0.2,1.3,2.1,2.1,,,,,2.3
54716,2022-07-04,Moreirense ,PO1,2,2812,37,6.791621621621622,2812.0,0.1595945945945946,0.22574324324324327,0.010135135135135136,30.184459459459465,3.0,,0.1,0.8986486486486487,1.04527027027027,3.8614864864864864,6.2560810810810805,4.357432432432432,,,,,1.4506756756756758
257455,2022-07-04,Sporting,PO1,2,4382,59,7.2671679598356915,4382.0,0.08287996348699224,0.09857599269739845,0.044287996348699225,41.65839799178457,24.0,3.0,0.7571200365130077,3.785759926973985,1.528480146052031,1.2713601095390235,6.728480146052031,6.085600182565038,,,,,2.714240073026015
290336,2022-07-05,Vit. Guimarães,PO1,2,3938,63,6.889817166074149,3938.0,0.24995937023869988,0.13997968511934994,0.10494921279837481,15.048273235144743,58.0,8.0,2.5977653631284916,1.0,0.7993905535804977,0.4501015744032504,2.1995937023869985,4.049492127983748,,,,,1.4507110208227525
498237,2022-07-05,Braga,PO1,2,1993,24,,1993.0,,,,,5.0,,,,,,,,,,,,
694928,2022-07-08,Gil Vicente,PO1,2,4977,67,7.201525015069318,4977.0,0.37618645770544507,0.3683263009845288,0.08381354229455495,24.617158931082983,60.0,9.0,1.5548724131002614,1.8358047016274865,0.7190677114727748,0.47860156720916214,3.093007836045811,4.969278681936911,,,,,1.2404661442636127
112465,2022-07-09,FC Porto,PO1,2,2776,45,7.459999999999999,2776.0,0.49000000000000005,0.36,0.22000000000000003,45.7,62.0,9.0,1.3,2.0,0.7,0.5,3.2,5.5,,,,,1.5
376484,2022-07-12,Estoril,PO1,1,1816,24,6.73,1816.0,,0.02,0.05000000000000001,32.9,17.0,2.0,0.4000000000000001,1.2,1.1,1.5,4.2,4.8,,,,,1.1
203348,2022-07-15,Porto,PO1,2,5138,58,7.044359673024523,5138.0,0.050844686648501364,0.026267029972752046,0.024577656675749317,54.66757493188011,16.0,2.0,0.15422343324250684,0.8457765667574932,0.8000000000000002,2.73732970027248,4.828882833787465,5.345776566757493,,,,,0.6084468664850136
487421,2022-07-15,Tondela,PO1,1,854,21,6.54,854.0,0.53,0.23,0.05999999999999999,13.7,7.0,1.0,1.7,1.1,0.3,0.6,2.1,4.1,,,,,1.9
290346,2022-07-20,Paços Ferreira,PO1,2,2970,33,6.94,2970.0,,,0.0,16.9,,,,0.1,0.0,0.8,1.0,7.8,11.0,3.7,74.2,1.3,0.0
487474,2022-07-21,Porto,PO1,2,682,39,6.66,682.0,0.38,0.53,0.24,37.9,13.0,2.0,2.9,1.7,0.2,0.2,2.1,5.4,,,,,1.9
243879,2022-07-22,Famalicão,PO1,1,2372,29,6.67,2372.0,,0.02,0.03,32.6,9.0,2.0,0.2,1.9000000000000001,1.4,1.4,4.8,5.9,,,,,2.2
99499,2022-07-27,Moreirense ,PO1,2,3654,53,6.599523809523809,3654.0,0.3453174603174603,0.3534126984126984,0.033412698412698415,10.853968253968254,27.0,1.0,0.23174603174603176,0.5,0.1,0.6658730158730158,1.3317460317460317,2.9246031746031744,,,,,1.4976190476190476
344399,2022-07-29,Estoril,PO1,1,877,21,6.54,877.0,0.31,0.28,0.03,17.7,5.0,1.0,2.3,0.7,0.29999999999999993,0.8,2.1,3.0,,,,,3.3
448470,2022-08-04,Estoril,PO1,2,3235,50,7.31,3235.0,0.3617496136012365,0.33261514683153015,0.13217310664605875,23.83774343122102,55.0,4.0,1.1261514683153013,1.2434621329211746,0.6,0.869613601236476,2.8348068006182383,4.391344667697063,,,,,0.9521174652241114
481513,2022-08-12,Vizela,PO1,1,1891,24,7.1,1891.0,0.1,0.02,0.09,24.2,18.0,3.0,1.2,2.7,1.9,2.0,6.6,6.5,,,,,1.7
601883,2022-08-18,Sporting,PO1,2,2747,35,7.429999999999999,2747.0,0.11,0.07,0.11,42.3,27.0,6.0,2.8,1.5,1.0,0.7,3.3000000000000003,6.3999999999999995,,,,,1.4
129386,2022-08-24,Sporting CP,PO1,1,1017,14,,1017.0,,,,,2.0,,,,,,,,,,,,
174915,2022-08-25,Sporting,PO1,1,429,9,,429.0,,,,,4.0,1.0,,,,,,,,,,,
375382,2022-08-25,Vit. Guimarães,PO1,2,2060,34,6.86,2060.0,,0.1,0.09,32.1,23.0,3.0,2.4,2.1,0.8,0.5,3.6,5.7,,,,,1.7
221958,2022-08-29,Benfica,PO1,2,1118,25,6.7,1118.0,0.5,0.54,0.17,14.4,17.0,4.0,0.6,0.4,,0.4,0.8,1.9,,,,,1.0
595012,2022-08-30,Moreirense ,PO1,2,2721,53,6.764751929437707,2721.0,,0.08868798235942668,0.09,28.42789415656009,41.0,6.0,1.3377067254685775,1.6754134509371554,0.6377067254685777,0.8262403528114663,3.3393605292171995,6.896692392502757,,,,,1.722932745314223
518472,2022-09-01,Portimonense,PO1,2,2496,30,7.18,2496.0,0.04,0.06,0.02,39.1,11.0,2.0,0.3,2.2,2.0,4.4,9.2,5.8,,,,,1.7
629567,2022-09-01,Boavista,PO1,2,2115,28,7.04,2115.0,0.18999999999999997,0.15,0.14,22.3,35.0,5.0,0.7,1.6,1.0,1.7,4.7,6.3,,,,,1.3
451801,2022-09-01,Vit. Guimarães,PO1,1,2228,26,6.76,2228.0,,0.030000000000000002,0.01,40.3,4.0,1.0,0.3,1.4,1.4,3.8999999999999995,7.4,4.6,,,,,1.0
451858,2022-09-01,Santa Clara,PO1,1,1983,32,6.6,1983.0,0.23,0.27,0.08,12.2,13.0,5.0,1.3,0.6,0.3,0.5,1.5,3.7,,,,,1.1
43250,2022-09-02,Benfica,PO1,2,2444,29,7.25,2444.0,,0.05999999999999999,0.029999999999999995,61.7,6.0,3.0,0.3,1.2,1.2,2.6,5.6,5.4,,,,,0.8
401534,2022-09-05,Estoril,PO1,1,2216,28,6.95,2216.0,0.08,0.060000000000000005,0.15,18.6,41.0,5.0,1.7,1.3,0.6,0.5,2.4,4.1,,,,,1.2
258015,2023-01-05,Benfica,PO1,2,1151,33,6.43,1151.0,,0.13,0.16,31.6,14.0,3.0,0.4,1.5,0.5,0.2,2.3,3.7,,,,,1.9
586853,2023-01-31,Braga,PO1,2,2575,41,6.85,2575.0,0.4896427184466019,0.37520388349514555,0.12591844660194176,13.30535922330097,32.0,6.0,1.886990291262136,1.4556116504854368,0.35739805825242715,1.2426019417475727,3.255611650485437,3.3,,,,,2.6017864077669905
648195,2023-01-31,Benfica,PO1,1,1388,17,7.64,1388.0,0.06,0.13,0.33,92.8,30.0,9.0,0.6,2.6,1.0,0.2,4.0,6.0,,,,,1.2
539135,2023-02-09,Marítimo,PO1,2,2348,33,,2348.0,,0.05,0.030000000000000002,42.9,2.0,1.0,0.1,2.0,1.5,5.4,10.3,4.1,,,,,1.2
295414,2023-07-01,Gil Vicente,PO1,2,4872,60,6.994168719211824,4872.0,0.16,0.033614532019704435,0.10527709359605913,30.727463054187194,47.0,8.0,0.7944581280788177,1.869396551724138,1.3361453201970446,2.205541871921182,5.705541871921182,5.794458128078818,,,,,1.1055418719211823
193082,2023-07-01,Benfica,PO1,2,5274,62,7.808809252938946,5274.0,0.16764884338263178,0.10676336746302616,0.2991145240803944,50.4998483124763,132.0,35.0,0.9235115661736822,2.1235115661736823,1.1558778915434207,0.8764884338263178,4.288244216913159,5.988244216913159,,,,,0.5558778915434205
553062,2023-07-01,Gil Vicente,PO1,2,4955,60,7.132038345105953,4955.0,0.1,0.06828456104944501,0.05187689202825429,45.852068617558025,36.0,2.0,0.4,2.48284561049445,1.3546922300706357,1.781231079717457,5.864076690211907,6.592230070635721,,,,,2.281231079717457
553875,2023-07-01,Sporting,PO1,2,2722,37,7.67,2722.0,0.22,0.16,0.26,27.7,79.0,19.0,1.8,2.2,1.3999999999999997,1.3,5.0,5.2,,,,,1.3
561217,2023-07-01,Arouca,PO1,2,1595,37,6.46,1595.0,0.54,0.49000000000000005,0.10000000000000002,19.2,29.0,4.0,0.5,0.7,0.5,0.8000000000000002,2.1,3.4000000000000004,,,,,2.3
424676,2023-07-01,Chaves,PO1,1,1817,30,6.56,1817.0,0.2,0.29,0.06,11.3,19.0,4.0,0.9,1.0,0.6,0.5,2.2,2.3,,,,,1.1
504503,2023-07-01,Chaves,PO1,1,2353,31,6.83,2353.0,0.08,0.17,0.16,30.800000000000004,41.0,5.0,1.1,1.3,0.7,0.2,2.1,5.3,,,,,1.5
314944,2023-07-04,Boavista,PO1,1,1858,27,6.62,1858.0,0.19,0.24,0.12,18.6,20.0,4.0,0.8,0.7,0.7,1.0,2.5,4.6,,,,,1.6
324803,2023-07-04,Vit. Guimarães,PO1,2,1688,53,6.56,1688.0,0.15889218009478676,0.0837026066350711,0.17370260663507112,44.68542654028436,31.0,3.0,0.6,1.733234597156398,0.9,0.5518957345971564,3.348104265402844,6.722156398104265,,,,,2.09271327014218
522714,2023-07-04,Vit. Guimarães,PO1,1,1351,30,6.209999999999999,1351.0,0.27,0.34,0.01,7.5,6.0,,1.0,0.3,0.09999999999999999,1.1,1.5999999999999999,1.5,,,,,2.4
816580,2023-07-05,Estoril,PO1,1,2424,30,7.12,2424.0,,0.03,0.11,26.1,25.0,4.0,1.2,2.8,0.6,1.5,5.1,6.0,,,,,1.3
284883,2023-07-05,Gil Vicente,PO1,2,5651,66,6.961475844983189,5651.0,0.523155193771014,0.5512723411785525,0.025368961245797208,9.818828525924614,28.0,4.0,0.46106883737391613,0.7,0.1,0.3389311626260839,1.1926207750840558,1.7315519377101398,,,,,2.0241727127941957
299400,2023-07-07,Portimonense,PO1,2,1825,33,6.37,1825.0,0.08,0.030000000000000002,0.02,32.4,8.0,2.0,,2.3,1.0,2.7,6.7,5.1,,,,,1.5
476701,2023-07-07,Sporting,PO1,2,3465,56,7.41410101010101,3465.0,,0.02682828282828283,0.04,54.333939393939396,24.0,2.0,1.722020202020202,4.314545454545454,2.263434343434344,0.6,7.282828282828283,9.363434343434344,,,,,2.5268686868686863
186848,2023-07-11,Gil Vicente,PO1,2,2366,53,6.710642434488589,2366.0,0.24,0.04929839391377852,0.11964919695688928,43.22747252747253,28.0,5.0,0.6356720202874049,2.2608199492814878,0.7643279797125951,0.5608199492814878,3.98596787827557,6.239180050718513,,,,,1.3573119188503804
181783,2023-07-17,Marítimo,PO1,2,4996,64,6.965468374699759,4996.0,0.1787510008006405,0.15265812650120097,0.07937550040032025,22.99847878302642,58.0,8.0,1.354683746997598,2.1968775020016014,0.9484387510008006,1.4093674939951961,4.954683746997598,5.423458767013611,,,,,1.6640512409927943
586855,2023-07-18,Estoril,PO1,2,3326,44,6.92,3326.0,0.12000000000000001,0.08,0.05,29.1,27.0,1.0,0.4,2.6,1.2,2.4,6.4,4.6,,,,,1.7
191217,2023-07-18,Sporting,PO1,1,442,10,,442.0,,,,,6.0,1.0,,,,,,,,,,,
295059,2023-07-19,Santa Clara,PO1,1,1053,17,,1053.0,,0.02,0.04,26.9,5.0,,0.4,2.6,1.4,0.9,5.6,6.6,,,,,2.3
479643,2023-07-24,Famalicão,PO1,2,5080,59,6.849507874015748,5080.0,0.05485236220472441,0.029901574803149606,0.04485236220472441,36.63838582677165,25.0,7.0,0.14950787401574803,1.6485236220472441,1.7563976377952757,2.7078740157480317,6.4613188976377955,4.002952755905512,,,,,0.8029527559055119
697716,2023-07-31,Estoril,PO1,1,134,7,,134.0,,,,,,,,,,,,,,,,,
412952,2023-08-02,Paços Ferreira,PO1,1,2038,34,6.67,2038.0,0.18,0.14,0.11,17.4,27.0,2.0,1.2,0.7,0.8,0.6,2.1,3.2,,,,,1.3
657387,2023-08-09,Braga,PO1,2,3097,37,7.2,3097.0,0.04,0.03,0.05,29.3,32.0,2.0,0.6,1.9,1.2,2.3,5.5,6.0,,,,,1.8
14881,2023-08-10,Marítimo,PO1,2,3239,36,6.62,3239.0,,,0.0,17.7,3.0,,,0.0,,1.0,1.0,9.6,10.0,3.6,73.8,1.3,
670688,2023-08-11,Sporting,PO1,1,839,16,,839.0,,,,,5.0,1.0,,,,,,,,,,,
517300,2023-08-18,Braga,PO1,1,2344,27,7.150000000000001,2344.0,0.04,0.05999999999999999,0.02,50.9,6.0,,0.0,0.8999999999999999,1.2,4.1,7.0,5.2,,,,,0.8999999999999999
610335,2023-08-31,Famalicão,PO1,2,2431,45,7.39,2431.0,0.3685808309337721,0.2595269436445907,0.12909913615795968,25.585150143973674,45.0,3.0,2.1180172768408063,1.1819827231591937,0.4545043192102016,0.2,1.8592348827642946,4.741217605923489,,,,,0.8682435211846977
487421,2023-09-10,Gil Vicente,PO1,1,1242,27,6.629999999999999,1242.0,0.07,0.22,0.13,19.6,17.0,1.0,2.4,2.0,0.7,0.8,3.4000000000000004,4.7,,,,,1.7000000000000002
836336,2023-09-14,Paços Ferreira,PO1,1,2444,28,6.5,2444.0,0.04,0.05,0.02,42.1,4.0,,0.0,1.0,1.5,4.0,7.300000000000001,5.2,,,,,0.8999999999999999
550550,2024-01-01,Benfica,PO1,1,2303,30,7.51,2303.0,0.74,0.81,0.14,12.6,17.0,4.0,0.7,0.8,0.1,1.4,2.4,2.8,,,,,2.0
443338,2024-01-08,Vit. Guimarães,PO1,1,803,22,6.71,803.0,0.56,0.29,0.06,15.0,6.0,1.0,0.6,0.9,0.10000000000000002,0.9,2.1,2.1,,,,,3.7000000000000006
24202,2024-01-09,Casa Pia,PO1,1,2472,30,6.88,2472.0,,0.02,0.02,40.0,6.0,1.0,0.1,0.8,1.2,4.1,7.3999999999999995,5.1,,,,,0.5
58267,2024-01-17,Braga,PO1,1,602,24,6.55,602.0,0.15,0.1,0.04,52.8,1.0,,1.0,2.7,1.0,0.9000000000000001,4.9,7.200000000000001,,,,,1.8000000000000003
334557,2024-01-20,Benfica,PO1,2,1551,34,7.19,1551.0,0.07,0.08,0.15,63.4,23.0,5.0,0.7999999999999999,3.0,1.1,0.3,4.4,7.2,,,,,1.7
372445,2024-01-25,Vit. Guimarães,PO1,2,2341,46,6.86,2341.0,0.05,0.05,0.05,43.5,25.0,1.0,1.0,2.4,1.3000000000000003,1.2,5.200000000000001,8.2,,,,,1.4
461937,2024-01-30,Vizela,PO1,1,1857,29,6.86,1857.0,0.05,0.14,0.17,20.7,26.0,3.0,1.2,1.2,1.2,1.1,3.6,5.6,,,,,1.3
818495,2024-01-31,Famalicão,PO1,1,708,9,,708.0,,,,,3.0,,,,,,,,,,,,
377641,2024-07-01,Braga,PO1,2,3122,39,7.540000000000001,3122.0,0.11999999999999998,0.05999999999999999,0.1,52.1,27.0,7.0,0.4,2.6,2.2,1.0,6.3,8.0,,,,,1.5
415645,2024-07-01,Gil Vicente,PO1,1,1070,14,,1070.0,,,,,6.0,,,,,,,,,,,,
396428,2024-07-01,Vizela,PO1,1,1372,19,6.3,1372.0,,0.03,0.04,33.6,6.0,1.0,0.1,1.6,0.9,3.4,6.6,3.1,,,,,1.4
395522,2024-07-01,Vizela,PO1,1,2671,31,6.9,2671.0,0.51,0.46,0.05,11.2,16.0,2.0,0.6,0.3,0.1,0.6,1.2,2.1,,,,,2.0
238055,2024-07-01,Benfica,PO1,2,4672,58,7.635085616438356,4672.0,0.42585616438356166,0.5219520547945207,0.2439041095890411,27.049657534246574,100.0,31.0,1.9402397260273976,0.7532534246575342,0.2065068493150685,0.1,0.9662671232876712,3.840239726027397,,,,,0.7532534246575342
291968,2024-07-01,Casa Pia,PO1,2,3798,58,6.82218009478673,3798.0,0.07248025276461295,0.028120063191153236,0.05624012638230647,35.54218009478673,42.0,4.0,0.5436018957345972,1.9593996840442336,1.1842022116903634,1.3969984202211692,4.840600315955766,6.709004739336492,,,,,2.340600315955766
291939,2024-07-01,Vizela,PO1,2,5468,65,7.180497439648866,5468.0,0.1151865398683248,0.19012435991221652,0.1751865398683248,36.40497439648866,97.0,12.0,0.6506217995610827,2.3987564008778346,1.0950256035113388,1.4012435991221652,5.145647403072422,5.301243599122166,,,,,2.0493782004389174
340376,2024-07-01,Braga,PO1,2,3982,64,6.81381717729784,3982.0,0.3166700150678051,0.31571572074334503,0.10095429432446007,16.542842792566546,55.0,5.0,0.5047714716223004,0.5047714716223004,0.3,0.3952285283776996,1.25238573581115,2.3476142641888496,,,,,0.8952285283776997
671649,2024-07-01,Braga,PO1,2,2417,54,6.885506826644601,2417.0,0.3719652461729417,0.41647910633016133,0.18,17.47451386015722,42.0,11.0,2.0038891187422427,1.5293752585850227,0.9980554406288789,0.8274306992139013,3.429375258585023,4.813611915597849,,,,,2.831319817956144
739438,2024-07-01,Vizela,PO1,2,2896,48,6.8,2896.0,0.1244682320441989,0.07787292817679559,0.07276588397790056,29.623342541436465,31.0,7.0,1.1170234806629835,1.4042472375690607,0.9553176795580111,1.3,4.014882596685083,6.055317679558011,,,,,2.1659530386740333
539252,2024-07-09,Rio Ave,PO1,2,5856,67,7.232940573770492,5856.0,0.09478995901639344,0.14084016393442622,0.10605020491803278,23.210092213114752,57.0,16.0,0.9605020491803279,3.0873975409836065,1.2478995901639345,2.056301229508197,6.839497950819672,5.747899590163934,,,,,1.6
33829,2024-07-10,Braga,PO1,1,1515,19,6.9,1515.0,,0.02,0.02,56.0,4.0,2.0,0.1,0.5,1.2,4.0,6.5,4.8,,,,,1.2
481627,2024-07-11,Chaves,PO1,2,2158,37,6.609999999999999,2158.0,0.06,0.01,0.06,25.300000000000004,14.0,1.0,0.6,1.9,1.1,3.3,6.700000000000001,4.8,,,,,0.8
307058,2024-07-13,Porto,PO1,2,4112,56,7.542611867704281,4112.0,0.6133219844357977,0.6180642023346302,0.18561284046692608,19.98419260700389,68.0,15.0,0.8920963035019456,1.0517752918287937,0.33596789883268485,0.8158073929961089,2.211454280155642,2.835967898832685,,,,,1.1719357976653697
211345,2024-07-13,Estrela Amadora,PO1,1,1405,20,6.519999999999999,1405.0,,0.03,0.07,45.4,5.0,3.0,0.4,1.7,0.8,2.4,5.6,5.9,,,,,1.2
598629,2024-07-17,Farense,PO1,1,2263,32,6.89,2263.0,0.52,0.39,0.11,12.6,26.0,4.0,1.0,0.6,0.3,1.1,2.1,2.4,,,,,1.6
829434,2024-07-23,Farense,PO1,1,1110,21,6.45,1110.0,,0.01,0.01,28.9,3.0,,0.1,4.0,0.9,1.3,7.3,4.5,,,,,1.9
818252,2024-07-23,Boavista,PO1,2,4762,55,7.082477950440992,4762.0,0.09,0.025854682906341873,0.08585468290634188,34.34443511129778,37.0,12.0,1.1585468290634187,2.8341873162536753,1.1585468290634187,1.6829063418731625,5.958546829063418,6.47820243595128,,,,,1.6243595128097439
450173,2024-07-25,Boavista,PO1,2,5075,62,6.916685714285714,5075.0,0.07459704433497538,0.08,0.05540295566502462,33.180591133004924,30.0,3.0,0.9080591133004925,1.1540295566502465,1.0701477832512316,1.3080591133004926,3.640295566502463,5.6459704433497535,,,,,1.1540295566502465
596067,2024-07-25,Casa Pia,PO1,2,2080,40,6.4799999999999995,2080.0,0.35,0.34,0.04,10.2,22.0,3.0,0.8,0.8,0.1,0.4,1.3,1.9,,,,,2.1
383014,2024-07-31,Portimonense,PO1,1,1711,33,6.75,1711.0,,0.05000000000000001,0.08,24.7,22.0,5.0,1.1,3.1,1.3999999999999997,2.3,6.900000000000001,6.400000000000001,,,,,1.6000000000000003
663244,2024-08-01,Vit. Guimarães,PO1,1,2791,33,7.36,2791.0,0.35,0.26,0.1,13.0,33.0,8.0,1.4,1.1,0.5,0.8,2.6,3.8,,,,,1.5
670681,2024-08-05,Benfica,PO1,1,2313,33,7.549999999999999,2313.0,0.12,0.07,0.13,69.8,25.0,4.0,1.6,2.5,1.4,1.3,5.7,8.2,,,,,1.5
742095,2024-08-07,Gil Vicente,PO1,1,2778,31,6.8100000000000005,2778.0,0.13,0.09,0.02,51.10000000000001,4.0,1.0,0.2,1.1,0.8,4.2,7.1,5.0,,,,,1.3
174694,2024-08-16,Braga,PO1,2,1488,37,,1488.0,0.51,0.39,0.17,34.1,26.0,4.0,0.7999999999999999,1.5,0.5,0.5,2.8,6.3999999999999995,,,,,1.3
840836,2024-08-16,Portimonense,PO1,1,2753,33,7.080000000000001,2753.0,0.2,0.16,0.1,18.0,31.0,8.0,2.4,1.1,0.5,0.9000000000000001,2.7,4.6,,,,,0.8
711337,2024-08-16,Porto,PO1,2,2076,28,7.35,2076.0,0.57,0.55,0.26,16.9,29.0,7.0,0.9,0.8,0.1,0.3,1.3,2.7,,,,,1.7
712107,2024-08-20,Famalicão,PO1,2,3060,34,7.15,3060.0,,,0.0,20.1,2.0,,,0.0,0.0,1.4,1.5,9.2,9.0,3.4,74.0,1.2,0.1
469822,2024-08-21,Benfica,PO1,1,1126,24,7.18,1126.0,0.4,0.35,0.41,38.9,31.0,6.0,2.7,1.0,0.4,0.1,1.6,4.1,,,,,1.0
481628,2024-08-24,Estoril,PO1,1,2265,29,6.75,2265.0,0.08,0.07,0.09,26.5,21.0,5.0,1.0,1.4,1.1,2.3,4.7,5.2,,,,,0.5
302371,2024-08-27,Porto,PO1,2,512,21,,512.0,0.71,0.49,0.08,11.1,5.0,1.0,0.7,0.4,,,0.4,1.6,,,,,2.3
673492,2024-08-30,Benfica,PO1,2,1614,22,7.24,1614.0,,0.03,0.06,40.2,11.0,4.0,0.6,3.1000000000000005,1.0,2.2,6.700000000000001,6.200000000000001,,,,,1.2
478365,2024-09-02,Famalicão,PO1,1,2970,33,7.190000000000001,2970.0,0.03,0.01,0.17,28.0,76.0,8.0,0.4,1.7,1.0,2.0,4.9,4.6,,,,,1.1
314944,2024-09-10,Vit. Guimarães,PO1,2,2247,27,7.01,2247.0,0.05,0.1,0.11,20.1,15.0,7.0,0.4,1.2,0.7,1.1,3.1,3.9,,,,,0.8
813229,2025-01-15,Estoril,PO1,1,1474,21,6.58,1474.0,,0.03,0.03,39.4,5.0,2.0,0.4,1.2,1.3,3.2,6.5,4.9,,,,,1.2
877139,2025-01-15,Vit. Guimarães,PO1,2,688,11,,688.0,,,,,11.0,2.0,,,,,,,,,,,
699592,2025-01-20,Vit. Guimarães,PO1,1,1773,23,7.21,1773.0,0.1,0.07,0.02,37.4,5.0,,0.2,2.5,1.1,3.7,8.0,6.4,,,,,1.4
306668,2025-01-23,Rio Ave,PO1,1,2231,29,6.81,2231.0,0.04,0.01,0.02,42.7,11.0,,0.3,1.4,1.2,0.8,3.5,5.0,,,,,1.3
159142,2025-01-23,Rio Ave,PO1,1,2848,32,7.09,2848.0,0.09,0.04,0.01,48.60000000000001,9.0,,0.0,2.1,1.4,5.2,10.0,4.4,,,,,0.9000000000000001
742506,2025-01-23,Rio Ave,PO1,1,2545,34,6.879999999999999,2545.0,0.04,0.09,0.1,23.0,25.0,8.0,1.6,1.3,0.6,1.1,3.2,4.6,,,,,0.9
919262,2025-01-23,Estrela Amadora,PO1,1,1190,27,6.61,1190.0,0.3,0.45,0.04,13.2,9.0,1.0,1.6,1.4,0.3,0.5,2.3,3.9,,,,,0.7
701325,2025-01-27,Boavista,PO1,2,3540,42,6.936949152542373,3540.0,0.17,0.07884180790960453,0.07,22.29590395480226,34.0,7.0,0.6115819209039548,2.0347457627118644,1.1442090395480227,2.742090395480226,6.2652542372881355,5.092655367231639,,,,,0.9
1112449,2025-01-28,Estrela Amadora,PO1,1,981,11,,981.0,,,,,1.0,,,,,,,,,,,,
728485,2025-01-28,Estrela Amadora,PO1,1,1283,15,,1283.0,,,,,13.0,1.0,,,,,,,,,,,
342967,2025-01-31,Benfica,PO1,1,496,13,,496.0,,,,,15.0,2.0,,,,,,,,,,,
567497,2025-01-31,Portimonense,PO1,1,2799,32,6.669999999999999,2799.0,0.06,0.04,0.03,36.1,16.0,4.0,0.1,1.8,1.9,4.3,8.8,3.8,,,,,0.7
410281,2025-02-03,Rio Ave,PO1,1,1341,19,6.55,1341.0,0.07,0.01,0.01,43.5,1.0,,0.09999999999999999,1.5,0.6,3.6,6.2,3.4,,,,,1.5999999999999999
466805,2025-02-03,Porto,PO1,2,3158,42,7.339968334388854,3158.0,0.20164027865737807,0.22123812539582013,0.10167194426852438,51.658518049398346,35.0,1.0,1.0792590246991767,2.154179860671311,0.454179860671311,0.6458201393286891,3.4083597213426216,4.5,,,,,2.254179860671311
717585,2025-02-03,Gil Vicente,PO1,2,3383,47,6.887401714454627,3383.0,0.05434821164646764,0.07174105823233816,0.02565178835353237,34.51321312444576,8.0,,0.8130357670706474,2.713035767070647,1.734821164646763,3.0087496305054686,8.156606562222878,5.817321903635826,,,,,1.6521430682825893
139396,2025-02-03,Braga,PO1,1,1727,26,7.21,1727.0,0.31,0.36000000000000004,0.15,30.1,28.0,2.0,3.3,1.1,0.3,0.2,1.7,5.2,,,,,0.5
1072017,2025-07-01,Estoril,PO1,2,3466,52,6.870825158684362,3466.0,0.08,0.07054818234275823,0.08479515291402193,23.127409117137912,26.0,5.0,1.1315060588574726,2.7315060588574727,1.042469705712637,2.1369878822850548,6.310963646855164,5.316445470282747,,,,,1.457530294287363
375376,2025-07-01,Estoril,PO1,2,4417,51,6.530944079692099,4417.0,0.029999999999999995,0.03,0.02809599275526375,39.16671949286847,6.0,3.0,0.10000000000000002,0.7190400724473625,1.438080144894725,5.573760470907856,8.31184061580258,3.559520036223681,,,,,1.5190400724473625
177547,2025-07-01,Braga,PO1,2,4590,51,6.846666666666667,4590.0,,,0.0,23.266666666666666,1.0,,0.1,0.03333333333333333,,0.9333333333333333,1.0333333333333334,8.633333333333333,13.0,2.466666666666667,64.53333333333333,1.3666666666666667,0.0
720518,2025-07-01,Braga,PO1,1,502,15,,502.0,,,,,6.0,,,,,,,,,,,,
669956,2025-07-01,Casa Pia,PO1,2,5795,65,7.03839516824849,5795.0,0.03,0.034919758412424506,0.11443830888697153,23.417653149266606,89.0,13.0,0.70160483175151,1.747592752372735,0.952407247627265,1.99518550474547,4.89518550474547,4.350802415875755,,,,,0.350802415875755
567497,2025-07-01,Vit. Guimarães,PO1,2,3642,43,6.669999999999999,3642.0,0.06,0.04,0.03,36.1,16.0,4.0,0.1,1.8,1.9,4.3,8.8,3.8,,,,,0.7
609518,2025-07-01,Nacional,PO1,1,2816,33,7.01,2816.0,,0.09,0.1,30.9,43.0,6.0,0.5,1.5,0.5,0.4,2.7,6.7,,,,,1.1
367652,2025-07-08,Boavista,PO1,2,5082,58,6.642794175521448,5082.0,0.07,0.03976780794962614,0.040232192050373865,37.3607634789453,26.0,4.0,0.24883903974813065,1.8023219205037386,1.3023219205037386,4.413931523022431,8.4650924832743,4.083746556473829,,,,,1.2488390397481308
875511,2025-07-12,Farense,PO1,1,1618,24,7.03,1618.0,,0.02,0.05,16.7,9.0,,1.9,3.3,1.6,3.1,8.1,3.8,,,,,1.7
811778,2025-07-14,Benfica,PO1,2,3308,43,7.489999999999999,3308.0,0.1,0.04,0.08,45.9,41.0,3.0,1.1,2.1,1.3,2.2,5.9,5.5,,,,,1.3
479648,2025-07-17,Gil Vicente,PO1,2,5076,63,7.151130811662727,5076.0,0.24990937746256894,0.2628053585500394,0.16990937746256896,24.19456264775414,93.0,18.0,1.1149330181245074,1.1289598108747045,1.014026792750197,0.8710401891252955,3.0140267927501974,4.20090622537431,,,,,0.585973207249803
479649,2025-07-20,Porto,PO1,2,1026,43,6.37,1026.0,0.24,0.13920077972709552,0.4016861598440546,20.53001949317739,23.0,7.0,2.285964912280702,1.496978557504873,0.2,1.3,1.9939571150097466,3.3159844054580896,,,,,2.0159844054580898
818495,2025-07-23,Porto,PO1,2,4090,49,7.24398533007335,4090.0,0.08594132029339853,0.07398533007334963,0.03601466992665037,59.199022004889976,15.0,1.0,0.42029339853300735,1.4601466992665038,1.2797066014669927,3.140586797066015,6.681173594132029,4.721760391198044,,,,,1.2
537602,2025-07-24,Porto,PO1,2,3843,54,6.990991412958627,3843.0,0.09,0.04539942753057507,0.204408014571949,36.933879781420764,57.0,14.0,1.5,1.4,0.6000000000000001,0.7,2.8079885506115017,4.053994275305751,,,,,1.5539942753057507
578421,2025-07-25,Casa Pia,PO1,1,1222,21,,1222.0,0.07,0.04,0.01,39.6,1.0,,0.1,1.7999999999999998,0.8,4.9,8.2,4.1,,,,,1.3
325443,2025-07-26,Sporting,PO1,2,5719,66,8.233156146179402,5719.0,1.0716034271725827,0.8421856968001399,0.20470886518622136,16.766497639447458,116.0,22.0,2.001940898758524,0.4019408987585242,0.20000000000000004,0.6509704493792621,1.3019408987585241,2.5529113481377865,,,,,1.0038817975170486
492319,2025-07-27,Sporting,PO1,2,1890,21,,1890.0,,,,,,,,,,,,,12.0,,,,
594273,2025-07-28,Moreirense ,PO1,2,1355,53,6.371350553505535,1355.0,,0.24959409594095944,0.17175645756457567,20.720221402214023,21.0,4.0,2.0661992619926197,2.564870848708487,0.5567527675276753,1.704059040590406,4.904059040590406,5.627011070110702,,,,,1.5486346863468632
182108,2025-07-30,Boavista,PO1,2,4229,57,6.7299999999999995,4229.0,0.04,0.030000000000000002,0.04478836604398203,44.75396074722156,24.0,3.0,0.20423267912035942,2.664814376921258,1.1873019626389218,1.2394183021991014,5.391534641759282,5.621163395601798,,,,,1.3126980373610782
929573,2025-07-30,Boavista,PO1,2,2760,44,6.75,2760.0,0.08,0.07,0.09,23.4,28.0,4.0,0.6,2.7,1.2,1.6,5.8,4.9,,,,,1.2
294321,2025-07-31,Estrela Amadora,PO1,1,1412,18,6.94,1412.0,,0.02,0.03,35.9,6.0,,0.2,2.9,1.6,6.0,10.8,4.8,,,,,1.0
364244,2025-08-07,Moreirense ,PO1,1,2541,30,6.680000000000001,2541.0,0.04,0.02,0.08,22.1,19.0,6.0,0.4,1.1,1.4,3.9,6.6,2.9,,,,,1.0
504503,2025-08-08,Vit. Guimarães,PO1,2,5215,61,6.855108341323106,5215.0,0.04,0.038722914669223396,0.05531927133269415,33.78517737296261,44.0,5.0,0.293614573346117,2.106385426653883,0.7468072866730585,2.780843720038351,5.774458293384469,3.559578139980825,,,,,1.2468072866730586
396342,2025-08-15,Vit. Guimarães,PO1,2,2511,28,7.12,2511.0,,0.05,0.01,50.5,6.0,1.0,0.1,1.0,1.2,5.6,8.6,3.9,,,,,0.9
139393,2025-08-27,Farense,PO1,2,3681,53,6.538489540885629,3681.0,0.17099701168160827,0.16099701168160827,0.05900298831839174,11.219940233632167,38.0,5.0,0.4450149415919587,0.5800597663678349,0.20997011681608257,1.4749252920402065,2.4199402336321656,2.594865525672372,,,,,1.6700896495517523
406151,2025-09-01,Porto,PO1,2,1522,22,7.239999999999999,1522.0,,0.05,0.04,63.3,6.0,,0.1,1.5,1.4,4.5,7.9,3.5,,,,,1.2
139395,2025-09-01,Sporting,PO1,1,225,9,,225.0,,,,,4.0,1.0,,,,,,,,,,,
807386,2025-09-01,Sporting,PO1,2,797,32,,797.0,0.61,0.37,0.24000000000000002,12.799999999999999,13.0,6.0,2.1,0.9,0.39999999999999997,1.0,2.2,2.8000000000000003,,,,,2.6
382528,2025-09-01,Benfica,PO1,2,2044,31,7.45,2044.0,0.49,0.43,0.22,19.2,42.0,17.0,1.1,1.0,0.8,0.3,2.0,4.7,,,,,0.8
344474,2025-09-10,Boavista,PO1,1,1765,26,6.72,1765.0,0.15,0.15,0.04000000000000001,22.8,15.0,1.0,0.4,1.9,0.9,1.3,4.5,4.3,,,,,1.5
817665,2026-01-02,Gil Vicente,PO1,2,1754,33,6.73,1754.0,0.56,0.24,0.06,16.4,24.0,2.0,1.2,1.8,0.6,0.8,3.3,3.2,,,,,2.0
980575,2026-01-13,Estrela Amadora,PO1,1,832,11,,832.0,,,,,5.0,1.0,,,,,,,,,,,
536081,2026-01-18,Moreirense ,PO1,1,1783,25,6.8,1783.0,0.05,0.01,0.04,46.7,14.0,1.0,0.7,1.5,1.1,1.2,3.8,6.1,,,,,0.5
1082774,2026-01-29,Alverca,PO1,1,1630,19,7.08,1630.0,0.11,0.04,0.09,31.2,14.0,4.0,0.9,2.6,0.7,0.9,4.4,5.5,,,,,1.4
379249,2026-02-12,Sporting,PO1,1,1530,17,7.04,1530.0,,,0.0,21.6,1.0,,,0.1,,0.8,0.9,8.1,7.0,2.8,71.2,1.1,
92248,2017-08-31,Aalborg BK,DK1,1,630,7,,630.0,,,,,1.0,,,,,,,,3.0,,,,
188180,2018-01-04,Copenhagen,DK1,1,1347,16,,1347.0,,,,,27.0,5.0,,,,,,,,,,,
107665,2018-01-19,Midtjylland,DK1,1,1346,16,,1346.0,,,,,9.0,1.0,,,,,,,,,,,
369684,2018-01-23,Midtjylland,DK1,1,1513,17,,1513.0,,,,,19.0,4.0,,,,,,,,,,,
135215,2018-01-25,FC Copenhagen,DK1,1,129,6,,129.0,,,,,2.0,,,,,,,,,,,,
238407,2018-01-31,Midtjylland,DK1,1,1440,19,,1440.0,0.63,,,18.9,27.0,9.0,1.9,0.8,0.1,0.7,1.6,4.7,,,,,2.2
264423,2018-07-01,SönderjyskE,DK1,1,2249,29,,2249.0,0.2,0.03,,9.3,26.0,4.0,1.4,0.5,0.1,1.1,1.8,1.8,,,,,1.4
265040,2018-07-01,Silkeborg IF,DK1,1,2818,32,,2818.0,0.18999999999999997,0.01,,32.3,43.0,5.0,1.9,1.3,1.0,1.9,4.3,5.3,,,,,0.8
107775,2018-07-01,Bröndby IF,DK1,1,3240,36,,3240.0,,,,22.7,,,,,0.0,1.2,1.2,10.1,10.0,2.4,69.9,1.0,0.1
205657,2018-07-01,Nordsjaelland,DK1,1,3240,36,,3240.0,,,,20.4,1.0,,0.1,,0.1,1.0,1.1,9.7,6.0,2.5,60.5,1.6,0.0
131758,2018-07-01,AC Horsens,DK1,1,2520,28,,2520.0,,,,16.9,1.0,,,,0.0,0.6,0.7,10.1,5.0,3.1,69.0,1.4,0.0
167794,2018-07-01,Bröndby IF,DK1,1,955,13,,955.0,,,,,10.0,1.0,,,,,,,,,,,
184534,2018-07-01,AC Horsens,DK1,1,3240,36,,3240.0,0.060000000000000005,,,20.6,16.0,1.0,0.2,1.0,2.0,6.8,10.8,5.0,,,,,1.1
73662,2018-07-01,Randers FC,DK1,1,1956,25,,1956.0,0.09,,,38.8,17.0,2.0,0.5,2.6,2.0,2.8,7.7,9.7,,,,,1.2
46972,2018-07-01,Bröndby IF,DK1,1,2667,36,,2667.0,0.57,0.07,,14.200000000000001,60.0,9.0,0.9,0.9,0.19999999999999998,0.39999999999999997,1.5999999999999999,3.4,,,,,1.1
99180,2018-07-01,FC Copenhagen,DK1,1,1605,23,,1605.0,0.62,0.0,,19.9,34.0,4.0,0.4,0.6,0.1,1.3,2.1,1.9,,,,,1.4
37293,2018-07-01,FC Midtjylland,DK1,1,628,9,,628.0,,,,,1.0,,,,,,,,,,,,
173040,2018-07-01,AC Horsens,DK1,1,2941,33,,2941.0,0.21,0.01,,22.1,37.0,5.0,0.6,1.8,1.6,2.4,6.0,5.2,,,,,2.0
216668,2018-07-01,FC Helsingör,DK1,1,2760,31,,2760.0,,0.0,,35.2,6.0,,0.3,1.1,1.4,5.4,8.8,5.8,,,,,0.4
148364,2018-07-05,Aarhus GF,DK1,1,1316,17,,1316.0,,,,,14.0,,,,,,,,,,,,
50580,2018-07-18,FC Midtjylland,DK1,1,1560,25,,1560.0,,,,35.7,9.0,3.0,0.5,1.5,1.5,1.4,4.6,8.0,,,,,1.7
75458,2018-07-24,Copenhagen,DK1,1,2108,24,,2108.0,,,,16.9,1.0,,,,,1.3,1.3,8.8,6.0,2.9,68.4,1.3,
102040,2018-08-06,AC Horsens,DK1,1,1798,26,,1798.0,,0.01,,21.2,5.0,1.0,0.3,1.5,2.4,4.2,8.7,5.8,,,,,1.9
256567,2018-08-28,Aarhus GF,DK1,2,3052,34,,3052.0,,,,13.6,1.0,,,,0.0,1.4,1.4,9.5,13.0,3.0,69.8,1.3,0.0
292366,2018-08-31,FC Midtjylland,DK1,2,2666,32,,2666.0,0.27,0.03,,23.1,10.0,2.0,0.2,0.9,1.6,6.7,10.4,3.9,,,,,0.9
264576,2018-08-31,Aarhus GF,DK1,2,2963,53,6.28,2963.0,0.17938913263584205,0.0,,12.05939925750928,29.0,6.0,0.8999999999999999,0.8641916976037799,0.26419169760378,0.22838339520755993,1.4209584880189,2.3,,,,,1.33580830239622
48867,2018-08-31,Lyngby Boldklub,DK1,2,3970,47,6.69,3970.0,0.0889874055415617,,,30.375919395465992,58.0,5.0,0.4449370277078086,1.0202518891687657,1.0348110831234256,3.0056926952141056,5.170881612090681,4.865188916876575,,,,,0.8449370277078087
320265,2018-08-31,Midtjylland,DK1,2,2010,33,,2010.0,0.41,0.02,,22.7,32.0,9.0,2.6,1.2,0.6999999999999998,0.3,2.1,5.2,,,,,0.9
68976,2019-01-11,Aarhus GF,DK1,2,4037,46,,4037.0,0.030000000000000002,0.0,,31.1,13.0,1.0,0.1,0.5,0.8,5.4,7.6,4.0,,,,,0.5
197126,2019-01-31,Copenhagen,DK1,1,292,8,,292.0,,,,,2.0,,,,,,,,,,,,
147112,2019-07-01,AC Horsens,DK1,2,2353,35,6.42,2353.0,,,,30.2,21.0,2.0,0.5,0.8,1.8,4.4,7.6,4.6,,,,,1.2
140446,2019-07-01,FC Midtjylland,DK1,2,1254,31,,1254.0,0.31,,,19.3,13.0,3.0,0.8,1.8000000000000003,0.2,,2.0,5.5,,,,,1.4
213265,2019-07-01,Vendsyssel FF,DK1,1,1461,26,6.27,1461.0,0.06,,,12.0,18.0,1.0,0.6,1.3,0.6,0.7,2.6,3.3000000000000003,,,,,0.9
73417,2019-07-01,Odense Boldklub,DK1,2,6030,67,6.34,6030.0,,,,19.54328358208955,1.0,,0.0,0.05223880597014925,0.1,0.9567164179104478,1.0567164179104478,10.543283582089552,21.0,3.1641791044776117,70.54776119402985,1.2522388059701492,
253210,2019-07-01,Randers FC,DK1,2,3840,45,7.08,3840.0,0.029999999999999995,,,41.1,36.0,1.0,0.10000000000000002,3.7000000000000006,1.7000000000000002,1.2,7.0,7.5,,,,,2.0
260829,2019-07-01,Randers FC,DK1,2,4501,53,7.13,4501.0,0.038002666074205736,,,36.17942679404577,26.0,2.0,0.420039991113086,1.8800266607420573,1.8598533659186844,4.560053321484116,8.779960008886913,6.039946678515885,,,,,1.6800266607420573
289835,2019-07-01,Aarhus GF,DK1,2,4028,52,7.050000000000001,4028.0,0.18129592850049653,,,24.909806355511424,36.0,3.0,0.4935203574975174,2.187040714995035,1.3064796425024827,2.1064796425024825,5.861295928500496,5.08388778550149,,,,,1.5387040714995033
369678,2019-07-01,Vendsyssel FF,DK1,1,1736,22,6.56,1736.0,0.21,,,24.2,16.0,4.0,1.3999999999999997,1.0,0.9,0.5,2.5,5.099999999999999,,,,,0.8000000000000002
291947,2019-07-01,FC Nordsjaelland,DK1,2,6110,68,6.94,6110.0,0.08995090016366612,0.0,,34.15875613747954,85.0,12.0,1.2,2.099672667757774,1.300327332242226,1.9993453355155484,5.699509001636661,4.900654664484452,,,,,1.2
201427,2019-07-04,Randers FC,DK1,2,3739,47,,3739.0,0.03,,,37.29574752607649,17.0,1.0,0.30941428189355447,1.5584380850494786,1.9094142818935544,4.118828563787108,7.926290451992512,7.2545332976731745,,,,,0.9603904787376304
239962,2019-07-04,Copenhagen,DK1,2,5214,61,6.7,5214.0,0.04,,,54.63135788262371,13.0,6.0,0.18534714230916766,0.6573264288454161,1.4159378596087457,4.75475642500959,7.770694284618334,5.101285001917913,,,,,0.5
148365,2019-07-04,Odense BK,DK1,2,4005,58,6.68,4005.0,0.09248689138576778,0.02,,26.558576779026218,67.0,10.0,1.0937827715355806,2.8095880149812738,1.128239700374532,0.7406741573033708,4.7253932584269664,5.328239700374532,,,,,1.1468913857677903
422951,2019-07-05,Nordsjaelland,DK1,2,5995,67,7.0,5995.0,0.03,0.0,,56.0348623853211,7.0,1.0,0.19841534612176814,1.4460383653044204,1.6539616346955797,8.455546288573812,12.703169307756463,5.444453711426188,,,,,1.047623019182652
102132,2019-07-07,Odense BK,DK1,2,3144,54,6.54,3144.0,0.3991730279898219,0.01,,20.4727417302799,48.0,6.0,0.45206743002544536,0.9437977099236642,0.2479325699745547,1.3082697201017812,2.5041348600508906,2.687595419847328,,,,,0.9479325699745548
131758,2019-07-11,Copenhagen,DK1,2,5258,59,6.6,5258.0,,,,15.129516926588057,3.0,,,0.0,0.0,0.8603651578546977,0.9082921262837581,9.370977558006846,18.0,2.5792696842906047,69.88524153670596,1.1396348421453026,0.052073031570939524
157373,2019-07-17,Vejle BK,DK1,1,923,16,,923.0,,,,,22.0,2.0,,,,,,,,,,,
432982,2019-07-24,Nordsjaelland,DK1,2,3078,41,7.21,3078.0,0.65,,,17.2,40.0,7.0,1.2,0.6,0.3,0.6,1.5,2.5,,,,,0.6
270393,2019-07-29,Copenhagen,DK1,2,5534,70,7.940000000000001,5534.0,0.5722732200939646,0.01,,28.21105890856523,103.0,18.0,1.8490784242862304,1.5515359595229492,0.9006143838091796,0.5490784242862305,3.1012287676183585,4.247849656667871,,,,,0.9993856161908204
281252,2019-08-08,Midtjylland,DK1,2,3412,41,6.58,3412.0,0.07,,,31.1,34.0,7.0,0.9,2.2,0.7,1.5,4.9,5.4,,,,,1.0
272855,2019-08-22,Midtjylland,DK1,1,2346,30,7.2,2346.0,0.65,,,17.0,22.0,4.0,1.2,0.5,0.2,1.5,2.4,3.3,,,,,2.5
203773,2019-08-23,Vejle BK,DK1,1,1711,25,6.37,1711.0,0.05000000000000001,,,38.3,29.0,2.0,0.20000000000000004,2.1,0.9,1.8,5.2,5.900000000000001,,,,,1.2
107266,2019-08-31,Sönderjyske,DK1,2,4068,50,6.76574237954769,4068.0,0.0655457227138643,,,38.865486725663715,55.0,6.0,0.5554572271386431,1.7148475909537857,1.242576204523107,1.0148475909537857,4.442576204523108,5.670304818092429,,,,,1.5
146889,2019-09-02,Copenhagen,DK1,1,3044,34,7.460000000000001,3044.0,0.03,,,49.7,62.0,10.0,1.0,0.9,1.5,1.5,4.3,6.7,,,,,0.4
60317,2020-01-03,Odense Boldklub,DK1,2,3451,40,6.85,3451.0,0.09,,,53.6,6.0,,0.0,1.1,1.9,3.6,6.8,5.8,,,,,0.8
166460,2020-01-11,Hobro IK,DK1,1,1194,18,,1194.0,,,,25.3,9.0,1.0,0.2,1.4,1.1,3.8,7.200000000000001,4.8,,,,,0.7
48864,2020-01-16,Esbjerg fB,DK1,1,3150,35,6.85,3150.0,,,,31.2,39.0,9.0,0.3,1.9,1.1,2.1,5.5,5.5,,,,,0.7
78590,2020-01-22,Bröndby IF,DK1,2,4484,51,7.349982158786798,4484.0,0.764707850133809,,,11.160883140053523,33.0,9.0,0.43610615521855484,0.5555753791257805,0.2916815343443354,1.0361061552185549,1.8833630686886709,2.1194692239072253,,,,,1.2194692239072256
237436,2020-01-27,Odense BK,DK1,1,811,21,,811.0,,,,26.4,13.0,1.0,1.8,1.4,0.4,0.3,2.3,4.9,,,,,1.4
211331,2020-01-28,Sönderjyske Fodbold,DK1,1,2563,31,6.5,2563.0,0.21000000000000002,,,10.1,29.0,4.0,1.0,0.4,0.1,0.7,1.3,1.5,,,,,1.5
345584,2020-01-28,Odense BK,DK1,1,1071,21,6.45,1071.0,,,,28.2,19.0,1.0,1.3,2.9,0.8,0.6,4.2,5.9,,,,,1.3
44726,2020-01-28,Odense BK,DK1,1,1905,32,6.37,1905.0,0.09,,,12.9,27.0,3.0,1.1,0.5,0.2,0.3,1.1,2.7,,,,,1.2
293279,2020-01-31,Esbjerg fB,DK1,1,1246,30,6.05,1246.0,,,,26.7,14.0,2.0,0.4,0.9,0.7,0.7,2.3,6.0,,,,,1.0
251029,2020-01-31,Randers FC,DK1,2,3957,47,6.64,3957.0,0.19999999999999998,,,15.700000000000001,66.0,6.0,1.1,0.6,0.19999999999999998,0.19999999999999998,1.0,3.6999999999999997,,,,,0.5
545332,2020-01-31,Aalborg BK,DK1,1,163,6,,163.0,,,,,4.0,2.0,,,,,,,,,,,
185164,2020-07-01,Odense BK,DK1,2,4165,56,6.747495798319328,4165.0,0.1316470588235294,,,31.925210084033612,53.0,9.0,0.8166386554621848,1.191764705882353,0.8250420168067227,1.3583193277310923,3.5334453781512605,5.241848739495799,,,,,0.6
192985,2020-07-27,Bröndby IF,DK1,2,2867,59,6.567338681548656,2867.0,0.18361004534356473,,,46.701778862922914,54.0,11.0,1.1005929543076387,1.1337286362050925,0.43313568189745383,0.6337286362050923,2.2337286362050923,5.234321590512732,,,,,0.965678409487269
325993,2020-07-27,Aalborg BK,DK1,2,2506,36,7.4,2506.0,0.04,,,39.5,20.0,1.0,1.0,2.1,2.4,2.2,7.2,7.8999999999999995,,,,,1.8
390664,2020-07-27,Esbjerg fB,DK1,2,5779,65,6.980377227894099,5779.0,0.06293303339678144,,,30.64734383111265,55.0,8.0,1.360892888042914,2.6706696660321856,1.6353348330160928,1.9097767779892716,6.635334833016093,5.766897387091192,,,,,1.3353348330160928
543499,2020-07-31,Nordsjaelland,DK1,1,2000,25,7.38,2000.0,0.5,,,34.4,28.0,5.0,5.2,1.9,0.5,,2.3,6.4,,,,,1.5
101031,2020-08-01,Silkeborg IF,DK1,1,2070,23,6.9,2070.0,,,,15.7,1.0,,0.0,,0.0,2.2,2.3,9.1,3.0,4.4,73.2,1.6,0.1
381187,2020-08-01,Hobro IK,DK1,2,3891,56,6.674289385762015,3891.0,0.27571061423798515,0.33,0.09000000000000001,17.57029041377538,48.0,3.0,2.4,1.2715754304805964,0.9,0.742893857620149,3.057363145720894,5.742636854279105,,,,,1.7428938576201491
256186,2020-08-03,Sönderjyske,DK1,2,3747,59,6.649631705364291,3747.0,0.2878035761942888,0.23,0.2,22.97066986922872,55.0,12.0,0.9402455297571392,1.8195089404857216,0.4585268214571657,0.9390178809714438,3.5768081131571923,4.218281291700027,,,,,1.240245529757139
457728,2020-08-07,Aarhus GF,DK1,2,2484,41,7.19,2484.0,0.36,,,16.1,41.0,13.0,1.9,0.6,0.5,1.3,2.5,4.1,,,,,0.8
451801,2020-08-15,Nordsjaelland,DK1,1,1728,26,6.55,1728.0,0.05,,,69.5,1.0,,0.6,0.8,0.8,3.6,6.1,4.9,,,,,0.8
135217,2020-08-19,Aalborg BK,DK1,2,5696,65,7.040733848314607,5696.0,0.15474016853932585,0.07,0.18,37.00674157303371,81.0,15.0,1.173700842696629,1.1642205056179775,0.8905196629213482,0.5547401685393258,2.8547401685393257,7.135779494382022,,,,,1.0189606741573034
540941,2020-09-01,Nordsjaelland,DK1,1,2798,35,7.24,2798.0,0.32,,,39.0,64.0,6.0,2.6,1.9,0.8,0.3,3.1000000000000005,5.5,,,,,1.1
102132,2021-01-01,Aarhus GF,DK1,1,791,29,6.35,791.0,0.34,,,17.5,8.0,1.0,1.0,0.8,0.8,0.9,2.6,4.4,,,,,1.7
95673,2021-07-01,Aalborg BK,DK1,2,2973,55,6.765364951227716,2973.0,0.5455734947864109,0.55,0.09999999999999999,16.81146989572822,35.0,7.0,0.8526067944836866,0.7526067944836865,0.1494786411032627,0.5505213588967373,1.4526067944836867,3.1494786411032627,,,,,1.3010427177934747
58995,2021-07-01,Bröndby IF,DK1,2,5663,63,6.909706869150627,5663.0,0.09,0.04,0.030000000000000002,61.274518806286416,21.0,1.0,0.5521984813702984,1.7985343457531342,1.8551297898640298,1.8014656542468657,5.904396962740597,7.352198481370299,,,,,0.9551297898640296
154051,2021-07-01,AC Horsens,DK1,2,2830,44,6.346971731448764,2830.0,0.16131448763250883,0.31,0.03,15.678869257950529,20.0,2.0,0.4565724381625441,0.8,0.2302826855123675,1.5171378091872791,2.503992932862191,2.334275618374558,,,,,2.3737102473498233
148376,2021-07-01,Bröndby IF,DK1,2,2656,54,6.701765813253012,2656.0,0.16758659638554219,0.19,0.15,46.42067018072289,56.0,9.0,1.3860692771084338,2.001242469879518,0.8708960843373493,0.843034638554217,3.7442771084337347,7.015173192771084,,,,,1.5430346385542169
23523,2021-07-01,Lyngby BK,DK1,2,5490,61,6.156721311475409,5490.0,,,0.0,29.40327868852459,1.0,,0.0,0.1,,0.8524590163934426,0.9524590163934427,10.59672131147541,10.0,3.3065573770491805,63.87377049180328,1.8475409836065573,0.0
22860,2021-07-01,Midtjylland,DK1,2,4576,52,6.702967657342657,4576.0,,,0.0,21.815297202797204,3.0,1.0,0.1,0.1,,0.938986013986014,0.9737325174825175,8.422027972027971,24.0,2.2042395104895105,73.83898601398602,0.8,0.1
160929,2021-07-01,Bröndby IF,DK1,2,6120,68,6.55764705882353,6120.0,,0.0,0.0,29.211764705882352,,,0.0,,0.0,0.8,0.8,10.24705882352941,21.0,2.9529411764705884,71.43529411764706,1.2,
71701,2021-07-01,Odense Boldklub,DK1,2,3450,44,7.0151391304347825,3450.0,0.05,0.03,0.10000000000000002,30.59017391304348,32.0,3.0,0.9504637681159421,2.448608695652174,1.5495362318840578,3.2972173913043483,7.445826086956521,5.402782608695651,,,,,1.6495362318840578
388465,2021-07-01,AC Horsens,DK1,2,5109,63,6.905913094539049,5109.0,0.21121745938539835,0.34,0.2,21.75564689763163,91.0,7.0,2.175650812292034,1.1408690546095128,0.7469563515365042,0.6469563515365042,2.587825406146017,5.763476218438051,,,,,0.45304364846349576
50580,2021-07-01,Odense Boldklub,DK1,2,2937,43,6.89,2937.0,,0.0,0.22,41.835410282601295,44.0,6.0,0.10000000000000002,2.6149131767109295,1.6149131767109295,0.8283622744296902,5.1581886278515485,7.729826353421859,,,,,1.3418113721484506
513245,2021-07-11,Bröndby IF,DK1,2,3631,57,7.03804736987056,3631.0,0.3209143486642798,0.17,0.26,21.110355274029196,64.0,13.0,1.7957312035251995,1.378050123932801,0.9695125309832002,0.5304874690167998,2.878050123932801,4.487193610575599,,,,,1.4
746695,2021-07-16,Nordsjaelland,DK1,2,3052,42,7.18,3052.0,0.36,0.35,0.09,18.0,27.0,2.0,4.4,1.4,0.3,0.1,1.7999999999999998,3.7999999999999994,,,,,2.2
421637,2021-07-20,Midtjylland,DK1,2,4786,59,7.126310071040535,4786.0,0.13087338069368992,0.11,0.05,35.2475971583786,36.0,4.0,1.063100710405349,2.4805683242791474,1.6281654826577516,0.9825323861262013,5.4,7.143669034684496,,,,,2.3805683242791478
239044,2021-07-24,Nordsjaelland,DK1,2,5088,60,6.478608490566037,5088.0,0.07133844339622641,0.1,0.04,58.67558962264152,15.0,4.0,0.20000000000000004,0.6999999999999998,1.0377948113207547,3.721521226415094,6.14304245283019,5.79186320754717,,,,,0.7837264150943396
88257,2021-07-29,Vejle Boldklub,DK1,1,1628,23,6.66,1628.0,0.06,0.06,0.01,34.8,1.0,,0.1,1.4,1.1,5.0,8.1,4.5,,,,,0.9
95755,2021-07-30,FC Copenhagen,DK1,2,2950,47,6.880166101694915,2950.0,0.18671525423728813,0.25,0.21,27.64074576271187,63.0,14.0,1.4875254237288136,0.6515593220338983,0.4031186440677966,0.39688135593220336,1.4968813559322034,6.068813559322034,,,,,1.0640338983050848
387745,2021-08-04,Lyngby BK,DK1,2,3486,43,6.982082616179002,3486.0,0.05,0.048537005163511185,0.045731497418244414,52.46230636833047,13.0,3.0,0.6280550774526679,1.6280550774526676,1.5268502581755594,3.4012048192771087,7.170740103270224,8.242685025817556,,,,,1.1292598967297764
237436,2021-08-04,Randers FC,DK1,2,3760,59,7.002260638297872,3760.0,0.1914095744680851,0.08690159574468086,0.13309840425531916,29.72406914893617,51.0,10.0,1.7450797872340424,1.2267287234042554,0.8,0.6239361702127659,2.8196808510638296,6.566223404255319,,,,,0.7239361702127659
202925,2021-08-05,SönderjyskE,DK1,2,566,17,,566.0,,0.2,0.13,10.7,6.0,1.0,0.5,1.0,0.3,0.5,1.8,4.6,,,,,1.0
422951,2021-08-11,Copenhagen,DK1,2,2439,29,6.67,2439.0,0.04,0.08,0.02,45.9,3.0,1.0,0.0,0.8,1.5,4.6,7.4,5.0,,,,,0.8
395421,2021-08-16,Nordsjaelland,DK1,2,3240,36,6.61,3240.0,,0.0,0.0,27.6,1.0,,0.0,0.1,0.1,1.5,1.7,11.4,7.0,4.0,71.3,1.6,0.0
471936,2021-08-26,Odense BK,DK1,2,2745,31,6.51,2745.0,,,0.0,14.2,1.0,,,0.0,,0.6,0.7,9.3,7.0,3.4,74.1,1.2,
496745,2021-08-26,SönderjyskE,DK1,2,3010,39,7.02,3010.0,0.13,0.14,0.1,23.4,34.0,7.0,1.6,2.3,1.7,2.7,6.9,5.7,,,,,1.6
342389,2021-08-28,Midtjylland,DK1,2,3676,47,7.42329162132753,3676.0,0.3917519042437432,0.30803590859630037,0.19857997823721438,20.154080522306852,94.0,13.0,1.1628400435255715,0.43715995647442873,0.37431991294885747,0.1486398258977149,1.0229597388465723,3.1770402611534276,,,,,0.36284004352557125
574385,2021-08-28,Copenhagen,DK1,2,1886,34,6.92,1886.0,0.31,0.19,0.18,29.199999999999996,38.0,9.0,3.7,1.2,0.7,0.4,2.4,5.4,,,,,0.9000000000000001
44726,2021-08-31,SönderjyskE,DK1,2,2836,37,6.87,2836.0,0.38,0.4,0.08,12.0,30.0,5.0,0.8,0.7,0.5,1.2,2.5,3.5,,,,,1.2
403673,2021-08-31,Midtjylland,DK1,2,2755,50,6.7824682395644285,2755.0,0.19634482758620692,0.15449364791288567,0.07612341197822142,21.785444646098004,26.0,3.0,1.2162976406533574,1.4713611615245008,0.8612341197822141,0.5837023593466424,3.1387658802177856,4.851107078039927,,,,,1.5837023593466426
468066,2022-01-10,Midtjylland,DK1,2,2199,32,7.02,2199.0,0.05,0.11,0.09,29.9,20.0,2.0,2.1,2.8,1.4,0.9,5.2,6.4,,,,,1.3
503871,2022-01-30,Bröndby IF,DK1,2,3583,46,6.919999999999999,3583.0,,0.060000000000000005,0.04,36.0,26.0,3.0,0.6,4.0,1.7,0.9000000000000001,6.9,7.200000000000001,,,,,1.9
281252,2022-01-31,Nordsjaelland,DK1,1,2184,26,6.7,2184.0,,0.04,0.08,35.1,18.0,2.0,0.6,1.4,1.4,1.8999999999999997,5.3,5.1,,,,,1.1
391004,2022-01-31,Copenhagen,DK1,2,3732,44,7.547829581993569,3732.0,0.50478563772776,0.567390139335477,0.13565380493033227,23.060932475884243,54.0,11.0,0.9956591639871383,0.40434083601286175,0.2652197213290461,1.1739013933547695,2.043461950696677,2.995659163987138,,,,,1.369560557341908
222686,2022-07-01,Vejle BK,DK1,2,1403,17,,1403.0,,,,,2.0,,,,,,,,,,,,
341466,2022-07-01,Vejle BK,DK1,2,3713,46,7.02727174791274,3713.0,0.05,0.03409103151090762,0.08530298949636413,28.14697010503636,30.0,4.0,1.9,2.3106113654726634,1.5818206302181526,1.9697010503635874,6.215162941018045,6.777269054672772,,,,,1.3469701050363587
423197,2022-07-01,Vejle Boldklub,DK1,2,4687,58,7.301021975677405,4687.0,0.22857264774909322,0.2106123319820781,0.1659184979731171,28.471431619372733,124.0,7.0,1.793876680179219,1.006123319820781,0.9061233198207809,0.45306165991039044,2.4591849797311713,5.955109878387027,,,,,1.1530616599103904
289835,2022-07-01,Copenhagen,DK1,2,3255,45,7.271649769585254,3255.0,0.2741751152073733,0.2803256528417819,0.11835023041474654,29.8405222734255,36.0,6.0,0.3945007680491551,2.041751152073733,1.336251920122888,1.6054992319508448,5.330752688172042,5.896743471582182,,,,,1.6109984639016894
243770,2022-07-01,Sönderjyske,DK1,2,5460,61,7.04554945054945,5460.0,0.04532967032967033,0.06956043956043956,0.04,38.87527472527473,22.0,4.0,0.1489010989010989,1.7065934065934065,2.248901098901099,5.4021978021978025,10.310989010989012,6.502197802197802,,,,,0.4978021978021978
658536,2022-07-01,Nordsjaelland,DK1,2,1970,38,7.19,1970.0,0.45,0.51,0.17,19.4,32.0,8.0,3.5,1.8,0.5,0.4,2.8,5.7,,,,,1.5
410897,2022-07-01,Viborg FF,DK1,1,1822,23,6.87,1822.0,0.2,0.12,0.03,45.9,5.0,2.0,0.0,1.6,1.2,4.5,8.7,4.4,,,,,1.0
511534,2022-07-01,Vejle BK,DK1,2,3100,49,7.0557096774193555,3100.0,0.17320645161290324,0.1056516129032258,0.0871741935483871,32.671290322580646,41.0,2.0,1.1114193548387095,2.039677419354839,1.4603225806451612,1.671741935483871,5.503806451612903,6.779354838709677,,,,,0.5961935483870968
488784,2022-07-01,Nordsjaelland,DK1,2,5155,63,6.8932492725509205,5155.0,0.08792434529582929,0.13129970902036858,0.08,35.77400581959263,43.0,5.0,1.0727449078564502,1.3402521823472358,1.0597478176527644,0.7532492725509214,3.2532492725509212,6.432492725509214,,,,,0.6935014548981572
331739,2022-07-04,Aarhus GF,DK1,2,3669,54,6.925298446443172,3669.0,0.2201717089125102,0.211880621422731,0.22982829108748978,15.803434178250205,65.0,8.0,1.5358953393295176,1.5641046606704823,0.3547015535568275,0.44529844644317257,2.41880621422731,4.073507767784138,,,,,1.4547015535568273
345748,2022-07-18,Bröndby IF,DK1,2,4136,57,6.867833655705996,4136.0,0.08804642166344294,0.06261121856866537,0.10174081237911024,31.380464216634426,55.0,7.0,0.6912959381044487,0.8825918762088975,1.1195357833655706,1.4717601547388781,3.6195357833655706,5.147775628626691,,,,,0.6
99100,2022-07-19,Midtjylland,DK1,2,1752,23,7.06,1752.0,,0.08,0.03,44.1,3.0,,0.09999999999999999,1.2,1.8,3.4,6.8,6.3999999999999995,,,,,1.1
658533,2022-08-19,Nordsjaelland,DK1,1,1016,16,,1016.0,,0.25,0.04,34.7,6.0,,1.0,2.6,1.0,1.1,4.9,7.1,,,,,1.5
588649,2022-08-23,Odense BK,DK1,2,1321,23,,1321.0,,,,,11.0,3.0,,,,,,,,,,,
699783,2022-08-28,Midtjylland,DK1,2,3082,37,7.240000000000001,3082.0,0.07,0.09,0.04,37.2,26.0,3.0,0.8,2.3,1.2,1.0,4.8,6.4,,,,,2.2
610400,2022-08-30,Copenhagen,DK1,2,1325,29,6.6899999999999995,1325.0,0.14,0.18,0.13,20.2,17.0,4.0,1.4,1.5,0.8,0.4,2.9,5.5,,,,,0.4
102134,2022-08-31,Aalborg BK,DK1,2,2719,56,6.808091210003678,2719.0,0.23213681500551675,0.2519087899963222,0.2506362633321074,30.18631849944833,55.0,11.0,1.012725266642148,1.006362633321074,0.30000000000000004,0.19999999999999998,1.4659065833026848,4.199999999999999,,,,,0.7127252666421479
104918,2022-08-31,Viborg FF,DK1,2,4531,56,7.654248510262636,4531.0,0.11830059589494592,0.07093136173030236,0.3816994041050541,46.26159788126241,156.0,24.0,0.7093136173030237,1.4093136173030236,0.8635621275656589,1.8728757448686824,4.409313617303023,6.981372765393952,,,,,0.5271242551313177
566571,2022-08-31,Randers FC,DK1,2,3486,52,6.95881239242685,3486.0,0.05,0.07,0.08522375215146298,27.832960413080894,28.0,5.0,1.0955249569707401,2.6089500860585195,1.6134251290877797,2.1134251290877795,6.688037865748709,5.020912220309811,,,,,1.24776247848537
524081,2022-08-31,Silkeborg IF,DK1,2,5382,62,7.474005945745076,5382.0,0.30072835377183205,0.33254923820141213,0.16072835377183203,40.74483463396507,82.0,20.0,1.2627461910070605,0.9,0.54817911557042,0.9408955778520995,2.585432924563359,4.30364176885916,,,,,0.7481791155704199
542525,2022-08-31,Viborg FF,DK1,2,3401,48,7.104172302264041,3401.0,0.24013525433695973,0.22006762716847988,0.08503381358423992,24.2582769773596,34.0,3.0,1.5417230226403997,1.8417230226403998,0.7079388415172008,0.6417230226403999,3.2496618641576003,4.917230226403999,,,,,1.4165539547192
263804,2022-09-01,Copenhagen,DK1,2,3216,39,7.54,3216.0,0.38,0.33,0.28,26.799999999999997,87.0,11.0,1.4,1.4,0.6,0.7,2.7,4.9,,,,,1.0
357917,2022-09-22,Viborg FF,DK1,2,2786,37,7.03,2786.0,0.13,0.18,0.14,26.2,53.0,13.0,1.0,1.9,1.3,0.4,3.8,5.8,,,,,0.9
128969,2023-01-09,Copenhagen,DK1,1,540,6,,540.0,,,,,1.0,,,,,,,,3.0,,,,
670103,2023-01-12,Nordsjaelland,DK1,2,2620,39,7.0753053435114515,2620.0,0.4803435114503817,0.3322709923664122,0.1383206106870229,26.663931297709922,36.0,9.0,2.056297709923664,1.0251908396946565,0.19580152671755724,0.2,1.6209923664122137,3.9,,,,,0.6
342389,2023-01-15,Midtjylland,DK1,2,2742,32,7.7190882567468995,2742.0,0.524981765134938,0.369744711889132,0.17981765134938002,21.959299781181617,68.0,7.0,1.20036469730124,0.6003646973012399,0.39963530269876,0.29963530269876,1.29963530269876,3.1010940919037195,,,,,0.3
102132,2023-01-17,Silkeborg IF,DK1,1,2527,29,7.430000000000001,2527.0,0.61,0.53,0.08,19.2,26.0,8.0,0.6,0.6,0.4,1.6,2.6,2.4,,,,,0.6
564529,2023-01-20,Copenhagen,DK1,2,2780,36,7.28,2780.0,,0.04,0.14,32.5,30.0,9.0,0.6,1.6999999999999997,0.9000000000000001,2.1,4.7,6.299999999999999,,,,,0.7
257324,2023-07-01,Odense BK,DK1,2,4897,56,7.5626056769450685,4897.0,0.07,0.054590565652440276,0.056228303042679194,58.97220747396366,41.0,2.0,0.47047171737798654,2.3491321217071675,2.286849091280376,3.3263018174392482,8.624566060853583,10.19007555646314,,,,,0.6245660608535838
657957,2023-07-01,Odense BK,DK1,2,1651,42,6.714415505754088,1651.0,0.43,0.28639006662628713,0.1006541490006057,23.313204118715934,25.0,3.0,1.349182313749243,1.9491823137492428,0.5016353725015142,0.6589945487583283,3.2589945487583285,5.382010902483344,,,,,0.8459115687462143
226450,2023-07-10,Aalborg BK,DK1,2,5071,60,7.096817195819367,5071.0,0.19662591204890556,0.20490435811477029,0.09586077696706766,30.919128377045947,64.0,5.0,0.5019128377045947,1.645217905738513,1.0,0.8471307434431079,3.739479392624729,5.696174324590811,,,,,0.6019128377045948
543311,2023-07-11,Aalborg BK,DK1,2,792,33,,792.0,,0.32,0.15,15.8,16.0,3.0,1.8,0.4,0.1,1.2,1.8,4.3,,,,,2.2
250464,2023-07-11,Viborg FF,DK1,2,3585,61,7.094351464435147,3585.0,0.22622594142259414,0.1824518828451883,0.19198326359832635,41.71238493723849,78.0,10.0,0.2688702928870293,1.0311297071129708,0.8377405857740585,0.6377405857740587,2.506610878661088,5.806610878661088,,,,,0.5867782426778242
441986,2023-07-12,Aarhus GF,DK1,2,4996,62,7.1417614091273025,4996.0,0.09188150520416334,0.08305844675740592,0.0388230584467574,44.38462770216173,18.0,2.0,0.4152922337870297,1.0305844675740592,1.4388310648518814,3.8470776621297036,7.131785428342674,5.835308246597278,,,,,0.8152922337870296
546712,2023-07-13,Bröndby IF,DK1,2,3794,61,7.0250237216657885,3794.0,0.11811808118081181,0.18625197680548233,0.12374802319451766,31.284132841328415,61.0,7.0,1.993779652082235,2.465629942013706,1.0718502899314708,1.3,5.040590405904059,6.228149710068529,,,,,1.7031101739588825
663424,2023-07-13,Randers FC,DK1,2,5590,63,7.333345259391772,5590.0,0.049391771019678,0.0648479427549195,0.0648479427549195,54.95491949910554,42.0,5.0,0.7030411449016101,2.6,1.148479427549195,0.7515205724508051,4.848479427549195,9.40608228980322,,,,,0.9
448471,2023-07-13,AC Horsens,DK1,1,2091,25,6.96,2091.0,0.17,0.16,0.08,28.1,16.0,3.0,0.1,1.1,1.1,4.9,7.9,4.0,,,,,1.3
400536,2023-07-18,Bröndby IF,DK1,2,5040,56,6.739464285714284,5040.0,,,0.0,24.582142857142856,2.0,,0.0,0.0,0.0,0.9964285714285714,1.0482142857142858,9.669642857142858,10.0,3.492857142857143,70.00892857142857,1.4928571428571429,0.0
221916,2023-07-19,Silkeborg IF,DK1,2,1085,38,6.5600000000000005,1085.0,0.27,0.13583410138248847,0.08825806451612904,57.53179723502304,8.0,1.0,1.0,2.279539170506913,1.006820276497696,0.7484792626728111,4.134838709677418,6.734838709677419,,,,,0.8174193548387098
645589,2023-07-24,Viborg FF,DK1,1,1450,24,7.19,1450.0,0.37,0.29,0.17,20.5,18.0,3.0,4.0,1.7,0.4,0.3,2.4,5.6,,,,,1.6
728924,2023-08-07,Lyngby BK,DK1,2,3010,47,6.9898006644518285,3010.0,,0.036345514950166115,0.027308970099667776,45.350830564784054,9.0,1.0,0.6269102990033223,1.5365448504983388,1.1441860465116278,4.469102990033223,7.959468438538206,5.884717607973422,,,,,0.9730897009966777
462823,2023-08-08,Midtjylland,DK1,2,2603,33,7.51,2603.0,0.66,0.39,0.15,15.899999999999999,52.0,6.0,2.1,0.4,0.3,0.1,1.0,4.1,,,,,0.8
701055,2023-08-17,Viborg FF,DK1,2,2696,31,7.44,2696.0,,0.029999999999999995,0.18,32.6,45.0,14.0,1.1,2.0,1.6,1.6,5.5,7.099999999999999,,,,,0.7
355689,2023-08-17,Midtjylland,DK1,2,1182,20,6.8,1182.0,0.17,0.41,0.08,15.1,19.0,3.0,1.3,0.3,0.2,0.9,1.5,2.2,,,,,1.2
90024,2023-08-18,Lyngby BK,DK1,2,1062,17,,1062.0,,,,,15.0,5.0,,,,,,,,,,,
116900,2023-08-20,Bröndby IF,DK1,2,1581,26,6.64,1581.0,0.11000000000000001,0.17,0.13,18.2,26.0,2.0,0.5,0.6,0.3,0.4000000000000001,1.5,3.9,,,,,0.9
388465,2023-08-21,Aalborg BK,DK1,1,2131,32,6.78,2131.0,0.04,0.25,0.09,22.0,25.0,2.0,1.4,1.1,0.6,0.5,2.3,5.4,,,,,1.0
698259,2023-09-01,Aarhus GF,DK1,2,2169,26,7.2700000000000005,2169.0,0.05,0.05,0.05,46.0,7.0,1.0,0.4,1.4,2.1,3.8,7.9,6.7,,,,,1.1
252641,2023-09-14,Midtjylland,DK1,1,788,12,,788.0,,,,,10.0,1.0,,,,,,,,,,,
337799,2024-01-03,Aalborg BK,DK1,1,1693,27,7.0,1693.0,0.11,0.05,0.05,35.8,5.0,,0.5,3.8,2.7,2.8,9.7,8.1,,,,,1.9
525990,2024-01-25,Randers FC,DK1,1,1052,28,6.52,1052.0,0.09,0.15,0.04,21.2,13.0,,1.9,2.1,1.3,1.6,5.0,6.6,,,,,2.0
541601,2024-01-27,Silkeborg IF,DK1,2,2044,45,6.723424657534247,2044.0,0.3105283757338552,0.42783268101761246,0.08322407045009786,27.609833659491194,20.0,3.0,1.620401174168297,0.823679060665362,0.36775929549902153,0.20000000000000004,1.5473581213307241,2.6151174168297455,,,,,0.6355185909980431
394688,2024-01-31,Bröndby IF,DK1,2,1118,26,,1118.0,,,,,17.0,4.0,,,,,,,,,,,
226450,2024-02-01,Midtjylland,DK1,2,2637,34,7.0,2637.0,0.11,0.21,0.05,29.900000000000002,24.0,,0.4,1.9000000000000001,1.0,1.0,4.3,5.9,,,,,0.5
658530,2024-02-01,Nordsjaelland,DK1,1,3,3,,3.0,,,,,,,,,,,,,,,,,
685145,2024-02-01,Randers FC,DK1,1,1654,31,6.71,1654.0,0.22,0.23,0.04,14.0,13.0,1.0,2.3,1.6999999999999997,0.3,0.4,2.4,3.8,,,,,1.4
146889,2024-07-01,Copenhagen,DK1,2,1826,32,6.92,1826.0,0.08,0.04,0.14,43.3,20.0,4.0,0.3,1.6,1.2,2.0,5.3,5.3,,,,,0.9
346551,2024-07-01,Copenhagen,DK1,2,4778,54,6.813143574717455,4778.0,,0.0,0.0,20.626956885726248,2.0,1.0,,0.1,,1.1167852658015907,1.175177898702386,8.166429468396817,17.0,2.4832147341984094,70.10305567182922,1.075177898702386,0.0
93315,2024-07-01,Midtjylland,DK1,2,3643,49,7.036791106231128,3643.0,0.09723853966511117,0.08,0.09201482294811969,35.28361240735657,36.0,5.0,0.3679110623112819,1.1402964589623934,1.0,3.079851770518803,5.620148229481197,4.963436727971452,,,,,0.9440296458962395
553328,2024-07-01,Lyngby BK,DK1,2,3665,54,6.86368894952251,3665.0,0.1198362892223738,0.1258199181446112,0.08795088676671214,28.409031377899048,29.0,7.0,1.1795088676671213,2.099181446111869,0.7,1.2213096862210095,4.360654843110504,6.160654843110506,,,,,1.8196725784447476
658531,2024-07-01,Nordsjaelland,DK1,2,3468,45,7.34,3468.0,0.18,0.20999999999999996,0.13,41.0,45.0,8.0,1.3,1.3,1.2,0.9,3.6,6.8999999999999995,,,,,1.0
490967,2024-07-02,Lyngby BK,DK1,1,2348,28,7.09,2348.0,0.5,0.43,0.05,13.1,23.0,5.0,0.5,0.6,0.1,1.1,1.8000000000000003,1.6,,,,,1.1
419828,2024-07-05,Vejle BK,DK1,1,276,13,,276.0,,,,,3.0,,,,,,,,,,,,
846310,2024-07-10,Copenhagen,DK1,1,390,11,,390.0,,,,,3.0,1.0,,,,,,,,,,,
488785,2024-07-10,Nordsjaelland,DK1,2,4465,55,7.340170212765957,4465.0,0.11787234042553194,0.07114893617021277,0.12344680851063829,47.24808510638298,52.0,6.0,0.05574468085106383,2.2212765957446807,1.1114893617021275,3.2425531914893617,6.808085106382978,4.831063829787233,,,,,0.9557446808510638
137648,2024-07-15,Midtjylland,DK1,1,2087,24,7.03,2087.0,0.09,0.08,0.04,42.6,6.0,1.0,0.0,1.7,1.1,3.6,7.1,4.2,,,,,0.6
587310,2024-07-20,Hvidovre,DK1,1,1585,21,6.79,1585.0,,0.01,0.2,37.8,28.0,6.0,0.3,2.0,1.2,1.8,5.2,4.9,,,,,0.6
523965,2024-08-10,Hvidovre,DK1,2,4299,54,6.983710165154688,4299.0,0.35528262386601533,0.3644103279832519,0.09039311467783206,16.144103279832517,48.0,10.0,1.063759013724122,1.2519655733891604,0.35196557338916024,0.8558967201674809,2.6117934403349614,4.083414747615724,,,,,1.5999999999999999
527896,2024-08-13,Nordsjaelland,DK1,2,1069,25,6.74,1069.0,0.32,0.39,0.18,27.9,17.0,2.0,1.9,1.0,0.3,0.3,1.7,3.1,,,,,0.8
656132,2024-08-19,Odense BK,DK1,1,1009,18,,1009.0,,0.02,0.1,39.1,12.0,2.0,1.0,2.5,0.4,1.4,4.5,5.7,,,,,2.3
320421,2024-08-21,Lyngby BK,DK1,2,3034,35,7.04,3034.0,0.07,0.08,0.18,26.700000000000003,58.0,3.0,0.8000000000000002,1.7000000000000002,0.5,1.8999999999999997,4.3,5.2,,,,,1.2
218085,2024-08-22,Midtjylland,DK1,2,3379,53,7.059742527374962,3379.0,0.04,0.052435631843740754,0.1051287363125185,44.72811482687185,29.0,2.0,0.4,2.3108907960935188,1.5134655223438886,2.248712636874815,6.448712636874814,6.675643681562592,,,,,1.4512873631251848
237436,2024-08-30,Bröndby IF,DK1,2,3495,52,7.101224606580829,3495.0,0.18052360515021462,0.10842060085836909,0.13614020028612306,33.31064377682404,34.0,7.0,1.0385979971387698,1.777195994277539,1.131587982832618,0.9385979971387697,3.9473819742489273,5.470185979971388,,,,,1.0771959942775393
660438,2024-08-30,Copenhagen,DK1,2,2018,32,7.0,2018.0,0.53,0.59,0.16,16.3,23.0,5.0,0.8,0.9000000000000001,0.4,0.3,1.6,2.5,,,,,1.1
293279,2024-09-02,Silkeborg IF,DK1,1,2830,32,7.140000000000001,2830.0,,0.01,0.07,90.1,15.0,1.0,0.3,2.0,1.0,0.9,4.1,5.4,,,,,0.4
800976,2024-09-02,Nordsjaelland,DK1,2,2535,32,7.179999999999999,2535.0,0.04,0.05999999999999999,0.09,90.3,10.0,4.0,0.2,1.0,0.8999999999999999,3.7000000000000006,6.3,5.2,,,,,0.5
807386,2024-09-02,Nordsjaelland,DK1,2,1178,30,6.66,1178.0,0.76,0.35,0.060000000000000005,12.3,12.0,5.0,0.8999999999999999,1.5,0.6,0.8,2.9,2.4,,,,,1.4
541628,2025-01-01,Silkeborg IF,DK1,2,4034,47,7.024402578086267,4034.0,0.08529003470500744,0.06073376301437779,0.1476450173525037,43.221070897372336,45.0,16.0,0.5654437283093704,2.219881011403074,0.9345562716906296,1.6999999999999997,4.954437283093704,3.9963311849281102,,,,,0.8617749132374815
890385,2025-01-16,Aalborg BK,DK1,1,720,10,,720.0,,,,,5.0,,,,,,,,,,,,
728924,2025-01-21,Nordsjaelland,DK1,2,2539,40,6.988011027963764,2539.0,0.060000000000000005,0.04133517132729421,0.045667585663647106,89.64608113430484,8.0,1.0,0.44332414336352893,1.2032690035447027,0.9267034265458842,2.916620716817645,5.876565576998819,5.539779440724695,,,,,0.8732965734541158
644408,2025-02-03,Vejle BK,DK1,2,4320,48,6.720000000000001,4320.0,0.029999999999999995,0.056666666666666664,0.023333333333333334,41.93333333333333,14.0,1.0,0.3,1.3333333333333333,0.8,4.1,7.133333333333334,3.8333333333333335,,,,,0.7666666666666667
203895,2025-02-03,Viborg FF,DK1,1,2108,24,6.77,2108.0,0.04,0.02,0.04,60.2,6.0,1.0,0.1,0.5,1.3,2.7,5.6,5.3,,,,,0.6
283233,2025-06-09,Bröndby IF,DK1,2,5130,57,7.20719298245614,5130.0,0.03,0.035263157894736843,0.07,68.16140350877193,30.0,4.0,0.2,1.6491228070175439,0.9508771929824561,3.5964912280701755,6.5473684210526315,4.359649122807017,,,,,0.6508771929824562
335209,2025-07-01,Copenhagen,DK1,2,4305,55,7.374369337979093,4305.0,0.1896445993031359,0.1943693379790941,0.07527526132404182,70.81937282229964,24.0,8.0,0.3,1.3527526132404182,1.1618118466898955,3.2381881533101047,6.27637630662021,4.985435540069687,,,,,0.5618118466898955
239962,2025-07-01,Copenhagen,DK1,2,2387,33,7.11,2387.0,0.09,0.03,0.06,66.2,9.0,,0.2,1.2,1.8,4.7,8.8,5.6,,,,,0.6
668606,2025-07-01,Bröndby IF,DK1,2,4131,58,7.314771241830066,4131.0,0.45418300653594773,0.35104575163398694,0.1668627450980392,28.833115468409588,74.0,15.0,1.3104575163398693,1.1263616557734204,0.4,0.5263616557734205,1.9895424836601305,3.973638344226579,,,,,1.1263616557734204
542776,2025-07-01,Lyngby BK,DK1,2,2360,48,6.549364406779661,2360.0,0.19,0.13330084745762713,0.09,18.018093220338983,26.0,3.0,2.039364406779661,1.233008474576271,0.321271186440678,0.7393644067796611,2.29364406779661,3.0425423728813557,,,,,1.039364406779661
475949,2025-07-01,Nordsjaelland,DK1,2,3360,50,7.341875,3360.0,0.5635416666666667,0.35843749999999996,0.1980208333333333,38.653125,55.0,7.0,0.771875,1.3958333333333333,0.4,0.6239583333333333,2.54375,3.9114583333333335,,,,,1.2635416666666666
579287,2025-07-01,Nordsjaelland,DK1,2,4225,49,7.288437869822485,4225.0,0.07,0.03724260355029586,0.2008639053254438,49.09775147928994,91.0,14.0,0.5362130177514793,1.4275739644970413,1.2724260355029586,1.1724260355029585,4.136213017751479,3.491360946745562,,,,,0.7637869822485207
448471,2025-07-01,Lyngby BK,DK1,2,3855,51,6.821284046692607,3855.0,0.0697431906614786,0.07249027237354086,0.05,40.73081712062257,15.0,5.0,0.1,1.2450583657587548,1.1274708171206225,6.430038910505837,10.002568093385214,3.860077821011673,,,,,0.8699610894941634
89200,2025-07-02,Copenhagen,DK1,2,2555,41,7.34,2555.0,0.13,0.08,0.13,60.4,41.0,6.0,0.6,1.8,1.3,1.1,4.4,6.4,,,,,0.8
1045972,2025-07-04,Nordsjaelland,DK1,2,2841,53,7.029218585005281,2841.0,0.0948328053502288,0.13695177754311863,0.1366913058782119,72.85353748680043,30.0,8.0,0.8211897219288983,2.021189721928898,1.0635691657866948,1.0118972192889828,4.266173882435762,5.00186554030271,,,,,0.9
718318,2025-07-11,Viborg FF,DK1,2,1988,43,6.759999999999999,1988.0,0.17,0.21,0.20000000000000004,25.399999999999995,31.0,2.0,2.3,1.3999999999999997,0.6,0.5,2.4,6.8,,,,,2.4
801886,2025-07-15,Viborg FF,DK1,2,3655,52,7.153734610123119,3655.0,0.3914938440492476,0.24686730506155952,0.1783611491108071,21.132995896032835,53.0,11.0,2.670123119015048,0.7238577291381669,0.2,0.6149384404924761,1.4925307797537621,3.692530779753762,,,,,0.5
592387,2025-07-18,Bröndby IF,DK1,2,2637,42,7.05,2637.0,0.04,0.08,0.17,28.5,26.0,8.0,1.1,1.9,0.8,1.4,4.3,3.4,,,,,1.1
926993,2025-07-23,Copenhagen,DK1,2,2074,35,7.26,2074.0,0.13,0.06,0.09,34.2,22.0,3.0,1.2,2.5,1.8,1.6,6.1,5.1,,,,,0.7
543311,2025-08-07,Viborg FF,DK1,2,1335,34,6.69,1335.0,0.25,0.33,0.18,17.7,27.0,10.0,0.8,0.4,0.2,1.6,2.3,2.8,,,,,2.2
926978,2025-08-09,Nordsjaelland,DK1,2,2420,31,6.87,2420.0,,0.01,0.06,86.1,18.0,5.0,0.2,1.5,1.0,4.1,7.2,4.1,,,,,0.8
514888,2025-08-13,Midtjylland,DK1,2,2557,31,7.220000000000001,2557.0,0.34,0.27,0.11000000000000001,28.5,33.0,7.0,0.6,1.2,0.6,1.0,2.9,4.5,,,,,0.6
267160,2025-08-26,Midtjylland,DK1,2,1910,27,7.17,1910.0,0.63,0.58,0.04,10.8,18.0,2.0,0.3,0.7,0.2,1.3,2.2,1.6,,,,,1.6
422950,2025-09-01,Aarhus GF,DK1,1,2641,31,7.180000000000001,2641.0,0.17,0.15,0.18,33.9,36.0,7.0,0.7,2.4,0.9,0.9,4.2,3.7,,,,,0.8
802515,2026-01-19,Bröndby IF,DK1,2,2914,45,7.381736444749484,2914.0,0.21347288949897048,0.13793411118737134,0.17586822237474262,48.39327385037749,79.0,5.0,2.0826355525051476,2.384282772820865,0.5809883321894304,0.5619766643788607,3.5875772134522994,6.395058339052848,,,,,1.2603294440631436
255906,2020-09-23,Aberdeen FC,SC1,1,315,4,,315.0,,,,,,,,,,,,,,,,,
484547,2021-01-27,Celtic,SC1,1,1675,22,6.88,1675.0,0.05,0.11,0.23,37.0,32.0,5.0,1.5,1.4,0.5,0.7,2.7,4.6,,,,,0.3
151213,2021-07-01,Hamilton Acad.,SC1,1,2831,33,6.85,2831.0,0.29,0.31,0.09,21.1,28.0,2.0,0.4,2.1,0.8,1.0,4.0,5.8,,,,,1.6
107544,2021-07-01,Motherwell FC,SC1,1,2454,29,6.83,2454.0,0.04,0.029999999999999995,0.07,33.2,12.0,1.0,0.2,1.4,1.5,4.8,8.6,4.1,,,,,1.1
132209,2021-07-01,Motherwell FC,SC1,1,1537,21,6.65,1537.0,,0.07,0.22999999999999998,31.3,36.0,5.0,1.2,0.5,0.6,1.2,2.3,6.0,,,,,0.8
60781,2021-07-01,Kilmarnock FC,SC1,1,2814,32,6.97,2814.0,0.03,0.04,0.07,36.9,25.0,2.0,1.1,2.8,1.4,0.7,5.5,8.5,,,,,1.4
112008,2021-07-01,Hibernian FC,SC1,1,2847,32,6.8,2847.0,,,0.0,15.5,1.0,,0.0,,0.0,0.5,0.5,9.8,12.0,2.6,74.5,0.9,
340921,2021-07-01,St. Mirren,SC1,1,1849,22,6.85,1849.0,0.05,0.010000000000000002,0.06,41.1,16.0,1.0,0.5,2.0,2.0,1.7,6.3,7.0,,,,,1.4
60960,2021-07-01,Livingston FC,SC1,1,1472,26,6.31,1472.0,0.24,0.2,0.08,12.6,12.0,1.0,0.4,1.1,0.7,0.2,2.0,3.6,,,,,1.2
244256,2021-07-01,Kilmarnock FC,SC1,1,1981,29,6.6,1981.0,0.27,0.14,0.08,22.4,29.0,1.0,0.8,1.2,0.4,0.2,1.8,6.0,,,,,1.4
268119,2021-07-01,St. Johnstone,SC1,1,2057,30,6.82,2057.0,0.09,0.07,0.11,21.2,25.0,1.0,0.7,1.8,1.7,1.8,5.5,5.4,,,,,1.1
192557,2021-07-05,Hibernian FC,SC1,1,1200,15,,1200.0,,,,,17.0,5.0,,,,,,,,,,,
328658,2021-07-21,Celtic,SC1,1,3043,35,7.25,3043.0,0.06,0.06,0.08,67.0,22.0,3.0,0.9000000000000001,1.2,1.5,3.3999999999999995,6.4,6.9,,,,,0.7
225744,2021-08-11,Dundee United,SC1,2,2788,33,6.65,2788.0,0.27,0.32,0.11,18.7,43.0,7.0,1.2,0.7,0.3,1.0,2.1,4.0,,,,,1.4
188077,2021-08-31,Celtic,SC1,2,2642,38,7.269999999999999,2642.0,0.19,0.28,0.28,43.3,82.0,11.0,1.5,2.1,0.5,1.1,3.9,5.2,,,,,1.2
344152,2021-08-31,Celtic,SC1,2,2602,35,7.3,2602.0,0.69,0.76,0.2,21.1,47.0,12.0,2.0,0.3,0.2,0.2,0.7,1.8,,,,,0.8
192077,2021-08-31,Hamilton Academical FC,SC1,2,5394,65,6.952539859102707,5394.0,0.03,0.025980719317760474,0.09382647385984427,21.654653318502042,69.0,10.0,0.6803856136447906,2.159807193177605,1.6401928068223954,1.9803856136447906,6.1009640341119775,6.059807193177605,,,,,0.9009640341119761
424015,2022-01-04,Rangers,SC1,2,587,13,,587.0,,,,,7.0,1.0,,,,,,,,,,,
132764,2022-01-17,Motherwell FC,SC1,1,2383,35,6.59,2383.0,0.11,0.23,0.12,15.099999999999998,27.0,7.0,1.7,1.5,0.3,0.9000000000000001,2.8,4.8,,,,,1.6
68321,2022-01-24,Aberdeen FC,SC1,1,1029,25,6.42,1029.0,,0.17,0.35,21.1,29.0,5.0,0.6,0.3,0.2,0.1,0.7,4.5,,,,,0.9
235767,2022-07-01,Heart of Midl.,SC1,1,2288,27,7.339999999999999,2288.0,0.16,0.1,0.03,47.4,11.0,3.0,0.7,0.9000000000000001,1.3,4.1,7.6,4.8,,,,,0.8
235780,2022-07-01,Motherwell FC,SC1,2,3391,46,6.66,3391.0,0.16183131819522265,0.14285461515777056,0.08490120908286643,23.301621940430554,23.0,2.0,0.3,1.4163373636095549,0.8836626363904453,1.6897670303745207,4.350987909171336,4.2,,,,,1.261220878796815
238468,2022-07-01,Hibernian FC,SC1,2,1549,37,,1549.0,0.1,0.03,0.16,19.9,15.0,2.0,0.8,1.4,0.8,1.1,3.5,4.6,,,,,0.8
276764,2022-07-01,Livingston FC,SC1,2,4194,66,6.742403433476395,4194.0,0.21686695278969959,0.21935622317596568,0.1618884120171674,17.343776824034336,73.0,8.0,1.4373390557939913,1.6188841201716737,0.7313304721030043,0.7437768240343348,3.093991416309013,5.793991416309013,,,,,0.8875536480686695
251587,2022-07-01,Ross County,SC1,2,2995,43,7.280000000000001,2995.0,0.18,0.11000000000000001,0.18,24.6,65.0,4.0,0.8,1.9,1.1,2.3,5.5,7.1,,,,,0.7
60781,2022-07-01,St. Mirren FC,SC1,2,5581,66,7.054284178462639,5581.0,0.03,0.02512632144776922,0.05512632144776922,34.17315893209102,34.0,2.0,0.9016842859702563,2.700842142985128,1.350421071492564,1.0966314280594875,5.7478946425371795,8.995789285074359,,,,,1.4
385635,2022-07-01,Ross County,SC1,2,3993,63,6.676316053092912,3993.0,0.39000000000000007,0.18485098923115453,0.07742549461557727,14.60107688454796,35.0,5.0,0.7514901076884547,1.1000000000000003,0.5514901076884547,0.6514901076884548,2.454470323065364,4.105960430753819,,,,,1.9119208615076384
120070,2022-07-01,Hibernian FC,SC1,2,5368,63,7.097902384500745,5368.0,0.09886177347242922,0.04,0.06622764530551416,34.534631147540985,38.0,3.0,0.7868293591654248,2.3263412816691504,1.3868293591654248,1.9622764530551415,5.937723546944858,6.388617734724293,,,,,1.2377235469448584
107544,2022-07-01,Aberdeen FC,SC1,2,4200,51,6.838314285714286,4200.0,0.04,0.029999999999999995,0.049214285714285724,38.23014285714285,16.0,2.0,0.24157142857142855,1.1921428571428572,1.2505714285714284,4.384285714285714,7.685428571428571,4.640428571428572,,,,,1.1
211121,2022-07-05,Motherwell FC,SC1,2,1578,24,6.780000000000001,1578.0,,0.04,0.05,21.8,9.0,,0.4,2.2,1.1,1.3,4.9,6.8,,,,,2.0
51730,2022-07-05,Hibernian FC,SC1,2,2022,37,6.8,2022.0,0.07,0.11,0.16,26.1,27.0,4.0,1.6,1.3,0.3,0.6,2.2,3.8000000000000003,,,,,0.4
468198,2022-07-09,Rangers,SC1,2,4970,65,7.44,4970.0,0.2745774647887324,0.1637323943661972,0.2216901408450704,40.14647887323944,98.0,16.0,1.9661971830985916,1.8,0.7746478873239436,0.745774647887324,3.4746478873239437,5.116901408450704,,,,,1.0
165345,2022-07-11,Livingston FC,SC1,2,2782,46,6.46,2782.0,0.04,0.07,0.07,21.2,28.0,1.0,0.6,1.7,1.1,1.1,4.2,5.6,,,,,1.6
428563,2022-07-12,Aberdeen FC,SC1,2,6341,71,7.373002680965149,6341.0,0.28546916890080426,0.3105630026809652,0.07509383378016085,41.816353887399465,59.0,5.0,0.5981233243967828,1.6962466487935657,1.0981233243967827,1.4471849865951742,4.4924932975871315,6.0546916890080436,,,,,1.9943699731903484
567129,2022-07-13,Hibernian FC,SC1,2,4741,62,6.726405821556633,4741.0,0.04,0.05423961189622442,0.05423961189622442,22.959460029529637,34.0,3.0,0.6576038810377557,1.7847922379244887,0.8271883568867328,1.4576038810377558,4.569584475848977,4.754376713773466,,,,,0.4847922379244885
461883,2022-07-20,Rangers,SC1,2,2972,37,7.27,2972.0,,0.02,0.08,53.0,25.0,2.0,0.5,1.5,0.7,1.3,3.5999999999999996,6.1,,,,,0.7
272539,2022-09-01,Aberdeen FC,SC1,1,2892,33,7.05,2892.0,0.05999999999999999,0.05999999999999999,0.01,44.4,2.0,,0.3,1.5,1.2,3.5,7.2,5.8,,,,,1.5999999999999999
98067,2022-09-02,St. Johnstone,SC1,1,2832,32,6.51,2832.0,,,0.01,10.4,,,,0.0,,0.7999999999999999,0.7999999999999999,8.1,10.0,2.9,71.9,1.1,
362977,2023-01-22,Celtic,SC1,2,2933,36,7.57,2933.0,0.13,0.17,0.17,60.9,47.0,5.0,0.5,1.6,1.0,1.7,4.5,7.6,,,,,0.4
265513,2023-07-01,St. Mirren,SC1,2,2685,51,6.33,2685.0,0.33835754189944134,0.3211433891992551,0.04900186219739292,8.367150837988827,17.0,5.0,0.339292364990689,0.6721415270018621,0.1,0.4278584729981379,1.2442830540037244,2.4243202979515828,,,,,1.4164245810055867
119574,2023-07-01,St. Mirren,SC1,2,4644,58,6.811339362618432,4644.0,0.07394918173987942,0.08394918173987942,0.033025409130060294,18.951959517657194,11.0,2.0,0.1,1.009237726098191,1.4789836347975884,5.021016365202412,8.527713178294572,4.060508182601206,,,,,0.5092377260981912
148215,2023-07-01,Livingston FC,SC1,2,6484,75,7.016388032078963,6484.0,0.05484577421344849,0.06061690314620605,0.08,18.47621838371376,52.0,8.0,0.35154225786551513,1.69691548426897,1.1453732264034546,2.4546267735965452,5.793830968537939,4.966964836520667,,,,,0.9422887106724244
279457,2023-07-01,Rangers,SC1,2,4570,55,7.532247264770239,4570.0,0.09594529540481402,0.17,0.2225207877461707,35.40332603938731,107.0,19.0,2.0936980306345734,1.3531509846827132,0.44684901531728666,0.1,1.9468490153172864,4.9657549234135665,,,,,0.7468490153172868
399258,2023-07-01,Hibernian FC,SC1,2,1219,20,,1219.0,,,,,19.0,,,,,,,,,,,,
496652,2023-07-05,Dundee United,SC1,2,4113,52,7.189063943593484,4113.0,0.22,0.05986627765621202,0.114799416484318,40.04933138828107,56.0,7.0,0.6479941648431801,1.7520058351568197,1.0946511062484805,0.7973255531242401,3.7946511062484807,7.706686117189399,,,,,0.6466569414053003
91315,2023-07-21,Aberdeen FC,SC1,2,1949,47,6.77,1949.0,0.18826064648537713,0.23130323242688558,0.07706516162134427,18.02498717290918,30.0,1.0,1.4478193945613134,1.0880451513596716,,0.4760903027193433,1.693483837865572,3.1934838378655717,,,,,2.110877373011801
107544,2023-07-26,St. Mirren,SC1,2,3602,49,6.783014991671293,3602.0,0.1,0.04030538589672404,0.030305385896724043,31.13009439200444,9.0,2.0,0.3,1.0030538589672404,0.9,4.212215435868961,6.760688506385342,5.1423653525818995,,,,,0.9454192115491395
41131,2023-08-03,St. Mirren,SC1,2,5580,62,6.467741935483871,5580.0,,,0.0,12.006451612903225,3.0,,,,0.1,0.6403225806451613,0.6403225806451613,9.67258064516129,18.0,2.8016129032258066,62.30161290322581,1.6806451612903226,0.0
442703,2023-08-04,Aberdeen FC,SC1,1,3300,37,7.18,3300.0,0.03,0.04,0.04,33.2,19.0,3.0,0.7,2.0,1.4,1.6,5.3,8.9,,,,,1.5
258987,2023-08-10,Celtic,SC1,2,2417,29,7.62,2417.0,0.11000000000000001,0.09,0.029999999999999995,89.6,7.0,,0.2,0.9000000000000001,1.3,4.4,7.0,7.0,,,,,0.8
156941,2024-07-01,Rangers,SC1,2,5652,71,7.4256015569709835,5652.0,0.16,0.09482307147912244,0.10517692852087757,70.48726114649682,70.0,7.0,0.3992922859164898,1.7503538570417552,0.9992922859164898,1.0503538570417552,4.0,7.0,,,,,1.0489384288747348
363227,2024-07-01,Livingston FC,SC1,2,3419,53,6.680043872477333,3419.0,0.18000000000000002,0.05998537584088915,0.13224334600760457,14.144720678560983,49.0,6.0,0.46671541386370285,2.18900263234864,0.7888563907575316,2.5331383445451885,5.755425563030126,4.677566539923954,,,,,0.8221409768938286
382096,2024-07-01,Livingston FC,SC1,2,3779,64,6.363916379994707,3779.0,0.31033342154008997,0.2657501984652024,0.069833289229955,8.947499338449326,33.0,4.0,0.29999999999999993,0.29999999999999993,0.1,0.2,0.5999999999999999,2.445832230748876,,,,,1.2508335538502249
238029,2024-07-01,St. Johnstone,SC1,2,5288,64,6.864602874432679,5288.0,0.07,0.055034039334341915,0.035034039334341904,18.050113464447808,14.0,1.0,0.14988653555219364,1.3999999999999997,1.4993192133131619,5.450794251134645,9.15056732223903,3.7471633888048412,,,,,1.1498865355521937
39125,2024-07-01,Rangers,SC1,2,3927,50,7.523812070282659,3927.0,0.04,0.036460402342755285,0.28292080468551056,45.056939139292076,101.0,13.0,0.4353959765724472,1.8292080468551057,1.0292080468551057,1.5185637891520243,4.441583906289789,5.127476445123504,,,,,0.735395976572447
251587,2024-07-01,Motherwell FC,SC1,2,6179,73,7.424685224146302,6179.0,0.21685709661757566,0.1475999352646059,0.21222851594109077,26.76570642498786,146.0,22.0,0.8074283864703026,1.3074283864703025,0.40742838647030266,1.2148567729406052,3.1908561255866648,5.444570318821816,,,,,0.4925716135296974
264302,2024-07-01,St. Johnstone,SC1,1,3420,38,6.97,3420.0,,,0.0,10.4,1.0,,,,0.0,1.2,1.2,10.1,8.0,3.6,71.9,1.4,0.1
208772,2024-07-01,Motherwell FC,SC1,2,6840,76,6.490000000000001,6840.0,,,0.0,14.8,1.0,1.0,0.1,,,0.55,0.55,9.4,14.0,2.6,64.1,1.45,0.0
332340,2024-07-01,Ross County,SC1,2,4528,65,6.973321554770318,4528.0,0.197773851590106,0.098886925795053,0.1877826855123675,25.189134275618372,102.0,14.0,0.8999999999999999,1.1888692579505302,0.33330388692579505,0.744434628975265,2.3554770318021196,5.8221731448763245,,,,,1.1555653710247349
567151,2024-07-01,Aberdeen FC,SC1,2,3023,46,7.18,3023.0,0.04,0.03,0.09,35.9,31.0,5.0,0.6,2.3,1.1,1.3,4.9,7.0,,,,,1.0
549354,2024-07-01,St. Mirren,SC1,2,4110,53,7.21,4110.0,0.13,0.08,0.17,21.3,56.0,11.0,0.8,2.9,1.0,1.9,5.9,6.5,,,,,0.8
54265,2024-07-05,St. Johnstone,SC1,2,4888,57,6.919140752864156,4888.0,0.039999999999999994,0.03496931260229133,0.029938625204582653,18.81534369885434,17.0,3.0,0.1,2.895703764320786,1.2515343698854338,3.2030687397708677,8.100613747954174,5.042328150572831,,,,,1.297545008183306
177130,2024-07-10,Ross County,SC1,2,3597,51,6.830000000000001,3597.0,0.43,0.25,0.1,11.099999999999998,45.0,11.0,0.9000000000000001,0.8,0.4,1.0,2.2,3.0,,,,,1.2
386914,2024-07-26,Rangers,SC1,1,848,17,,848.0,,,,,5.0,1.0,,,,,,,,,,,
58993,2024-08-06,Aberdeen FC,SC1,2,2371,41,7.02,2371.0,0.23,0.26,0.24000000000000002,22.699999999999996,75.0,13.0,1.5,1.8000000000000003,0.5,0.6,3.1000000000000005,4.4,,,,,1.2
476219,2024-08-15,Aberdeen FC,SC1,2,3241,40,6.75,3241.0,0.46,0.49,0.11,10.5,24.0,5.0,0.6,0.3,0.1,0.3,0.8,2.5,,,,,0.9
105695,2024-08-30,Livingston FC,SC1,2,4975,63,6.756683417085427,4975.0,,0.02422110552763819,0.04577889447236181,33.53165829145728,27.0,2.0,0.5,1.7688442211055277,0.8733668341708543,1.957788944723618,4.9,6.00251256281407,,,,,1.4688442211055277
468264,2024-08-30,Dundee FC,SC1,2,4840,73,7.409520661157025,4840.0,0.3386115702479339,0.24256198347107438,0.22466115702479342,34.41487603305785,103.0,18.0,0.8674380165289255,1.5651239669421486,0.8371900826446281,1.102314049586777,3.639504132231405,8.523140495867768,,,,,0.9325619834710744
586984,2025-01-28,Heart of Midl.,SC1,1,1259,19,,1259.0,0.07,0.01,0.04,37.3,5.0,,1.2,2.2,0.9000000000000001,2.5,5.8,4.4,,,,,0.9000000000000001
535959,2025-02-03,Aberdeen FC,SC1,2,2574,53,6.493648018648019,2574.0,0.22,0.25635198135198134,0.1645920745920746,12.255361305361305,29.0,9.0,2.072960372960373,1.6094405594405594,0.2,0.8999999999999999,2.9094405594405592,4.154079254079254,,,,,1.618881118881119
387579,2025-07-01,Dundee FC,SC1,2,3368,63,6.571831947743468,3368.0,0.24078087885985747,0.16105106888361043,0.08894893111638956,13.15525534441805,33.0,6.0,0.7552553444180522,1.5105106888361044,0.4000000000000001,0.6420427553444181,2.5525534441805227,3.589489311163896,,,,,1.0
362562,2025-07-01,Celtic,SC1,2,5033,63,7.547385257301808,5033.0,0.09,0.06381084840055633,0.23214186369958273,68.97566063977747,94.0,21.0,0.6381084840055633,1.7785813630041725,0.5214186369958276,1.6452016689847009,4.045201668984701,5.316689847009736,,,,,0.8000000000000002
344107,2025-07-01,Aberdeen FC,SC1,2,4479,59,7.199077919178388,4479.0,0.25936592989506585,0.22593659298950658,0.15063407010493415,23.122192453672692,73.0,12.0,0.9187318597901317,2.10317035052467,0.7780977896851976,1.7374637195802634,4.818731859790131,5.356195579370396,,,,,1.1
244256,2025-07-01,St. Mirren,SC1,2,3947,63,6.705958956169242,3947.0,0.14,0.18049657968077024,0.1004965796807702,13.857334684570562,42.0,5.0,0.5349885989359007,1.1,0.26749429946795034,0.6650114010640994,2.202482898403851,4.072460096275653,,,,,1.0325057005320497
238468,2025-07-01,St. Johnstone,SC1,2,3274,40,7.01,3274.0,0.03,0.02,0.09,36.3,35.0,2.0,0.7,1.5,0.8,2.7,5.1,4.9,,,,,0.3
211121,2025-07-01,Kilmarnock FC,SC1,2,3113,52,6.75295213620302,3113.0,0.06,0.09918085448120784,0.06590427240603919,21.655798265338902,16.0,3.0,0.3,2.6754256344362353,0.7459042724060392,2.067234179248313,6.159042724060392,4.557340186315451,,,,,2.0918085448120785
674809,2025-07-01,Dundee FC,SC1,2,3460,52,6.88,3460.0,,0.05,0.17,21.0,35.0,9.0,1.1,2.2,0.7,1.8000000000000003,4.9,5.3,,,,,1.3
624751,2025-07-01,Dundee FC,SC1,2,5045,65,7.142903865213082,5045.0,0.24914767096134782,0.12453914767096134,0.11460852329038652,32.46313181367691,84.0,6.0,0.790782953419227,1.4269573835480673,0.6184340931615461,1.0730426164519327,3.2730426164519324,5.881565906838454,,,,,0.6
526790,2025-07-01,Dundee FC,SC1,2,4152,57,6.985173410404624,4152.0,,0.017586705202312137,0.019999999999999997,18.603468208092487,20.0,1.0,0.6,3.1758670520231216,1.9758670520231212,2.762066473988439,8.427601156069365,5.710332369942197,,,,,1.613800578034682
363227,2025-07-05,Heart of Midl.,SC1,2,4807,57,7.108418972332015,4807.0,0.06,0.026047430830039523,0.19,23.789723320158103,91.0,19.0,0.6604743083003952,2.4395256916996044,0.9418972332015811,3.0885375494071146,6.669960474308301,3.797628458498024,,,,,1.0233201581027669
336012,2025-07-11,Celtic,SC1,2,2658,46,7.57,2658.0,0.62,0.46,0.34,30.5,70.0,16.0,2.8,1.8,0.4,0.5,2.7,2.7,,,,,1.0
202788,2025-07-26,Rangers,SC1,1,2019,27,7.05,2019.0,0.09,0.08,0.02,69.7,5.0,,0.1,2.0,1.0,4.8,8.2,4.0,,,,,1.1
433329,2025-07-28,Kilmarnock FC,SC1,2,4963,64,6.95898448519041,4963.0,0.037475317348378,0.054950634696756,0.04,22.17052186177715,22.0,1.0,0.7,1.7747531734837796,1.11311706629055,3.98984485190409,7.515091678420311,4.6,,,,,0.8373765867418899
585339,2025-08-01,Aberdeen FC,SC1,1,1225,20,6.79,1225.0,0.44,0.41,0.09,15.5,14.0,1.0,1.0,1.2,0.2,1.1,2.6,3.0,,,,,2.6
503688,2025-08-02,Motherwell FC,SC1,2,3644,52,6.74,3644.0,,0.02,0.14,23.0,55.0,9.0,0.3,1.5,1.3,4.0,7.1000000000000005,4.1,,,,,0.6
924857,2025-08-12,Motherwell FC,SC1,1,2803,32,7.46,2803.0,0.060000000000000005,0.12000000000000001,0.18,28.300000000000004,50.0,12.0,0.5,1.8000000000000003,1.4,2.2,5.8,6.5,,,,,1.0
885445,2025-08-29,Rangers,SC1,1,1982,33,7.12,1982.0,0.54,0.41,0.22,20.1,37.0,10.0,1.9,1.0,0.2,0.5,1.9,3.2,,,,,1.6
437573,2025-08-30,Ross County,SC1,2,2949,42,6.72,2949.0,,0.01,0.10000000000000002,21.3,28.0,3.0,0.8000000000000002,1.6000000000000003,0.8000000000000002,2.6,5.400000000000001,5.400000000000001,,,,,1.1
282076,2025-09-05,Rangers,SC1,1,1448,24,7.23,1448.0,0.25,0.16,0.34,38.1,39.0,6.0,0.7,1.4,0.9,1.1,3.5,4.3,,,,,1.4
647280,2026-01-30,Hibernian FC,SC1,2,2245,40,6.92,2245.0,0.45,0.33,0.13,11.4,28.0,4.0,0.6,1.1,0.1,1.3,2.5,3.4,,,,,2.7
207006,2026-02-06,Livingston FC,SC1,1,884,14,,884.0,,,,,2.0,1.0,,,,,,,,,,,
519184,2025-02-03,Salzburg,A1,2,2395,33,7.319999999999999,2395.0,0.16999999999999998,0.07,0.14,34.4,34.0,9.0,2.0,1.0,1.1,1.2,3.3,6.700000000000001,,,,,0.9000000000000001
519184,2025-07-14,Salzburg,A1,2,2395,33,7.319999999999999,2395.0,0.16999999999999998,0.07,0.14,34.4,34.0,9.0,2.0,1.0,1.1,1.2,3.3,6.700000000000001,,,,,0.9000000000000001
930571,2025-08-01,Salzburg,A1,1,1940,26,7.74,1940.0,0.46,0.35,0.38,52.3,66.0,15.0,3.7,0.9,0.1,0.1,1.3,5.2,,,,,0.4
610400,2025-09-01,Sturm Graz,A1,2,2399,33,7.23,2399.0,0.45,0.29,0.17,19.2,47.0,11.0,1.1,1.3,0.6,0.6,2.6,3.8999999999999995,,,,,0.4
333383,2022-01-18,Malmö FF,SE1,1,1214,17,7.09,1214.0,,0.030000000000000002,0.05,54.0,4.0,1.0,0.8,2.6,2.4,0.6,6.1,7.799999999999999,,,,,2.3
377468,2022-07-06,Malmö,SE1,1,2250,25,7.22,2250.0,0.04,0.09,0.03,57.4,8.0,2.0,0.1,0.9,1.7,4.0,7.2,6.2,,,,,0.9
230746,2023-01-20,Malmö,SE1,1,1594,25,6.78,1594.0,0.06,0.09000000000000001,0.15,37.2,10.0,1.0,0.5,2.3,1.2,0.5,4.3,6.200000000000001,,,,,2.3
322293,2023-07-01,Malmö,SE1,1,2166,27,7.16,2166.0,0.04,0.08,0.19,48.9,40.0,5.0,0.5,1.8,1.4,1.6,4.9,5.4,,,,,1.0
929876,2024-01-29,Häcken,SE1,1,1347,23,7.11,1347.0,0.4699999999999999,0.25,0.21,16.7,19.0,4.0,2.2,1.6000000000000003,0.4000000000000001,0.4000000000000001,2.4,4.4,,,,,0.3
237666,2022-01-03,Young Boys,C1,2,3217,47,7.23,3217.0,0.08,0.05000000000000001,0.17,42.3,56.0,5.0,1.0,2.5,1.5,1.2,5.3,8.0,,,,,0.7274790177183712
237658,2022-07-01,Young Boys,C1,2,3107,42,7.27,3107.0,0.09,0.07,0.2,46.1,79.0,7.0,1.1,2.1,1.6,0.4,4.4,7.2,,,,,2.0
248054,2022-07-01,Young Boys,C1,2,1807,26,,1807.0,,,,,12.0,,,,,,,,,,,,
329714,2019-01-04,Sarpsborg 08,NO1,1,1223,23,6.28,1223.0,0.15,,,21.8,15.0,,0.5,1.8,0.3,0.2,2.3,3.8,,,,,1.6
69511,2019-01-11,Sarpsborg 08,NO1,1,2504,28,6.83,2504.0,0.43,,,15.0,16.0,2.0,0.1,0.4,0.2,1.2,2.0,2.3,,,,,1.5
351388,2019-01-15,Sarpsborg 08 Fotballforening,NO1,1,749,13,,749.0,,,,,11.0,4.0,,,,,,,,,,,
215213,2019-07-23,Sarpsborg 08,NO1,2,2250,25,,2250.0,,,,,3.0,,,,,,,,5.0,,,,
332530,2023-01-01,Bodø/Glimt,NO1,1,2636,30,7.289999999999999,2636.0,0.03,0.03,0.15,60.3,28.0,5.0,0.9,2.1,1.2,1.4,4.9,5.6,,,,,0.6
500053,2025-08-04,Viktoria Plzeň,TS1,1,159,2,,159.0,,,,,7.0,2.0,,,,,,,,,,,
935760,2026-01-08,Viktoria Plzeň,TS1,1,1217,18,7.11,1217.0,0.52,,,12.9,11.0,3.0,1.0,0.8,0.4,1.4,2.7,2.4,,,,,2.3
580451,2025-07-01,Dinamo Zagreb,KR1,2,4848,65,7.444900990099011,4848.0,0.16529702970297028,,,41.6059405940594,164.0,24.0,1.747029702970297,1.2980198019801978,0.19801980198019803,0.14900990099009903,1.696039603960396,4.856930693069307,,,,,0.6999999999999998
